{"type": "FeatureCollection", "features": [{"type": "Feature", "geometry": {"type": "Point", "coordinates": [117.144325, 31.710275]}, "properties": {"name": "鲜小诺生活超市(肥西店)", "category": "supermarket", "sub_category": "060400"}}, {"type": "Feature", "geometry": {"type": "Point", "coordinates": [117.144895, 31.706714]}, "properties": {"name": "好客多超市(春景花园店)", "category": "supermarket", "sub_category": "060400"}}, {"type": "Feature", "geometry": {"type": "Point", "coordinates": [117.148883, 31.707789]}, "properties": {"name": "薄利超市(祥欣楼店)", "category": "supermarket", "sub_category": "060400|060200"}}, {"type": "Feature", "geometry": {"type": "Point", "coordinates": [117.143222, 31.708644]}, "properties": {"name": "惠宜生鲜超市(春景花园店)", "category": "supermarket", "sub_category": "060703|060400|060200"}}, {"type": "Feature", "geometry": {"type": "Point", "coordinates": [117.148928, 31.705698]}, "properties": {"name": "惠兴客超市", "category": "supermarket", "sub_category": "060200|060400"}}, {"type": "Feature", "geometry": {"type": "Point", "coordinates": [117.12978, 31.737984]}, "properties": {"name": "红府超市(肥西长鑫)", "category": "supermarket", "sub_category": "060400"}}, {"type": "Feature", "geometry": {"type": "Point", "coordinates": [117.142394, 31.711369]}, "properties": {"name": "晨源生活超市(文一西溪湾店)", "category": "supermarket", "sub_category": "060400"}}, {"type": "Feature", "geometry": {"type": "Point", "coordinates": [117.117392, 31.71193]}, "properties": {"name": "三岗购物中心", "category": "supermarket", "sub_category": "060400"}}, {"type": "Feature", "geometry": {"type": "Point", "coordinates": [117.143922, 31.709616]}, "properties": {"name": "拐角喜铺", "category": "supermarket", "sub_category": "060400"}}, {"type": "Feature", "geometry": {"type": "Point", "coordinates": [117.110037, 31.761861]}, "properties": {"name": "皖美华联超市(紫荆名都锦园店)", "category": "supermarket", "sub_category": "060400"}}, {"type": "Feature", "geometry": {"type": "Point", "coordinates": [117.102943, 31.767928]}, "properties": {"name": "华联精品生活超市(紫荆名都店)", "category": "supermarket", "sub_category": "060400"}}, {"type": "Feature", "geometry": {"type": "Point", "coordinates": [117.110553, 31.76223]}, "properties": {"name": "鲜生源生活超市(紫荆名都·锦园店)", "category": "supermarket", "sub_category": "060400"}}, {"type": "Feature", "geometry": {"type": "Point", "coordinates": [117.103334, 31.767117]}, "properties": {"name": "鲜多生鲜超市(沁园店)", "category": "supermarket", "sub_category": "060703|060400"}}, {"type": "Feature", "geometry": {"type": "Point", "coordinates": [117.146822, 31.77138]}, "properties": {"name": "世纪华联超市(桥湾路店)", "category": "supermarket", "sub_category": "060400"}}, {"type": "Feature", "geometry": {"type": "Point", "coordinates": [117.136974, 31.783339]}, "properties": {"name": "森腾生活超市(东欧公寓店)", "category": "supermarket", "sub_category": "060400"}}, {"type": "Feature", "geometry": {"type": "Point", "coordinates": [117.127325, 31.757525]}, "properties": {"name": "好又多生活超市", "category": "supermarket", "sub_category": "060400"}}, {"type": "Feature", "geometry": {"type": "Point", "coordinates": [117.146207, 31.774127]}, "properties": {"name": "汇金超市(汤口路店)", "category": "supermarket", "sub_category": "060400"}}, {"type": "Feature", "geometry": {"type": "Point", "coordinates": [117.104002, 31.765908]}, "properties": {"name": "贵客烟酒文体超市(紫荆名都·沁园店)", "category": "supermarket", "sub_category": "061209|060400"}}, {"type": "Feature", "geometry": {"type": "Point", "coordinates": [117.103428, 31.76695]}, "properties": {"name": "沁园乐惠生鲜超市(紫荆名都·沁园店)", "category": "supermarket", "sub_category": "060400"}}, {"type": "Feature", "geometry": {"type": "Point", "coordinates": [117.147589, 31.770351]}, "properties": {"name": "瑞健商贸(顺和家园商业街店)", "category": "supermarket", "sub_category": "060400"}}, {"type": "Feature", "geometry": {"type": "Point", "coordinates": [117.107126, 31.763688]}, "properties": {"name": "紫云乐惠生活超市", "category": "supermarket", "sub_category": "060400"}}, {"type": "Feature", "geometry": {"type": "Point", "coordinates": [117.104975, 31.763625]}, "properties": {"name": "肥西县晨奕超市", "category": "supermarket", "sub_category": "060400"}}, {"type": "Feature", "geometry": {"type": "Point", "coordinates": [117.147922, 31.770374]}, "properties": {"name": "好波(顺美广场店)", "category": "supermarket", "sub_category": "060400"}}, {"type": "Feature", "geometry": {"type": "Point", "coordinates": [117.12796, 31.781558]}, "properties": {"name": "好又多超市", "category": "supermarket", "sub_category": "060400"}}, {"type": "Feature", "geometry": {"type": "Point", "coordinates": [117.108508, 31.761907]}, "properties": {"name": "云湖逸境家宴中餐厅", "category": "supermarket", "sub_category": "060400"}}, {"type": "Feature", "geometry": {"type": "Point", "coordinates": [117.133675, 31.778075]}, "properties": {"name": "壹甲公寓(高新区店)", "category": "supermarket", "sub_category": "060200|060400"}}, {"type": "Feature", "geometry": {"type": "Point", "coordinates": [117.125772, 31.849214]}, "properties": {"name": "盒马鲜生(龙湖合肥高新天街店)", "category": "supermarket", "sub_category": "060400"}}, {"type": "Feature", "geometry": {"type": "Point", "coordinates": [117.135154, 31.844831]}, "properties": {"name": "和源好又多生活超市(皖水路店)", "category": "supermarket", "sub_category": "060400"}}, {"type": "Feature", "geometry": {"type": "Point", "coordinates": [117.131318, 31.832849]}, "properties": {"name": "客云来超市(祥源城店)", "category": "supermarket", "sub_category": "060400"}}, {"type": "Feature", "geometry": {"type": "Point", "coordinates": [117.137154, 31.848135]}, "properties": {"name": "百草街生活超市", "category": "supermarket", "sub_category": "060400"}}, {"type": "Feature", "geometry": {"type": "Point", "coordinates": [117.11897, 31.81227]}, "properties": {"name": "百味之家超市(晶澳店)", "category": "supermarket", "sub_category": "060400"}}, {"type": "Feature", "geometry": {"type": "Point", "coordinates": [117.112171, 31.844433]}, "properties": {"name": "好又多超市(永和店)", "category": "supermarket", "sub_category": "061209|060400"}}, {"type": "Feature", "geometry": {"type": "Point", "coordinates": [117.123635, 31.847561]}, "properties": {"name": "宜买购生鲜超市", "category": "supermarket", "sub_category": "060400"}}, {"type": "Feature", "geometry": {"type": "Point", "coordinates": [117.141804, 31.814851]}, "properties": {"name": "悦购邻舍(龙湖欢肆店)", "category": "supermarket", "sub_category": "060400"}}, {"type": "Feature", "geometry": {"type": "Point", "coordinates": [117.116567, 31.817862]}, "properties": {"name": "佰嘉购生活超市(长宁家园店)", "category": "supermarket", "sub_category": "060400"}}, {"type": "Feature", "geometry": {"type": "Point", "coordinates": [117.125868, 31.826273]}, "properties": {"name": "合家福(先研院内部超市)(内部专用)", "category": "supermarket", "sub_category": "060400"}}, {"type": "Feature", "geometry": {"type": "Point", "coordinates": [117.137895, 31.816199]}, "properties": {"name": "好鲜森超市(复兴家园店)", "category": "supermarket", "sub_category": "060400"}}, {"type": "Feature", "geometry": {"type": "Point", "coordinates": [117.14103, 31.848093]}, "properties": {"name": "百分百超市(百草街店)", "category": "supermarket", "sub_category": "060400"}}, {"type": "Feature", "geometry": {"type": "Point", "coordinates": [117.136728, 31.848136]}, "properties": {"name": "家康超市(高新安医店)", "category": "supermarket", "sub_category": "060400"}}, {"type": "Feature", "geometry": {"type": "Point", "coordinates": [117.135569, 31.829631]}, "properties": {"name": "和源好又多汇景城店", "category": "supermarket", "sub_category": "060400"}}, {"type": "Feature", "geometry": {"type": "Point", "coordinates": [117.147675, 31.802781]}, "properties": {"name": "浩源超市(中海岭湖湾店)", "category": "supermarket", "sub_category": "060200|060400"}}, {"type": "Feature", "geometry": {"type": "Point", "coordinates": [117.106597, 31.829201]}, "properties": {"name": "安成超市", "category": "supermarket", "sub_category": "060400"}}, {"type": "Feature", "geometry": {"type": "Point", "coordinates": [117.139261, 31.809087]}, "properties": {"name": "华联尚品生鲜超市", "category": "supermarket", "sub_category": "060400"}}, {"type": "Feature", "geometry": {"type": "Point", "coordinates": [117.141787, 31.848093]}, "properties": {"name": "桦瑞烟酒超市(海亮九玺北区店)", "category": "supermarket", "sub_category": "061210|060400"}}, {"type": "Feature", "geometry": {"type": "Point", "coordinates": [117.142935, 31.848095]}, "properties": {"name": "绿舒园生鲜超市海亮九玺店", "category": "supermarket", "sub_category": "060400"}}, {"type": "Feature", "geometry": {"type": "Point", "coordinates": [117.119983, 31.846883]}, "properties": {"name": "顺好超市(宴席酒水新鲜牛奶打印自产蔬菜)", "category": "supermarket", "sub_category": "060400"}}, {"type": "Feature", "geometry": {"type": "Point", "coordinates": [117.104045, 31.837214]}, "properties": {"name": "欧可生活超市(中南樾府店)", "category": "supermarket", "sub_category": "060400"}}, {"type": "Feature", "geometry": {"type": "Point", "coordinates": [117.136975, 31.844675]}, "properties": {"name": "乃星家烟酒超市", "category": "supermarket", "sub_category": "060200|060400"}}, {"type": "Feature", "geometry": {"type": "Point", "coordinates": [117.128675, 31.834125]}, "properties": {"name": "祥源超市(祥源城1期店)", "category": "supermarket", "sub_category": "060200|060400"}}, {"type": "Feature", "geometry": {"type": "Point", "coordinates": [117.133458, 31.802665]}, "properties": {"name": "生活超市", "category": "supermarket", "sub_category": "060400"}}, {"type": "Feature", "geometry": {"type": "Point", "coordinates": [117.13817, 31.817727]}, "properties": {"name": "复兴华联超市", "category": "supermarket", "sub_category": "060400"}}, {"type": "Feature", "geometry": {"type": "Point", "coordinates": [117.135813, 31.817598]}, "properties": {"name": "凯园超市(复兴家园店)", "category": "supermarket", "sub_category": "060400"}}, {"type": "Feature", "geometry": {"type": "Point", "coordinates": [117.113117, 31.848661]}, "properties": {"name": "骏哥超市", "category": "supermarket", "sub_category": "060400"}}, {"type": "Feature", "geometry": {"type": "Point", "coordinates": [117.112701, 31.848528]}, "properties": {"name": "好易购精品百货超市", "category": "supermarket", "sub_category": "060400"}}, {"type": "Feature", "geometry": {"type": "Point", "coordinates": [117.13705, 31.816678]}, "properties": {"name": "人人家超市(复兴家园店)", "category": "supermarket", "sub_category": "060400"}}, {"type": "Feature", "geometry": {"type": "Point", "coordinates": [117.109575, 31.848225]}, "properties": {"name": "南竹超市", "category": "supermarket", "sub_category": "060400"}}, {"type": "Feature", "geometry": {"type": "Point", "coordinates": [117.127575, 31.847375]}, "properties": {"name": "天猫超市", "category": "supermarket", "sub_category": "060400"}}, {"type": "Feature", "geometry": {"type": "Point", "coordinates": [117.12853, 31.845788]}, "properties": {"name": "食堂超市", "category": "supermarket", "sub_category": "060400"}}, {"type": "Feature", "geometry": {"type": "Point", "coordinates": [117.111725, 31.843375]}, "properties": {"name": "永和家园佳佳小店", "category": "supermarket", "sub_category": "060400"}}, {"type": "Feature", "geometry": {"type": "Point", "coordinates": [117.135795, 31.816681]}, "properties": {"name": "复兴社区超市(复兴家园店)", "category": "supermarket", "sub_category": "060400"}}, {"type": "Feature", "geometry": {"type": "Point", "coordinates": [117.132959, 31.831711]}, "properties": {"name": "合肥超盒算NB高新银泰店", "category": "supermarket", "sub_category": "060400"}}, {"type": "Feature", "geometry": {"type": "Point", "coordinates": [117.133049, 31.831195]}, "properties": {"name": "屈臣氏(高新银泰百货店)", "category": "supermarket", "sub_category": "060411"}}, {"type": "Feature", "geometry": {"type": "Point", "coordinates": [117.136825, 31.826875]}, "properties": {"name": "合肥喆先智能科技有限公司", "category": "supermarket", "sub_category": "060400"}}, {"type": "Feature", "geometry": {"type": "Point", "coordinates": [117.145816, 31.877057]}, "properties": {"name": "供销市集(振兴路店)", "category": "supermarket", "sub_category": "060400"}}, {"type": "Feature", "geometry": {"type": "Point", "coordinates": [117.132375, 31.852675]}, "properties": {"name": "汇万客生活超市", "category": "supermarket", "sub_category": "060400"}}, {"type": "Feature", "geometry": {"type": "Point", "coordinates": [117.148593, 31.876465]}, "properties": {"name": "惠丰源烟酒超市(伟星印湖山店)", "category": "supermarket", "sub_category": "060400"}}, {"type": "Feature", "geometry": {"type": "Point", "coordinates": [117.114978, 31.854774]}, "properties": {"name": "世纪华联优鲜超市(航空新城店)", "category": "supermarket", "sub_category": "060400"}}, {"type": "Feature", "geometry": {"type": "Point", "coordinates": [117.147085, 31.880254]}, "properties": {"name": "茸客鸣超市(徽创君泊店)", "category": "supermarket", "sub_category": "060400"}}, {"type": "Feature", "geometry": {"type": "Point", "coordinates": [117.135792, 31.854711]}, "properties": {"name": "鲜生爱家生活超市", "category": "supermarket", "sub_category": "060400"}}, {"type": "Feature", "geometry": {"type": "Point", "coordinates": [117.131475, 31.857675]}, "properties": {"name": "孙姐超市(南岗和园店)", "category": "supermarket", "sub_category": "060400"}}, {"type": "Feature", "geometry": {"type": "Point", "coordinates": [117.114931, 31.861893]}, "properties": {"name": "好又多生活超市", "category": "supermarket", "sub_category": "060400"}}, {"type": "Feature", "geometry": {"type": "Point", "coordinates": [117.147097, 31.856248]}, "properties": {"name": "大富山庄41栋101超市", "category": "supermarket", "sub_category": "060400"}}, {"type": "Feature", "geometry": {"type": "Point", "coordinates": [117.132786, 31.861081]}, "properties": {"name": "震坤行工业超市-合肥省仓", "category": "supermarket", "sub_category": "060400"}}, {"type": "Feature", "geometry": {"type": "Point", "coordinates": [117.129775, 31.857275]}, "properties": {"name": "锦惠旺生鲜超市", "category": "supermarket", "sub_category": "060703|060400"}}, {"type": "Feature", "geometry": {"type": "Point", "coordinates": [117.111447, 31.85604]}, "properties": {"name": "航空新城D1超市(合肥市航空新城店)", "category": "supermarket", "sub_category": "060400|060200"}}, {"type": "Feature", "geometry": {"type": "Point", "coordinates": [117.124725, 31.851325]}, "properties": {"name": "老华联超市", "category": "supermarket", "sub_category": "060400"}}, {"type": "Feature", "geometry": {"type": "Point", "coordinates": [117.115725, 31.853825]}, "properties": {"name": "乐优选精品超市(高新店)", "category": "supermarket", "sub_category": "060400"}}, {"type": "Feature", "geometry": {"type": "Point", "coordinates": [117.143453, 31.882776]}, "properties": {"name": "华联超市(龙湖丽丰·西宸原著店)", "category": "supermarket", "sub_category": "060400"}}, {"type": "Feature", "geometry": {"type": "Point", "coordinates": [117.124552, 31.929017]}, "properties": {"name": "好又多生活超市(古城路店)", "category": "supermarket", "sub_category": "060400"}}, {"type": "Feature", "geometry": {"type": "Point", "coordinates": [117.119785, 31.99374]}, "properties": {"name": "福满家生活超市(顺丰农业大厦店)", "category": "supermarket", "sub_category": "060400"}}, {"type": "Feature", "geometry": {"type": "Point", "coordinates": [117.121127, 31.994986]}, "properties": {"name": "聂平生活超市", "category": "supermarket", "sub_category": "060400"}}, {"type": "Feature", "geometry": {"type": "Point", "coordinates": [117.125595, 31.99356]}, "properties": {"name": "卧龙山百货超市", "category": "supermarket", "sub_category": "060400|060200"}}, {"type": "Feature", "geometry": {"type": "Point", "coordinates": [117.144815, 31.973341]}, "properties": {"name": "百姓超市(朝阳路店)", "category": "supermarket", "sub_category": "060400"}}, {"type": "Feature", "geometry": {"type": "Point", "coordinates": [117.119497, 31.993999]}, "properties": {"name": "徽盐连锁超市", "category": "supermarket", "sub_category": "060400"}}, {"type": "Feature", "geometry": {"type": "Point", "coordinates": [117.129032, 31.989064]}, "properties": {"name": "惠民超市大卖场(合淮路辅路店)", "category": "supermarket", "sub_category": "060400"}}, {"type": "Feature", "geometry": {"type": "Point", "coordinates": [117.120757, 31.997002]}, "properties": {"name": "邻家超市(中心街店)", "category": "supermarket", "sub_category": "060400"}}, {"type": "Feature", "geometry": {"type": "Point", "coordinates": [117.162835, 31.725524]}, "properties": {"name": "大润发(金寨南路店)", "category": "supermarket", "sub_category": "060400"}}, {"type": "Feature", "geometry": {"type": "Point", "coordinates": [117.185095, 31.73464]}, "properties": {"name": "好又多购物广场", "category": "supermarket", "sub_category": "060400"}}, {"type": "Feature", "geometry": {"type": "Point", "coordinates": [117.180637, 31.740118]}, "properties": {"name": "联家超柿(肥西店)", "category": "supermarket", "sub_category": "060400"}}, {"type": "Feature", "geometry": {"type": "Point", "coordinates": [117.169526, 31.724405]}, "properties": {"name": "合家福(肥西百大购物中心店)", "category": "supermarket", "sub_category": "060400"}}, {"type": "Feature", "geometry": {"type": "Point", "coordinates": [117.153529, 31.714186]}, "properties": {"name": "联家超柿(名邦店)", "category": "supermarket", "sub_category": "060704|060400"}}, {"type": "Feature", "geometry": {"type": "Point", "coordinates": [117.170893, 31.720099]}, "properties": {"name": "联华超市", "category": "supermarket", "sub_category": "060400"}}, {"type": "Feature", "geometry": {"type": "Point", "coordinates": [117.168153, 31.717679]}, "properties": {"name": "永良超市(青年路店)", "category": "supermarket", "sub_category": "060200|060400"}}, {"type": "Feature", "geometry": {"type": "Point", "coordinates": [117.185092, 31.706808]}, "properties": {"name": "合家福超市(灯塔家园店)", "category": "supermarket", "sub_category": "060400"}}, {"type": "Feature", "geometry": {"type": "Point", "coordinates": [117.160639, 31.707076]}, "properties": {"name": "世纪华联超市(书香雅苑店)", "category": "supermarket", "sub_category": "060400"}}, {"type": "Feature", "geometry": {"type": "Point", "coordinates": [117.168487, 31.742523]}, "properties": {"name": "遇见邻乐享超市(华地翡翠蓝湾畅园店)", "category": "supermarket", "sub_category": "060200|060400"}}, {"type": "Feature", "geometry": {"type": "Point", "coordinates": [117.170467, 31.718306]}, "properties": {"name": "水晶城邻里超市", "category": "supermarket", "sub_category": "060400"}}, {"type": "Feature", "geometry": {"type": "Point", "coordinates": [117.174844, 31.744513]}, "properties": {"name": "华翡生活超市(华地翡翠蓝湾和园店)", "category": "supermarket", "sub_category": "060400"}}, {"type": "Feature", "geometry": {"type": "Point", "coordinates": [117.154712, 31.707215]}, "properties": {"name": "世纪华联超市(科创店)", "category": "supermarket", "sub_category": "060400"}}, {"type": "Feature", "geometry": {"type": "Point", "coordinates": [117.166916, 31.744864]}, "properties": {"name": "来优品省钱超市(翡翠蓝湾畅园店)", "category": "supermarket", "sub_category": "060400"}}, {"type": "Feature", "geometry": {"type": "Point", "coordinates": [117.172245, 31.738838]}, "properties": {"name": "合家福超市(宝成路店)", "category": "supermarket", "sub_category": "060400"}}, {"type": "Feature", "geometry": {"type": "Point", "coordinates": [117.176025, 31.741475]}, "properties": {"name": "艾享橙生活超市(宝城路店)", "category": "supermarket", "sub_category": "060400"}}, {"type": "Feature", "geometry": {"type": "Point", "coordinates": [117.153944, 31.713712]}, "properties": {"name": "肥西县名邦联家超市巨圣鞋店", "category": "supermarket", "sub_category": "060400"}}, {"type": "Feature", "geometry": {"type": "Point", "coordinates": [117.169648, 31.730577]}, "properties": {"name": "马勇生活超市(第二分店)", "category": "supermarket", "sub_category": "060400"}}, {"type": "Feature", "geometry": {"type": "Point", "coordinates": [117.152736, 31.722191]}, "properties": {"name": "供销市集(康和家园店)", "category": "supermarket", "sub_category": "060200|060400"}}, {"type": "Feature", "geometry": {"type": "Point", "coordinates": [117.175138, 31.73607]}, "properties": {"name": "淘淘乐超市(光明观澜学府店)", "category": "supermarket", "sub_category": "060400"}}, {"type": "Feature", "geometry": {"type": "Point", "coordinates": [117.187702, 31.733901]}, "properties": {"name": "家联超市(滨河家园店)", "category": "supermarket", "sub_category": "060200|060400"}}, {"type": "Feature", "geometry": {"type": "Point", "coordinates": [117.15226, 31.736635]}, "properties": {"name": "新园邻里生活超市(新型家园店)", "category": "supermarket", "sub_category": "060400"}}, {"type": "Feature", "geometry": {"type": "Point", "coordinates": [117.17272, 31.738392]}, "properties": {"name": "西街口生活超市(金星和园店)", "category": "supermarket", "sub_category": "060200|060400"}}, {"type": "Feature", "geometry": {"type": "Point", "coordinates": [117.174986, 31.744375]}, "properties": {"name": "翡翠蓝湾超市(华地翡翠蓝湾和园店)", "category": "supermarket", "sub_category": "060400"}}, {"type": "Feature", "geometry": {"type": "Point", "coordinates": [117.16124, 31.722171]}, "properties": {"name": "树育超市", "category": "supermarket", "sub_category": "060400|060200"}}, {"type": "Feature", "geometry": {"type": "Point", "coordinates": [117.171803, 31.743525]}, "properties": {"name": "世纪华联超市(翡翠蓝湾店)", "category": "supermarket", "sub_category": "060400|060200"}}, {"type": "Feature", "geometry": {"type": "Point", "coordinates": [117.151409, 31.701522]}, "properties": {"name": "尚园生活超市(翰林水岸上园翰锦苑店)", "category": "supermarket", "sub_category": "060400"}}, {"type": "Feature", "geometry": {"type": "Point", "coordinates": [117.167516, 31.749362]}, "properties": {"name": "利购联华(城建琥珀御宾府店)", "category": "supermarket", "sub_category": "060400"}}, {"type": "Feature", "geometry": {"type": "Point", "coordinates": [117.171384, 31.716775]}, "properties": {"name": "何俞琪超市(中街·水晶城天悦店)", "category": "supermarket", "sub_category": "060400"}}, {"type": "Feature", "geometry": {"type": "Point", "coordinates": [117.166011, 31.74048]}, "properties": {"name": "好又多生活超市(华地翡翠蓝湾店)", "category": "supermarket", "sub_category": "060400"}}, {"type": "Feature", "geometry": {"type": "Point", "coordinates": [117.153862, 31.74039]}, "properties": {"name": "人人家超市(新型家园2期店)", "category": "supermarket", "sub_category": "060400|060200"}}, {"type": "Feature", "geometry": {"type": "Point", "coordinates": [117.151862, 31.70154]}, "properties": {"name": "好缘多超市", "category": "supermarket", "sub_category": "060400"}}, {"type": "Feature", "geometry": {"type": "Point", "coordinates": [117.159879, 31.710668]}, "properties": {"name": "惠森活生活超市(人民路店)", "category": "supermarket", "sub_category": "060400"}}, {"type": "Feature", "geometry": {"type": "Point", "coordinates": [117.17328, 31.73044]}, "properties": {"name": "三源批发超市(金宇天地城店)", "category": "supermarket", "sub_category": "060400"}}, {"type": "Feature", "geometry": {"type": "Point", "coordinates": [117.180685, 31.714255]}, "properties": {"name": "肥西县上派镇张郢小区汇邻百生鲜超市(肥西店)", "category": "supermarket", "sub_category": "060200|060400"}}, {"type": "Feature", "geometry": {"type": "Point", "coordinates": [117.183402, 31.700113]}, "properties": {"name": "宜凤生活超市(优步学府店)", "category": "supermarket", "sub_category": "060400"}}, {"type": "Feature", "geometry": {"type": "Point", "coordinates": [117.151423, 31.737881]}, "properties": {"name": "易购生活超市(集贤路店)", "category": "supermarket", "sub_category": "060400"}}, {"type": "Feature", "geometry": {"type": "Point", "coordinates": [117.154908, 31.727493]}, "properties": {"name": "橙意满满精品超市", "category": "supermarket", "sub_category": "060400"}}, {"type": "Feature", "geometry": {"type": "Point", "coordinates": [117.179847, 31.740697]}, "properties": {"name": "旺菊超市", "category": "supermarket", "sub_category": "060200|060400"}}, {"type": "Feature", "geometry": {"type": "Point", "coordinates": [117.172077, 31.715197]}, "properties": {"name": "农鲜超市(长城楼店)", "category": "supermarket", "sub_category": "060400"}}, {"type": "Feature", "geometry": {"type": "Point", "coordinates": [117.155875, 31.719525]}, "properties": {"name": "麦乐购烟酒超市(华地紫金府店)", "category": "supermarket", "sub_category": "060400"}}, {"type": "Feature", "geometry": {"type": "Point", "coordinates": [117.181575, 31.741725]}, "properties": {"name": "州州生活超市", "category": "supermarket", "sub_category": "060400"}}, {"type": "Feature", "geometry": {"type": "Point", "coordinates": [117.159526, 31.70604]}, "properties": {"name": "惠万家超市(名邦中央公馆店)", "category": "supermarket", "sub_category": "060400"}}, {"type": "Feature", "geometry": {"type": "Point", "coordinates": [117.153904, 31.706331]}, "properties": {"name": "家俊生活超市(和谐盛世店)", "category": "supermarket", "sub_category": "060400"}}, {"type": "Feature", "geometry": {"type": "Point", "coordinates": [117.153177, 31.738256]}, "properties": {"name": "原鲜态生鲜超市", "category": "supermarket", "sub_category": "060400"}}, {"type": "Feature", "geometry": {"type": "Point", "coordinates": [117.164093, 31.744017]}, "properties": {"name": "吉庆轩生活超市(光明观澜印象店)", "category": "supermarket", "sub_category": "060400"}}, {"type": "Feature", "geometry": {"type": "Point", "coordinates": [117.152487, 31.736658]}, "properties": {"name": "扬逸生活超市", "category": "supermarket", "sub_category": "060400"}}, {"type": "Feature", "geometry": {"type": "Point", "coordinates": [117.161843, 31.700596]}, "properties": {"name": "世纪华联金科超市(芮祠店)", "category": "supermarket", "sub_category": "060400"}}, {"type": "Feature", "geometry": {"type": "Point", "coordinates": [117.154025, 31.706467]}, "properties": {"name": "好优多超市", "category": "supermarket", "sub_category": "060400"}}, {"type": "Feature", "geometry": {"type": "Point", "coordinates": [117.178098, 31.715063]}, "properties": {"name": "好又多购物中心(人民路店)", "category": "supermarket", "sub_category": "060400"}}, {"type": "Feature", "geometry": {"type": "Point", "coordinates": [117.1744, 31.729479]}, "properties": {"name": "红林生活超市(金宇·天地城店)", "category": "supermarket", "sub_category": "060400"}}, {"type": "Feature", "geometry": {"type": "Point", "coordinates": [117.158366, 31.724607]}, "properties": {"name": "喜莱邻生活超市", "category": "supermarket", "sub_category": "060400"}}, {"type": "Feature", "geometry": {"type": "Point", "coordinates": [117.180668, 31.714208]}, "properties": {"name": "木田生鲜(张郢小区一期店)", "category": "supermarket", "sub_category": "060400"}}, {"type": "Feature", "geometry": {"type": "Point", "coordinates": [117.161931, 31.719231]}, "properties": {"name": "爱和超市", "category": "supermarket", "sub_category": "060200|060400"}}, {"type": "Feature", "geometry": {"type": "Point", "coordinates": [117.172771, 31.737]}, "properties": {"name": "悦涵超市(金星和园三期店)", "category": "supermarket", "sub_category": "060400"}}, {"type": "Feature", "geometry": {"type": "Point", "coordinates": [117.155481, 31.722611]}, "properties": {"name": "恰恰生鲜超市", "category": "supermarket", "sub_category": "060400"}}, {"type": "Feature", "geometry": {"type": "Point", "coordinates": [117.158082, 31.715173]}, "properties": {"name": "家乐和超市", "category": "supermarket", "sub_category": "060200|060400"}}, {"type": "Feature", "geometry": {"type": "Point", "coordinates": [117.167137, 31.743852]}, "properties": {"name": "世纪华联社区便民超市(华地翡翠蓝湾畅园店)", "category": "supermarket", "sub_category": "060400|060200"}}, {"type": "Feature", "geometry": {"type": "Point", "coordinates": [117.178998, 31.740828]}, "properties": {"name": "新都会生活超市", "category": "supermarket", "sub_category": "060400"}}, {"type": "Feature", "geometry": {"type": "Point", "coordinates": [117.163918, 31.742078]}, "properties": {"name": "今日生鲜(观澜印象店)", "category": "supermarket", "sub_category": "060400"}}, {"type": "Feature", "geometry": {"type": "Point", "coordinates": [117.175715, 31.737643]}, "properties": {"name": "春香烟酒超市(金云国际店)", "category": "supermarket", "sub_category": "061210|060400"}}, {"type": "Feature", "geometry": {"type": "Point", "coordinates": [117.166345, 31.707809]}, "properties": {"name": "悦享购烟酒茶(舒雅文沁苑店)", "category": "supermarket", "sub_category": "060400|060200"}}, {"type": "Feature", "geometry": {"type": "Point", "coordinates": [117.151741, 31.701394]}, "properties": {"name": "优尚超市(翰林水岸上园绣林苑店)", "category": "supermarket", "sub_category": "060400"}}, {"type": "Feature", "geometry": {"type": "Point", "coordinates": [117.162315, 31.728738]}, "properties": {"name": "新宇生鲜超市(凉亭雅苑店)", "category": "supermarket", "sub_category": "060400"}}, {"type": "Feature", "geometry": {"type": "Point", "coordinates": [117.179362, 31.737334]}, "properties": {"name": "永联生活超市", "category": "supermarket", "sub_category": "060200|060400"}}, {"type": "Feature", "geometry": {"type": "Point", "coordinates": [117.152043, 31.736784]}, "properties": {"name": "庭芬超市", "category": "supermarket", "sub_category": "060400"}}, {"type": "Feature", "geometry": {"type": "Point", "coordinates": [117.158277, 31.710784]}, "properties": {"name": "滕旺超市(钱江1号公馆店)", "category": "supermarket", "sub_category": "060400"}}, {"type": "Feature", "geometry": {"type": "Point", "coordinates": [117.183405, 31.728079]}, "properties": {"name": "旺联生活超市(南郢小区店)", "category": "supermarket", "sub_category": "060400|060200"}}, {"type": "Feature", "geometry": {"type": "Point", "coordinates": [117.171064, 31.722627]}, "properties": {"name": "恭选精品超市", "category": "supermarket", "sub_category": "060400"}}, {"type": "Feature", "geometry": {"type": "Point", "coordinates": [117.162344, 31.71239]}, "properties": {"name": "世纪华联超市(泰来傲城店)", "category": "supermarket", "sub_category": "060400|060200"}}, {"type": "Feature", "geometry": {"type": "Point", "coordinates": [117.164583, 31.727088]}, "properties": {"name": "合派生活超市(万派城店)", "category": "supermarket", "sub_category": "060400"}}, {"type": "Feature", "geometry": {"type": "Point", "coordinates": [117.166437, 31.709311]}, "properties": {"name": "家云超市(三河路店)", "category": "supermarket", "sub_category": "060400"}}, {"type": "Feature", "geometry": {"type": "Point", "coordinates": [117.164295, 31.723731]}, "properties": {"name": "雁北生鲜超市", "category": "supermarket", "sub_category": "060400"}}, {"type": "Feature", "geometry": {"type": "Point", "coordinates": [117.15186, 31.721096]}, "properties": {"name": "恩兮超市(李湾安置小区店)", "category": "supermarket", "sub_category": "060400"}}, {"type": "Feature", "geometry": {"type": "Point", "coordinates": [117.170147, 31.718609]}, "properties": {"name": "华林超市", "category": "supermarket", "sub_category": "060200|060400"}}, {"type": "Feature", "geometry": {"type": "Point", "coordinates": [117.151633, 31.718365]}, "properties": {"name": "近邻生活超市(李湾安置小区店)", "category": "supermarket", "sub_category": "060400"}}, {"type": "Feature", "geometry": {"type": "Point", "coordinates": [117.151072, 31.719922]}, "properties": {"name": "沁园春生鲜超市", "category": "supermarket", "sub_category": "060400"}}, {"type": "Feature", "geometry": {"type": "Point", "coordinates": [117.159415, 31.709452]}, "properties": {"name": "星光彩超市", "category": "supermarket", "sub_category": "060400"}}, {"type": "Feature", "geometry": {"type": "Point", "coordinates": [117.177015, 31.7128]}, "properties": {"name": "朝亮生活超市(水岸豪庭店)", "category": "supermarket", "sub_category": "060200|060400"}}, {"type": "Feature", "geometry": {"type": "Point", "coordinates": [117.162266, 31.728651]}, "properties": {"name": "华联生鲜超市(凉亭雅苑店)", "category": "supermarket", "sub_category": "060400"}}, {"type": "Feature", "geometry": {"type": "Point", "coordinates": [117.154024, 31.704227]}, "properties": {"name": "平价超市(瑞泰翰林水岸店)", "category": "supermarket", "sub_category": "060400"}}, {"type": "Feature", "geometry": {"type": "Point", "coordinates": [117.175319, 31.729744]}, "properties": {"name": "明元超市", "category": "supermarket", "sub_category": "060400"}}, {"type": "Feature", "geometry": {"type": "Point", "coordinates": [117.163351, 31.729696]}, "properties": {"name": "宜佳兴生活超市(徽创佳兆业未来城B区店)", "category": "supermarket", "sub_category": "060400"}}, {"type": "Feature", "geometry": {"type": "Point", "coordinates": [117.159635, 31.729019]}, "properties": {"name": "谊品小店·优百利超市(凉亭雅苑店)", "category": "supermarket", "sub_category": "060400"}}, {"type": "Feature", "geometry": {"type": "Point", "coordinates": [117.183625, 31.703775]}, "properties": {"name": "乐尔发优选超市", "category": "supermarket", "sub_category": "060400|060200"}}, {"type": "Feature", "geometry": {"type": "Point", "coordinates": [117.152825, 31.702525]}, "properties": {"name": "邻里优鲜超市", "category": "supermarket", "sub_category": "060400"}}, {"type": "Feature", "geometry": {"type": "Point", "coordinates": [117.172672, 31.731369]}, "properties": {"name": "梦霞超市", "category": "supermarket", "sub_category": "060400"}}, {"type": "Feature", "geometry": {"type": "Point", "coordinates": [117.167794, 31.715179]}, "properties": {"name": "留乡湾社区团购超市", "category": "supermarket", "sub_category": "060400"}}, {"type": "Feature", "geometry": {"type": "Point", "coordinates": [117.171937, 31.716542]}, "properties": {"name": "平价超市水晶城店", "category": "supermarket", "sub_category": "060400"}}, {"type": "Feature", "geometry": {"type": "Point", "coordinates": [117.16169, 31.720057]}, "properties": {"name": "紫苏优选生活超市", "category": "supermarket", "sub_category": "060400"}}, {"type": "Feature", "geometry": {"type": "Point", "coordinates": [117.164925, 31.713628]}, "properties": {"name": "国林超市", "category": "supermarket", "sub_category": "060400"}}, {"type": "Feature", "geometry": {"type": "Point", "coordinates": [117.189125, 31.737125]}, "properties": {"name": "世纪华联优鲜超市", "category": "supermarket", "sub_category": "060400"}}, {"type": "Feature", "geometry": {"type": "Point", "coordinates": [117.162775, 31.727725]}, "properties": {"name": "木田生鲜(万派城店)", "category": "supermarket", "sub_category": "060400"}}, {"type": "Feature", "geometry": {"type": "Point", "coordinates": [117.168375, 31.715375]}, "properties": {"name": "好又多超市", "category": "supermarket", "sub_category": "060400"}}, {"type": "Feature", "geometry": {"type": "Point", "coordinates": [117.189243, 31.736148]}, "properties": {"name": "禾小智便利店", "category": "supermarket", "sub_category": "060400"}}, {"type": "Feature", "geometry": {"type": "Point", "coordinates": [117.151825, 31.701575]}, "properties": {"name": "家家欢生鲜超市", "category": "supermarket", "sub_category": "060400"}}, {"type": "Feature", "geometry": {"type": "Point", "coordinates": [117.155375, 31.713225]}, "properties": {"name": "国家超市", "category": "supermarket", "sub_category": "060400"}}, {"type": "Feature", "geometry": {"type": "Point", "coordinates": [117.160743, 31.72088]}, "properties": {"name": "王姐百货", "category": "supermarket", "sub_category": "060400"}}, {"type": "Feature", "geometry": {"type": "Point", "coordinates": [117.169721, 31.730612]}, "properties": {"name": "悦涵超市", "category": "supermarket", "sub_category": "060400"}}, {"type": "Feature", "geometry": {"type": "Point", "coordinates": [117.16664, 31.709217]}, "properties": {"name": "亮才超市", "category": "supermarket", "sub_category": "060400"}}, {"type": "Feature", "geometry": {"type": "Point", "coordinates": [117.153026, 31.702224]}, "properties": {"name": "上园生鲜蔬果超市", "category": "supermarket", "sub_category": "060400"}}, {"type": "Feature", "geometry": {"type": "Point", "coordinates": [117.183125, 31.708025]}, "properties": {"name": "兔喜生活超市", "category": "supermarket", "sub_category": "060400"}}, {"type": "Feature", "geometry": {"type": "Point", "coordinates": [117.184345, 31.730277]}, "properties": {"name": "优品万相购物中心", "category": "supermarket", "sub_category": "060102|060400"}}, {"type": "Feature", "geometry": {"type": "Point", "coordinates": [117.15188, 31.737263]}, "properties": {"name": "千悦嘉购物中心", "category": "supermarket", "sub_category": "060400"}}, {"type": "Feature", "geometry": {"type": "Point", "coordinates": [117.165163, 31.715881]}, "properties": {"name": "绿鲜果蔬(杨桂塘市场店)", "category": "supermarket", "sub_category": "060400"}}, {"type": "Feature", "geometry": {"type": "Point", "coordinates": [117.169213, 31.719875]}, "properties": {"name": "吉美美甲美睫半永久问题肌(青年路店)", "category": "supermarket", "sub_category": "060400"}}, {"type": "Feature", "geometry": {"type": "Point", "coordinates": [117.171919, 31.782945]}, "properties": {"name": "京万家超市(繁华店)", "category": "supermarket", "sub_category": "060400"}}, {"type": "Feature", "geometry": {"type": "Point", "coordinates": [117.196025, 31.791675]}, "properties": {"name": "生鲜传奇(禹洲·华侨城店)", "category": "supermarket", "sub_category": "060703|060400"}}, {"type": "Feature", "geometry": {"type": "Point", "coordinates": [117.194025, 31.758694]}, "properties": {"name": "家福乐超市(禹洲·翡翠湖郡店)", "category": "supermarket", "sub_category": "060200|060400"}}, {"type": "Feature", "geometry": {"type": "Point", "coordinates": [117.15516, 31.775181]}, "properties": {"name": "华联超市(海乐公寓店)", "category": "supermarket", "sub_category": "060400"}}, {"type": "Feature", "geometry": {"type": "Point", "coordinates": [117.198085, 31.781639]}, "properties": {"name": "李梓诺生活超市(金星家园店)", "category": "supermarket", "sub_category": "060400"}}, {"type": "Feature", "geometry": {"type": "Point", "coordinates": [117.151903, 31.781044]}, "properties": {"name": "好邻亲生活超市(和昌中央悦府店)", "category": "supermarket", "sub_category": "060400"}}, {"type": "Feature", "geometry": {"type": "Point", "coordinates": [117.196506, 31.787729]}, "properties": {"name": "五五八超市(华邦·观筑里店)", "category": "supermarket", "sub_category": "060400"}}, {"type": "Feature", "geometry": {"type": "Point", "coordinates": [117.165004, 31.79574]}, "properties": {"name": "好又多超市(旭日长安店)", "category": "supermarket", "sub_category": "060400"}}, {"type": "Feature", "geometry": {"type": "Point", "coordinates": [117.164669, 31.780247]}, "properties": {"name": "世纪华联超市(信地·华地城店)", "category": "supermarket", "sub_category": "060400"}}, {"type": "Feature", "geometry": {"type": "Point", "coordinates": [117.190049, 31.785388]}, "properties": {"name": "幸福一里超市(瑞泽源·一里洋房店)", "category": "supermarket", "sub_category": "060400"}}, {"type": "Feature", "geometry": {"type": "Point", "coordinates": [117.192125, 31.758525]}, "properties": {"name": "华联盈创超市", "category": "supermarket", "sub_category": "060400"}}, {"type": "Feature", "geometry": {"type": "Point", "coordinates": [117.152757, 31.775383]}, "properties": {"name": "拾客精品超市(肥西经开店)", "category": "supermarket", "sub_category": "060400"}}, {"type": "Feature", "geometry": {"type": "Point", "coordinates": [117.199023, 31.77518]}, "properties": {"name": "千家伴超市(翰林雅居店)", "category": "supermarket", "sub_category": "060400|060200"}}, {"type": "Feature", "geometry": {"type": "Point", "coordinates": [117.194388, 31.758402]}, "properties": {"name": "田园生鲜生活超市(禹洲·翡翠湖郡店)", "category": "supermarket", "sub_category": "060703|060400"}}, {"type": "Feature", "geometry": {"type": "Point", "coordinates": [117.166333, 31.780258]}, "properties": {"name": "堂德生活超市(信地·华地城店)", "category": "supermarket", "sub_category": "060400"}}, {"type": "Feature", "geometry": {"type": "Point", "coordinates": [117.165386, 31.79575]}, "properties": {"name": "人人家超市(柏堰分店)", "category": "supermarket", "sub_category": "060400"}}, {"type": "Feature", "geometry": {"type": "Point", "coordinates": [117.180988, 31.767498]}, "properties": {"name": "安徽大学磬苑校区-西门超市", "category": "supermarket", "sub_category": "060400"}}, {"type": "Feature", "geometry": {"type": "Point", "coordinates": [117.183865, 31.775]}, "properties": {"name": "九龙超市(九龙路店)", "category": "supermarket", "sub_category": "060400|060200"}}, {"type": "Feature", "geometry": {"type": "Point", "coordinates": [117.179126, 31.757006]}, "properties": {"name": "佰缘超市(合肥财经职业学院店)", "category": "supermarket", "sub_category": "060400"}}, {"type": "Feature", "geometry": {"type": "Point", "coordinates": [117.199921, 31.791098]}, "properties": {"name": "福乐家超市(松林路店)", "category": "supermarket", "sub_category": "060400|060200"}}, {"type": "Feature", "geometry": {"type": "Point", "coordinates": [117.183596, 31.751007]}, "properties": {"name": "百世邻里一鼎超市(原树提香店)", "category": "supermarket", "sub_category": "060400"}}, {"type": "Feature", "geometry": {"type": "Point", "coordinates": [117.198459, 31.798483]}, "properties": {"name": "佳百优选生活超市", "category": "supermarket", "sub_category": "060400"}}, {"type": "Feature", "geometry": {"type": "Point", "coordinates": [117.187703, 31.755325]}, "properties": {"name": "怡家华联(幸福大街店)", "category": "supermarket", "sub_category": "060200|060400"}}, {"type": "Feature", "geometry": {"type": "Point", "coordinates": [117.167923, 31.778634]}, "properties": {"name": "农夫蔬果百货超市", "category": "supermarket", "sub_category": "060400"}}, {"type": "Feature", "geometry": {"type": "Point", "coordinates": [117.19914, 31.758893]}, "properties": {"name": "越来越好超市(学林雅苑店)", "category": "supermarket", "sub_category": "060400"}}, {"type": "Feature", "geometry": {"type": "Point", "coordinates": [117.152745, 31.775411]}, "properties": {"name": "予礼四季优选超市", "category": "supermarket", "sub_category": "060400"}}, {"type": "Feature", "geometry": {"type": "Point", "coordinates": [117.198935, 31.758908]}, "properties": {"name": "军风超市(学林雅苑店)", "category": "supermarket", "sub_category": "060400"}}, {"type": "Feature", "geometry": {"type": "Point", "coordinates": [117.169377, 31.756868]}, "properties": {"name": "玖发超市(新华九龙首府店)", "category": "supermarket", "sub_category": "060400"}}, {"type": "Feature", "geometry": {"type": "Point", "coordinates": [117.191706, 31.786282]}, "properties": {"name": "创景生活超市(瑞泽源·一里洋房店)", "category": "supermarket", "sub_category": "060400|060200"}}, {"type": "Feature", "geometry": {"type": "Point", "coordinates": [117.171394, 31.760348]}, "properties": {"name": "柏安生活超市", "category": "supermarket", "sub_category": "060400"}}, {"type": "Feature", "geometry": {"type": "Point", "coordinates": [117.173326, 31.781819]}, "properties": {"name": "绿洲百货超市(绿洲风情商业街店)", "category": "supermarket", "sub_category": "060400"}}, {"type": "Feature", "geometry": {"type": "Point", "coordinates": [117.169875, 31.757175]}, "properties": {"name": "维客生活超市(新华九龙首府店)", "category": "supermarket", "sub_category": "060400"}}, {"type": "Feature", "geometry": {"type": "Point", "coordinates": [117.199025, 31.794625]}, "properties": {"name": "幻彩精品超市", "category": "supermarket", "sub_category": "060400|060200"}}, {"type": "Feature", "geometry": {"type": "Point", "coordinates": [117.155175, 31.764725]}, "properties": {"name": "客多多生活超市", "category": "supermarket", "sub_category": "060400"}}, {"type": "Feature", "geometry": {"type": "Point", "coordinates": [117.17292, 31.781752]}, "properties": {"name": "团如易线上超市(繁华大道店)", "category": "supermarket", "sub_category": "060400"}}, {"type": "Feature", "geometry": {"type": "Point", "coordinates": [117.174026, 31.781806]}, "properties": {"name": "徽御烟酒茶(文一名门绿洲店)", "category": "supermarket", "sub_category": "061210|060400"}}, {"type": "Feature", "geometry": {"type": "Point", "coordinates": [117.157225, 31.798925]}, "properties": {"name": "鼎园烟酒茶", "category": "supermarket", "sub_category": "060400"}}, {"type": "Feature", "geometry": {"type": "Point", "coordinates": [117.164854, 31.780468]}, "properties": {"name": "韵达快递(信地·华地城店)", "category": "supermarket", "sub_category": "060400|070500"}}, {"type": "Feature", "geometry": {"type": "Point", "coordinates": [117.152465, 31.79076]}, "properties": {"name": "安徽浩邦", "category": "supermarket", "sub_category": "170200|060400"}}, {"type": "Feature", "geometry": {"type": "Point", "coordinates": [117.181035, 31.771136]}, "properties": {"name": "信佰佳易生活超市(暂停营业)", "category": "supermarket", "sub_category": "060400"}}, {"type": "Feature", "geometry": {"type": "Point", "coordinates": [117.160111, 31.804036]}, "properties": {"name": "百大合家福(百大奥莱店)", "category": "supermarket", "sub_category": "060400"}}, {"type": "Feature", "geometry": {"type": "Point", "coordinates": [117.193599, 31.814575]}, "properties": {"name": "好又多购物广场(习友路店)", "category": "supermarket", "sub_category": "060102|060101|060200|060400"}}, {"type": "Feature", "geometry": {"type": "Point", "coordinates": [117.180365, 31.818583]}, "properties": {"name": "天润发生活超市(乐富强·乐街店)", "category": "supermarket", "sub_category": "060400"}}, {"type": "Feature", "geometry": {"type": "Point", "coordinates": [117.1699, 31.828348]}, "properties": {"name": "好又多生活超市(蜀南庭苑店)", "category": "supermarket", "sub_category": "060400"}}, {"type": "Feature", "geometry": {"type": "Point", "coordinates": [117.193311, 31.814709]}, "properties": {"name": "好又多超市(圣联·香御公馆店)", "category": "supermarket", "sub_category": "060400"}}, {"type": "Feature", "geometry": {"type": "Point", "coordinates": [117.164236, 31.828514]}, "properties": {"name": "人人家超市(蜀南分店)", "category": "supermarket", "sub_category": "060400|060200"}}, {"type": "Feature", "geometry": {"type": "Point", "coordinates": [117.199825, 31.816225]}, "properties": {"name": "西柚生活超市(馥邦天下店)", "category": "supermarket", "sub_category": "060400"}}, {"type": "Feature", "geometry": {"type": "Point", "coordinates": [117.188639, 31.831121]}, "properties": {"name": "好又多超市(金桂路)", "category": "supermarket", "sub_category": "060400"}}, {"type": "Feature", "geometry": {"type": "Point", "coordinates": [117.19447, 31.832768]}, "properties": {"name": "苏果life(澜溪镇店)", "category": "supermarket", "sub_category": "060704|060400"}}, {"type": "Feature", "geometry": {"type": "Point", "coordinates": [117.199526, 31.816887]}, "properties": {"name": "好又多精品生活超市(科海雅居店)", "category": "supermarket", "sub_category": "060400"}}, {"type": "Feature", "geometry": {"type": "Point", "coordinates": [117.187769, 31.817345]}, "properties": {"name": "拾客精品超市(高新店)", "category": "supermarket", "sub_category": "060400"}}, {"type": "Feature", "geometry": {"type": "Point", "coordinates": [117.192522, 31.813795]}, "properties": {"name": "财创超市(景尚名郡店)", "category": "supermarket", "sub_category": "060400"}}, {"type": "Feature", "geometry": {"type": "Point", "coordinates": [117.199608, 31.800872]}, "properties": {"name": "海岸便利(禹洲·华侨城二期店)", "category": "supermarket", "sub_category": "061210|060400|060200"}}, {"type": "Feature", "geometry": {"type": "Point", "coordinates": [117.198993, 31.810918]}, "properties": {"name": "鸿雨百货超市(恒大华府店)", "category": "supermarket", "sub_category": "060400|060200"}}, {"type": "Feature", "geometry": {"type": "Point", "coordinates": [117.166025, 31.829625]}, "properties": {"name": "百上百生活超市蜀南庭苑店", "category": "supermarket", "sub_category": "060400"}}, {"type": "Feature", "geometry": {"type": "Point", "coordinates": [117.197638, 31.838202]}, "properties": {"name": "邻里之间生活超市(绿城·桂花园店)", "category": "supermarket", "sub_category": "060400"}}, {"type": "Feature", "geometry": {"type": "Point", "coordinates": [117.180147, 31.802686]}, "properties": {"name": "日日惠干货生活超市(格力馨雅园店)", "category": "supermarket", "sub_category": "060400"}}, {"type": "Feature", "geometry": {"type": "Point", "coordinates": [117.163027, 31.802524]}, "properties": {"name": "十亩地生鲜超市", "category": "supermarket", "sub_category": "060400"}}, {"type": "Feature", "geometry": {"type": "Point", "coordinates": [117.164914, 31.828346]}, "properties": {"name": "畅优超市", "category": "supermarket", "sub_category": "060400|060200"}}, {"type": "Feature", "geometry": {"type": "Point", "coordinates": [117.199157, 31.845038]}, "properties": {"name": "梦园超市(梦园商城A座店)", "category": "supermarket", "sub_category": "060200|060400"}}, {"type": "Feature", "geometry": {"type": "Point", "coordinates": [117.161179, 31.802746]}, "properties": {"name": "阳光国际超市(香蒲路店)", "category": "supermarket", "sub_category": "060400"}}, {"type": "Feature", "geometry": {"type": "Point", "coordinates": [117.164613, 31.80377]}, "properties": {"name": "乐美加超市(柏堰雅苑店)", "category": "supermarket", "sub_category": "060400"}}, {"type": "Feature", "geometry": {"type": "Point", "coordinates": [117.161895, 31.802718]}, "properties": {"name": "惠万客烟酒超市(新华阳光国际店)", "category": "supermarket", "sub_category": "061210|060400"}}, {"type": "Feature", "geometry": {"type": "Point", "coordinates": [117.179225, 31.816875]}, "properties": {"name": "宅小熊生活超市", "category": "supermarket", "sub_category": "060400"}}, {"type": "Feature", "geometry": {"type": "Point", "coordinates": [117.199749, 31.846101]}, "properties": {"name": "霍之鲜生鲜市集", "category": "supermarket", "sub_category": "060400"}}, {"type": "Feature", "geometry": {"type": "Point", "coordinates": [117.185749, 31.811103]}, "properties": {"name": "华联购物超市(香樟店)", "category": "supermarket", "sub_category": "060200|060400"}}, {"type": "Feature", "geometry": {"type": "Point", "coordinates": [117.188688, 31.813299]}, "properties": {"name": "胖哒立送超市(高新店)", "category": "supermarket", "sub_category": "060400"}}, {"type": "Feature", "geometry": {"type": "Point", "coordinates": [117.156722, 31.822241]}, "properties": {"name": "旭海福运超市(旭辉湖山源著店)", "category": "supermarket", "sub_category": "060400"}}, {"type": "Feature", "geometry": {"type": "Point", "coordinates": [117.162294, 31.803774]}, "properties": {"name": "天天购物超市(柏堰店)", "category": "supermarket", "sub_category": "060400"}}, {"type": "Feature", "geometry": {"type": "Point", "coordinates": [117.166885, 31.828344]}, "properties": {"name": "蜀南白帝超市", "category": "supermarket", "sub_category": "060400"}}, {"type": "Feature", "geometry": {"type": "Point", "coordinates": [117.193346, 31.831576]}, "properties": {"name": "领鲜购生活超市(瑞和山水居店)", "category": "supermarket", "sub_category": "060400"}}, {"type": "Feature", "geometry": {"type": "Point", "coordinates": [117.160449, 31.809785]}, "properties": {"name": "金麦穗连锁超市", "category": "supermarket", "sub_category": "060400"}}, {"type": "Feature", "geometry": {"type": "Point", "coordinates": [117.198625, 31.810925]}, "properties": {"name": "钮宇璐生鲜超市", "category": "supermarket", "sub_category": "060400"}}, {"type": "Feature", "geometry": {"type": "Point", "coordinates": [117.166875, 31.811025]}, "properties": {"name": "合肥市高新区紫崛生活超市", "category": "supermarket", "sub_category": "060400"}}, {"type": "Feature", "geometry": {"type": "Point", "coordinates": [117.170725, 31.830975]}, "properties": {"name": "汇旺生活超市(合肥蜀南庭苑店)", "category": "supermarket", "sub_category": "060400"}}, {"type": "Feature", "geometry": {"type": "Point", "coordinates": [117.163688, 31.828351]}, "properties": {"name": "兔喜快递超市", "category": "supermarket", "sub_category": "060400"}}, {"type": "Feature", "geometry": {"type": "Point", "coordinates": [117.168773, 31.859654]}, "properties": {"name": "联家超柿(蜀峰店)", "category": "supermarket", "sub_category": "060400"}}, {"type": "Feature", "geometry": {"type": "Point", "coordinates": [117.197977, 31.853502]}, "properties": {"name": "红府超市(徽商·优山美地店)", "category": "supermarket", "sub_category": "060400"}}, {"type": "Feature", "geometry": {"type": "Point", "coordinates": [117.150736, 31.852829]}, "properties": {"name": "好市发超市(振兴店)", "category": "supermarket", "sub_category": "060400"}}, {"type": "Feature", "geometry": {"type": "Point", "coordinates": [117.152525, 31.868225]}, "properties": {"name": "和源好又多生活超市(顺丰丰泰店)", "category": "supermarket", "sub_category": "060400"}}, {"type": "Feature", "geometry": {"type": "Point", "coordinates": [117.154307, 31.853596]}, "properties": {"name": "华联尚品生鲜超市(加侨悦山城店)", "category": "supermarket", "sub_category": "060400"}}, {"type": "Feature", "geometry": {"type": "Point", "coordinates": [117.153385, 31.857441]}, "properties": {"name": "京双食品超市", "category": "supermarket", "sub_category": "060400"}}, {"type": "Feature", "geometry": {"type": "Point", "coordinates": [117.186589, 31.854307]}, "properties": {"name": "美加美生活超市(岐安商贸大楼店)", "category": "supermarket", "sub_category": "060400"}}, {"type": "Feature", "geometry": {"type": "Point", "coordinates": [117.188633, 31.854449]}, "properties": {"name": "勤志商贸", "category": "supermarket", "sub_category": "060400|060200"}}, {"type": "Feature", "geometry": {"type": "Point", "coordinates": [117.172444, 31.854103]}, "properties": {"name": "乐口福百货超市(沃野花园店)", "category": "supermarket", "sub_category": "060400"}}, {"type": "Feature", "geometry": {"type": "Point", "coordinates": [117.166422, 31.858971]}, "properties": {"name": "久诚百货商行(山水间花园店)", "category": "supermarket", "sub_category": "060400"}}, {"type": "Feature", "geometry": {"type": "Point", "coordinates": [117.154607, 31.867487]}, "properties": {"name": "好又多生活超市(雪霁路店)", "category": "supermarket", "sub_category": "060400"}}, {"type": "Feature", "geometry": {"type": "Point", "coordinates": [117.169778, 31.853248]}, "properties": {"name": "徐老板超市(汇商中心店)", "category": "supermarket", "sub_category": "060400"}}, {"type": "Feature", "geometry": {"type": "Point", "coordinates": [117.169851, 31.863867]}, "properties": {"name": "好又多超市(山湖苑店)", "category": "supermarket", "sub_category": "060400"}}, {"type": "Feature", "geometry": {"type": "Point", "coordinates": [117.155291, 31.86756]}, "properties": {"name": "悦福超市(卓然居店)", "category": "supermarket", "sub_category": "060400|060200"}}, {"type": "Feature", "geometry": {"type": "Point", "coordinates": [117.170722, 31.853464]}, "properties": {"name": "来之客超市(田埠路店)", "category": "supermarket", "sub_category": "060400"}}, {"type": "Feature", "geometry": {"type": "Point", "coordinates": [117.166553, 31.862785]}, "properties": {"name": "伊乐超市(山湖苑西区店)", "category": "supermarket", "sub_category": "060400"}}, {"type": "Feature", "geometry": {"type": "Point", "coordinates": [117.170119, 31.853346]}, "properties": {"name": "惠优选社区超市", "category": "supermarket", "sub_category": "060400"}}, {"type": "Feature", "geometry": {"type": "Point", "coordinates": [117.175241, 31.853576]}, "properties": {"name": "静之敏超市(新华夏大厦店)", "category": "supermarket", "sub_category": "060400|060200"}}, {"type": "Feature", "geometry": {"type": "Point", "coordinates": [117.153953, 31.866161]}, "properties": {"name": "天猫小店(卓然居店)", "category": "supermarket", "sub_category": "060200|060400"}}, {"type": "Feature", "geometry": {"type": "Point", "coordinates": [117.156963, 31.854042]}, "properties": {"name": "华联尚品生活超市", "category": "supermarket", "sub_category": "060400"}}, {"type": "Feature", "geometry": {"type": "Point", "coordinates": [117.157555, 31.862749]}, "properties": {"name": "喜客好又多超市(电商园高级人才公寓店)", "category": "supermarket", "sub_category": "060400"}}, {"type": "Feature", "geometry": {"type": "Point", "coordinates": [117.172522, 31.857326]}, "properties": {"name": "优榀生活超市", "category": "supermarket", "sub_category": "060400"}}, {"type": "Feature", "geometry": {"type": "Point", "coordinates": [117.169844, 31.863867]}, "properties": {"name": "超市(山湖苑东区北区店)", "category": "supermarket", "sub_category": "060400"}}, {"type": "Feature", "geometry": {"type": "Point", "coordinates": [117.179858, 31.863973]}, "properties": {"name": "惠生活邻里超市(桃源里店)", "category": "supermarket", "sub_category": "060400"}}, {"type": "Feature", "geometry": {"type": "Point", "coordinates": [117.170325, 31.852238]}, "properties": {"name": "如云超市(晨光苑店)", "category": "supermarket", "sub_category": "060400"}}, {"type": "Feature", "geometry": {"type": "Point", "coordinates": [117.177693, 31.854234]}, "properties": {"name": "宜博百货超市(蜀景园店)", "category": "supermarket", "sub_category": "060400"}}, {"type": "Feature", "geometry": {"type": "Point", "coordinates": [117.197771, 31.859337]}, "properties": {"name": "捷乐生活超市(新城分店)", "category": "supermarket", "sub_category": "060400"}}, {"type": "Feature", "geometry": {"type": "Point", "coordinates": [117.175625, 31.859275]}, "properties": {"name": "聚客缘超市(蜀新西澜店)", "category": "supermarket", "sub_category": "060200|060400"}}, {"type": "Feature", "geometry": {"type": "Point", "coordinates": [117.199327, 31.853714]}, "properties": {"name": "聚福源百货超市(金濠优活城店)", "category": "supermarket", "sub_category": "060400|060200"}}, {"type": "Feature", "geometry": {"type": "Point", "coordinates": [117.150825, 31.852275]}, "properties": {"name": "卓越百货超市", "category": "supermarket", "sub_category": "060200|060400"}}, {"type": "Feature", "geometry": {"type": "Point", "coordinates": [117.174325, 31.855475]}, "properties": {"name": "常德中百货超市", "category": "supermarket", "sub_category": "060200|060400"}}, {"type": "Feature", "geometry": {"type": "Point", "coordinates": [117.199775, 31.858025]}, "properties": {"name": "蜀山阁美家福超市", "category": "supermarket", "sub_category": "060400|060200"}}, {"type": "Feature", "geometry": {"type": "Point", "coordinates": [117.198744, 31.855112]}, "properties": {"name": "美加福超市", "category": "supermarket", "sub_category": "060400"}}, {"type": "Feature", "geometry": {"type": "Point", "coordinates": [117.171825, 31.853025]}, "properties": {"name": "买乐超市", "category": "supermarket", "sub_category": "060200|060400"}}, {"type": "Feature", "geometry": {"type": "Point", "coordinates": [117.179075, 31.865425]}, "properties": {"name": "天猫超市", "category": "supermarket", "sub_category": "060400"}}, {"type": "Feature", "geometry": {"type": "Point", "coordinates": [117.153102, 31.874059]}, "properties": {"name": "天猫超市(悠然居店)", "category": "supermarket", "sub_category": "060400"}}, {"type": "Feature", "geometry": {"type": "Point", "coordinates": [117.16815, 31.853063]}, "properties": {"name": "屈臣氏(奥园·城市天地店)", "category": "supermarket", "sub_category": "060411"}}, {"type": "Feature", "geometry": {"type": "Point", "coordinates": [117.167181, 31.85275]}, "properties": {"name": "屈臣氏(花山堡墅店)", "category": "supermarket", "sub_category": "060411"}}, {"type": "Feature", "geometry": {"type": "Point", "coordinates": [117.152336, 31.853602]}, "properties": {"name": "农副果园", "category": "supermarket", "sub_category": "060400"}}, {"type": "Feature", "geometry": {"type": "Point", "coordinates": [117.152464, 31.86623]}, "properties": {"name": "世纪华联优鲜超饰(电商园三期会务中心店)", "category": "supermarket", "sub_category": "060400"}}, {"type": "Feature", "geometry": {"type": "Point", "coordinates": [117.192769, 31.944248]}, "properties": {"name": "好客隆超市(岗集店)", "category": "supermarket", "sub_category": "060400|060200"}}, {"type": "Feature", "geometry": {"type": "Point", "coordinates": [117.196149, 31.940639]}, "properties": {"name": "双安便利商店", "category": "supermarket", "sub_category": "060400|060200"}}, {"type": "Feature", "geometry": {"type": "Point", "coordinates": [117.19006, 31.94701]}, "properties": {"name": "四季红超市(合瓦路店)", "category": "supermarket", "sub_category": "060400"}}, {"type": "Feature", "geometry": {"type": "Point", "coordinates": [117.165059, 31.907521]}, "properties": {"name": "好运来超市(科学岛店)", "category": "supermarket", "sub_category": "060400"}}, {"type": "Feature", "geometry": {"type": "Point", "coordinates": [117.185444, 31.94899]}, "properties": {"name": "家福超市", "category": "supermarket", "sub_category": "060400"}}, {"type": "Feature", "geometry": {"type": "Point", "coordinates": [117.19377, 31.950764]}, "properties": {"name": "天润发购物中心(祥和中央广场店)", "category": "supermarket", "sub_category": "060400"}}, {"type": "Feature", "geometry": {"type": "Point", "coordinates": [117.155398, 31.965361]}, "properties": {"name": "庐鲜生生活超市(新城·悦隽九里店)", "category": "supermarket", "sub_category": "060400"}}, {"type": "Feature", "geometry": {"type": "Point", "coordinates": [117.157777, 31.966036]}, "properties": {"name": "世纪华联超市(祥源玖悦湾店)", "category": "supermarket", "sub_category": "060400"}}, {"type": "Feature", "geometry": {"type": "Point", "coordinates": [117.175195, 31.973125]}, "properties": {"name": "乐哈氏生活超市", "category": "supermarket", "sub_category": "060400"}}, {"type": "Feature", "geometry": {"type": "Point", "coordinates": [117.19476, 31.950217]}, "properties": {"name": "杏杏精品百货店", "category": "supermarket", "sub_category": "060400"}}, {"type": "Feature", "geometry": {"type": "Point", "coordinates": [117.173388, 31.971919]}, "properties": {"name": "二姐超市(安徽兽药产业园店)", "category": "supermarket", "sub_category": "060400"}}, {"type": "Feature", "geometry": {"type": "Point", "coordinates": [117.185098, 31.952419]}, "properties": {"name": "岗集欧世华联超市", "category": "supermarket", "sub_category": "060200|060400"}}, {"type": "Feature", "geometry": {"type": "Point", "coordinates": [117.173547, 31.972031]}, "properties": {"name": "徽之隆超市(安徽兽药产业园店)", "category": "supermarket", "sub_category": "060400"}}, {"type": "Feature", "geometry": {"type": "Point", "coordinates": [117.189354, 31.951642]}, "properties": {"name": "尚品鲜生活超市(祥和公馆店)", "category": "supermarket", "sub_category": "060400"}}, {"type": "Feature", "geometry": {"type": "Point", "coordinates": [117.194175, 31.957725]}, "properties": {"name": "百鲜汇生活超市", "category": "supermarket", "sub_category": "060400"}}, {"type": "Feature", "geometry": {"type": "Point", "coordinates": [117.157351, 31.966243]}, "properties": {"name": "天和超市(二店)", "category": "supermarket", "sub_category": "060400"}}, {"type": "Feature", "geometry": {"type": "Point", "coordinates": [117.190981, 31.952794]}, "properties": {"name": "佳美连锁超市(金明花园小区三期店)", "category": "supermarket", "sub_category": "060400"}}, {"type": "Feature", "geometry": {"type": "Point", "coordinates": [117.157259, 31.966492]}, "properties": {"name": "海汇超市(祥源店)", "category": "supermarket", "sub_category": "060400"}}, {"type": "Feature", "geometry": {"type": "Point", "coordinates": [117.195161, 31.958152]}, "properties": {"name": "比那多超市(岗集金湖店)", "category": "supermarket", "sub_category": "060400"}}, {"type": "Feature", "geometry": {"type": "Point", "coordinates": [117.184625, 31.961025]}, "properties": {"name": "百货颂·精品超市(长丰店)", "category": "supermarket", "sub_category": "060400"}}, {"type": "Feature", "geometry": {"type": "Point", "coordinates": [117.235682, 31.746844]}, "properties": {"name": "润宜佳超市(锦绣店)", "category": "supermarket", "sub_category": "060400"}}, {"type": "Feature", "geometry": {"type": "Point", "coordinates": [117.218896, 31.747839]}, "properties": {"name": "日之惠超市(紫蓬路店)", "category": "supermarket", "sub_category": "060400"}}, {"type": "Feature", "geometry": {"type": "Point", "coordinates": [117.204628, 31.749771]}, "properties": {"name": "好又多连锁超市(青龙潭路店)", "category": "supermarket", "sub_category": "060400"}}, {"type": "Feature", "geometry": {"type": "Point", "coordinates": [117.217601, 31.74459]}, "properties": {"name": "集百生活超市(天门湖公租房店)", "category": "supermarket", "sub_category": "060400"}}, {"type": "Feature", "geometry": {"type": "Point", "coordinates": [117.240191, 31.711633]}, "properties": {"name": "晶弘生活超市(晶弘嘉苑店)", "category": "supermarket", "sub_category": "060400"}}, {"type": "Feature", "geometry": {"type": "Point", "coordinates": [117.231872, 31.744081]}, "properties": {"name": "禾鲜柿集生活超市", "category": "supermarket", "sub_category": "060400"}}, {"type": "Feature", "geometry": {"type": "Point", "coordinates": [117.219239, 31.747718]}, "properties": {"name": "蓬莱花园生活超市", "category": "supermarket", "sub_category": "060400"}}, {"type": "Feature", "geometry": {"type": "Point", "coordinates": [117.228133, 31.74666]}, "properties": {"name": "腾尚连锁超市(天门路店)", "category": "supermarket", "sub_category": "060400|060200"}}, {"type": "Feature", "geometry": {"type": "Point", "coordinates": [117.226465, 31.749542]}, "properties": {"name": "好又多连锁超市(师范学院锦绣校区店)", "category": "supermarket", "sub_category": "060400"}}, {"type": "Feature", "geometry": {"type": "Point", "coordinates": [117.23285, 31.743265]}, "properties": {"name": "健安超市(锦绣紫云花园店)", "category": "supermarket", "sub_category": "060400"}}, {"type": "Feature", "geometry": {"type": "Point", "coordinates": [117.246655, 31.709194]}, "properties": {"name": "临湖家福超市(临湖社区店)", "category": "supermarket", "sub_category": "060400"}}, {"type": "Feature", "geometry": {"type": "Point", "coordinates": [117.248886, 31.710695]}, "properties": {"name": "佳佳福超市(吉园店)", "category": "supermarket", "sub_category": "060400"}}, {"type": "Feature", "geometry": {"type": "Point", "coordinates": [117.23161, 31.742574]}, "properties": {"name": "乐加福超市(莲花路店)", "category": "supermarket", "sub_category": "060200|060400"}}, {"type": "Feature", "geometry": {"type": "Point", "coordinates": [117.229216, 31.741835]}, "properties": {"name": "康敏生活超市(天门湖·锦城店)", "category": "supermarket", "sub_category": "060400"}}, {"type": "Feature", "geometry": {"type": "Point", "coordinates": [117.20942, 31.748248]}, "properties": {"name": "璟辉超市(米兰阳光花园店)", "category": "supermarket", "sub_category": "060400|060200"}}, {"type": "Feature", "geometry": {"type": "Point", "coordinates": [117.231636, 31.744473]}, "properties": {"name": "四妹连锁超市(莲花路店)", "category": "supermarket", "sub_category": "060400|060200"}}, {"type": "Feature", "geometry": {"type": "Point", "coordinates": [117.226675, 31.747075]}, "properties": {"name": "世纪华联超市(建大店)", "category": "supermarket", "sub_category": "060400"}}, {"type": "Feature", "geometry": {"type": "Point", "coordinates": [117.24564, 31.709944]}, "properties": {"name": "佳佳福超市(玉屏南路店)", "category": "supermarket", "sub_category": "060200|060400"}}, {"type": "Feature", "geometry": {"type": "Point", "coordinates": [117.202341, 31.748005]}, "properties": {"name": "好又多超市(萃语云筑店)", "category": "supermarket", "sub_category": "060400"}}, {"type": "Feature", "geometry": {"type": "Point", "coordinates": [117.205425, 31.749775]}, "properties": {"name": "哦家喜数商超市", "category": "supermarket", "sub_category": "060400"}}, {"type": "Feature", "geometry": {"type": "Point", "coordinates": [117.227278, 31.741562]}, "properties": {"name": "南苑学生超市(建工店)", "category": "supermarket", "sub_category": "060400"}}, {"type": "Feature", "geometry": {"type": "Point", "coordinates": [117.232109, 31.74564]}, "properties": {"name": "上海中联超市(莲花路店)", "category": "supermarket", "sub_category": "060400|060200"}}, {"type": "Feature", "geometry": {"type": "Point", "coordinates": [117.216175, 31.741875]}, "properties": {"name": "天天乐生活超市", "category": "supermarket", "sub_category": "060400"}}, {"type": "Feature", "geometry": {"type": "Point", "coordinates": [117.246506, 31.729989]}, "properties": {"name": "森林骏超市", "category": "supermarket", "sub_category": "060400"}}, {"type": "Feature", "geometry": {"type": "Point", "coordinates": [117.210908, 31.749315]}, "properties": {"name": "比特福便利店", "category": "supermarket", "sub_category": "060400"}}, {"type": "Feature", "geometry": {"type": "Point", "coordinates": [117.221475, 31.716125]}, "properties": {"name": "王老头驿站生活超市", "category": "supermarket", "sub_category": "060400"}}, {"type": "Feature", "geometry": {"type": "Point", "coordinates": [117.228433, 31.747034]}, "properties": {"name": "朱家百货超市", "category": "supermarket", "sub_category": "060400"}}, {"type": "Feature", "geometry": {"type": "Point", "coordinates": [117.209187, 31.749963]}, "properties": {"name": "元迎超市", "category": "supermarket", "sub_category": "060400"}}, {"type": "Feature", "geometry": {"type": "Point", "coordinates": [117.23253, 31.729664]}, "properties": {"name": "四海一家超市(美菱公寓店)(装修中)", "category": "supermarket", "sub_category": "060200|060400"}}, {"type": "Feature", "geometry": {"type": "Point", "coordinates": [117.226664, 31.747051]}, "properties": {"name": "百大合家福连锁超市(安建大店)(装修中)", "category": "supermarket", "sub_category": "060400"}}, {"type": "Feature", "geometry": {"type": "Point", "coordinates": [117.24002, 31.777733]}, "properties": {"name": "山姆会员商店(合肥经开店)", "category": "supermarket", "sub_category": "060400"}}, {"type": "Feature", "geometry": {"type": "Point", "coordinates": [117.209185, 31.791148]}, "properties": {"name": "沃尔玛(港澳广场店)", "category": "supermarket", "sub_category": "060402"}}, {"type": "Feature", "geometry": {"type": "Point", "coordinates": [117.208514, 31.781344]}, "properties": {"name": "大润发(翡翠店)", "category": "supermarket", "sub_category": "060400"}}, {"type": "Feature", "geometry": {"type": "Point", "coordinates": [117.229636, 31.781537]}, "properties": {"name": "永辉超市(合肥市正大广场店)", "category": "supermarket", "sub_category": "060400|050000"}}, {"type": "Feature", "geometry": {"type": "Point", "coordinates": [117.209153, 31.788295]}, "properties": {"name": "合家福超市(丹霞店)", "category": "supermarket", "sub_category": "060400"}}, {"type": "Feature", "geometry": {"type": "Point", "coordinates": [117.211713, 31.775558]}, "properties": {"name": "红府超市(国耀星达城购物中心店)", "category": "supermarket", "sub_category": "060400"}}, {"type": "Feature", "geometry": {"type": "Point", "coordinates": [117.229984, 31.798915]}, "properties": {"name": "Ole精品超市(万象城店)", "category": "supermarket", "sub_category": "060400"}}, {"type": "Feature", "geometry": {"type": "Point", "coordinates": [117.202365, 31.759759]}, "properties": {"name": "合家福超市(翡翠花园店)", "category": "supermarket", "sub_category": "060400"}}, {"type": "Feature", "geometry": {"type": "Point", "coordinates": [117.208233, 31.751751]}, "properties": {"name": "日之惠", "category": "supermarket", "sub_category": "060400"}}, {"type": "Feature", "geometry": {"type": "Point", "coordinates": [117.203691, 31.797604]}, "properties": {"name": "红府超市(和谐家园店)", "category": "supermarket", "sub_category": "060400"}}, {"type": "Feature", "geometry": {"type": "Point", "coordinates": [117.204197, 31.785197]}, "properties": {"name": "日之惠(翠微店)", "category": "supermarket", "sub_category": "060400"}}, {"type": "Feature", "geometry": {"type": "Point", "coordinates": [117.230716, 31.771523]}, "properties": {"name": "联华超市(尚泽大都会店)", "category": "supermarket", "sub_category": "060400"}}, {"type": "Feature", "geometry": {"type": "Point", "coordinates": [117.207212, 31.780737]}, "properties": {"name": "邻几便利店(中环城店)", "category": "supermarket", "sub_category": "060200|060400"}}, {"type": "Feature", "geometry": {"type": "Point", "coordinates": [117.248508, 31.798813]}, "properties": {"name": "红府超市(合柴1972店)", "category": "supermarket", "sub_category": "060400"}}, {"type": "Feature", "geometry": {"type": "Point", "coordinates": [117.235827, 31.79589]}, "properties": {"name": "天润发生活超市(习友西路店)", "category": "supermarket", "sub_category": "060400"}}, {"type": "Feature", "geometry": {"type": "Point", "coordinates": [117.201004, 31.789206]}, "properties": {"name": "好又多超市(九溪江南店)", "category": "supermarket", "sub_category": "060400"}}, {"type": "Feature", "geometry": {"type": "Point", "coordinates": [117.220365, 31.78809]}, "properties": {"name": "生鲜传奇(东海星城店)", "category": "supermarket", "sub_category": "060703|060400"}}, {"type": "Feature", "geometry": {"type": "Point", "coordinates": [117.230592, 31.779219]}, "properties": {"name": "来优品省钱超市(合肥蜀山区北海路尚泽瑞园店)", "category": "supermarket", "sub_category": "060400"}}, {"type": "Feature", "geometry": {"type": "Point", "coordinates": [117.215037, 31.77028]}, "properties": {"name": "博宇烟酒茶超市(水安·盛世桃源1期店)", "category": "supermarket", "sub_category": "060200|060400"}}, {"type": "Feature", "geometry": {"type": "Point", "coordinates": [117.216397, 31.799591]}, "properties": {"name": "好又多精品生鲜超市", "category": "supermarket", "sub_category": "060400"}}, {"type": "Feature", "geometry": {"type": "Point", "coordinates": [117.230025, 31.760081]}, "properties": {"name": "金华连锁超市(耕耘路店)", "category": "supermarket", "sub_category": "060400"}}, {"type": "Feature", "geometry": {"type": "Point", "coordinates": [117.21981, 31.789818]}, "properties": {"name": "乐购达超市(芙蓉店)", "category": "supermarket", "sub_category": "060400"}}, {"type": "Feature", "geometry": {"type": "Point", "coordinates": [117.200617, 31.771712]}, "properties": {"name": "南苑学生超市(合工大翡翠湖店)", "category": "supermarket", "sub_category": "060400"}}, {"type": "Feature", "geometry": {"type": "Point", "coordinates": [117.224941, 31.784166]}, "properties": {"name": "宜佳超市(松谷路店)", "category": "supermarket", "sub_category": "060400"}}, {"type": "Feature", "geometry": {"type": "Point", "coordinates": [117.214854, 31.768919]}, "properties": {"name": "盛世生活超市(福利彩票店)", "category": "supermarket", "sub_category": "060200|060400"}}, {"type": "Feature", "geometry": {"type": "Point", "coordinates": [117.222909, 31.796904]}, "properties": {"name": "天天顺百货超市(宋都店)", "category": "supermarket", "sub_category": "060400|060200"}}, {"type": "Feature", "geometry": {"type": "Point", "coordinates": [117.226363, 31.756469]}, "properties": {"name": "NOW即享超市(经开店)", "category": "supermarket", "sub_category": "060400"}}, {"type": "Feature", "geometry": {"type": "Point", "coordinates": [117.232603, 31.778344]}, "properties": {"name": "齐家生活超市(金大地时代天街店)", "category": "supermarket", "sub_category": "060400|060200"}}, {"type": "Feature", "geometry": {"type": "Point", "coordinates": [117.202162, 31.775193]}, "properties": {"name": "中联超市(工大店)", "category": "supermarket", "sub_category": "060400"}}, {"type": "Feature", "geometry": {"type": "Point", "coordinates": [117.203954, 31.794181]}, "properties": {"name": "好又多生活超市(壶天路店)", "category": "supermarket", "sub_category": "060400"}}, {"type": "Feature", "geometry": {"type": "Point", "coordinates": [117.207396, 31.750696]}, "properties": {"name": "李河百货超市(方兴园小区店)", "category": "supermarket", "sub_category": "060400"}}, {"type": "Feature", "geometry": {"type": "Point", "coordinates": [117.237325, 31.793617]}, "properties": {"name": "悦购生活超市(中辰优唐广场店)", "category": "supermarket", "sub_category": "060400"}}, {"type": "Feature", "geometry": {"type": "Point", "coordinates": [117.21251, 31.7609]}, "properties": {"name": "喜事多超市(多伦多花园店)", "category": "supermarket", "sub_category": "060400"}}, {"type": "Feature", "geometry": {"type": "Point", "coordinates": [117.230568, 31.772784]}, "properties": {"name": "乐佳家生活超市(尚泽大都会店)", "category": "supermarket", "sub_category": "060400"}}, {"type": "Feature", "geometry": {"type": "Point", "coordinates": [117.229791, 31.759669]}, "properties": {"name": "百润生活超市", "category": "supermarket", "sub_category": "060400"}}, {"type": "Feature", "geometry": {"type": "Point", "coordinates": [117.213813, 31.773287]}, "properties": {"name": "金冠超市(丹霞路)", "category": "supermarket", "sub_category": "060400|060200"}}, {"type": "Feature", "geometry": {"type": "Point", "coordinates": [117.213367, 31.76209]}, "properties": {"name": "乐邻生鲜生活超市(多伦多花园店)", "category": "supermarket", "sub_category": "060400"}}, {"type": "Feature", "geometry": {"type": "Point", "coordinates": [117.219348, 31.754604]}, "properties": {"name": "一佰生活超市(锦绣年华店)", "category": "supermarket", "sub_category": "060400"}}, {"type": "Feature", "geometry": {"type": "Point", "coordinates": [117.230737, 31.772196]}, "properties": {"name": "识惠猿超市(尚泽大都会店)", "category": "supermarket", "sub_category": "060200|060400"}}, {"type": "Feature", "geometry": {"type": "Point", "coordinates": [117.219887, 31.787774]}, "properties": {"name": "多益超市(东海花园店)", "category": "supermarket", "sub_category": "060400"}}, {"type": "Feature", "geometry": {"type": "Point", "coordinates": [117.218323, 31.775486]}, "properties": {"name": "合肥经开区惠尚嘉生活超市", "category": "supermarket", "sub_category": "060400"}}, {"type": "Feature", "geometry": {"type": "Point", "coordinates": [117.203739, 31.779819]}, "properties": {"name": "世纪华联超市购物(石门路店)", "category": "supermarket", "sub_category": "060200|060400"}}, {"type": "Feature", "geometry": {"type": "Point", "coordinates": [117.232309, 31.765714]}, "properties": {"name": "世纪华联超市(国轩名门店)", "category": "supermarket", "sub_category": "060400"}}, {"type": "Feature", "geometry": {"type": "Point", "coordinates": [117.233434, 31.764978]}, "properties": {"name": "胡先进批发超市(名筑花园店)", "category": "supermarket", "sub_category": "060400"}}, {"type": "Feature", "geometry": {"type": "Point", "coordinates": [117.220737, 31.773515]}, "properties": {"name": "柠玥烟酒百货超市(华凤国际店)", "category": "supermarket", "sub_category": "060400"}}, {"type": "Feature", "geometry": {"type": "Point", "coordinates": [117.229216, 31.761864]}, "properties": {"name": "好又多精品生活超市", "category": "supermarket", "sub_category": "060400"}}, {"type": "Feature", "geometry": {"type": "Point", "coordinates": [117.209119, 31.78612]}, "properties": {"name": "中联生活超市(蜀山店)", "category": "supermarket", "sub_category": "060400"}}, {"type": "Feature", "geometry": {"type": "Point", "coordinates": [117.211443, 31.755488]}, "properties": {"name": "鸿森公寓超市", "category": "supermarket", "sub_category": "060400|060200"}}, {"type": "Feature", "geometry": {"type": "Point", "coordinates": [117.223091, 31.759505]}, "properties": {"name": "贵勤批发超市", "category": "supermarket", "sub_category": "060400"}}, {"type": "Feature", "geometry": {"type": "Point", "coordinates": [117.215063, 31.76728]}, "properties": {"name": "佳世客生活超市(和安家园店)", "category": "supermarket", "sub_category": "060400"}}, {"type": "Feature", "geometry": {"type": "Point", "coordinates": [117.204239, 31.773699]}, "properties": {"name": "教育超市(合肥工业大学翡翠湖校区店)", "category": "supermarket", "sub_category": "060400"}}, {"type": "Feature", "geometry": {"type": "Point", "coordinates": [117.203637, 31.798269]}, "properties": {"name": "原加源紫苏优选生活超市", "category": "supermarket", "sub_category": "060400"}}, {"type": "Feature", "geometry": {"type": "Point", "coordinates": [117.213025, 31.779275]}, "properties": {"name": "家佳生活超市(铜冠花园店)", "category": "supermarket", "sub_category": "060400"}}, {"type": "Feature", "geometry": {"type": "Point", "coordinates": [117.218375, 31.775075]}, "properties": {"name": "世纪华联超市(探海路店)", "category": "supermarket", "sub_category": "060400"}}, {"type": "Feature", "geometry": {"type": "Point", "coordinates": [117.207256, 31.795073]}, "properties": {"name": "益文烟酒超市(月半湾都市青年公寓店)", "category": "supermarket", "sub_category": "060400"}}, {"type": "Feature", "geometry": {"type": "Point", "coordinates": [117.218451, 31.791655]}, "properties": {"name": "AA百货超市(经开店)", "category": "supermarket", "sub_category": "060400"}}, {"type": "Feature", "geometry": {"type": "Point", "coordinates": [117.233112, 31.779248]}, "properties": {"name": "世群超市(华地·润园店)", "category": "supermarket", "sub_category": "060400"}}, {"type": "Feature", "geometry": {"type": "Point", "coordinates": [117.231648, 31.759104]}, "properties": {"name": "金桔超市", "category": "supermarket", "sub_category": "060400"}}, {"type": "Feature", "geometry": {"type": "Point", "coordinates": [117.220945, 31.799014]}, "properties": {"name": "COCO生鲜超市(颐园世家店)", "category": "supermarket", "sub_category": "060703|060400"}}, {"type": "Feature", "geometry": {"type": "Point", "coordinates": [117.202764, 31.778561]}, "properties": {"name": "世纪华联优鲜超市(国耀花半里店)", "category": "supermarket", "sub_category": "060400"}}, {"type": "Feature", "geometry": {"type": "Point", "coordinates": [117.219188, 31.754356]}, "properties": {"name": "乡村华联超市(锦绣年华店)", "category": "supermarket", "sub_category": "060200|060400"}}, {"type": "Feature", "geometry": {"type": "Point", "coordinates": [117.246394, 31.783897]}, "properties": {"name": "绿橙便利店(合肥创新创业园店)", "category": "supermarket", "sub_category": "060400|060200"}}, {"type": "Feature", "geometry": {"type": "Point", "coordinates": [117.22436, 31.784254]}, "properties": {"name": "中联批发超市", "category": "supermarket", "sub_category": "060200|060400|061200"}}, {"type": "Feature", "geometry": {"type": "Point", "coordinates": [117.202415, 31.794053]}, "properties": {"name": "府尹烟酒茶超市(融创城融祥园C区店)", "category": "supermarket", "sub_category": "060400"}}, {"type": "Feature", "geometry": {"type": "Point", "coordinates": [117.217877, 31.77652]}, "properties": {"name": "客富达超市(石门路小区店)", "category": "supermarket", "sub_category": "060400"}}, {"type": "Feature", "geometry": {"type": "Point", "coordinates": [117.21687, 31.786249]}, "properties": {"name": "阿莱隆超市", "category": "supermarket", "sub_category": "060400|060200"}}, {"type": "Feature", "geometry": {"type": "Point", "coordinates": [117.206122, 31.775901]}, "properties": {"name": "老肖超市(七日潮街店)", "category": "supermarket", "sub_category": "060400|060200"}}, {"type": "Feature", "geometry": {"type": "Point", "coordinates": [117.212925, 31.779275]}, "properties": {"name": "易特购生鲜超市(铜冠花园店)", "category": "supermarket", "sub_category": "060400"}}, {"type": "Feature", "geometry": {"type": "Point", "coordinates": [117.242225, 31.778275]}, "properties": {"name": "好又多超市(安徽新闻出版职业技术学院店)", "category": "supermarket", "sub_category": "060400"}}, {"type": "Feature", "geometry": {"type": "Point", "coordinates": [117.200283, 31.751097]}, "properties": {"name": "龙云上品超市(名门南郡店)", "category": "supermarket", "sub_category": "060400"}}, {"type": "Feature", "geometry": {"type": "Point", "coordinates": [117.214462, 31.799951]}, "properties": {"name": "润乐富连锁超市(森林海店)", "category": "supermarket", "sub_category": "060400"}}, {"type": "Feature", "geometry": {"type": "Point", "coordinates": [117.219856, 31.787886]}, "properties": {"name": "众合鲜生鲜超市(东海花园店)", "category": "supermarket", "sub_category": "060400"}}, {"type": "Feature", "geometry": {"type": "Point", "coordinates": [117.203482, 31.754063]}, "properties": {"name": "尚泽缘超市(尚泽紫金公馆店)", "category": "supermarket", "sub_category": "060400"}}, {"type": "Feature", "geometry": {"type": "Point", "coordinates": [117.223853, 31.785716]}, "properties": {"name": "星城超市(东海花园店)", "category": "supermarket", "sub_category": "060200|060400"}}, {"type": "Feature", "geometry": {"type": "Point", "coordinates": [117.220791, 31.787781]}, "properties": {"name": "快乐购", "category": "supermarket", "sub_category": "060400"}}, {"type": "Feature", "geometry": {"type": "Point", "coordinates": [117.203854, 31.79402]}, "properties": {"name": "惠邻多生活超市", "category": "supermarket", "sub_category": "060400"}}, {"type": "Feature", "geometry": {"type": "Point", "coordinates": [117.249925, 31.756225]}, "properties": {"name": "安徽好又多连锁超市", "category": "supermarket", "sub_category": "060400"}}, {"type": "Feature", "geometry": {"type": "Point", "coordinates": [117.232972, 31.793358]}, "properties": {"name": "上优玛特超市(明珠创世纪花园店)", "category": "supermarket", "sub_category": "060400"}}, {"type": "Feature", "geometry": {"type": "Point", "coordinates": [117.204334, 31.75843]}, "properties": {"name": "欣怡超市(环翠路店)", "category": "supermarket", "sub_category": "061210|060400|060200"}}, {"type": "Feature", "geometry": {"type": "Point", "coordinates": [117.210208, 31.772567]}, "properties": {"name": "华宇超市(翡翠路店)", "category": "supermarket", "sub_category": "060400"}}, {"type": "Feature", "geometry": {"type": "Point", "coordinates": [117.240322, 31.797113]}, "properties": {"name": "客乐来超市", "category": "supermarket", "sub_category": "060200|060400"}}, {"type": "Feature", "geometry": {"type": "Point", "coordinates": [117.213166, 31.767778]}, "properties": {"name": "银六福超市(水安小区店)", "category": "supermarket", "sub_category": "060400"}}, {"type": "Feature", "geometry": {"type": "Point", "coordinates": [117.233725, 31.759725]}, "properties": {"name": "找对超市", "category": "supermarket", "sub_category": "060400"}}, {"type": "Feature", "geometry": {"type": "Point", "coordinates": [117.240596, 31.786477]}, "properties": {"name": "易选便利超市(经开区一店)", "category": "supermarket", "sub_category": "060400"}}, {"type": "Feature", "geometry": {"type": "Point", "coordinates": [117.220002, 31.769667]}, "properties": {"name": "多邻生活超市", "category": "supermarket", "sub_category": "060400"}}, {"type": "Feature", "geometry": {"type": "Point", "coordinates": [117.225656, 31.776064]}, "properties": {"name": "苏马超市", "category": "supermarket", "sub_category": "060400"}}, {"type": "Feature", "geometry": {"type": "Point", "coordinates": [117.219775, 31.789775]}, "properties": {"name": "惠邻百佳超市", "category": "supermarket", "sub_category": "060400"}}, {"type": "Feature", "geometry": {"type": "Point", "coordinates": [117.230887, 31.764401]}, "properties": {"name": "便邻烟酒超市(明珠华庭店)", "category": "supermarket", "sub_category": "061210|060400"}}, {"type": "Feature", "geometry": {"type": "Point", "coordinates": [117.208351, 31.791852]}, "properties": {"name": "骑手超市(港澳广场店)", "category": "supermarket", "sub_category": "060400"}}, {"type": "Feature", "geometry": {"type": "Point", "coordinates": [117.207224, 31.788516]}, "properties": {"name": "牧兰山团购超市(合肥翠微苑店)", "category": "supermarket", "sub_category": "060400"}}, {"type": "Feature", "geometry": {"type": "Point", "coordinates": [117.200017, 31.775545]}, "properties": {"name": "邻家烟酒超市(大学城·博雅居店)", "category": "supermarket", "sub_category": "060200|060400"}}, {"type": "Feature", "geometry": {"type": "Point", "coordinates": [117.231683, 31.763509]}, "properties": {"name": "红之顺超市(名筑花园店)", "category": "supermarket", "sub_category": "060400"}}, {"type": "Feature", "geometry": {"type": "Point", "coordinates": [117.217025, 31.75484]}, "properties": {"name": "壹浩超市(名邦锦绣年华锦程苑店)", "category": "supermarket", "sub_category": "060400"}}, {"type": "Feature", "geometry": {"type": "Point", "coordinates": [117.221175, 31.767325]}, "properties": {"name": "方方生鲜超市", "category": "supermarket", "sub_category": "060400"}}, {"type": "Feature", "geometry": {"type": "Point", "coordinates": [117.218025, 31.760125]}, "properties": {"name": "超级购生活超市", "category": "supermarket", "sub_category": "060400"}}, {"type": "Feature", "geometry": {"type": "Point", "coordinates": [117.203875, 31.776425]}, "properties": {"name": "全好佳超市(引针路店)", "category": "supermarket", "sub_category": "060200|060400"}}, {"type": "Feature", "geometry": {"type": "Point", "coordinates": [117.208125, 31.795225]}, "properties": {"name": "大鑫生鲜超市", "category": "supermarket", "sub_category": "060703|060400"}}, {"type": "Feature", "geometry": {"type": "Point", "coordinates": [117.203548, 31.753972]}, "properties": {"name": "一家生活超市(尚泽紫金公馆店)", "category": "supermarket", "sub_category": "060400"}}, {"type": "Feature", "geometry": {"type": "Point", "coordinates": [117.206471, 31.765461]}, "properties": {"name": "经开区信诚鲜仓生鲜超市", "category": "supermarket", "sub_category": "060400"}}, {"type": "Feature", "geometry": {"type": "Point", "coordinates": [117.207056, 31.761026]}, "properties": {"name": "华一联超市", "category": "supermarket", "sub_category": "060400"}}, {"type": "Feature", "geometry": {"type": "Point", "coordinates": [117.208627, 31.77563]}, "properties": {"name": "天时超市(天时广场店)", "category": "supermarket", "sub_category": "060400"}}, {"type": "Feature", "geometry": {"type": "Point", "coordinates": [117.209425, 31.794775]}, "properties": {"name": "大荒匠选超市", "category": "supermarket", "sub_category": "060200|060400"}}, {"type": "Feature", "geometry": {"type": "Point", "coordinates": [117.2004, 31.753465]}, "properties": {"name": "乐购二店", "category": "supermarket", "sub_category": "060200|060400"}}, {"type": "Feature", "geometry": {"type": "Point", "coordinates": [117.204882, 31.783957]}, "properties": {"name": "新时代超市(翠微南园店)", "category": "supermarket", "sub_category": "060400"}}, {"type": "Feature", "geometry": {"type": "Point", "coordinates": [117.217534, 31.776064]}, "properties": {"name": "佳家惠生活超市(石门路小区店)", "category": "supermarket", "sub_category": "060400"}}, {"type": "Feature", "geometry": {"type": "Point", "coordinates": [117.21515, 31.753274]}, "properties": {"name": "壹浩超市", "category": "supermarket", "sub_category": "060400"}}, {"type": "Feature", "geometry": {"type": "Point", "coordinates": [117.21859, 31.775041]}, "properties": {"name": "金海福超市", "category": "supermarket", "sub_category": "060400"}}, {"type": "Feature", "geometry": {"type": "Point", "coordinates": [117.232825, 31.778525]}, "properties": {"name": "兔子生活超市", "category": "supermarket", "sub_category": "060400"}}, {"type": "Feature", "geometry": {"type": "Point", "coordinates": [117.237099, 31.785374]}, "properties": {"name": "合肥市怡之家超市连锁有限责任公司", "category": "supermarket", "sub_category": "060400"}}, {"type": "Feature", "geometry": {"type": "Point", "coordinates": [117.201388, 31.790672]}, "properties": {"name": "天猫超市", "category": "supermarket", "sub_category": "060400"}}, {"type": "Feature", "geometry": {"type": "Point", "coordinates": [117.22915, 31.781751]}, "properties": {"name": "屈臣氏(正大广场店)", "category": "supermarket", "sub_category": "060411"}}, {"type": "Feature", "geometry": {"type": "Point", "coordinates": [117.211857, 31.775368]}, "properties": {"name": "屈臣氏(合肥星达城店)", "category": "supermarket", "sub_category": "060411"}}, {"type": "Feature", "geometry": {"type": "Point", "coordinates": [117.235009, 31.811676]}, "properties": {"name": "盒马鲜生(百利中心店)", "category": "supermarket", "sub_category": "060400"}}, {"type": "Feature", "geometry": {"type": "Point", "coordinates": [117.221123, 31.820002]}, "properties": {"name": "盒马鲜生(天鹅湖万达广场购物中心店)", "category": "supermarket", "sub_category": "060400"}}, {"type": "Feature", "geometry": {"type": "Point", "coordinates": [117.224605, 31.841856]}, "properties": {"name": "永辉超市(合肥市黄山路大溪地店)", "category": "supermarket", "sub_category": "060400"}}, {"type": "Feature", "geometry": {"type": "Point", "coordinates": [117.230604, 31.807656]}, "properties": {"name": "永辉超市(合肥银泰in77店)", "category": "supermarket", "sub_category": "060400"}}, {"type": "Feature", "geometry": {"type": "Point", "coordinates": [117.249802, 31.829636]}, "properties": {"name": "盒马鲜生(蜀山万象汇店)", "category": "supermarket", "sub_category": "060400"}}, {"type": "Feature", "geometry": {"type": "Point", "coordinates": [117.232075, 31.833425]}, "properties": {"name": "合家福超市(港汇广场店)", "category": "supermarket", "sub_category": "060400|060200"}}, {"type": "Feature", "geometry": {"type": "Point", "coordinates": [117.226386, 31.805353]}, "properties": {"name": "联家超柿(星光荟店)", "category": "supermarket", "sub_category": "060400|060200"}}, {"type": "Feature", "geometry": {"type": "Point", "coordinates": [117.219939, 31.814671]}, "properties": {"name": "合家福生活超市(天鹅湖店)", "category": "supermarket", "sub_category": "060200|060400"}}, {"type": "Feature", "geometry": {"type": "Point", "coordinates": [117.202148, 31.847452]}, "properties": {"name": "好又多生活超市(海关路店)", "category": "supermarket", "sub_category": "060400"}}, {"type": "Feature", "geometry": {"type": "Point", "coordinates": [117.232033, 31.837378]}, "properties": {"name": "红府.生活超市(新华店)", "category": "supermarket", "sub_category": "060400"}}, {"type": "Feature", "geometry": {"type": "Point", "coordinates": [117.246325, 31.845225]}, "properties": {"name": "安德利超市(合肥摩尔广场店)", "category": "supermarket", "sub_category": "060400"}}, {"type": "Feature", "geometry": {"type": "Point", "coordinates": [117.232373, 31.828683]}, "properties": {"name": "多客隆连锁超市(潜山路店)", "category": "supermarket", "sub_category": "060400"}}, {"type": "Feature", "geometry": {"type": "Point", "coordinates": [117.245363, 31.814461]}, "properties": {"name": "好又多超市(天鹅湖店)", "category": "supermarket", "sub_category": "060400"}}, {"type": "Feature", "geometry": {"type": "Point", "coordinates": [117.213374, 31.836356]}, "properties": {"name": "生鲜传奇(博澳丽苑店)", "category": "supermarket", "sub_category": "060400"}}, {"type": "Feature", "geometry": {"type": "Point", "coordinates": [117.236726, 31.827679]}, "properties": {"name": "好再来超市(华府骏苑店)", "category": "supermarket", "sub_category": "060400"}}, {"type": "Feature", "geometry": {"type": "Point", "coordinates": [117.203386, 31.840746]}, "properties": {"name": "世纪华联生活超市(海棠湾店)", "category": "supermarket", "sub_category": "060400"}}, {"type": "Feature", "geometry": {"type": "Point", "coordinates": [117.213261, 31.835898]}, "properties": {"name": "好又多超市(博澳丽苑店)", "category": "supermarket", "sub_category": "060400"}}, {"type": "Feature", "geometry": {"type": "Point", "coordinates": [117.218214, 31.832021]}, "properties": {"name": "宜然生鲜超市", "category": "supermarket", "sub_category": "060703|060400"}}, {"type": "Feature", "geometry": {"type": "Point", "coordinates": [117.213052, 31.830667]}, "properties": {"name": "新一佳百货超市(和一花园店)", "category": "supermarket", "sub_category": "060400"}}, {"type": "Feature", "geometry": {"type": "Point", "coordinates": [117.224882, 31.847263]}, "properties": {"name": "世纪华联超市(岳枫园店)", "category": "supermarket", "sub_category": "060400"}}, {"type": "Feature", "geometry": {"type": "Point", "coordinates": [117.203763, 31.840778]}, "properties": {"name": "生鲜传奇小鲜店(蓝鼎·海棠湾店)", "category": "supermarket", "sub_category": "060400"}}, {"type": "Feature", "geometry": {"type": "Point", "coordinates": [117.225425, 31.832225]}, "properties": {"name": "一加九天徽超市", "category": "supermarket", "sub_category": "061210|060400"}}, {"type": "Feature", "geometry": {"type": "Point", "coordinates": [117.221301, 31.839658]}, "properties": {"name": "天峰百货超市(金大地1912小区店)", "category": "supermarket", "sub_category": "060400"}}, {"type": "Feature", "geometry": {"type": "Point", "coordinates": [117.235053, 31.829916]}, "properties": {"name": "万千超市(信旺·华府骏苑西区店)", "category": "supermarket", "sub_category": "060400"}}, {"type": "Feature", "geometry": {"type": "Point", "coordinates": [117.220181, 31.829226]}, "properties": {"name": "佳惠超市(翠宁雅苑店)", "category": "supermarket", "sub_category": "060200|060400"}}, {"type": "Feature", "geometry": {"type": "Point", "coordinates": [117.223515, 31.844801]}, "properties": {"name": "亿客隆百货超市(贵池路)", "category": "supermarket", "sub_category": "060400"}}, {"type": "Feature", "geometry": {"type": "Point", "coordinates": [117.21811, 31.800643]}, "properties": {"name": "颐景园超市(笔架山路店)", "category": "supermarket", "sub_category": "060400|060200"}}, {"type": "Feature", "geometry": {"type": "Point", "coordinates": [117.234928, 31.829192]}, "properties": {"name": "福来购超市(华府骏苑西)", "category": "supermarket", "sub_category": "060400|060200"}}, {"type": "Feature", "geometry": {"type": "Point", "coordinates": [117.241316, 31.848338]}, "properties": {"name": "家悦鲜生活超市", "category": "supermarket", "sub_category": "060400"}}, {"type": "Feature", "geometry": {"type": "Point", "coordinates": [117.249048, 31.844127]}, "properties": {"name": "通和烟酒超市(高价回收名酒礼品等)", "category": "supermarket", "sub_category": "060400|061200"}}, {"type": "Feature", "geometry": {"type": "Point", "coordinates": [117.22925, 31.829518]}, "properties": {"name": "世佳百货超市(华邦·光明世家店)", "category": "supermarket", "sub_category": "060400|060200"}}, {"type": "Feature", "geometry": {"type": "Point", "coordinates": [117.210617, 31.811848]}, "properties": {"name": "生鲜传奇小鲜店(龙感湖路店)", "category": "supermarket", "sub_category": "060400"}}, {"type": "Feature", "geometry": {"type": "Point", "coordinates": [117.233321, 31.831045]}, "properties": {"name": "V果超市(大唐国际购物广场店)", "category": "supermarket", "sub_category": "060400"}}, {"type": "Feature", "geometry": {"type": "Point", "coordinates": [117.211514, 31.83456]}, "properties": {"name": "好又多超市(国轩店)", "category": "supermarket", "sub_category": "060200|060400"}}, {"type": "Feature", "geometry": {"type": "Point", "coordinates": [117.246753, 31.846807]}, "properties": {"name": "启发生活超市(领势公馆店)", "category": "supermarket", "sub_category": "060400"}}, {"type": "Feature", "geometry": {"type": "Point", "coordinates": [117.235463, 31.839451]}, "properties": {"name": "华园生活超市(九华·华林家园店)", "category": "supermarket", "sub_category": "060400"}}, {"type": "Feature", "geometry": {"type": "Point", "coordinates": [117.204344, 31.828082]}, "properties": {"name": "识惠猿超市(铭盛店)", "category": "supermarket", "sub_category": "060400"}}, {"type": "Feature", "geometry": {"type": "Point", "coordinates": [117.245233, 31.805697]}, "properties": {"name": "鲜伴超市", "category": "supermarket", "sub_category": "060400"}}, {"type": "Feature", "geometry": {"type": "Point", "coordinates": [117.231117, 31.838921]}, "properties": {"name": "多福超市(潜山路店)", "category": "supermarket", "sub_category": "060400"}}, {"type": "Feature", "geometry": {"type": "Point", "coordinates": [117.221256, 31.847175]}, "properties": {"name": "合家鲜超市(大溪地店)", "category": "supermarket", "sub_category": "060400"}}, {"type": "Feature", "geometry": {"type": "Point", "coordinates": [117.24899, 31.836781]}, "properties": {"name": "芙蓉兴盛便利超市(上品家苑店)", "category": "supermarket", "sub_category": "060200|060400"}}, {"type": "Feature", "geometry": {"type": "Point", "coordinates": [117.246083, 31.842667]}, "properties": {"name": "皖垦农产品超市望湖城店(通和店)", "category": "supermarket", "sub_category": "060200|060400"}}, {"type": "Feature", "geometry": {"type": "Point", "coordinates": [117.237325, 31.830772]}, "properties": {"name": "安达烟酒超市", "category": "supermarket", "sub_category": "060400"}}, {"type": "Feature", "geometry": {"type": "Point", "coordinates": [117.229153, 31.835688]}, "properties": {"name": "好生活超市(皖河路店)", "category": "supermarket", "sub_category": "060400|060200"}}, {"type": "Feature", "geometry": {"type": "Point", "coordinates": [117.230288, 31.837634]}, "properties": {"name": "盛世名城百货超市", "category": "supermarket", "sub_category": "060400"}}, {"type": "Feature", "geometry": {"type": "Point", "coordinates": [117.223611, 31.833488]}, "properties": {"name": "世纪华联(维也纳森林花园店)", "category": "supermarket", "sub_category": "060400"}}, {"type": "Feature", "geometry": {"type": "Point", "coordinates": [117.243501, 31.800438]}, "properties": {"name": "百忠百货超市", "category": "supermarket", "sub_category": "060400"}}, {"type": "Feature", "geometry": {"type": "Point", "coordinates": [117.23459, 31.83346]}, "properties": {"name": "尚来生活超市(世纪新城店)", "category": "supermarket", "sub_category": "060400"}}, {"type": "Feature", "geometry": {"type": "Point", "coordinates": [117.245324, 31.804873]}, "properties": {"name": "福道玖超市", "category": "supermarket", "sub_category": "060400"}}, {"type": "Feature", "geometry": {"type": "Point", "coordinates": [117.202383, 31.81845]}, "properties": {"name": "上海中联超市(兴园店)", "category": "supermarket", "sub_category": "060400"}}, {"type": "Feature", "geometry": {"type": "Point", "coordinates": [117.24736, 31.845717]}, "properties": {"name": "益佳生鲜超市", "category": "supermarket", "sub_category": "060400"}}, {"type": "Feature", "geometry": {"type": "Point", "coordinates": [117.204686, 31.805866]}, "properties": {"name": "好又多超市(福满多店)", "category": "supermarket", "sub_category": "060400"}}, {"type": "Feature", "geometry": {"type": "Point", "coordinates": [117.236691, 31.848141]}, "properties": {"name": "蔬当鲜冰鲜超市(安居苑店)", "category": "supermarket", "sub_category": "060400"}}, {"type": "Feature", "geometry": {"type": "Point", "coordinates": [117.236976, 31.827272]}, "properties": {"name": "好又多超市(丁香路店)", "category": "supermarket", "sub_category": "060400"}}, {"type": "Feature", "geometry": {"type": "Point", "coordinates": [117.204316, 31.805819]}, "properties": {"name": "喜多多生活超市(太阳海岸花园店)", "category": "supermarket", "sub_category": "060400|060200"}}, {"type": "Feature", "geometry": {"type": "Point", "coordinates": [117.242327, 31.830287]}, "properties": {"name": "西柚超市(万科·金色名郡店)", "category": "supermarket", "sub_category": "060400"}}, {"type": "Feature", "geometry": {"type": "Point", "coordinates": [117.246944, 31.814474]}, "properties": {"name": "便民世纪华联超市(湖东景园店)", "category": "supermarket", "sub_category": "060400"}}, {"type": "Feature", "geometry": {"type": "Point", "coordinates": [117.228652, 31.845499]}, "properties": {"name": "永乐百货超市(汉嘉·都市森林南区店)", "category": "supermarket", "sub_category": "060400|060200"}}, {"type": "Feature", "geometry": {"type": "Point", "coordinates": [117.239055, 31.803687]}, "properties": {"name": "茂志百货超市(嘉和苑小区店)", "category": "supermarket", "sub_category": "060400"}}, {"type": "Feature", "geometry": {"type": "Point", "coordinates": [117.228375, 31.846775]}, "properties": {"name": "家乐福超市", "category": "supermarket", "sub_category": "060401"}}, {"type": "Feature", "geometry": {"type": "Point", "coordinates": [117.210575, 31.803275]}, "properties": {"name": "鲜佰悦生活超市(融科·九重锦店)", "category": "supermarket", "sub_category": "060400"}}, {"type": "Feature", "geometry": {"type": "Point", "coordinates": [117.229, 31.841565]}, "properties": {"name": "每天惠百货超市(西环中心广场6幢店)", "category": "supermarket", "sub_category": "060400"}}, {"type": "Feature", "geometry": {"type": "Point", "coordinates": [117.226186, 31.844903]}, "properties": {"name": "购福生活超市(广利花园南区店)", "category": "supermarket", "sub_category": "060400"}}, {"type": "Feature", "geometry": {"type": "Point", "coordinates": [117.243357, 31.831404]}, "properties": {"name": "工业超市", "category": "supermarket", "sub_category": "060400"}}, {"type": "Feature", "geometry": {"type": "Point", "coordinates": [117.217312, 31.822341]}, "properties": {"name": "好又多超市(水墨兰庭店)", "category": "supermarket", "sub_category": "060200|060400"}}, {"type": "Feature", "geometry": {"type": "Point", "coordinates": [117.247209, 31.808954]}, "properties": {"name": "新五一福百货超市(金祁花园店)", "category": "supermarket", "sub_category": "060400"}}, {"type": "Feature", "geometry": {"type": "Point", "coordinates": [117.23259, 31.828206]}, "properties": {"name": "德邻家特价超市", "category": "supermarket", "sub_category": "060400"}}, {"type": "Feature", "geometry": {"type": "Point", "coordinates": [117.232453, 31.830399]}, "properties": {"name": "阿巧超市(大唐国际购物广场店)", "category": "supermarket", "sub_category": "060200|060400"}}, {"type": "Feature", "geometry": {"type": "Point", "coordinates": [117.208628, 31.818248]}, "properties": {"name": "苏宁小店生鲜超市(银杏路店)", "category": "supermarket", "sub_category": "060703|060400"}}, {"type": "Feature", "geometry": {"type": "Point", "coordinates": [117.233248, 31.837754]}, "properties": {"name": "口袋巷·我家生活超市", "category": "supermarket", "sub_category": "060400"}}, {"type": "Feature", "geometry": {"type": "Point", "coordinates": [117.225396, 31.846653]}, "properties": {"name": "三号田年轮超市", "category": "supermarket", "sub_category": "060400"}}, {"type": "Feature", "geometry": {"type": "Point", "coordinates": [117.233875, 31.805775]}, "properties": {"name": "福美家生活超市(天鹅湖1号店)", "category": "supermarket", "sub_category": "060400"}}, {"type": "Feature", "geometry": {"type": "Point", "coordinates": [117.232425, 31.830425]}, "properties": {"name": "美美易购超市", "category": "supermarket", "sub_category": "060400"}}, {"type": "Feature", "geometry": {"type": "Point", "coordinates": [117.218034, 31.821183]}, "properties": {"name": "水墨兰庭超市(水墨兰庭南区店)", "category": "supermarket", "sub_category": "060400"}}, {"type": "Feature", "geometry": {"type": "Point", "coordinates": [117.227654, 31.840229]}, "properties": {"name": "物与美超市(黄山路店)", "category": "supermarket", "sub_category": "060400|060200"}}, {"type": "Feature", "geometry": {"type": "Point", "coordinates": [117.234815, 31.828432]}, "properties": {"name": "麦激力超市(合肥华府店)", "category": "supermarket", "sub_category": "060400"}}, {"type": "Feature", "geometry": {"type": "Point", "coordinates": [117.237456, 31.849299]}, "properties": {"name": "百城百惠团购超市", "category": "supermarket", "sub_category": "060400"}}, {"type": "Feature", "geometry": {"type": "Point", "coordinates": [117.227775, 31.840335]}, "properties": {"name": "大荒疆选超市", "category": "supermarket", "sub_category": "060400"}}, {"type": "Feature", "geometry": {"type": "Point", "coordinates": [117.219164, 31.826283]}, "properties": {"name": "轻松到家精品超市", "category": "supermarket", "sub_category": "060400"}}, {"type": "Feature", "geometry": {"type": "Point", "coordinates": [117.241459, 31.847298]}, "properties": {"name": "atom美精品生活超市", "category": "supermarket", "sub_category": "060400"}}, {"type": "Feature", "geometry": {"type": "Point", "coordinates": [117.242372, 31.819516]}, "properties": {"name": "原加源紫苏优选生活超市(佛子岭路店)", "category": "supermarket", "sub_category": "060400"}}, {"type": "Feature", "geometry": {"type": "Point", "coordinates": [117.248811, 31.819588]}, "properties": {"name": "有家万福超市(乐活街店)", "category": "supermarket", "sub_category": "060400"}}, {"type": "Feature", "geometry": {"type": "Point", "coordinates": [117.226875, 31.840275]}, "properties": {"name": "家祺生鲜超市", "category": "supermarket", "sub_category": "060400"}}, {"type": "Feature", "geometry": {"type": "Point", "coordinates": [117.232975, 31.833475]}, "properties": {"name": "六安市好又多超市连锁有限公司港汇广场店", "category": "supermarket", "sub_category": "060400"}}, {"type": "Feature", "geometry": {"type": "Point", "coordinates": [117.234275, 31.802875]}, "properties": {"name": "嘉宰百货超市", "category": "supermarket", "sub_category": "060400"}}, {"type": "Feature", "geometry": {"type": "Point", "coordinates": [117.230943, 31.84248]}, "properties": {"name": "清源社区超市", "category": "supermarket", "sub_category": "060200|060400"}}, {"type": "Feature", "geometry": {"type": "Point", "coordinates": [117.233713, 31.828057]}, "properties": {"name": "小柴购生活超市蜀山店", "category": "supermarket", "sub_category": "060400"}}, {"type": "Feature", "geometry": {"type": "Point", "coordinates": [117.230818, 31.836249]}, "properties": {"name": "小象超市(华亿店)", "category": "supermarket", "sub_category": "060400"}}, {"type": "Feature", "geometry": {"type": "Point", "coordinates": [117.233512, 31.816986]}, "properties": {"name": "好特卖HotMaxx(政务银泰百货店)", "category": "supermarket", "sub_category": "060400"}}, {"type": "Feature", "geometry": {"type": "Point", "coordinates": [117.22606, 31.832451]}, "properties": {"name": "好生活U品(华地公馆店)", "category": "supermarket", "sub_category": "060400"}}, {"type": "Feature", "geometry": {"type": "Point", "coordinates": [117.23841, 31.817737]}, "properties": {"name": "怡家华联", "category": "supermarket", "sub_category": "060400"}}, {"type": "Feature", "geometry": {"type": "Point", "coordinates": [117.221025, 31.819325]}, "properties": {"name": "屈臣氏", "category": "supermarket", "sub_category": "060411"}}, {"type": "Feature", "geometry": {"type": "Point", "coordinates": [117.236015, 31.830274]}, "properties": {"name": "柏奥堂烟酒茶", "category": "supermarket", "sub_category": "060400"}}, {"type": "Feature", "geometry": {"type": "Point", "coordinates": [117.225401, 31.845942]}, "properties": {"name": "团岭好物(广利花园店)", "category": "supermarket", "sub_category": "060400"}}, {"type": "Feature", "geometry": {"type": "Point", "coordinates": [117.237864, 31.831174]}, "properties": {"name": "徐永年好再来酸菜鱼(望江西路店)", "category": "supermarket", "sub_category": "060400"}}, {"type": "Feature", "geometry": {"type": "Point", "coordinates": [117.238014, 31.821667]}, "properties": {"name": "兔喜生活(绿怡居西区店)", "category": "supermarket", "sub_category": "060400"}}, {"type": "Feature", "geometry": {"type": "Point", "coordinates": [117.203244, 31.854084]}, "properties": {"name": "合家福超市(高新店)", "category": "supermarket", "sub_category": "060400"}}, {"type": "Feature", "geometry": {"type": "Point", "coordinates": [117.237319, 31.852261]}, "properties": {"name": "盒马鲜生(弘阳广场店)", "category": "supermarket", "sub_category": "060706|060400"}}, {"type": "Feature", "geometry": {"type": "Point", "coordinates": [117.234444, 31.892054]}, "properties": {"name": "永辉超市(合肥市万科广场店)", "category": "supermarket", "sub_category": "060400"}}, {"type": "Feature", "geometry": {"type": "Point", "coordinates": [117.230101, 31.861283]}, "properties": {"name": "乐城超市(潜山路店)", "category": "supermarket", "sub_category": "060400"}}, {"type": "Feature", "geometry": {"type": "Point", "coordinates": [117.242245, 31.86714]}, "properties": {"name": "联家超柿(青阳路店)", "category": "supermarket", "sub_category": "060400"}}, {"type": "Feature", "geometry": {"type": "Point", "coordinates": [117.229702, 31.853698]}, "properties": {"name": "联家超柿(天玥店)", "category": "supermarket", "sub_category": "060400"}}, {"type": "Feature", "geometry": {"type": "Point", "coordinates": [117.23245, 31.864676]}, "properties": {"name": "世纪永联潜山北路店", "category": "supermarket", "sub_category": "060400"}}, {"type": "Feature", "geometry": {"type": "Point", "coordinates": [117.208076, 31.860997]}, "properties": {"name": "联家超柿(四海店)", "category": "supermarket", "sub_category": "060400"}}, {"type": "Feature", "geometry": {"type": "Point", "coordinates": [117.234675, 31.896891]}, "properties": {"name": "万润家超市", "category": "supermarket", "sub_category": "060400"}}, {"type": "Feature", "geometry": {"type": "Point", "coordinates": [117.241975, 31.865825]}, "properties": {"name": "合家福连锁超市(龙居山庄店)", "category": "supermarket", "sub_category": "060400"}}, {"type": "Feature", "geometry": {"type": "Point", "coordinates": [117.241413, 31.857673]}, "properties": {"name": "红府超市(颐和花园店)", "category": "supermarket", "sub_category": "060400"}}, {"type": "Feature", "geometry": {"type": "Point", "coordinates": [117.208056, 31.864575]}, "properties": {"name": "合家福超市(社岗路店)", "category": "supermarket", "sub_category": "060400"}}, {"type": "Feature", "geometry": {"type": "Point", "coordinates": [117.215455, 31.865301]}, "properties": {"name": "爱心缘生活超市(中天蓝山店)", "category": "supermarket", "sub_category": "060400"}}, {"type": "Feature", "geometry": {"type": "Point", "coordinates": [117.211533, 31.858603]}, "properties": {"name": "红府超市(新文采花园店)", "category": "supermarket", "sub_category": "060400"}}, {"type": "Feature", "geometry": {"type": "Point", "coordinates": [117.226384, 31.852729]}, "properties": {"name": "日之惠(正创西景苑店)", "category": "supermarket", "sub_category": "060400"}}, {"type": "Feature", "geometry": {"type": "Point", "coordinates": [117.248704, 31.882411]}, "properties": {"name": "好又多生活超市(四里河畔店)", "category": "supermarket", "sub_category": "060400"}}, {"type": "Feature", "geometry": {"type": "Point", "coordinates": [117.240503, 31.887543]}, "properties": {"name": "谊品生鲜折扣店(森林公园店)", "category": "supermarket", "sub_category": "060703|060400"}}, {"type": "Feature", "geometry": {"type": "Point", "coordinates": [117.216157, 31.899691]}, "properties": {"name": "好又多生活超市(清源路店)", "category": "supermarket", "sub_category": "060400"}}, {"type": "Feature", "geometry": {"type": "Point", "coordinates": [117.23024, 31.862588]}, "properties": {"name": "来优品省钱超市(合肥蜀山区百花齐放商业广场店)", "category": "supermarket", "sub_category": "060400"}}, {"type": "Feature", "geometry": {"type": "Point", "coordinates": [117.241691, 31.890789]}, "properties": {"name": "汇邻生活超市", "category": "supermarket", "sub_category": "060400"}}, {"type": "Feature", "geometry": {"type": "Point", "coordinates": [117.238975, 31.866825]}, "properties": {"name": "好又多超市(龙居山庄店)", "category": "supermarket", "sub_category": "060400"}}, {"type": "Feature", "geometry": {"type": "Point", "coordinates": [117.214593, 31.899114]}, "properties": {"name": "嫩绿鲜生鲜超市(源水家园店)", "category": "supermarket", "sub_category": "060400"}}, {"type": "Feature", "geometry": {"type": "Point", "coordinates": [117.233076, 31.857299]}, "properties": {"name": "宏点超市(凤凰城家景园1期店)", "category": "supermarket", "sub_category": "060400"}}, {"type": "Feature", "geometry": {"type": "Point", "coordinates": [117.218239, 31.895146]}, "properties": {"name": "鲜悦市集生活超市(瓦埠湖路店)", "category": "supermarket", "sub_category": "060400"}}, {"type": "Feature", "geometry": {"type": "Point", "coordinates": [117.233286, 31.888863]}, "properties": {"name": "民富果业生鲜超市(万科森林城旗舰店)", "category": "supermarket", "sub_category": "060400"}}, {"type": "Feature", "geometry": {"type": "Point", "coordinates": [117.24334, 31.893098]}, "properties": {"name": "广惠园超市(紫桐9店)", "category": "supermarket", "sub_category": "060400|060200"}}, {"type": "Feature", "geometry": {"type": "Point", "coordinates": [117.222174, 31.860752]}, "properties": {"name": "亿家联众超市(印敦佳园店)", "category": "supermarket", "sub_category": "060400|060200"}}, {"type": "Feature", "geometry": {"type": "Point", "coordinates": [117.213622, 31.861739]}, "properties": {"name": "生鲜传奇小鲜店(蜀熙府店)", "category": "supermarket", "sub_category": "060400"}}, {"type": "Feature", "geometry": {"type": "Point", "coordinates": [117.243771, 31.888364]}, "properties": {"name": "吴郢锦绣超市(紫桐新村E区店)", "category": "supermarket", "sub_category": "060400|060200"}}, {"type": "Feature", "geometry": {"type": "Point", "coordinates": [117.208028, 31.867224]}, "properties": {"name": "华普超市(社岗路店)", "category": "supermarket", "sub_category": "060400|060200"}}, {"type": "Feature", "geometry": {"type": "Point", "coordinates": [117.232732, 31.865281]}, "properties": {"name": "好又多超市(新景花园店)", "category": "supermarket", "sub_category": "060400"}}, {"type": "Feature", "geometry": {"type": "Point", "coordinates": [117.23041, 31.854863]}, "properties": {"name": "景含超市(天玥中心店)", "category": "supermarket", "sub_category": "060400"}}, {"type": "Feature", "geometry": {"type": "Point", "coordinates": [117.249378, 31.873609]}, "properties": {"name": "百家乐超市(西一环路辅路店)", "category": "supermarket", "sub_category": "060400|060200"}}, {"type": "Feature", "geometry": {"type": "Point", "coordinates": [117.220075, 31.89527]}, "properties": {"name": "沛恒百货超市", "category": "supermarket", "sub_category": "060400"}}, {"type": "Feature", "geometry": {"type": "Point", "coordinates": [117.236943, 31.865721]}, "properties": {"name": "和乐生活超市(晓武店)", "category": "supermarket", "sub_category": "060200|060400"}}, {"type": "Feature", "geometry": {"type": "Point", "coordinates": [117.241287, 31.884753]}, "properties": {"name": "好又多超市(迎松路店)", "category": "supermarket", "sub_category": "060400"}}, {"type": "Feature", "geometry": {"type": "Point", "coordinates": [117.217491, 31.893016]}, "properties": {"name": "墨荷超市(兴昌·墨荷名邸店)", "category": "supermarket", "sub_category": "060400"}}, {"type": "Feature", "geometry": {"type": "Point", "coordinates": [117.235573, 31.857364]}, "properties": {"name": "普利氏超市(理想年代店)", "category": "supermarket", "sub_category": "060400"}}, {"type": "Feature", "geometry": {"type": "Point", "coordinates": [117.242103, 31.85758]}, "properties": {"name": "惠客万家超市", "category": "supermarket", "sub_category": "060400"}}, {"type": "Feature", "geometry": {"type": "Point", "coordinates": [117.206117, 31.860925]}, "properties": {"name": "兜莱购生活超市", "category": "supermarket", "sub_category": "060400"}}, {"type": "Feature", "geometry": {"type": "Point", "coordinates": [117.236535, 31.89237]}, "properties": {"name": "汇银超市(汇银广场店)", "category": "supermarket", "sub_category": "060400"}}, {"type": "Feature", "geometry": {"type": "Point", "coordinates": [117.216463, 31.858221]}, "properties": {"name": "世纪新华生活超市(西二环店)", "category": "supermarket", "sub_category": "060400"}}, {"type": "Feature", "geometry": {"type": "Point", "coordinates": [117.227341, 31.856538]}, "properties": {"name": "华夏百货超市(樊洼路店)", "category": "supermarket", "sub_category": "060400|060200"}}, {"type": "Feature", "geometry": {"type": "Point", "coordinates": [117.218774, 31.868408]}, "properties": {"name": "快乐亭超市(现名鑫悦亭超市)", "category": "supermarket", "sub_category": "060400"}}, {"type": "Feature", "geometry": {"type": "Point", "coordinates": [117.24237, 31.898973]}, "properties": {"name": "财贸超市(湖畔家园店)", "category": "supermarket", "sub_category": "060400|060200"}}, {"type": "Feature", "geometry": {"type": "Point", "coordinates": [117.241981, 31.862865]}, "properties": {"name": "世纪华联超市(颐和花园店)", "category": "supermarket", "sub_category": "060400"}}, {"type": "Feature", "geometry": {"type": "Point", "coordinates": [117.240073, 31.886449]}, "properties": {"name": "金蜗牛超市(森林·丁香苑店)", "category": "supermarket", "sub_category": "060400"}}, {"type": "Feature", "geometry": {"type": "Point", "coordinates": [117.240451, 31.894027]}, "properties": {"name": "中发超市(碧水源店)", "category": "supermarket", "sub_category": "060400|060200"}}, {"type": "Feature", "geometry": {"type": "Point", "coordinates": [117.227117, 31.892038]}, "properties": {"name": "赞佳生活超市", "category": "supermarket", "sub_category": "060400"}}, {"type": "Feature", "geometry": {"type": "Point", "coordinates": [117.208315, 31.868343]}, "properties": {"name": "宜梅乐超市", "category": "supermarket", "sub_category": "060200|060400"}}, {"type": "Feature", "geometry": {"type": "Point", "coordinates": [117.231477, 31.863047]}, "properties": {"name": "家之惠超市(龙凤嘉园二期店)", "category": "supermarket", "sub_category": "060400"}}, {"type": "Feature", "geometry": {"type": "Point", "coordinates": [117.232294, 31.864737]}, "properties": {"name": "世纪华联超市(世纪永联潜山北路店店)", "category": "supermarket", "sub_category": "060400"}}, {"type": "Feature", "geometry": {"type": "Point", "coordinates": [117.2421, 31.88914]}, "properties": {"name": "大唐生鲜超市(紫兰园店)", "category": "supermarket", "sub_category": "060400"}}, {"type": "Feature", "geometry": {"type": "Point", "coordinates": [117.233635, 31.890341]}, "properties": {"name": "赞佳生活超市(朗庭店)", "category": "supermarket", "sub_category": "060400"}}, {"type": "Feature", "geometry": {"type": "Point", "coordinates": [117.203142, 31.854342]}, "properties": {"name": "好波(高新合家福店)", "category": "supermarket", "sub_category": "061100|060400"}}, {"type": "Feature", "geometry": {"type": "Point", "coordinates": [117.248827, 31.881897]}, "properties": {"name": "国昕烟酒批发(庐阳区四里河畔小区A区店)", "category": "supermarket", "sub_category": "061210|060400"}}, {"type": "Feature", "geometry": {"type": "Point", "coordinates": [117.226767, 31.855459]}, "properties": {"name": "吉盛超市(蓝光·禹洲城店)", "category": "supermarket", "sub_category": "060400|060200"}}, {"type": "Feature", "geometry": {"type": "Point", "coordinates": [117.240634, 31.887172]}, "properties": {"name": "风顺超市(森林桂花苑店)", "category": "supermarket", "sub_category": "060400"}}, {"type": "Feature", "geometry": {"type": "Point", "coordinates": [117.236284, 31.898896]}, "properties": {"name": "快客达环球超市(万达店)", "category": "supermarket", "sub_category": "060400"}}, {"type": "Feature", "geometry": {"type": "Point", "coordinates": [117.222335, 31.852999]}, "properties": {"name": "家福乐超市(十里庙店)", "category": "supermarket", "sub_category": "060200|060400"}}, {"type": "Feature", "geometry": {"type": "Point", "coordinates": [117.236268, 31.865002]}, "properties": {"name": "品达超市(金牛路店)", "category": "supermarket", "sub_category": "060400"}}, {"type": "Feature", "geometry": {"type": "Point", "coordinates": [117.241386, 31.87312]}, "properties": {"name": "惠生活邻里超市(天一家园元祥阁店)", "category": "supermarket", "sub_category": "060400"}}, {"type": "Feature", "geometry": {"type": "Point", "coordinates": [117.211613, 31.858035]}, "properties": {"name": "七度超市", "category": "supermarket", "sub_category": "060400|060200"}}, {"type": "Feature", "geometry": {"type": "Point", "coordinates": [117.200334, 31.856758]}, "properties": {"name": "康康鲜生超市", "category": "supermarket", "sub_category": "060400"}}, {"type": "Feature", "geometry": {"type": "Point", "coordinates": [117.241973, 31.862798]}, "properties": {"name": "惠迎喜超市(青阳路店)", "category": "supermarket", "sub_category": "060400|060200"}}, {"type": "Feature", "geometry": {"type": "Point", "coordinates": [117.21266, 31.896777]}, "properties": {"name": "世纪华联超市(卫庄店)", "category": "supermarket", "sub_category": "060400"}}, {"type": "Feature", "geometry": {"type": "Point", "coordinates": [117.240935, 31.860543]}, "properties": {"name": "惠优全24h精选超市(颐和花园澜苑店)", "category": "supermarket", "sub_category": "060400"}}, {"type": "Feature", "geometry": {"type": "Point", "coordinates": [117.217792, 31.88703]}, "properties": {"name": "赞佳生活超市(国贸天成店)", "category": "supermarket", "sub_category": "060400"}}, {"type": "Feature", "geometry": {"type": "Point", "coordinates": [117.23111, 31.855994]}, "properties": {"name": "舒愉生鲜超市", "category": "supermarket", "sub_category": "060703|060400"}}, {"type": "Feature", "geometry": {"type": "Point", "coordinates": [117.23037, 31.854837]}, "properties": {"name": "天玥生活超市(天玥中心店)", "category": "supermarket", "sub_category": "060400"}}, {"type": "Feature", "geometry": {"type": "Point", "coordinates": [117.217189, 31.853848]}, "properties": {"name": "逸矾百货超市(新庄家园店)", "category": "supermarket", "sub_category": "060400"}}, {"type": "Feature", "geometry": {"type": "Point", "coordinates": [117.242075, 31.857325]}, "properties": {"name": "世纪华联超市(青阳路店)", "category": "supermarket", "sub_category": "060400"}}, {"type": "Feature", "geometry": {"type": "Point", "coordinates": [117.227025, 31.889425]}, "properties": {"name": "华联超市", "category": "supermarket", "sub_category": "060400"}}, {"type": "Feature", "geometry": {"type": "Point", "coordinates": [117.230257, 31.856116]}, "properties": {"name": "家门口超市(第六空间大都会家居凤凰城店)", "category": "supermarket", "sub_category": "060400"}}, {"type": "Feature", "geometry": {"type": "Point", "coordinates": [117.215725, 31.888975]}, "properties": {"name": "有度生活超市", "category": "supermarket", "sub_category": "060400"}}, {"type": "Feature", "geometry": {"type": "Point", "coordinates": [117.248951, 31.856605]}, "properties": {"name": "兔喜生活超市", "category": "supermarket", "sub_category": "060400"}}, {"type": "Feature", "geometry": {"type": "Point", "coordinates": [117.240429, 31.866606]}, "properties": {"name": "兔喜快递超市(高刘路店)", "category": "supermarket", "sub_category": "060400"}}, {"type": "Feature", "geometry": {"type": "Point", "coordinates": [117.200175, 31.856875]}, "properties": {"name": "兔喜生活超市", "category": "supermarket", "sub_category": "060400"}}, {"type": "Feature", "geometry": {"type": "Point", "coordinates": [117.236637, 31.851705]}, "properties": {"name": "屈臣氏(弘阳广场店)", "category": "supermarket", "sub_category": "060411"}}, {"type": "Feature", "geometry": {"type": "Point", "coordinates": [117.236914, 31.852478]}, "properties": {"name": "好特卖HotMaxx(弘阳广场店)", "category": "supermarket", "sub_category": "061100|060400"}}, {"type": "Feature", "geometry": {"type": "Point", "coordinates": [117.233887, 31.891655]}, "properties": {"name": "屈臣氏(万科广场店)", "category": "supermarket", "sub_category": "060400"}}, {"type": "Feature", "geometry": {"type": "Point", "coordinates": [117.247383, 31.877879]}, "properties": {"name": "徽客烟酒茶(万科城市之光店)", "category": "supermarket", "sub_category": "060400"}}, {"type": "Feature", "geometry": {"type": "Point", "coordinates": [117.218166, 31.856738]}, "properties": {"name": "信用堂烟酒商贸", "category": "supermarket", "sub_category": "060400|060200"}}, {"type": "Feature", "geometry": {"type": "Point", "coordinates": [117.232601, 31.900912]}, "properties": {"name": "合家福连锁超市(文一名城湖畔店)", "category": "supermarket", "sub_category": "060200|060400"}}, {"type": "Feature", "geometry": {"type": "Point", "coordinates": [117.231527, 31.902657]}, "properties": {"name": "西柚生活超市(品汇生活中心店)", "category": "supermarket", "sub_category": "060400"}}, {"type": "Feature", "geometry": {"type": "Point", "coordinates": [117.24295, 31.902378]}, "properties": {"name": "惠又福生活超市(中国铁建·国际城广园店)", "category": "supermarket", "sub_category": "060400"}}, {"type": "Feature", "geometry": {"type": "Point", "coordinates": [117.20942, 31.929545]}, "properties": {"name": "午季冰鲜(湖畔新城店)", "category": "supermarket", "sub_category": "060703|060400"}}, {"type": "Feature", "geometry": {"type": "Point", "coordinates": [117.209004, 31.928758]}, "properties": {"name": "合家悦邻里超市(湖畔新城店)", "category": "supermarket", "sub_category": "060200|060400"}}, {"type": "Feature", "geometry": {"type": "Point", "coordinates": [117.231458, 31.903873]}, "properties": {"name": "妙家生活超市(中国铁建国际城品园店)", "category": "supermarket", "sub_category": "060400|060200"}}, {"type": "Feature", "geometry": {"type": "Point", "coordinates": [117.239603, 31.902817]}, "properties": {"name": "生鲜传奇小鲜店(中国铁建·国际城德园店)", "category": "supermarket", "sub_category": "060400"}}, {"type": "Feature", "geometry": {"type": "Point", "coordinates": [117.229738, 31.901732]}, "properties": {"name": "芙蓉兴盛便利超市(四里河路店)", "category": "supermarket", "sub_category": "060200|060400"}}, {"type": "Feature", "geometry": {"type": "Point", "coordinates": [117.21077, 31.929882]}, "properties": {"name": "喜来客超市(岗西路店)", "category": "supermarket", "sub_category": "060400"}}, {"type": "Feature", "geometry": {"type": "Point", "coordinates": [117.244673, 31.903109]}, "properties": {"name": "美惠佳优选生鲜超市(中国铁建国际城广园店)", "category": "supermarket", "sub_category": "060400"}}, {"type": "Feature", "geometry": {"type": "Point", "coordinates": [117.233072, 31.900109]}, "properties": {"name": "桦惠百货超市(明发商业广场店)", "category": "supermarket", "sub_category": "060400"}}, {"type": "Feature", "geometry": {"type": "Point", "coordinates": [117.205866, 31.937374]}, "properties": {"name": "惠鑫生活超市(建材三厂生活小区店)", "category": "supermarket", "sub_category": "060400"}}, {"type": "Feature", "geometry": {"type": "Point", "coordinates": [117.229875, 31.903641]}, "properties": {"name": "暖小洋百货店", "category": "supermarket", "sub_category": "060400"}}, {"type": "Feature", "geometry": {"type": "Point", "coordinates": [117.245744, 31.997199]}, "properties": {"name": "联华超市", "category": "supermarket", "sub_category": "060400"}}, {"type": "Feature", "geometry": {"type": "Point", "coordinates": [117.249995, 31.997426]}, "properties": {"name": "永恒超市", "category": "supermarket", "sub_category": "060400"}}, {"type": "Feature", "geometry": {"type": "Point", "coordinates": [117.240277, 31.994357]}, "properties": {"name": "百乐生活超市(世纪西路店)", "category": "supermarket", "sub_category": "060400"}}, {"type": "Feature", "geometry": {"type": "Point", "coordinates": [117.242021, 31.99519]}, "properties": {"name": "超市(北城世纪城冠徽苑店)", "category": "supermarket", "sub_category": "060400"}}, {"type": "Feature", "geometry": {"type": "Point", "coordinates": [117.246811, 31.979128]}, "properties": {"name": "郑云百货超市(凤梅家园西区店)", "category": "supermarket", "sub_category": "060400"}}, {"type": "Feature", "geometry": {"type": "Point", "coordinates": [117.269702, 31.708297]}, "properties": {"name": "盒马鲜生(中海滨湖环宇天地店)", "category": "supermarket", "sub_category": "060400"}}, {"type": "Feature", "geometry": {"type": "Point", "coordinates": [117.289589, 31.743597]}, "properties": {"name": "永辉超市(合肥滨湖方圆荟店)", "category": "supermarket", "sub_category": "060400"}}, {"type": "Feature", "geometry": {"type": "Point", "coordinates": [117.282978, 31.72189]}, "properties": {"name": "联家超柿(西藏路店)", "category": "supermarket", "sub_category": "060704|060400|060200"}}, {"type": "Feature", "geometry": {"type": "Point", "coordinates": [117.280472, 31.73291]}, "properties": {"name": "合家福超市(滨湖家园店)", "category": "supermarket", "sub_category": "060400"}}, {"type": "Feature", "geometry": {"type": "Point", "coordinates": [117.288858, 31.742335]}, "properties": {"name": "合家福超市(滨湖百大购物中心店)", "category": "supermarket", "sub_category": "060400"}}, {"type": "Feature", "geometry": {"type": "Point", "coordinates": [117.278191, 31.729098]}, "properties": {"name": "红府超市(书香门第店)", "category": "supermarket", "sub_category": "060400|060200"}}, {"type": "Feature", "geometry": {"type": "Point", "coordinates": [117.266179, 31.748725]}, "properties": {"name": "合家福超市(清潭路店)", "category": "supermarket", "sub_category": "060400"}}, {"type": "Feature", "geometry": {"type": "Point", "coordinates": [117.272396, 31.709261]}, "properties": {"name": "合家福连锁超市(昆仑御店)", "category": "supermarket", "sub_category": "060400"}}, {"type": "Feature", "geometry": {"type": "Point", "coordinates": [117.296567, 31.737455]}, "properties": {"name": "合家福超市(天山大厦店)", "category": "supermarket", "sub_category": "060200|060400"}}, {"type": "Feature", "geometry": {"type": "Point", "coordinates": [117.253958, 31.729823]}, "properties": {"name": "润宜佳生活超市(卧云店)", "category": "supermarket", "sub_category": "060400"}}, {"type": "Feature", "geometry": {"type": "Point", "coordinates": [117.296675, 31.743725]}, "properties": {"name": "爱心缘超市(振徽苑店)", "category": "supermarket", "sub_category": "060200|060400"}}, {"type": "Feature", "geometry": {"type": "Point", "coordinates": [117.269089, 31.707363]}, "properties": {"name": "世纪华联超市(中海滨湖环宇天地店)", "category": "supermarket", "sub_category": "060400"}}, {"type": "Feature", "geometry": {"type": "Point", "coordinates": [117.298101, 31.713547]}, "properties": {"name": "易邻生鲜超市(中海·滨湖公馆店)", "category": "supermarket", "sub_category": "060400"}}, {"type": "Feature", "geometry": {"type": "Point", "coordinates": [117.297579, 31.74693]}, "properties": {"name": "爱心缘生活超市(徽昌苑店)", "category": "supermarket", "sub_category": "060200|060400"}}, {"type": "Feature", "geometry": {"type": "Point", "coordinates": [117.275359, 31.720378]}, "properties": {"name": "杆二爷生鲜", "category": "supermarket", "sub_category": "060400"}}, {"type": "Feature", "geometry": {"type": "Point", "coordinates": [117.260958, 31.706349]}, "properties": {"name": "易邻生鲜超市(滨湖菊园店)", "category": "supermarket", "sub_category": "060400"}}, {"type": "Feature", "geometry": {"type": "Point", "coordinates": [117.280186, 31.720083]}, "properties": {"name": "世纪华联超市(中铁·滨湖名邸店)", "category": "supermarket", "sub_category": "060400"}}, {"type": "Feature", "geometry": {"type": "Point", "coordinates": [117.291924, 31.748858]}, "properties": {"name": "联华超市(合肥广西路店)", "category": "supermarket", "sub_category": "060400"}}, {"type": "Feature", "geometry": {"type": "Point", "coordinates": [117.270114, 31.718929]}, "properties": {"name": "华联盈创超市(杭州路店)", "category": "supermarket", "sub_category": "060400"}}, {"type": "Feature", "geometry": {"type": "Point", "coordinates": [117.28787, 31.73302]}, "properties": {"name": "小柴购超市(滨湖店)", "category": "supermarket", "sub_category": "060400"}}, {"type": "Feature", "geometry": {"type": "Point", "coordinates": [117.300001, 31.743793]}, "properties": {"name": "联华超市(振徽店)", "category": "supermarket", "sub_category": "060400"}}, {"type": "Feature", "geometry": {"type": "Point", "coordinates": [117.256213, 31.72943]}, "properties": {"name": "三友平价超市", "category": "supermarket", "sub_category": "060400|060200"}}, {"type": "Feature", "geometry": {"type": "Point", "coordinates": [117.294861, 31.736782]}, "properties": {"name": "惠多多(滨湖假日商业街店)", "category": "supermarket", "sub_category": "060400"}}, {"type": "Feature", "geometry": {"type": "Point", "coordinates": [117.255279, 31.726682]}, "properties": {"name": "旺福超市(远大尚林苑店)", "category": "supermarket", "sub_category": "060400|060200"}}, {"type": "Feature", "geometry": {"type": "Point", "coordinates": [117.285141, 31.74505]}, "properties": {"name": "迎客松特产超市安徽茶园店", "category": "supermarket", "sub_category": "060400"}}, {"type": "Feature", "geometry": {"type": "Point", "coordinates": [117.287635, 31.742447]}, "properties": {"name": "冠隆超市(滨湖合肥方圆荟店)", "category": "supermarket", "sub_category": "060400|060200"}}, {"type": "Feature", "geometry": {"type": "Point", "coordinates": [117.283772, 31.744457]}, "properties": {"name": "新尚泽超市", "category": "supermarket", "sub_category": "060400"}}, {"type": "Feature", "geometry": {"type": "Point", "coordinates": [117.280519, 31.723271]}, "properties": {"name": "天徽百货超市", "category": "supermarket", "sub_category": "060400"}}, {"type": "Feature", "geometry": {"type": "Point", "coordinates": [117.298323, 31.717982]}, "properties": {"name": "顺乐鑫超市(中海·滨湖公馆店)", "category": "supermarket", "sub_category": "060400"}}, {"type": "Feature", "geometry": {"type": "Point", "coordinates": [117.255309, 31.72698]}, "properties": {"name": "好得来超市(龙幡路店)", "category": "supermarket", "sub_category": "060400|060200"}}, {"type": "Feature", "geometry": {"type": "Point", "coordinates": [117.275429, 31.720055]}, "properties": {"name": "惠邻生活超市(欣园店)", "category": "supermarket", "sub_category": "060400"}}, {"type": "Feature", "geometry": {"type": "Point", "coordinates": [117.29945, 31.739473]}, "properties": {"name": "观湖苑生活超市(蓝鼎观湖苑店)", "category": "supermarket", "sub_category": "060400"}}, {"type": "Feature", "geometry": {"type": "Point", "coordinates": [117.272096, 31.711418]}, "properties": {"name": "蔻润百货商行(云谷智慧金融城店)", "category": "supermarket", "sub_category": "060400"}}, {"type": "Feature", "geometry": {"type": "Point", "coordinates": [117.299093, 31.720881]}, "properties": {"name": "世纪华联生鲜超市(信达·公园里店)", "category": "supermarket", "sub_category": "060400"}}, {"type": "Feature", "geometry": {"type": "Point", "coordinates": [117.296613, 31.739063]}, "properties": {"name": "叠购超市(滨湖和园东门店)", "category": "supermarket", "sub_category": "060400"}}, {"type": "Feature", "geometry": {"type": "Point", "coordinates": [117.274991, 31.713675]}, "properties": {"name": "马牌超市(滨湖万科城店)", "category": "supermarket", "sub_category": "060400"}}, {"type": "Feature", "geometry": {"type": "Point", "coordinates": [117.28937, 31.700579]}, "properties": {"name": "年裕生活超市(悦湖苑店)", "category": "supermarket", "sub_category": "060400"}}, {"type": "Feature", "geometry": {"type": "Point", "coordinates": [117.280486, 31.720117]}, "properties": {"name": "老邻居超市(中铁·滨湖名邸店)", "category": "supermarket", "sub_category": "060200|060400"}}, {"type": "Feature", "geometry": {"type": "Point", "coordinates": [117.261504, 31.703239]}, "properties": {"name": "泽彤优选生活超市", "category": "supermarket", "sub_category": "060400"}}, {"type": "Feature", "geometry": {"type": "Point", "coordinates": [117.276301, 31.729386]}, "properties": {"name": "联品超市春晖园店", "category": "supermarket", "sub_category": "060400|060200"}}, {"type": "Feature", "geometry": {"type": "Point", "coordinates": [117.298994, 31.703705]}, "properties": {"name": "祥亮超市(海上五月花店)", "category": "supermarket", "sub_category": "060400"}}, {"type": "Feature", "geometry": {"type": "Point", "coordinates": [117.261074, 31.707431]}, "properties": {"name": "汇盟源超市(大理路店)", "category": "supermarket", "sub_category": "060400"}}, {"type": "Feature", "geometry": {"type": "Point", "coordinates": [117.252307, 31.729884]}, "properties": {"name": "龙韵超市(香江龙韵豪庭店)", "category": "supermarket", "sub_category": "060200|060400"}}, {"type": "Feature", "geometry": {"type": "Point", "coordinates": [117.273354, 31.704856]}, "properties": {"name": "家嘉生活超市", "category": "supermarket", "sub_category": "060400"}}, {"type": "Feature", "geometry": {"type": "Point", "coordinates": [117.297886, 31.70308]}, "properties": {"name": "君自莱超市(保利·海上五月花C区店)", "category": "supermarket", "sub_category": "060400|060200"}}, {"type": "Feature", "geometry": {"type": "Point", "coordinates": [117.277404, 31.748633]}, "properties": {"name": "佰利超市(烟墩店)", "category": "supermarket", "sub_category": "060400|060200"}}, {"type": "Feature", "geometry": {"type": "Point", "coordinates": [117.25178, 31.726791]}, "properties": {"name": "晨果超市(远大·尚林苑店)", "category": "supermarket", "sub_category": "060400"}}, {"type": "Feature", "geometry": {"type": "Point", "coordinates": [117.271902, 31.747459]}, "properties": {"name": "之心源生活超市(御景前城店)", "category": "supermarket", "sub_category": "060400"}}, {"type": "Feature", "geometry": {"type": "Point", "coordinates": [117.298675, 31.700084]}, "properties": {"name": "万府超市(滨湖万达店)", "category": "supermarket", "sub_category": "060400"}}, {"type": "Feature", "geometry": {"type": "Point", "coordinates": [117.291372, 31.748133]}, "properties": {"name": "家家乐超市(琼林苑店)", "category": "supermarket", "sub_category": "060400|060200"}}, {"type": "Feature", "geometry": {"type": "Point", "coordinates": [117.256901, 31.729173]}, "properties": {"name": "洪亚生活超市(卧云菜市场店)", "category": "supermarket", "sub_category": "060400"}}, {"type": "Feature", "geometry": {"type": "Point", "coordinates": [117.282022, 31.744963]}, "properties": {"name": "百乐汇烟酒超市(皖浔大厦店)", "category": "supermarket", "sub_category": "061210|060400"}}, {"type": "Feature", "geometry": {"type": "Point", "coordinates": [117.260275, 31.724575]}, "properties": {"name": "合家福连锁超市(安徽审计学院店)", "category": "supermarket", "sub_category": "060400"}}, {"type": "Feature", "geometry": {"type": "Point", "coordinates": [117.289548, 31.700328]}, "properties": {"name": "来优品省钱超市(合肥包河区悦湖苑店)", "category": "supermarket", "sub_category": "060200|060400"}}, {"type": "Feature", "geometry": {"type": "Point", "coordinates": [117.299578, 31.738066]}, "properties": {"name": "来优品省钱超市", "category": "supermarket", "sub_category": "060400"}}, {"type": "Feature", "geometry": {"type": "Point", "coordinates": [117.273358, 31.713717]}, "properties": {"name": "嘉客超市(万科城店)", "category": "supermarket", "sub_category": "060400"}}, {"type": "Feature", "geometry": {"type": "Point", "coordinates": [117.260415, 31.710443]}, "properties": {"name": "杰哥超市(滨湖竹园店)", "category": "supermarket", "sub_category": "060400"}}, {"type": "Feature", "geometry": {"type": "Point", "coordinates": [117.272584, 31.708892]}, "properties": {"name": "拾客精品超市(滨湖店)", "category": "supermarket", "sub_category": "060400"}}, {"type": "Feature", "geometry": {"type": "Point", "coordinates": [117.276663, 31.731856]}, "properties": {"name": "王岗超市(家园店)", "category": "supermarket", "sub_category": "060200|060400"}}, {"type": "Feature", "geometry": {"type": "Point", "coordinates": [117.299393, 31.746906]}, "properties": {"name": "满又多超市(福满多店)", "category": "supermarket", "sub_category": "060200|060400"}}, {"type": "Feature", "geometry": {"type": "Point", "coordinates": [117.275319, 31.729686]}, "properties": {"name": "世纪华联超市(春晖园店)", "category": "supermarket", "sub_category": "060400"}}, {"type": "Feature", "geometry": {"type": "Point", "coordinates": [117.27939, 31.732947]}, "properties": {"name": "百佳平价超市(滨湖家园店)", "category": "supermarket", "sub_category": "060400|060200"}}, {"type": "Feature", "geometry": {"type": "Point", "coordinates": [117.295717, 31.739703]}, "properties": {"name": "客德来日用品百货商行(滨湖和园店)", "category": "supermarket", "sub_category": "060400"}}, {"type": "Feature", "geometry": {"type": "Point", "coordinates": [117.270128, 31.747672]}, "properties": {"name": "佳佰惠超市(滨湖前城店)", "category": "supermarket", "sub_category": "060400"}}, {"type": "Feature", "geometry": {"type": "Point", "coordinates": [117.287975, 31.733375]}, "properties": {"name": "全好佳超市", "category": "supermarket", "sub_category": "060200|060400"}}, {"type": "Feature", "geometry": {"type": "Point", "coordinates": [117.269763, 31.742367]}, "properties": {"name": "宏涛超市(观澜华庭店)", "category": "supermarket", "sub_category": "060400"}}, {"type": "Feature", "geometry": {"type": "Point", "coordinates": [117.28992, 31.700168]}, "properties": {"name": "菀购仓储超市(滨湖店)", "category": "supermarket", "sub_category": "060400"}}, {"type": "Feature", "geometry": {"type": "Point", "coordinates": [117.299524, 31.700405]}, "properties": {"name": "杭商华联超市", "category": "supermarket", "sub_category": "060400"}}, {"type": "Feature", "geometry": {"type": "Point", "coordinates": [117.283347, 31.746588]}, "properties": {"name": "520超市(万泉河路店)", "category": "supermarket", "sub_category": "060400|060200"}}, {"type": "Feature", "geometry": {"type": "Point", "coordinates": [117.295775, 31.704775]}, "properties": {"name": "保莉生活超市", "category": "supermarket", "sub_category": "060400"}}, {"type": "Feature", "geometry": {"type": "Point", "coordinates": [117.291899, 31.748934]}, "properties": {"name": "赵姐菜园生鲜超市", "category": "supermarket", "sub_category": "060400"}}, {"type": "Feature", "geometry": {"type": "Point", "coordinates": [117.274825, 31.716925]}, "properties": {"name": "汇优鲜生鲜超市", "category": "supermarket", "sub_category": "060400"}}, {"type": "Feature", "geometry": {"type": "Point", "coordinates": [117.298014, 31.737434]}, "properties": {"name": "赵姐农菜园生鲜超市", "category": "supermarket", "sub_category": "060400"}}, {"type": "Feature", "geometry": {"type": "Point", "coordinates": [117.296675, 31.734025]}, "properties": {"name": "菜篮子盛超市", "category": "supermarket", "sub_category": "060400"}}, {"type": "Feature", "geometry": {"type": "Point", "coordinates": [117.263925, 31.704275]}, "properties": {"name": "祥悦生活超市", "category": "supermarket", "sub_category": "060400"}}, {"type": "Feature", "geometry": {"type": "Point", "coordinates": [117.297262, 31.736671]}, "properties": {"name": "双好百货超市", "category": "supermarket", "sub_category": "060400"}}, {"type": "Feature", "geometry": {"type": "Point", "coordinates": [117.294825, 31.718525]}, "properties": {"name": "快购喵优选超市(包河店)", "category": "supermarket", "sub_category": "060200|060400"}}, {"type": "Feature", "geometry": {"type": "Point", "coordinates": [117.298114, 31.744352]}, "properties": {"name": "邻里超市", "category": "supermarket", "sub_category": "060400"}}, {"type": "Feature", "geometry": {"type": "Point", "coordinates": [117.290025, 31.740025]}, "properties": {"name": "屈臣氏官方旗舰店(包河世纪金源店)", "category": "supermarket", "sub_category": "060400"}}, {"type": "Feature", "geometry": {"type": "Point", "coordinates": [117.289413, 31.742683]}, "properties": {"name": "屈臣氏(方圆荟店)", "category": "supermarket", "sub_category": "060411"}}, {"type": "Feature", "geometry": {"type": "Point", "coordinates": [117.280395, 31.722418]}, "properties": {"name": "鸾庄进口食品(旭辉御府店)", "category": "supermarket", "sub_category": "060400"}}, {"type": "Feature", "geometry": {"type": "Point", "coordinates": [117.294725, 31.749925]}, "properties": {"name": "草峪生鲜超市(暂停营业)", "category": "supermarket", "sub_category": "060400"}}, {"type": "Feature", "geometry": {"type": "Point", "coordinates": [117.298206, 31.736623]}, "properties": {"name": "金寨农家食材", "category": "supermarket", "sub_category": "060400"}}, {"type": "Feature", "geometry": {"type": "Point", "coordinates": [117.259657, 31.754594]}, "properties": {"name": "润宜佳超市(海恒·金屿海岸店)", "category": "supermarket", "sub_category": "060400"}}, {"type": "Feature", "geometry": {"type": "Point", "coordinates": [117.260444, 31.776806]}, "properties": {"name": "日之惠超市(海恒店)", "category": "supermarket", "sub_category": "060400|060200"}}, {"type": "Feature", "geometry": {"type": "Point", "coordinates": [117.264768, 31.778367]}, "properties": {"name": "好年华超市(福禄南园西)", "category": "supermarket", "sub_category": "060400"}}, {"type": "Feature", "geometry": {"type": "Point", "coordinates": [117.265708, 31.778608]}, "properties": {"name": "多福生活超市(海恒店)", "category": "supermarket", "sub_category": "060400|060200"}}, {"type": "Feature", "geometry": {"type": "Point", "coordinates": [117.253922, 31.771091]}, "properties": {"name": "来优品省钱超市(便客东华广场店)", "category": "supermarket", "sub_category": "060400"}}, {"type": "Feature", "geometry": {"type": "Point", "coordinates": [117.270358, 31.791909]}, "properties": {"name": "万象超市(公园万象一期店)", "category": "supermarket", "sub_category": "060400"}}, {"type": "Feature", "geometry": {"type": "Point", "coordinates": [117.263195, 31.780231]}, "properties": {"name": "南客生活超市(加侨乐湖公馆店)", "category": "supermarket", "sub_category": "060400"}}, {"type": "Feature", "geometry": {"type": "Point", "coordinates": [117.264627, 31.771097]}, "properties": {"name": "好柿多生活(南湖春城店)", "category": "supermarket", "sub_category": "060400"}}, {"type": "Feature", "geometry": {"type": "Point", "coordinates": [117.268304, 31.788528]}, "properties": {"name": "天然居生活超市(华冶·天然居店)", "category": "supermarket", "sub_category": "060400"}}, {"type": "Feature", "geometry": {"type": "Point", "coordinates": [117.264934, 31.77461]}, "properties": {"name": "合肥经济开发区惠美生活超市(中国福利彩票)", "category": "supermarket", "sub_category": "060400"}}, {"type": "Feature", "geometry": {"type": "Point", "coordinates": [117.263566, 31.785804]}, "properties": {"name": "品易购生活超市(建业·时光原著店)", "category": "supermarket", "sub_category": "060400"}}, {"type": "Feature", "geometry": {"type": "Point", "coordinates": [117.254422, 31.754139]}, "properties": {"name": "易家乐生活超市(青年城1号店)", "category": "supermarket", "sub_category": "060400"}}, {"type": "Feature", "geometry": {"type": "Point", "coordinates": [117.250974, 31.755163]}, "properties": {"name": "阳歌超市(合肥大学店)", "category": "supermarket", "sub_category": "060400"}}, {"type": "Feature", "geometry": {"type": "Point", "coordinates": [117.265224, 31.788001]}, "properties": {"name": "新宜佳生活超市(皖投万科产融中心云城店)", "category": "supermarket", "sub_category": "060400"}}, {"type": "Feature", "geometry": {"type": "Point", "coordinates": [117.252954, 31.755999]}, "properties": {"name": "万口福生活超市", "category": "supermarket", "sub_category": "060200|060400"}}, {"type": "Feature", "geometry": {"type": "Point", "coordinates": [117.265947, 31.769648]}, "properties": {"name": "家福乐超市(海恒街店)", "category": "supermarket", "sub_category": "060200|060400"}}, {"type": "Feature", "geometry": {"type": "Point", "coordinates": [117.251682, 31.755507]}, "properties": {"name": "联华优选超市", "category": "supermarket", "sub_category": "060400"}}, {"type": "Feature", "geometry": {"type": "Point", "coordinates": [117.285352, 31.77918]}, "properties": {"name": "柿柿发生活超市(美丹家园店)", "category": "supermarket", "sub_category": "060400"}}, {"type": "Feature", "geometry": {"type": "Point", "coordinates": [117.285269, 31.779405]}, "properties": {"name": "许金保超市(美丹家园2期店)", "category": "supermarket", "sub_category": "060400"}}, {"type": "Feature", "geometry": {"type": "Point", "coordinates": [117.254116, 31.754101]}, "properties": {"name": "青年城生活超市(合肥大学)", "category": "supermarket", "sub_category": "060400"}}, {"type": "Feature", "geometry": {"type": "Point", "coordinates": [117.289608, 31.77204]}, "properties": {"name": "悠品超市", "category": "supermarket", "sub_category": "060200|060400"}}, {"type": "Feature", "geometry": {"type": "Point", "coordinates": [117.286793, 31.758052]}, "properties": {"name": "王华超市(徽州大道店)", "category": "supermarket", "sub_category": "060400"}}, {"type": "Feature", "geometry": {"type": "Point", "coordinates": [117.274104, 31.767588]}, "properties": {"name": "民悦超市", "category": "supermarket", "sub_category": "060400"}}, {"type": "Feature", "geometry": {"type": "Point", "coordinates": [117.264725, 31.771125]}, "properties": {"name": "好林多超市", "category": "supermarket", "sub_category": "060200|060400"}}, {"type": "Feature", "geometry": {"type": "Point", "coordinates": [117.272075, 31.779125]}, "properties": {"name": "淘货虎精品超市(南艳湖店)", "category": "supermarket", "sub_category": "060400"}}, {"type": "Feature", "geometry": {"type": "Point", "coordinates": [117.287507, 31.812176]}, "properties": {"name": "麦德龙(合肥包河商场)", "category": "supermarket", "sub_category": "060406"}}, {"type": "Feature", "geometry": {"type": "Point", "coordinates": [117.271802, 31.844682]}, "properties": {"name": "乐城超市旗舰店", "category": "supermarket", "sub_category": "060400|060200"}}, {"type": "Feature", "geometry": {"type": "Point", "coordinates": [117.268228, 31.813682]}, "properties": {"name": "大润发(大融城店)", "category": "supermarket", "sub_category": "060400"}}, {"type": "Feature", "geometry": {"type": "Point", "coordinates": [117.284475, 31.833025]}, "properties": {"name": "华润苏果(恒生·阳光城店)", "category": "supermarket", "sub_category": "060400"}}, {"type": "Feature", "geometry": {"type": "Point", "coordinates": [117.273398, 31.837031]}, "properties": {"name": "合家福超市(南园店)", "category": "supermarket", "sub_category": "060400"}}, {"type": "Feature", "geometry": {"type": "Point", "coordinates": [117.26378, 31.845885]}, "properties": {"name": "合家福超市(绩溪路店)", "category": "supermarket", "sub_category": "060400"}}, {"type": "Feature", "geometry": {"type": "Point", "coordinates": [117.287718, 31.839158]}, "properties": {"name": "合家福超市(九华山路店)", "category": "supermarket", "sub_category": "060400"}}, {"type": "Feature", "geometry": {"type": "Point", "coordinates": [117.264284, 31.828793]}, "properties": {"name": "合家福超市(南七店)", "category": "supermarket", "sub_category": "060400"}}, {"type": "Feature", "geometry": {"type": "Point", "coordinates": [117.284759, 31.818789]}, "properties": {"name": "安德利超市", "category": "supermarket", "sub_category": "060400"}}, {"type": "Feature", "geometry": {"type": "Point", "coordinates": [117.279971, 31.833904]}, "properties": {"name": "合家福超市(新里程花园店)", "category": "supermarket", "sub_category": "060400"}}, {"type": "Feature", "geometry": {"type": "Point", "coordinates": [117.28393, 31.847964]}, "properties": {"name": "红府超市南一环店", "category": "supermarket", "sub_category": "060400"}}, {"type": "Feature", "geometry": {"type": "Point", "coordinates": [117.284934, 31.821828]}, "properties": {"name": "合家福超市(银杏巷建银大厦店)", "category": "supermarket", "sub_category": "060400"}}, {"type": "Feature", "geometry": {"type": "Point", "coordinates": [117.296271, 31.812647]}, "properties": {"name": "鲜小诺生活超市(望湖城店)", "category": "supermarket", "sub_category": "060400"}}, {"type": "Feature", "geometry": {"type": "Point", "coordinates": [117.259741, 31.843812]}, "properties": {"name": "红府超市(安大东门店)", "category": "supermarket", "sub_category": "060400"}}, {"type": "Feature", "geometry": {"type": "Point", "coordinates": [117.281392, 31.835541]}, "properties": {"name": "谊品生鲜生活超市(桐城路店)", "category": "supermarket", "sub_category": "060703|060200|060400"}}, {"type": "Feature", "geometry": {"type": "Point", "coordinates": [117.265269, 31.829007]}, "properties": {"name": "好旺旺生活超市(百大商业大厦店)", "category": "supermarket", "sub_category": "060400"}}, {"type": "Feature", "geometry": {"type": "Point", "coordinates": [117.260117, 31.839318]}, "properties": {"name": "桂太太生活超市", "category": "supermarket", "sub_category": "060400"}}, {"type": "Feature", "geometry": {"type": "Point", "coordinates": [117.269641, 31.805353]}, "properties": {"name": "西柚生活超市(宿松路店)", "category": "supermarket", "sub_category": "060400"}}, {"type": "Feature", "geometry": {"type": "Point", "coordinates": [117.284886, 31.841734]}, "properties": {"name": "可乐生活超市(黄山路店)", "category": "supermarket", "sub_category": "060400|060200"}}, {"type": "Feature", "geometry": {"type": "Point", "coordinates": [117.260163, 31.839716]}, "properties": {"name": "百分百超市(肥西路店)", "category": "supermarket", "sub_category": "060200|060400"}}, {"type": "Feature", "geometry": {"type": "Point", "coordinates": [117.256959, 31.823862]}, "properties": {"name": "西柚生活超市(康馨名家店)", "category": "supermarket", "sub_category": "060400"}}, {"type": "Feature", "geometry": {"type": "Point", "coordinates": [117.297052, 31.833509]}, "properties": {"name": "绿阳苑超市(斛兵塘路店)", "category": "supermarket", "sub_category": "060400|060200"}}, {"type": "Feature", "geometry": {"type": "Point", "coordinates": [117.296259, 31.822431]}, "properties": {"name": "品盛乐go社区连锁超市(水阳江路店)", "category": "supermarket", "sub_category": "060400"}}, {"type": "Feature", "geometry": {"type": "Point", "coordinates": [117.255614, 31.80102]}, "properties": {"name": "好又多超市(星澜湾店)", "category": "supermarket", "sub_category": "060400"}}, {"type": "Feature", "geometry": {"type": "Point", "coordinates": [117.252386, 31.819158]}, "properties": {"name": "若邻生鲜超市(安粮城市广场店)", "category": "supermarket", "sub_category": "060703|060400"}}, {"type": "Feature", "geometry": {"type": "Point", "coordinates": [117.2917, 31.835795]}, "properties": {"name": "美优烟酒超市", "category": "supermarket", "sub_category": "060704|060400"}}, {"type": "Feature", "geometry": {"type": "Point", "coordinates": [117.26802, 31.845495]}, "properties": {"name": "新春超市(金溪苑店)", "category": "supermarket", "sub_category": "060400|060200"}}, {"type": "Feature", "geometry": {"type": "Point", "coordinates": [117.285875, 31.838875]}, "properties": {"name": "苹果生活生鲜超市", "category": "supermarket", "sub_category": "060400"}}, {"type": "Feature", "geometry": {"type": "Point", "coordinates": [117.251127, 31.811016]}, "properties": {"name": "上海中联超市(姚公庙店)", "category": "supermarket", "sub_category": "060200|060400"}}, {"type": "Feature", "geometry": {"type": "Point", "coordinates": [117.27678, 31.84085]}, "properties": {"name": "曙光路四巷客的超市", "category": "supermarket", "sub_category": "060400|060200"}}, {"type": "Feature", "geometry": {"type": "Point", "coordinates": [117.283725, 31.803025]}, "properties": {"name": "乡村华联连锁烟火超市(梅兰店)", "category": "supermarket", "sub_category": "060400"}}, {"type": "Feature", "geometry": {"type": "Point", "coordinates": [117.289489, 31.809348]}, "properties": {"name": "暖暖超市(大摩华尔街生活广场店)", "category": "supermarket", "sub_category": "050700|060400"}}, {"type": "Feature", "geometry": {"type": "Point", "coordinates": [117.295262, 31.849421]}, "properties": {"name": "优购哆生活超市(包河店)", "category": "supermarket", "sub_category": "060400"}}, {"type": "Feature", "geometry": {"type": "Point", "coordinates": [117.292423, 31.834811]}, "properties": {"name": "家家福超市(青年小区店)", "category": "supermarket", "sub_category": "060400|060200"}}, {"type": "Feature", "geometry": {"type": "Point", "coordinates": [117.284469, 31.831339]}, "properties": {"name": "AA百货超市(合肥中心店)", "category": "supermarket", "sub_category": "060400"}}, {"type": "Feature", "geometry": {"type": "Point", "coordinates": [117.264858, 31.817128]}, "properties": {"name": "星链生活超市(琥珀新天地西苑店)", "category": "supermarket", "sub_category": "060400"}}, {"type": "Feature", "geometry": {"type": "Point", "coordinates": [117.266393, 31.8409]}, "properties": {"name": "金辉超市(黄金广场店)", "category": "supermarket", "sub_category": "060400|060200"}}, {"type": "Feature", "geometry": {"type": "Point", "coordinates": [117.289843, 31.817523]}, "properties": {"name": "宜邻生活超市", "category": "supermarket", "sub_category": "060400"}}, {"type": "Feature", "geometry": {"type": "Point", "coordinates": [117.284995, 31.841202]}, "properties": {"name": "海波超市(东陈岗支巷)", "category": "supermarket", "sub_category": "060400|060200"}}, {"type": "Feature", "geometry": {"type": "Point", "coordinates": [117.264855, 31.845345]}, "properties": {"name": "悦鑫生活超市(绩溪路店)", "category": "supermarket", "sub_category": "060400"}}, {"type": "Feature", "geometry": {"type": "Point", "coordinates": [117.28843, 31.83943]}, "properties": {"name": "漫达烟酒超市", "category": "supermarket", "sub_category": "061210|060400"}}, {"type": "Feature", "geometry": {"type": "Point", "coordinates": [117.272487, 31.828273]}, "properties": {"name": "名优名品超市(天地行综合楼店)", "category": "supermarket", "sub_category": "060400|060200"}}, {"type": "Feature", "geometry": {"type": "Point", "coordinates": [117.256601, 31.8477]}, "properties": {"name": "教育超市(安徽大学龙河校区店)", "category": "supermarket", "sub_category": "060400|060200"}}, {"type": "Feature", "geometry": {"type": "Point", "coordinates": [117.298325, 31.827575]}, "properties": {"name": "创智超市", "category": "supermarket", "sub_category": "060400|060200"}}, {"type": "Feature", "geometry": {"type": "Point", "coordinates": [117.297863, 31.839282]}, "properties": {"name": "大别山超市(九华山路店)", "category": "supermarket", "sub_category": "060400"}}, {"type": "Feature", "geometry": {"type": "Point", "coordinates": [117.285526, 31.846947]}, "properties": {"name": "维欢生鲜百货超市", "category": "supermarket", "sub_category": "060400"}}, {"type": "Feature", "geometry": {"type": "Point", "coordinates": [117.29757, 31.812381]}, "properties": {"name": "国辉超市(望湖北路店)", "category": "supermarket", "sub_category": "060400"}}, {"type": "Feature", "geometry": {"type": "Point", "coordinates": [117.26844, 31.810613]}, "properties": {"name": "布袋猴生活超市(绿地中心店)", "category": "supermarket", "sub_category": "060400"}}, {"type": "Feature", "geometry": {"type": "Point", "coordinates": [117.284997, 31.824132]}, "properties": {"name": "福满家超市(徽州大道店)", "category": "supermarket", "sub_category": "060400|060200"}}, {"type": "Feature", "geometry": {"type": "Point", "coordinates": [117.296986, 31.835925]}, "properties": {"name": "世纪华联生活超市(阳光店)", "category": "supermarket", "sub_category": "060400"}}, {"type": "Feature", "geometry": {"type": "Point", "coordinates": [117.275352, 31.838576]}, "properties": {"name": "怡家华联(金安花园店)", "category": "supermarket", "sub_category": "060200|060400"}}, {"type": "Feature", "geometry": {"type": "Point", "coordinates": [117.274311, 31.836351]}, "properties": {"name": "辉腾超市(联盟店)", "category": "supermarket", "sub_category": "060400"}}, {"type": "Feature", "geometry": {"type": "Point", "coordinates": [117.295254, 31.849575]}, "properties": {"name": "千家万选生活超市(新艺苑小区店)", "category": "supermarket", "sub_category": "060400"}}, {"type": "Feature", "geometry": {"type": "Point", "coordinates": [117.250298, 31.830452]}, "properties": {"name": "福来临超市(三店)", "category": "supermarket", "sub_category": "060200|060400"}}, {"type": "Feature", "geometry": {"type": "Point", "coordinates": [117.278488, 31.815509]}, "properties": {"name": "桐诺超市(凌美苑店)", "category": "supermarket", "sub_category": "060400"}}, {"type": "Feature", "geometry": {"type": "Point", "coordinates": [117.268655, 31.823428]}, "properties": {"name": "利购联华(五号院店)", "category": "supermarket", "sub_category": "060400"}}, {"type": "Feature", "geometry": {"type": "Point", "coordinates": [117.280762, 31.834542]}, "properties": {"name": "晨阳生活超市(江南·新里程店)", "category": "supermarket", "sub_category": "060400"}}, {"type": "Feature", "geometry": {"type": "Point", "coordinates": [117.261815, 31.804296]}, "properties": {"name": "利购联华超市御公馆店", "category": "supermarket", "sub_category": "060400"}}, {"type": "Feature", "geometry": {"type": "Point", "coordinates": [117.25956, 31.834314]}, "properties": {"name": "天悦来超市(合肥店)", "category": "supermarket", "sub_category": "060400"}}, {"type": "Feature", "geometry": {"type": "Point", "coordinates": [117.298489, 31.832948]}, "properties": {"name": "华家福超市(太湖路店)", "category": "supermarket", "sub_category": "060400"}}, {"type": "Feature", "geometry": {"type": "Point", "coordinates": [117.287357, 31.821612]}, "properties": {"name": "合肥市南苑超市(银杏苑棕榈林店)", "category": "supermarket", "sub_category": "061210|060400"}}, {"type": "Feature", "geometry": {"type": "Point", "coordinates": [117.267207, 31.841464]}, "properties": {"name": "科联超市", "category": "supermarket", "sub_category": "060400|060200"}}, {"type": "Feature", "geometry": {"type": "Point", "coordinates": [117.253605, 31.818426]}, "properties": {"name": "开元烟酒商贸(唯品会合肥蜀山城市奥莱店)", "category": "supermarket", "sub_category": "061210|060200|060400"}}, {"type": "Feature", "geometry": {"type": "Point", "coordinates": [117.275493, 31.844351]}, "properties": {"name": "可乐鲜生活超市绩溪路", "category": "supermarket", "sub_category": "060400"}}, {"type": "Feature", "geometry": {"type": "Point", "coordinates": [117.275027, 31.828065]}, "properties": {"name": "张甄甄百货超市(手表厂小区店)", "category": "supermarket", "sub_category": "060400"}}, {"type": "Feature", "geometry": {"type": "Point", "coordinates": [117.277825, 31.813525]}, "properties": {"name": "美玉佳生鲜超市", "category": "supermarket", "sub_category": "060400|060703"}}, {"type": "Feature", "geometry": {"type": "Point", "coordinates": [117.256727, 31.820226]}, "properties": {"name": "囍品汇精品超市(安粮城市广场店)", "category": "supermarket", "sub_category": "060400"}}, {"type": "Feature", "geometry": {"type": "Point", "coordinates": [117.250083, 31.849002]}, "properties": {"name": "惠满多超市(合作化南路店)", "category": "supermarket", "sub_category": "060400"}}, {"type": "Feature", "geometry": {"type": "Point", "coordinates": [117.298242, 31.818798]}, "properties": {"name": "左然超市(和瑞华府·祥泰园店)", "category": "supermarket", "sub_category": "060400"}}, {"type": "Feature", "geometry": {"type": "Point", "coordinates": [117.274844, 31.8368]}, "properties": {"name": "紫檀门生活超市(金安花园店)", "category": "supermarket", "sub_category": "060400"}}, {"type": "Feature", "geometry": {"type": "Point", "coordinates": [117.288108, 31.836033]}, "properties": {"name": "惠美悠选超市(宝利丰广场智慧公馆店)", "category": "supermarket", "sub_category": "060400"}}, {"type": "Feature", "geometry": {"type": "Point", "coordinates": [117.272075, 31.806025]}, "properties": {"name": "紫竹烟酒茶超市(紫竹苑店)", "category": "supermarket", "sub_category": "060400"}}, {"type": "Feature", "geometry": {"type": "Point", "coordinates": [117.259264, 31.830228]}, "properties": {"name": "忻宇百货超市(合力生鲜店)", "category": "supermarket", "sub_category": "060400"}}, {"type": "Feature", "geometry": {"type": "Point", "coordinates": [117.299399, 31.824673]}, "properties": {"name": "优哆荟生活超市(置地·瑞玺2期店)", "category": "supermarket", "sub_category": "060400"}}, {"type": "Feature", "geometry": {"type": "Point", "coordinates": [117.294951, 31.832266]}, "properties": {"name": "合肥比那多超市包河店(警民小区店)", "category": "supermarket", "sub_category": "060400"}}, {"type": "Feature", "geometry": {"type": "Point", "coordinates": [117.299836, 31.824316]}, "properties": {"name": "全好佳超市包河店", "category": "supermarket", "sub_category": "060400"}}, {"type": "Feature", "geometry": {"type": "Point", "coordinates": [117.283495, 31.839124]}, "properties": {"name": "来客生活超市", "category": "supermarket", "sub_category": "060400"}}, {"type": "Feature", "geometry": {"type": "Point", "coordinates": [117.270936, 31.84537]}, "properties": {"name": "合肥供销超市(康园大厦店)", "category": "supermarket", "sub_category": "060400|060200"}}, {"type": "Feature", "geometry": {"type": "Point", "coordinates": [117.289125, 31.839825]}, "properties": {"name": "乐购达超市(包河店)", "category": "supermarket", "sub_category": "060400"}}, {"type": "Feature", "geometry": {"type": "Point", "coordinates": [117.264075, 31.827101]}, "properties": {"name": "小宅生活超市", "category": "supermarket", "sub_category": "060400"}}, {"type": "Feature", "geometry": {"type": "Point", "coordinates": [117.296575, 31.822275]}, "properties": {"name": "百分百生活超市", "category": "supermarket", "sub_category": "060400"}}, {"type": "Feature", "geometry": {"type": "Point", "coordinates": [117.284607, 31.84109]}, "properties": {"name": "阿莲超市(东陈岗支巷店)", "category": "supermarket", "sub_category": "060400"}}, {"type": "Feature", "geometry": {"type": "Point", "coordinates": [117.278202, 31.820351]}, "properties": {"name": "科花大满冠生鲜超市", "category": "supermarket", "sub_category": "060400"}}, {"type": "Feature", "geometry": {"type": "Point", "coordinates": [117.297003, 31.835924]}, "properties": {"name": "阳光华联精品生活超市世纪阳光店", "category": "supermarket", "sub_category": "060400"}}, {"type": "Feature", "geometry": {"type": "Point", "coordinates": [117.293759, 31.810897]}, "properties": {"name": "金旺湖生活超市", "category": "supermarket", "sub_category": "060400"}}, {"type": "Feature", "geometry": {"type": "Point", "coordinates": [117.250391, 31.836766]}, "properties": {"name": "快客达·环球超市(合肥蜀山店)", "category": "supermarket", "sub_category": "060200|060400"}}, {"type": "Feature", "geometry": {"type": "Point", "coordinates": [117.297289, 31.826672]}, "properties": {"name": "荣友超市(交通巷店)", "category": "supermarket", "sub_category": "060400"}}, {"type": "Feature", "geometry": {"type": "Point", "coordinates": [117.270492, 31.826849]}, "properties": {"name": "南苑二店(烟酒店)", "category": "supermarket", "sub_category": "060400"}}, {"type": "Feature", "geometry": {"type": "Point", "coordinates": [117.283361, 31.832495]}, "properties": {"name": "全民优生活", "category": "supermarket", "sub_category": "060400"}}, {"type": "Feature", "geometry": {"type": "Point", "coordinates": [117.275833, 31.84765]}, "properties": {"name": "烟酒茶超市(南一环路店)", "category": "supermarket", "sub_category": "060400"}}, {"type": "Feature", "geometry": {"type": "Point", "coordinates": [117.277775, 31.846625]}, "properties": {"name": "浙佳商贸超市(兰亭公寓店)", "category": "supermarket", "sub_category": "060400"}}, {"type": "Feature", "geometry": {"type": "Point", "coordinates": [117.265339, 31.845869]}, "properties": {"name": "三宝百货(绩溪路店)", "category": "supermarket", "sub_category": "060400|060200"}}, {"type": "Feature", "geometry": {"type": "Point", "coordinates": [117.288125, 31.836125]}, "properties": {"name": "精品惠购超市", "category": "supermarket", "sub_category": "060400"}}, {"type": "Feature", "geometry": {"type": "Point", "coordinates": [117.294575, 31.826475]}, "properties": {"name": "润栢家生活超市", "category": "supermarket", "sub_category": "060400"}}, {"type": "Feature", "geometry": {"type": "Point", "coordinates": [117.254414, 31.807856]}, "properties": {"name": "世纪华联超市(姚公路店)", "category": "supermarket", "sub_category": "060400"}}, {"type": "Feature", "geometry": {"type": "Point", "coordinates": [117.284475, 31.831325]}, "properties": {"name": "公里购·精品超市", "category": "supermarket", "sub_category": "060400"}}, {"type": "Feature", "geometry": {"type": "Point", "coordinates": [117.297141, 31.81235]}, "properties": {"name": "柿柿发生鲜超市(望湖店)", "category": "supermarket", "sub_category": "060703|060400"}}, {"type": "Feature", "geometry": {"type": "Point", "coordinates": [117.299586, 31.815184]}, "properties": {"name": "徽购教育超市(电气工程职业技术学院店)", "category": "supermarket", "sub_category": "060400"}}, {"type": "Feature", "geometry": {"type": "Point", "coordinates": [117.273406, 31.837925]}, "properties": {"name": "美满多超市(宿松路店)", "category": "supermarket", "sub_category": "060200|060400"}}, {"type": "Feature", "geometry": {"type": "Point", "coordinates": [117.275857, 31.840966]}, "properties": {"name": "锦惠旺生鲜超市(曙光路菜市场雨筠店)", "category": "supermarket", "sub_category": "060400"}}, {"type": "Feature", "geometry": {"type": "Point", "coordinates": [117.254461, 31.834015]}, "properties": {"name": "利购联华(五里华庭店)", "category": "supermarket", "sub_category": "060400"}}, {"type": "Feature", "geometry": {"type": "Point", "coordinates": [117.261575, 31.837275]}, "properties": {"name": "好又多超市", "category": "supermarket", "sub_category": "060400"}}, {"type": "Feature", "geometry": {"type": "Point", "coordinates": [117.289225, 31.839825]}, "properties": {"name": "惠邻百佳超市(大宁缤购商业广场店)", "category": "supermarket", "sub_category": "060400|060200"}}, {"type": "Feature", "geometry": {"type": "Point", "coordinates": [117.276925, 31.827425]}, "properties": {"name": "汇家超市", "category": "supermarket", "sub_category": "060200|060400"}}, {"type": "Feature", "geometry": {"type": "Point", "coordinates": [117.288348, 31.839453]}, "properties": {"name": "平价超市", "category": "supermarket", "sub_category": "060400"}}, {"type": "Feature", "geometry": {"type": "Point", "coordinates": [117.284034, 31.827914]}, "properties": {"name": "紫苏原加源生活优选超市望江路店", "category": "supermarket", "sub_category": "060400"}}, {"type": "Feature", "geometry": {"type": "Point", "coordinates": [117.274725, 31.837875]}, "properties": {"name": "合肥市包河区瀚金佰超市", "category": "supermarket", "sub_category": "060400|060200"}}, {"type": "Feature", "geometry": {"type": "Point", "coordinates": [117.284725, 31.831325]}, "properties": {"name": "陶公生活超市(云滨花园店)", "category": "supermarket", "sub_category": "060400"}}, {"type": "Feature", "geometry": {"type": "Point", "coordinates": [117.280269, 31.804481]}, "properties": {"name": "世纪华联超市(淝南家园店)", "category": "supermarket", "sub_category": "060400"}}, {"type": "Feature", "geometry": {"type": "Point", "coordinates": [117.267327, 31.828736]}, "properties": {"name": "荣誉超市", "category": "supermarket", "sub_category": "060400"}}, {"type": "Feature", "geometry": {"type": "Point", "coordinates": [117.290873, 31.839801]}, "properties": {"name": "乐亿万千大型超市(大宁缤购商业广场店)(暂停营业)", "category": "supermarket", "sub_category": "060400"}}, {"type": "Feature", "geometry": {"type": "Point", "coordinates": [117.286125, 31.835725]}, "properties": {"name": "屈臣氏(漫乐城购物中心店)", "category": "supermarket", "sub_category": "060411"}}, {"type": "Feature", "geometry": {"type": "Point", "coordinates": [117.267616, 31.813481]}, "properties": {"name": "屈臣氏(合肥绿地大融城店)", "category": "supermarket", "sub_category": "060411"}}, {"type": "Feature", "geometry": {"type": "Point", "coordinates": [117.28112, 31.838722]}, "properties": {"name": "茂仁名品烟酒(景色家园店)", "category": "supermarket", "sub_category": "061210|060200|060400"}}, {"type": "Feature", "geometry": {"type": "Point", "coordinates": [117.2718, 31.806089]}, "properties": {"name": "联众购物中心(紫竹苑店)", "category": "supermarket", "sub_category": "060400"}}, {"type": "Feature", "geometry": {"type": "Point", "coordinates": [117.265142, 31.816805]}, "properties": {"name": "金樽名品汇(琥珀新天地东苑店)", "category": "supermarket", "sub_category": "061210|060400"}}, {"type": "Feature", "geometry": {"type": "Point", "coordinates": [117.286815, 31.808861]}, "properties": {"name": "京东MALL(合肥包河店)(装修中)", "category": "supermarket", "sub_category": "060400"}}, {"type": "Feature", "geometry": {"type": "Point", "coordinates": [117.255925, 31.829225]}, "properties": {"name": "屈臣氏", "category": "supermarket", "sub_category": "060411"}}, {"type": "Feature", "geometry": {"type": "Point", "coordinates": [117.250641, 31.829512]}, "properties": {"name": "盒马工坊", "category": "supermarket", "sub_category": "060400"}}, {"type": "Feature", "geometry": {"type": "Point", "coordinates": [117.268864, 31.809984]}, "properties": {"name": "佳购达精品优选(金汇店)", "category": "supermarket", "sub_category": "060400"}}, {"type": "Feature", "geometry": {"type": "Point", "coordinates": [117.275425, 31.835875]}, "properties": {"name": "新鲜家园(南园店)", "category": "supermarket", "sub_category": "060400"}}, {"type": "Feature", "geometry": {"type": "Point", "coordinates": [117.273815, 31.805515]}, "properties": {"name": "都市联辉", "category": "supermarket", "sub_category": "060400"}}, {"type": "Feature", "geometry": {"type": "Point", "coordinates": [117.279642, 31.878416]}, "properties": {"name": "盒马鲜生(世纪中心店)", "category": "supermarket", "sub_category": "060400"}}, {"type": "Feature", "geometry": {"type": "Point", "coordinates": [117.285452, 31.893678]}, "properties": {"name": "大润发(庐阳店)", "category": "supermarket", "sub_category": "060400"}}, {"type": "Feature", "geometry": {"type": "Point", "coordinates": [117.251304, 31.871018]}, "properties": {"name": "大润发(清溪店)", "category": "supermarket", "sub_category": "060400"}}, {"type": "Feature", "geometry": {"type": "Point", "coordinates": [117.256238, 31.853179]}, "properties": {"name": "盒马鲜生(国购广场店)", "category": "supermarket", "sub_category": "060706|060400"}}, {"type": "Feature", "geometry": {"type": "Point", "coordinates": [117.28031, 31.875117]}, "properties": {"name": "合家福超市(沿河路店)", "category": "supermarket", "sub_category": "060400"}}, {"type": "Feature", "geometry": {"type": "Point", "coordinates": [117.287768, 31.862868]}, "properties": {"name": "合家福超市(四牌楼店)", "category": "supermarket", "sub_category": "060703|060400"}}, {"type": "Feature", "geometry": {"type": "Point", "coordinates": [117.258857, 31.887168]}, "properties": {"name": "永辉超市(合肥Bravo华润万象汇店)", "category": "supermarket", "sub_category": "060400"}}, {"type": "Feature", "geometry": {"type": "Point", "coordinates": [117.289548, 31.859385]}, "properties": {"name": "红府超市(商之都店)", "category": "supermarket", "sub_category": "060400|060200"}}, {"type": "Feature", "geometry": {"type": "Point", "coordinates": [117.264661, 31.858612]}, "properties": {"name": "红府超市二里街店", "category": "supermarket", "sub_category": "060400|060200"}}, {"type": "Feature", "geometry": {"type": "Point", "coordinates": [117.284118, 31.884598]}, "properties": {"name": "日之惠(合瓦路店)", "category": "supermarket", "sub_category": "060400|060200"}}, {"type": "Feature", "geometry": {"type": "Point", "coordinates": [117.265402, 31.877172]}, "properties": {"name": "红府超市(亳州城店)", "category": "supermarket", "sub_category": "060400"}}, {"type": "Feature", "geometry": {"type": "Point", "coordinates": [117.288188, 31.874804]}, "properties": {"name": "红府超市(阜阳路桥店)", "category": "supermarket", "sub_category": "060400|060200"}}, {"type": "Feature", "geometry": {"type": "Point", "coordinates": [117.292775, 31.860401]}, "properties": {"name": "合家福生鲜超市", "category": "supermarket", "sub_category": "060400"}}, {"type": "Feature", "geometry": {"type": "Point", "coordinates": [117.292256, 31.889646]}, "properties": {"name": "润宜佳生活超市(元一名城店)", "category": "supermarket", "sub_category": "060405|060200"}}, {"type": "Feature", "geometry": {"type": "Point", "coordinates": [117.263463, 31.866294]}, "properties": {"name": "合家福超市(琥珀山庄店)", "category": "supermarket", "sub_category": "060400"}}, {"type": "Feature", "geometry": {"type": "Point", "coordinates": [117.269783, 31.893846]}, "properties": {"name": "润宜佳生活超市(海棠店)", "category": "supermarket", "sub_category": "060400"}}, {"type": "Feature", "geometry": {"type": "Point", "coordinates": [117.287858, 31.857589]}, "properties": {"name": "润宜佳生活超市(庐江路)", "category": "supermarket", "sub_category": "060400"}}, {"type": "Feature", "geometry": {"type": "Point", "coordinates": [117.286616, 31.868654]}, "properties": {"name": "百大合家福(百花井店)", "category": "supermarket", "sub_category": "060200|060400"}}, {"type": "Feature", "geometry": {"type": "Point", "coordinates": [117.2763, 31.893982]}, "properties": {"name": "悦邻客超市(海棠店)", "category": "supermarket", "sub_category": "060400|060200"}}, {"type": "Feature", "geometry": {"type": "Point", "coordinates": [117.255633, 31.870629]}, "properties": {"name": "合家福超市(国轩苑店)", "category": "supermarket", "sub_category": "060400"}}, {"type": "Feature", "geometry": {"type": "Point", "coordinates": [117.280708, 31.877902]}, "properties": {"name": "盒马邻里(白一巷店)", "category": "supermarket", "sub_category": "060400"}}, {"type": "Feature", "geometry": {"type": "Point", "coordinates": [117.265328, 31.869241]}, "properties": {"name": "满天星睦邻超市(琥珀店)", "category": "supermarket", "sub_category": "060400"}}, {"type": "Feature", "geometry": {"type": "Point", "coordinates": [117.289563, 31.858403]}, "properties": {"name": "好又多超市省医店", "category": "supermarket", "sub_category": "060400"}}, {"type": "Feature", "geometry": {"type": "Point", "coordinates": [117.292218, 31.876354]}, "properties": {"name": "义乌小商品百货超市(商驿联)", "category": "supermarket", "sub_category": "060400"}}, {"type": "Feature", "geometry": {"type": "Point", "coordinates": [117.271495, 31.894461]}, "properties": {"name": "菜篮子生鲜超市", "category": "supermarket", "sub_category": "060400"}}, {"type": "Feature", "geometry": {"type": "Point", "coordinates": [117.274544, 31.859978]}, "properties": {"name": "美宜佳(光明新村店)", "category": "supermarket", "sub_category": "060400"}}, {"type": "Feature", "geometry": {"type": "Point", "coordinates": [117.277873, 31.868391]}, "properties": {"name": "世纪联华优鲜超市(蒙城路店)", "category": "supermarket", "sub_category": "060400"}}, {"type": "Feature", "geometry": {"type": "Point", "coordinates": [117.281765, 31.86322]}, "properties": {"name": "喜小乐生活超市(圣园大厦店)", "category": "supermarket", "sub_category": "060400"}}, {"type": "Feature", "geometry": {"type": "Point", "coordinates": [117.299973, 31.873993]}, "properties": {"name": "欧家乐超市(恒大中央广场店)", "category": "supermarket", "sub_category": "060400"}}, {"type": "Feature", "geometry": {"type": "Point", "coordinates": [117.259369, 31.884272]}, "properties": {"name": "都市联华生活超市(畅园新村店)", "category": "supermarket", "sub_category": "060400"}}, {"type": "Feature", "geometry": {"type": "Point", "coordinates": [117.294699, 31.860705]}, "properties": {"name": "合肥喜洋洋生活超市(红星路店)", "category": "supermarket", "sub_category": "060400|060200"}}, {"type": "Feature", "geometry": {"type": "Point", "coordinates": [117.292416, 31.886037]}, "properties": {"name": "好又多生活超市(嘉山路店)", "category": "supermarket", "sub_category": "060400"}}, {"type": "Feature", "geometry": {"type": "Point", "coordinates": [117.265258, 31.879984]}, "properties": {"name": "乐亿万千超市(界首路店)", "category": "supermarket", "sub_category": "060400"}}, {"type": "Feature", "geometry": {"type": "Point", "coordinates": [117.272172, 31.884115]}, "properties": {"name": "谊品生鲜生活超市(颍上路店)", "category": "supermarket", "sub_category": "060703|060400"}}, {"type": "Feature", "geometry": {"type": "Point", "coordinates": [117.265095, 31.897387]}, "properties": {"name": "客云生活超市(京福花园·嘉兰苑店)", "category": "supermarket", "sub_category": "060400"}}, {"type": "Feature", "geometry": {"type": "Point", "coordinates": [117.292828, 31.864583]}, "properties": {"name": "银河超市(海亚大世界店)", "category": "supermarket", "sub_category": "060400"}}, {"type": "Feature", "geometry": {"type": "Point", "coordinates": [117.289662, 31.867714]}, "properties": {"name": "立业超市(宿州路店)", "category": "supermarket", "sub_category": "060400|060200"}}, {"type": "Feature", "geometry": {"type": "Point", "coordinates": [117.290235, 31.86112]}, "properties": {"name": "糖兜烟酒(梨花巷店)", "category": "supermarket", "sub_category": "060400"}}, {"type": "Feature", "geometry": {"type": "Point", "coordinates": [117.293949, 31.863395]}, "properties": {"name": "利购联华便利店", "category": "supermarket", "sub_category": "060400"}}, {"type": "Feature", "geometry": {"type": "Point", "coordinates": [117.288063, 31.895386]}, "properties": {"name": "静宁超市", "category": "supermarket", "sub_category": "060400|060200"}}, {"type": "Feature", "geometry": {"type": "Point", "coordinates": [117.259075, 31.889625]}, "properties": {"name": "好易购", "category": "supermarket", "sub_category": "060200|060400"}}, {"type": "Feature", "geometry": {"type": "Point", "coordinates": [117.286011, 31.876625]}, "properties": {"name": "佰联超市(土地局宿舍店)", "category": "supermarket", "sub_category": "060400"}}, {"type": "Feature", "geometry": {"type": "Point", "coordinates": [117.266424, 31.864193]}, "properties": {"name": "好朋友社区店(琥珀店)", "category": "supermarket", "sub_category": "060703|060200|060400"}}, {"type": "Feature", "geometry": {"type": "Point", "coordinates": [117.295242, 31.893055]}, "properties": {"name": "乐果家园生活超市(利港·银河新城店)", "category": "supermarket", "sub_category": "060704|060400"}}, {"type": "Feature", "geometry": {"type": "Point", "coordinates": [117.281902, 31.850916]}, "properties": {"name": "可乐生活超市(桐城路店)", "category": "supermarket", "sub_category": "060400"}}, {"type": "Feature", "geometry": {"type": "Point", "coordinates": [117.281919, 31.894635]}, "properties": {"name": "好又多超市(固镇路店)", "category": "supermarket", "sub_category": "060400"}}, {"type": "Feature", "geometry": {"type": "Point", "coordinates": [117.285396, 31.850057]}, "properties": {"name": "茂华超市(徽州大道店)", "category": "supermarket", "sub_category": "060400"}}, {"type": "Feature", "geometry": {"type": "Point", "coordinates": [117.28173, 31.88772]}, "properties": {"name": "儒商百货(小百货宿舍店)", "category": "supermarket", "sub_category": "060200|060400"}}, {"type": "Feature", "geometry": {"type": "Point", "coordinates": [117.255865, 31.874209]}, "properties": {"name": "水晶苑超市", "category": "supermarket", "sub_category": "060200|060400"}}, {"type": "Feature", "geometry": {"type": "Point", "coordinates": [117.266141, 31.880085]}, "properties": {"name": "齐家生活超市(祥源翡丽城店)", "category": "supermarket", "sub_category": "060400|060200"}}, {"type": "Feature", "geometry": {"type": "Point", "coordinates": [117.292074, 31.883576]}, "properties": {"name": "百城生活超市(嘉山路店)", "category": "supermarket", "sub_category": "060400"}}, {"type": "Feature", "geometry": {"type": "Point", "coordinates": [117.291953, 31.854599]}, "properties": {"name": "转角生活超市(少年宫恢复楼店)", "category": "supermarket", "sub_category": "060400"}}, {"type": "Feature", "geometry": {"type": "Point", "coordinates": [117.287684, 31.8864]}, "properties": {"name": "满意超市(阜阳北路店)", "category": "supermarket", "sub_category": "061210|060200|060400"}}, {"type": "Feature", "geometry": {"type": "Point", "coordinates": [117.255144, 31.886915]}, "properties": {"name": "迪购超市(合肥朗峰店)", "category": "supermarket", "sub_category": "060400"}}, {"type": "Feature", "geometry": {"type": "Point", "coordinates": [117.254739, 31.88739]}, "properties": {"name": "拾客精品超市(朗峰中心店)", "category": "supermarket", "sub_category": "060400"}}, {"type": "Feature", "geometry": {"type": "Point", "coordinates": [117.267415, 31.85044]}, "properties": {"name": "苏宁超市(石油勘探小区店)", "category": "supermarket", "sub_category": "060400"}}, {"type": "Feature", "geometry": {"type": "Point", "coordinates": [117.259647, 31.883229]}, "properties": {"name": "小蜜蜂超市(亳州路店)", "category": "supermarket", "sub_category": "060400"}}, {"type": "Feature", "geometry": {"type": "Point", "coordinates": [117.280598, 31.860161]}, "properties": {"name": "天佑超市(桐城路店)", "category": "supermarket", "sub_category": "060400"}}, {"type": "Feature", "geometry": {"type": "Point", "coordinates": [117.26228, 31.856677]}, "properties": {"name": "菲佳凡百货超市(安徽农业大学第一生活区店)", "category": "supermarket", "sub_category": "060400"}}, {"type": "Feature", "geometry": {"type": "Point", "coordinates": [117.261482, 31.872176]}, "properties": {"name": "柠檬生活超市(长丰路店)", "category": "supermarket", "sub_category": "060400"}}, {"type": "Feature", "geometry": {"type": "Point", "coordinates": [117.291315, 31.850429]}, "properties": {"name": "九狮惠民连锁超市(宁国路店)", "category": "supermarket", "sub_category": "060400|060200"}}, {"type": "Feature", "geometry": {"type": "Point", "coordinates": [117.267218, 31.883682]}, "properties": {"name": "后强生鲜超市(幸福人家店)", "category": "supermarket", "sub_category": "060400"}}, {"type": "Feature", "geometry": {"type": "Point", "coordinates": [117.280435, 31.877686]}, "properties": {"name": "隆客多超市(世纪中心店)", "category": "supermarket", "sub_category": "060400"}}, {"type": "Feature", "geometry": {"type": "Point", "coordinates": [117.289577, 31.877654]}, "properties": {"name": "日不落超市(百合园分店)", "category": "supermarket", "sub_category": "060400|060200"}}, {"type": "Feature", "geometry": {"type": "Point", "coordinates": [117.27524, 31.860111]}, "properties": {"name": "男人街超市", "category": "supermarket", "sub_category": "060400|060200"}}, {"type": "Feature", "geometry": {"type": "Point", "coordinates": [117.260609, 31.863729]}, "properties": {"name": "乐优超市(合肥蜀山区)", "category": "supermarket", "sub_category": "060200|060400"}}, {"type": "Feature", "geometry": {"type": "Point", "coordinates": [117.147731, 31.710482]}, "properties": {"name": "肥西县上派镇乐平路小学", "category": "school_primary", "sub_category": "141203"}}, {"type": "Feature", "geometry": {"type": "Point", "coordinates": [117.276315, 31.880618]}, "properties": {"name": "领惠生活超市(金域蓝湾店)", "category": "supermarket", "sub_category": "060400"}}, {"type": "Feature", "geometry": {"type": "Point", "coordinates": [117.282646, 31.866152]}, "properties": {"name": "异彩生活超市(金都楼店)", "category": "supermarket", "sub_category": "060400"}}, {"type": "Feature", "geometry": {"type": "Point", "coordinates": [117.286774, 31.892933]}, "properties": {"name": "雅苑超市(阜阳路店)", "category": "supermarket", "sub_category": "060200|060400"}}, {"type": "Feature", "geometry": {"type": "Point", "coordinates": [117.291644, 31.89112]}, "properties": {"name": "家家乐超市(元一名城店)", "category": "supermarket", "sub_category": "060400"}}, {"type": "Feature", "geometry": {"type": "Point", "coordinates": [117.253814, 31.871494]}, "properties": {"name": "大润发60店", "category": "supermarket", "sub_category": "060400"}}, {"type": "Feature", "geometry": {"type": "Point", "coordinates": [117.265987, 31.890737]}, "properties": {"name": "美之仑超市(美仑豪庭店)", "category": "supermarket", "sub_category": "060200|060400"}}, {"type": "Feature", "geometry": {"type": "Point", "coordinates": [117.275914, 31.880603]}, "properties": {"name": "世纪华联超市(金域蓝湾店)", "category": "supermarket", "sub_category": "060400"}}, {"type": "Feature", "geometry": {"type": "Point", "coordinates": [117.29657, 31.863783]}, "properties": {"name": "束记优粤汇超市", "category": "supermarket", "sub_category": "060400"}}, {"type": "Feature", "geometry": {"type": "Point", "coordinates": [117.287879, 31.885198]}, "properties": {"name": "艳达烟酒茶超市(阜阳路店)", "category": "supermarket", "sub_category": "060200|060400"}}, {"type": "Feature", "geometry": {"type": "Point", "coordinates": [117.291602, 31.887817]}, "properties": {"name": "好宜多超市(元一名城店)", "category": "supermarket", "sub_category": "060400"}}, {"type": "Feature", "geometry": {"type": "Point", "coordinates": [117.278739, 31.864052]}, "properties": {"name": "快赣特价超市(庐阳店)", "category": "supermarket", "sub_category": "060400"}}, {"type": "Feature", "geometry": {"type": "Point", "coordinates": [117.279247, 31.89054]}, "properties": {"name": "牧兰山团购超市(合肥海棠店)", "category": "supermarket", "sub_category": "060400"}}, {"type": "Feature", "geometry": {"type": "Point", "coordinates": [117.291822, 31.876416]}, "properties": {"name": "合福苑超市", "category": "supermarket", "sub_category": "060400"}}, {"type": "Feature", "geometry": {"type": "Point", "coordinates": [117.29476, 31.889984]}, "properties": {"name": "胜来鲜超市(鸿兴苑店)", "category": "supermarket", "sub_category": "060400"}}, {"type": "Feature", "geometry": {"type": "Point", "coordinates": [117.280346, 31.879073]}, "properties": {"name": "归德百货超市(世纪中心店)", "category": "supermarket", "sub_category": "060400"}}, {"type": "Feature", "geometry": {"type": "Point", "coordinates": [117.290012, 31.859017]}, "properties": {"name": "欣都超市(商之都店)", "category": "supermarket", "sub_category": "060400"}}, {"type": "Feature", "geometry": {"type": "Point", "coordinates": [117.286137, 31.896804]}, "properties": {"name": "佳佳洁连锁超市(源祥广场店)", "category": "supermarket", "sub_category": "060200|060400"}}, {"type": "Feature", "geometry": {"type": "Point", "coordinates": [117.296406, 31.880935]}, "properties": {"name": "优品生活超市(蓝光时代红街店)", "category": "supermarket", "sub_category": "060400"}}, {"type": "Feature", "geometry": {"type": "Point", "coordinates": [117.286758, 31.871779]}, "properties": {"name": "众品领购(政通大厦店)", "category": "supermarket", "sub_category": "060200|060400"}}, {"type": "Feature", "geometry": {"type": "Point", "coordinates": [117.279999, 31.894852]}, "properties": {"name": "芙蓉兴盛便利超市(固镇路店)", "category": "supermarket", "sub_category": "060200|060400"}}, {"type": "Feature", "geometry": {"type": "Point", "coordinates": [117.275422, 31.894047]}, "properties": {"name": "杨鲜生精品超市(君尚金谷园店)", "category": "supermarket", "sub_category": "060400"}}, {"type": "Feature", "geometry": {"type": "Point", "coordinates": [117.28627, 31.889455]}, "properties": {"name": "泽波百货超市", "category": "supermarket", "sub_category": "060400"}}, {"type": "Feature", "geometry": {"type": "Point", "coordinates": [117.284945, 31.879137]}, "properties": {"name": "鸣购便利超市", "category": "supermarket", "sub_category": "060400|060200"}}, {"type": "Feature", "geometry": {"type": "Point", "coordinates": [117.284597, 31.886152]}, "properties": {"name": "芙蓉兴盛便利超市(钢铁新村店)", "category": "supermarket", "sub_category": "060400|060200"}}, {"type": "Feature", "geometry": {"type": "Point", "coordinates": [117.278729, 31.860558]}, "properties": {"name": "柒加壹生活超市(七桂塘店)", "category": "supermarket", "sub_category": "060400"}}, {"type": "Feature", "geometry": {"type": "Point", "coordinates": [117.265018, 31.888301]}, "properties": {"name": "好来购超市(凤淮路店)", "category": "supermarket", "sub_category": "060200|060400"}}, {"type": "Feature", "geometry": {"type": "Point", "coordinates": [117.261671, 31.854439]}, "properties": {"name": "张璇百货超市(安徽中医药大学生活区店)", "category": "supermarket", "sub_category": "060400"}}, {"type": "Feature", "geometry": {"type": "Point", "coordinates": [117.269579, 31.894341]}, "properties": {"name": "美浩生活超市(海棠别院北区店)", "category": "supermarket", "sub_category": "060400"}}, {"type": "Feature", "geometry": {"type": "Point", "coordinates": [117.261497, 31.854488]}, "properties": {"name": "念尚生活超市梅山路店(安徽中医药大学生活区店)", "category": "supermarket", "sub_category": "060400"}}, {"type": "Feature", "geometry": {"type": "Point", "coordinates": [117.29242, 31.875697]}, "properties": {"name": "利购联华便利店(融侨观邸店)", "category": "supermarket", "sub_category": "060400"}}, {"type": "Feature", "geometry": {"type": "Point", "coordinates": [117.293701, 31.854887]}, "properties": {"name": "仟佰亿超市", "category": "supermarket", "sub_category": "060400|060200"}}, {"type": "Feature", "geometry": {"type": "Point", "coordinates": [117.292217, 31.881912]}, "properties": {"name": "世纪华联超市(嘉山路店)", "category": "supermarket", "sub_category": "060400"}}, {"type": "Feature", "geometry": {"type": "Point", "coordinates": [117.289785, 31.863446]}, "properties": {"name": "公务通超市(宏图大厦店)", "category": "supermarket", "sub_category": "060400"}}, {"type": "Feature", "geometry": {"type": "Point", "coordinates": [117.288106, 31.88174]}, "properties": {"name": "花季超市(金山名苑店)", "category": "supermarket", "sub_category": "060400"}}, {"type": "Feature", "geometry": {"type": "Point", "coordinates": [117.254539, 31.883037]}, "properties": {"name": "林姐超市(晨欣园店)", "category": "supermarket", "sub_category": "060400|060200"}}, {"type": "Feature", "geometry": {"type": "Point", "coordinates": [117.276223, 31.867225]}, "properties": {"name": "华联生活超市", "category": "supermarket", "sub_category": "060400"}}, {"type": "Feature", "geometry": {"type": "Point", "coordinates": [117.296382, 31.881404]}, "properties": {"name": "沃家惠生活超市(蓝光时代红街店)", "category": "supermarket", "sub_category": "060400"}}, {"type": "Feature", "geometry": {"type": "Point", "coordinates": [117.262519, 31.852549]}, "properties": {"name": "满园春百货超市梅山路店", "category": "supermarket", "sub_category": "060400|060200"}}, {"type": "Feature", "geometry": {"type": "Point", "coordinates": [117.266232, 31.882573]}, "properties": {"name": "栢优乐(界首路店)", "category": "supermarket", "sub_category": "060400"}}, {"type": "Feature", "geometry": {"type": "Point", "coordinates": [117.292278, 31.889533]}, "properties": {"name": "华联生活超市(嘉山路)", "category": "supermarket", "sub_category": "060405"}}, {"type": "Feature", "geometry": {"type": "Point", "coordinates": [117.266884, 31.877047]}, "properties": {"name": "快乐购生活超市(亳州路店)", "category": "supermarket", "sub_category": "060400"}}, {"type": "Feature", "geometry": {"type": "Point", "coordinates": [117.260664, 31.889225]}, "properties": {"name": "宇名超市(橡树湾2期店)", "category": "supermarket", "sub_category": "060400"}}, {"type": "Feature", "geometry": {"type": "Point", "coordinates": [117.263514, 31.891011]}, "properties": {"name": "杭商华联", "category": "supermarket", "sub_category": "060400"}}, {"type": "Feature", "geometry": {"type": "Point", "coordinates": [117.296323, 31.892872]}, "properties": {"name": "升华贸易商行(利港·银河新城店)", "category": "supermarket", "sub_category": "061210|060400"}}, {"type": "Feature", "geometry": {"type": "Point", "coordinates": [117.29605, 31.890066]}, "properties": {"name": "侯小鲜生活超市(临桥苑店)", "category": "supermarket", "sub_category": "060400"}}, {"type": "Feature", "geometry": {"type": "Point", "coordinates": [117.287976, 31.870136]}, "properties": {"name": "中宏优品智慧生活超市", "category": "supermarket", "sub_category": "060400"}}, {"type": "Feature", "geometry": {"type": "Point", "coordinates": [117.281459, 31.880591]}, "properties": {"name": "醉三秋百宇邦超市", "category": "supermarket", "sub_category": "060400"}}, {"type": "Feature", "geometry": {"type": "Point", "coordinates": [117.284507, 31.886888]}, "properties": {"name": "优慧生鲜", "category": "supermarket", "sub_category": "060400"}}, {"type": "Feature", "geometry": {"type": "Point", "coordinates": [117.288268, 31.876949]}, "properties": {"name": "航凡超市", "category": "supermarket", "sub_category": "060400|060200"}}, {"type": "Feature", "geometry": {"type": "Point", "coordinates": [117.283777, 31.88725]}, "properties": {"name": "琴录超市(长城安居小区店)", "category": "supermarket", "sub_category": "060200|060400"}}, {"type": "Feature", "geometry": {"type": "Point", "coordinates": [117.271087, 31.888529]}, "properties": {"name": "永久百货超市(颍上路店)", "category": "supermarket", "sub_category": "060704|060200|060400"}}, {"type": "Feature", "geometry": {"type": "Point", "coordinates": [117.253675, 31.857675]}, "properties": {"name": "聚优购生活超市(三里庵店)", "category": "supermarket", "sub_category": "060400"}}, {"type": "Feature", "geometry": {"type": "Point", "coordinates": [117.295548, 31.897393]}, "properties": {"name": "桂轩生鲜超市(龙兴苑B区店)", "category": "supermarket", "sub_category": "060703|060400"}}, {"type": "Feature", "geometry": {"type": "Point", "coordinates": [117.289194, 31.869421]}, "properties": {"name": "梦倩烟酒超市", "category": "supermarket", "sub_category": "060400|060200"}}, {"type": "Feature", "geometry": {"type": "Point", "coordinates": [117.263475, 31.889825]}, "properties": {"name": "万家生活线上超市", "category": "supermarket", "sub_category": "060400"}}, {"type": "Feature", "geometry": {"type": "Point", "coordinates": [117.2844, 31.865675]}, "properties": {"name": "合家福(淮河路店)", "category": "supermarket", "sub_category": "060400"}}, {"type": "Feature", "geometry": {"type": "Point", "coordinates": [117.276249, 31.88398]}, "properties": {"name": "福佑百货超市(万花园店)", "category": "supermarket", "sub_category": "060400"}}, {"type": "Feature", "geometry": {"type": "Point", "coordinates": [117.283353, 31.889834]}, "properties": {"name": "铭慈百货超市", "category": "supermarket", "sub_category": "060400"}}, {"type": "Feature", "geometry": {"type": "Point", "coordinates": [117.278514, 31.86687]}, "properties": {"name": "农垦集团购超市", "category": "supermarket", "sub_category": "060400"}}, {"type": "Feature", "geometry": {"type": "Point", "coordinates": [117.266868, 31.924831]}, "properties": {"name": "润宜佳生活超市(恒盛店)", "category": "supermarket", "sub_category": "060400"}}, {"type": "Feature", "geometry": {"type": "Point", "coordinates": [117.256252, 31.918261]}, "properties": {"name": "老阮超市(电厂路店)", "category": "supermarket", "sub_category": "060603|060200|060400"}}, {"type": "Feature", "geometry": {"type": "Point", "coordinates": [117.293055, 31.939372]}, "properties": {"name": "永美超市(宝湾国际54公馆店)", "category": "supermarket", "sub_category": "060400"}}, {"type": "Feature", "geometry": {"type": "Point", "coordinates": [117.288114, 31.900758]}, "properties": {"name": "世纪华联邻里间优鲜超柿(万兴·林里间店)", "category": "supermarket", "sub_category": "060704|060400"}}, {"type": "Feature", "geometry": {"type": "Point", "coordinates": [117.282833, 31.907264]}, "properties": {"name": "鸿客生活超市(文一名门华府店)", "category": "supermarket", "sub_category": "060400"}}, {"type": "Feature", "geometry": {"type": "Point", "coordinates": [117.273805, 31.910282]}, "properties": {"name": "云之鲜生活超市", "category": "supermarket", "sub_category": "060400"}}, {"type": "Feature", "geometry": {"type": "Point", "coordinates": [117.293244, 31.940725]}, "properties": {"name": "乐亿万千超市(宝湾国际店)", "category": "supermarket", "sub_category": "060400"}}, {"type": "Feature", "geometry": {"type": "Point", "coordinates": [117.27396, 31.90065]}, "properties": {"name": "杨月生活超市", "category": "supermarket", "sub_category": "060400"}}, {"type": "Feature", "geometry": {"type": "Point", "coordinates": [117.275872, 31.931144]}, "properties": {"name": "好邻多连锁平价超市(宝宸时代店)", "category": "supermarket", "sub_category": "060400|060200"}}, {"type": "Feature", "geometry": {"type": "Point", "coordinates": [117.278501, 31.902931]}, "properties": {"name": "百乐超市(金都华庭四期店)", "category": "supermarket", "sub_category": "060400|060200"}}, {"type": "Feature", "geometry": {"type": "Point", "coordinates": [117.262451, 31.920454]}, "properties": {"name": "大德福生活超市(华地·龗龙天地店)", "category": "supermarket", "sub_category": "060400"}}, {"type": "Feature", "geometry": {"type": "Point", "coordinates": [117.272661, 31.93786]}, "properties": {"name": "好又多生活超市(阜阳北路店)", "category": "supermarket", "sub_category": "060400"}}, {"type": "Feature", "geometry": {"type": "Point", "coordinates": [117.279269, 31.900272]}, "properties": {"name": "长之润自选商场(金都华庭店)", "category": "supermarket", "sub_category": "060400"}}, {"type": "Feature", "geometry": {"type": "Point", "coordinates": [117.261738, 31.90062]}, "properties": {"name": "欢购多生活超市(淮北路店)", "category": "supermarket", "sub_category": "060400"}}, {"type": "Feature", "geometry": {"type": "Point", "coordinates": [117.276137, 31.914497]}, "properties": {"name": "家福乐超市(荣城花园店)", "category": "supermarket", "sub_category": "060400"}}, {"type": "Feature", "geometry": {"type": "Point", "coordinates": [117.288127, 31.908545]}, "properties": {"name": "乐客多生活超市(涡阳路店)", "category": "supermarket", "sub_category": "060400"}}, {"type": "Feature", "geometry": {"type": "Point", "coordinates": [117.262461, 31.937073]}, "properties": {"name": "好又多生活超市", "category": "supermarket", "sub_category": "060400"}}, {"type": "Feature", "geometry": {"type": "Point", "coordinates": [117.262629, 31.919905]}, "properties": {"name": "晋亿名品超市", "category": "supermarket", "sub_category": "060400"}}, {"type": "Feature", "geometry": {"type": "Point", "coordinates": [117.271782, 31.923737]}, "properties": {"name": "享购超市(荣城花园北苑店)", "category": "supermarket", "sub_category": "060400|060200"}}, {"type": "Feature", "geometry": {"type": "Point", "coordinates": [117.288354, 31.90095]}, "properties": {"name": "家福乐超市(丰大苑店)", "category": "supermarket", "sub_category": "060400"}}, {"type": "Feature", "geometry": {"type": "Point", "coordinates": [117.293624, 31.940473]}, "properties": {"name": "徽旺烟酒超市(宝湾国际5.4M公馆店)", "category": "supermarket", "sub_category": "061210|060400"}}, {"type": "Feature", "geometry": {"type": "Point", "coordinates": [117.278964, 31.900545]}, "properties": {"name": "旺福烟酒超市(金都华庭店)", "category": "supermarket", "sub_category": "061210|060400|060200"}}, {"type": "Feature", "geometry": {"type": "Point", "coordinates": [117.273803, 31.901908]}, "properties": {"name": "蚂蚁嘉吉超市(庐阳店)", "category": "supermarket", "sub_category": "060400"}}, {"type": "Feature", "geometry": {"type": "Point", "coordinates": [117.272457, 31.922163]}, "properties": {"name": "宜家乐超市(耀远路店)", "category": "supermarket", "sub_category": "060400|060200"}}, {"type": "Feature", "geometry": {"type": "Point", "coordinates": [117.284536, 31.90656]}, "properties": {"name": "家家生活超市(美景人家店)", "category": "supermarket", "sub_category": "060400"}}, {"type": "Feature", "geometry": {"type": "Point", "coordinates": [117.28333, 31.919675]}, "properties": {"name": "心昕超市", "category": "supermarket", "sub_category": "060200|060400"}}, {"type": "Feature", "geometry": {"type": "Point", "coordinates": [117.279062, 31.94619]}, "properties": {"name": "强达合福生活连锁超市(铝厂店)", "category": "supermarket", "sub_category": "060703|060400"}}, {"type": "Feature", "geometry": {"type": "Point", "coordinates": [117.265021, 31.923369]}, "properties": {"name": "国能首付小默超市(恒盛·皇家花园2期店)", "category": "supermarket", "sub_category": "060400"}}, {"type": "Feature", "geometry": {"type": "Point", "coordinates": [117.260263, 31.934582]}, "properties": {"name": "世纪华联超市", "category": "supermarket", "sub_category": "060400"}}, {"type": "Feature", "geometry": {"type": "Point", "coordinates": [117.256506, 31.904309]}, "properties": {"name": "舒馨烟酒超市(舒馨花园店)", "category": "supermarket", "sub_category": "061210|060400"}}, {"type": "Feature", "geometry": {"type": "Point", "coordinates": [117.265138, 31.923328]}, "properties": {"name": "禾鲜生鲜超市(恒盛·皇家花园1期店)", "category": "supermarket", "sub_category": "060400"}}, {"type": "Feature", "geometry": {"type": "Point", "coordinates": [117.283562, 31.918933]}, "properties": {"name": "满漓每日鲜生鲜超市(融侨悦城二期店)", "category": "supermarket", "sub_category": "060400"}}, {"type": "Feature", "geometry": {"type": "Point", "coordinates": [117.262692, 31.941141]}, "properties": {"name": "好又多生活超市(和昌都汇华郡店)", "category": "supermarket", "sub_category": "060400"}}, {"type": "Feature", "geometry": {"type": "Point", "coordinates": [117.286736, 31.907321]}, "properties": {"name": "千惠生活超市(城改·美景人家店)", "category": "supermarket", "sub_category": "060400|060200"}}, {"type": "Feature", "geometry": {"type": "Point", "coordinates": [117.279736, 31.920478]}, "properties": {"name": "橙意满满精品超市(庐阳店)", "category": "supermarket", "sub_category": "060400"}}, {"type": "Feature", "geometry": {"type": "Point", "coordinates": [117.272383, 31.939506]}, "properties": {"name": "世纪华联超市(阜阳北路店)", "category": "supermarket", "sub_category": "060400"}}, {"type": "Feature", "geometry": {"type": "Point", "coordinates": [117.275977, 31.91325]}, "properties": {"name": "晨燕购物中心(荣城花园南苑北区店)", "category": "supermarket", "sub_category": "060200|060400"}}, {"type": "Feature", "geometry": {"type": "Point", "coordinates": [117.264153, 31.924311]}, "properties": {"name": "久尔隆超市", "category": "supermarket", "sub_category": "060400"}}, {"type": "Feature", "geometry": {"type": "Point", "coordinates": [117.275507, 31.912938]}, "properties": {"name": "好邻多连锁超市(荣城花园店)", "category": "supermarket", "sub_category": "060400|060200"}}, {"type": "Feature", "geometry": {"type": "Point", "coordinates": [117.27878, 31.903307]}, "properties": {"name": "子木百货(金都华庭四期店)", "category": "supermarket", "sub_category": "060400"}}, {"type": "Feature", "geometry": {"type": "Point", "coordinates": [117.274635, 31.913057]}, "properties": {"name": "美家惠超市", "category": "supermarket", "sub_category": "060400"}}, {"type": "Feature", "geometry": {"type": "Point", "coordinates": [117.270425, 31.925425]}, "properties": {"name": "小区乐超市(北苑店)", "category": "supermarket", "sub_category": "060400"}}, {"type": "Feature", "geometry": {"type": "Point", "coordinates": [117.286272, 31.907234]}, "properties": {"name": "凡客旺生活超市", "category": "supermarket", "sub_category": "060400"}}, {"type": "Feature", "geometry": {"type": "Point", "coordinates": [117.278425, 31.943325]}, "properties": {"name": "金如超市", "category": "supermarket", "sub_category": "060400"}}, {"type": "Feature", "geometry": {"type": "Point", "coordinates": [117.272675, 31.937825]}, "properties": {"name": "好友超市", "category": "supermarket", "sub_category": "060400"}}, {"type": "Feature", "geometry": {"type": "Point", "coordinates": [117.285925, 31.913275]}, "properties": {"name": "新鲜美刻生活超市", "category": "supermarket", "sub_category": "060400"}}, {"type": "Feature", "geometry": {"type": "Point", "coordinates": [117.28948, 31.942595]}, "properties": {"name": "纵购商城(宝湾一道店)", "category": "supermarket", "sub_category": "060400"}}, {"type": "Feature", "geometry": {"type": "Point", "coordinates": [117.293037, 31.905115]}, "properties": {"name": "合肥市骏成商贸有限公司", "category": "supermarket", "sub_category": "060400"}}, {"type": "Feature", "geometry": {"type": "Point", "coordinates": [117.255608, 31.975882]}, "properties": {"name": "联家超柿", "category": "supermarket", "sub_category": "060400"}}, {"type": "Feature", "geometry": {"type": "Point", "coordinates": [117.251053, 31.974569]}, "properties": {"name": "日之惠-金梅路店", "category": "supermarket", "sub_category": "060400"}}, {"type": "Feature", "geometry": {"type": "Point", "coordinates": [117.26888, 31.956876]}, "properties": {"name": "合家福(中奥店)", "category": "supermarket", "sub_category": "060400"}}, {"type": "Feature", "geometry": {"type": "Point", "coordinates": [117.265596, 31.967523]}, "properties": {"name": "麦喆超市(庐州天地店)", "category": "supermarket", "sub_category": "060400"}}, {"type": "Feature", "geometry": {"type": "Point", "coordinates": [117.267306, 31.959963]}, "properties": {"name": "6+1生鲜批发超市(翡翠公馆店)", "category": "supermarket", "sub_category": "060400"}}, {"type": "Feature", "geometry": {"type": "Point", "coordinates": [117.263697, 31.963558]}, "properties": {"name": "锅圈食汇火锅烧烤食材超市(新城·北宸紫郡店)", "category": "supermarket", "sub_category": "060400"}}, {"type": "Feature", "geometry": {"type": "Point", "coordinates": [117.250373, 31.978297]}, "properties": {"name": "亿佰超市(凤梅店)", "category": "supermarket", "sub_category": "060400"}}, {"type": "Feature", "geometry": {"type": "Point", "coordinates": [117.260499, 31.971241]}, "properties": {"name": "美佳超市(北城明珠店)", "category": "supermarket", "sub_category": "060400"}}, {"type": "Feature", "geometry": {"type": "Point", "coordinates": [117.254193, 31.972119]}, "properties": {"name": "惠宜选超市(长丰店)", "category": "supermarket", "sub_category": "060400"}}, {"type": "Feature", "geometry": {"type": "Point", "coordinates": [117.276797, 31.988583]}, "properties": {"name": "万里超市 谷水烟火路店", "category": "supermarket", "sub_category": "060400|060200"}}, {"type": "Feature", "geometry": {"type": "Point", "coordinates": [117.250825, 31.977357]}, "properties": {"name": "乡村华联超市(润梅路店)", "category": "supermarket", "sub_category": "060400|060200"}}, {"type": "Feature", "geometry": {"type": "Point", "coordinates": [117.262179, 31.980967]}, "properties": {"name": "好又好连锁超市(光明北部湾店)", "category": "supermarket", "sub_category": "060400"}}, {"type": "Feature", "geometry": {"type": "Point", "coordinates": [117.260451, 31.975337]}, "properties": {"name": "乐家福生活超市(文一锦门北韵店)", "category": "supermarket", "sub_category": "060400"}}, {"type": "Feature", "geometry": {"type": "Point", "coordinates": [117.278302, 31.967369]}, "properties": {"name": "人人福超市", "category": "supermarket", "sub_category": "060400"}}, {"type": "Feature", "geometry": {"type": "Point", "coordinates": [117.298782, 31.950395]}, "properties": {"name": "好又多生活超市(凤麟兰庭1期店)", "category": "supermarket", "sub_category": "060400"}}, {"type": "Feature", "geometry": {"type": "Point", "coordinates": [117.263747, 31.95808]}, "properties": {"name": "好又好连锁超市(融科梧桐里店)", "category": "supermarket", "sub_category": "060400"}}, {"type": "Feature", "geometry": {"type": "Point", "coordinates": [117.256065, 31.9785]}, "properties": {"name": "世纪华联生活超市(京城国际店)", "category": "supermarket", "sub_category": "060400"}}, {"type": "Feature", "geometry": {"type": "Point", "coordinates": [117.266744, 31.956631]}, "properties": {"name": "好又多生活超市(阿奎利亚店)", "category": "supermarket", "sub_category": "060400|060200"}}, {"type": "Feature", "geometry": {"type": "Point", "coordinates": [117.254225, 31.973775]}, "properties": {"name": "我家超市", "category": "supermarket", "sub_category": "060400"}}, {"type": "Feature", "geometry": {"type": "Point", "coordinates": [117.251864, 31.994761]}, "properties": {"name": "茹意超市", "category": "supermarket", "sub_category": "060200|060400"}}, {"type": "Feature", "geometry": {"type": "Point", "coordinates": [117.253937, 31.972076]}, "properties": {"name": "华联超市(力高共和城店)", "category": "supermarket", "sub_category": "060400"}}, {"type": "Feature", "geometry": {"type": "Point", "coordinates": [117.267833, 31.958639]}, "properties": {"name": "好又好生活超市(融科梧桐里店)", "category": "supermarket", "sub_category": "060400"}}, {"type": "Feature", "geometry": {"type": "Point", "coordinates": [117.255769, 31.973781]}, "properties": {"name": "芒购生鲜超市(力高共和城东区店)", "category": "supermarket", "sub_category": "060400"}}, {"type": "Feature", "geometry": {"type": "Point", "coordinates": [117.250771, 31.981124]}, "properties": {"name": "梁家超市(润梅路店)", "category": "supermarket", "sub_category": "060400"}}, {"type": "Feature", "geometry": {"type": "Point", "coordinates": [117.256165, 31.978503]}, "properties": {"name": "欧乐生活超市(北京城建京城国际店)", "category": "supermarket", "sub_category": "060400"}}, {"type": "Feature", "geometry": {"type": "Point", "coordinates": [117.271663, 31.99099]}, "properties": {"name": "新客隆超市(万里店)", "category": "supermarket", "sub_category": "060400"}}, {"type": "Feature", "geometry": {"type": "Point", "coordinates": [117.256519, 31.978485]}, "properties": {"name": "成希月生活超市", "category": "supermarket", "sub_category": "060400"}}, {"type": "Feature", "geometry": {"type": "Point", "coordinates": [117.259056, 31.961907]}, "properties": {"name": "云丰优选超市(风格城市南门店)", "category": "supermarket", "sub_category": "060400|071800"}}, {"type": "Feature", "geometry": {"type": "Point", "coordinates": [117.257076, 31.992593]}, "properties": {"name": "多乐福生活超市(乐富强·御景嘉苑北区店)", "category": "supermarket", "sub_category": "060400"}}, {"type": "Feature", "geometry": {"type": "Point", "coordinates": [117.250324, 31.978282]}, "properties": {"name": "世纪华联超市(凤梅菜市场店)", "category": "supermarket", "sub_category": "060400"}}, {"type": "Feature", "geometry": {"type": "Point", "coordinates": [117.255433, 31.987448]}, "properties": {"name": "好乐多生活超市(蒙城北路店)", "category": "supermarket", "sub_category": "060400"}}, {"type": "Feature", "geometry": {"type": "Point", "coordinates": [117.252661, 31.989098]}, "properties": {"name": "世纪华联超市(金科·半岛1号店)", "category": "supermarket", "sub_category": "060400"}}, {"type": "Feature", "geometry": {"type": "Point", "coordinates": [117.260825, 31.956625]}, "properties": {"name": "百乐超市(恒泰城果一期店)", "category": "supermarket", "sub_category": "060400"}}, {"type": "Feature", "geometry": {"type": "Point", "coordinates": [117.253301, 31.980605]}, "properties": {"name": "全家合超市(凤梅家园东区店)", "category": "supermarket", "sub_category": "060400"}}, {"type": "Feature", "geometry": {"type": "Point", "coordinates": [117.254234, 31.979798]}, "properties": {"name": "乐居生活超市", "category": "supermarket", "sub_category": "060200|060400"}}, {"type": "Feature", "geometry": {"type": "Point", "coordinates": [117.254187, 31.973222]}, "properties": {"name": "三六五超市(力高共和城西区店)", "category": "supermarket", "sub_category": "060400"}}, {"type": "Feature", "geometry": {"type": "Point", "coordinates": [117.260222, 31.971016]}, "properties": {"name": "奇点超市(北城明珠店)", "category": "supermarket", "sub_category": "060200|060400"}}, {"type": "Feature", "geometry": {"type": "Point", "coordinates": [117.252377, 31.974292]}, "properties": {"name": "鑫辰超市(金梅路店)", "category": "supermarket", "sub_category": "060200|060400"}}, {"type": "Feature", "geometry": {"type": "Point", "coordinates": [117.279569, 31.976565]}, "properties": {"name": "家乐家超市(凤霞路店)", "category": "supermarket", "sub_category": "060400"}}, {"type": "Feature", "geometry": {"type": "Point", "coordinates": [117.257949, 31.953288]}, "properties": {"name": "家传超市(恒泰城品湖畔店)", "category": "supermarket", "sub_category": "060400"}}, {"type": "Feature", "geometry": {"type": "Point", "coordinates": [117.28051, 31.975174]}, "properties": {"name": "嘉美百货(凤霞店)", "category": "supermarket", "sub_category": "060400"}}, {"type": "Feature", "geometry": {"type": "Point", "coordinates": [117.258875, 31.964675]}, "properties": {"name": "桔多超市(恒泰风格城市店)", "category": "supermarket", "sub_category": "060200|060400"}}, {"type": "Feature", "geometry": {"type": "Point", "coordinates": [117.257235, 31.989003]}, "properties": {"name": "好时优选生活超市(乐富强·御景嘉苑南区店)", "category": "supermarket", "sub_category": "060400"}}, {"type": "Feature", "geometry": {"type": "Point", "coordinates": [117.253987, 31.972413]}, "properties": {"name": "力高共和城馨社区生鲜超市(力高共和城西区店)", "category": "supermarket", "sub_category": "060400"}}, {"type": "Feature", "geometry": {"type": "Point", "coordinates": [117.25176, 31.970257]}, "properties": {"name": "邻享购生活超市", "category": "supermarket", "sub_category": "060400"}}, {"type": "Feature", "geometry": {"type": "Point", "coordinates": [117.253822, 31.982734]}, "properties": {"name": "上上名品超市", "category": "supermarket", "sub_category": "060400"}}, {"type": "Feature", "geometry": {"type": "Point", "coordinates": [117.261557, 31.98322]}, "properties": {"name": "蒙牛超市", "category": "supermarket", "sub_category": "060400"}}, {"type": "Feature", "geometry": {"type": "Point", "coordinates": [117.250375, 31.977975]}, "properties": {"name": "长丰县双凤工业区鑫辰超市", "category": "supermarket", "sub_category": "060400"}}, {"type": "Feature", "geometry": {"type": "Point", "coordinates": [117.256843, 31.983484]}, "properties": {"name": "蒙牛焕轻超市(长丰店)", "category": "supermarket", "sub_category": "060400"}}, {"type": "Feature", "geometry": {"type": "Point", "coordinates": [117.253257, 31.97392]}, "properties": {"name": "邻里超市", "category": "supermarket", "sub_category": "060400"}}, {"type": "Feature", "geometry": {"type": "Point", "coordinates": [117.254263, 31.98037]}, "properties": {"name": "萍萍百货超市", "category": "supermarket", "sub_category": "060400"}}, {"type": "Feature", "geometry": {"type": "Point", "coordinates": [117.260375, 31.971225]}, "properties": {"name": "京东拼拼团购店", "category": "supermarket", "sub_category": "060400"}}, {"type": "Feature", "geometry": {"type": "Point", "coordinates": [117.266875, 31.95835]}, "properties": {"name": "阿奎利亚亿佰超市", "category": "supermarket", "sub_category": "060400"}}, {"type": "Feature", "geometry": {"type": "Point", "coordinates": [117.266925, 31.960775]}, "properties": {"name": "金大地生活超市(金大地·翡翠公馆店)", "category": "supermarket", "sub_category": "060400"}}, {"type": "Feature", "geometry": {"type": "Point", "coordinates": [117.264758, 31.97114]}, "properties": {"name": "鹿岛(会员)店(万达广场合肥北城店)", "category": "supermarket", "sub_category": "060400"}}, {"type": "Feature", "geometry": {"type": "Point", "coordinates": [117.263748, 31.971223]}, "properties": {"name": "屈臣氏(合肥长丰万达广场店)", "category": "supermarket", "sub_category": "060411"}}, {"type": "Feature", "geometry": {"type": "Point", "coordinates": [117.269375, 31.957175]}, "properties": {"name": "中奥烟酒批发部(中奥花园店)", "category": "supermarket", "sub_category": "060400"}}, {"type": "Feature", "geometry": {"type": "Point", "coordinates": [117.257064, 31.964671]}, "properties": {"name": "惠特佳烟酒茶行(恒泰风格城市店)", "category": "supermarket", "sub_category": "061210|060400"}}, {"type": "Feature", "geometry": {"type": "Point", "coordinates": [117.301326, 31.733462]}, "properties": {"name": "盒马鲜生(合肥滨湖爱琴海购物中心店)", "category": "supermarket", "sub_category": "060400"}}, {"type": "Feature", "geometry": {"type": "Point", "coordinates": [117.303355, 31.742421]}, "properties": {"name": "大润发(包河店)", "category": "supermarket", "sub_category": "060400"}}, {"type": "Feature", "geometry": {"type": "Point", "coordinates": [117.301668, 31.714938]}, "properties": {"name": "永辉超市(合肥滨湖银泰城店)", "category": "supermarket", "sub_category": "060400"}}, {"type": "Feature", "geometry": {"type": "Point", "coordinates": [117.304256, 31.740037]}, "properties": {"name": "永辉超市(合肥市中信悦方店)", "category": "supermarket", "sub_category": "060400"}}, {"type": "Feature", "geometry": {"type": "Point", "coordinates": [117.303751, 31.73321]}, "properties": {"name": "合家福(滨湖合肥唯品会城市奥莱店)", "category": "supermarket", "sub_category": "060400"}}, {"type": "Feature", "geometry": {"type": "Point", "coordinates": [117.318791, 31.716274]}, "properties": {"name": "九州东苑生鲜超市", "category": "supermarket", "sub_category": "060400"}}, {"type": "Feature", "geometry": {"type": "Point", "coordinates": [117.300953, 31.732757]}, "properties": {"name": "名创优品(合肥滨湖爱琴海购物中心店)", "category": "supermarket", "sub_category": "060400"}}, {"type": "Feature", "geometry": {"type": "Point", "coordinates": [117.309021, 31.717633]}, "properties": {"name": "旺客来超市(武夷山路店)", "category": "supermarket", "sub_category": "060400"}}, {"type": "Feature", "geometry": {"type": "Point", "coordinates": [117.314226, 31.74431]}, "properties": {"name": "合家福(琥珀瑞安家园店)", "category": "supermarket", "sub_category": "060400"}}, {"type": "Feature", "geometry": {"type": "Point", "coordinates": [117.308409, 31.717541]}, "properties": {"name": "全好生活超市(武夷山路店)", "category": "supermarket", "sub_category": "060400"}}, {"type": "Feature", "geometry": {"type": "Point", "coordinates": [117.340851, 31.73897]}, "properties": {"name": "鲜淮精品生活超市(云峯中心店)", "category": "supermarket", "sub_category": "060400"}}, {"type": "Feature", "geometry": {"type": "Point", "coordinates": [117.300235, 31.704222]}, "properties": {"name": "中购佳华超市(滨湖宝文店)", "category": "supermarket", "sub_category": "060400"}}, {"type": "Feature", "geometry": {"type": "Point", "coordinates": [117.309186, 31.735456]}, "properties": {"name": "优先来生鲜超市(佳源巴黎都市2期店)", "category": "supermarket", "sub_category": "060400"}}, {"type": "Feature", "geometry": {"type": "Point", "coordinates": [117.312591, 31.711385]}, "properties": {"name": "尚优玛特生活超市(合肥万达城临湖苑店)", "category": "supermarket", "sub_category": "060400"}}, {"type": "Feature", "geometry": {"type": "Point", "coordinates": [117.306052, 31.733127]}, "properties": {"name": "邻左便利店(湖北路店)", "category": "supermarket", "sub_category": "060400"}}, {"type": "Feature", "geometry": {"type": "Point", "coordinates": [117.3187, 31.716112]}, "properties": {"name": "世纪明珠超市(塘溪津门店)", "category": "supermarket", "sub_category": "060400"}}, {"type": "Feature", "geometry": {"type": "Point", "coordinates": [117.301549, 31.735346]}, "properties": {"name": "家盛生鲜超市(蓝鼎滨湖假日翰林园店)", "category": "supermarket", "sub_category": "060703|060400"}}, {"type": "Feature", "geometry": {"type": "Point", "coordinates": [117.305724, 31.737278]}, "properties": {"name": "小麻雀超市(佳源巴黎都市店)", "category": "supermarket", "sub_category": "060200|060400"}}, {"type": "Feature", "geometry": {"type": "Point", "coordinates": [117.307444, 31.73301]}, "properties": {"name": "安徽世纪华联超市连锁有限公司", "category": "supermarket", "sub_category": "060400"}}, {"type": "Feature", "geometry": {"type": "Point", "coordinates": [117.340007, 31.738691]}, "properties": {"name": "赞铁烟酒店(云峯中心店)", "category": "supermarket", "sub_category": "060400"}}, {"type": "Feature", "geometry": {"type": "Point", "coordinates": [117.31829, 31.745953]}, "properties": {"name": "合顺生活超市", "category": "supermarket", "sub_category": "060400"}}, {"type": "Feature", "geometry": {"type": "Point", "coordinates": [117.305867, 31.73289]}, "properties": {"name": "世纪华联超市(滨湖合肥唯品会城市奥莱店)", "category": "supermarket", "sub_category": "060400"}}, {"type": "Feature", "geometry": {"type": "Point", "coordinates": [117.314133, 31.711429]}, "properties": {"name": "蕊楠超市(勇瑞超市)", "category": "supermarket", "sub_category": "060400"}}, {"type": "Feature", "geometry": {"type": "Point", "coordinates": [117.300786, 31.738042]}, "properties": {"name": "思杰健微超市(蓝鼎观湖苑店)", "category": "supermarket", "sub_category": "060400"}}, {"type": "Feature", "geometry": {"type": "Point", "coordinates": [117.308975, 31.717425]}, "properties": {"name": "客优选生活超市(滨湖店)", "category": "supermarket", "sub_category": "060400"}}, {"type": "Feature", "geometry": {"type": "Point", "coordinates": [117.315773, 31.717987]}, "properties": {"name": "枫果生鲜超市", "category": "supermarket", "sub_category": "060400"}}, {"type": "Feature", "geometry": {"type": "Point", "coordinates": [117.30383, 31.741601]}, "properties": {"name": "添e生活超市紫云路店", "category": "supermarket", "sub_category": "060400"}}, {"type": "Feature", "geometry": {"type": "Point", "coordinates": [117.305104, 31.721987]}, "properties": {"name": "祥汇烟酒商贸(置地滨湖·双玺店)", "category": "supermarket", "sub_category": "060400"}}, {"type": "Feature", "geometry": {"type": "Point", "coordinates": [117.305877, 31.73598]}, "properties": {"name": "世纪青源生活超市(佳源巴黎都市店)", "category": "supermarket", "sub_category": "060400"}}, {"type": "Feature", "geometry": {"type": "Point", "coordinates": [117.304012, 31.705516]}, "properties": {"name": "味尽享生活超市", "category": "supermarket", "sub_category": "060400"}}, {"type": "Feature", "geometry": {"type": "Point", "coordinates": [117.304925, 31.732075]}, "properties": {"name": "全惠旺超市合肥佳源合悦汇店", "category": "supermarket", "sub_category": "060400"}}, {"type": "Feature", "geometry": {"type": "Point", "coordinates": [117.346744, 31.747894]}, "properties": {"name": "万家购生活超市", "category": "supermarket", "sub_category": "060400"}}, {"type": "Feature", "geometry": {"type": "Point", "coordinates": [117.309775, 31.716875]}, "properties": {"name": "诗雨超市", "category": "supermarket", "sub_category": "060400"}}, {"type": "Feature", "geometry": {"type": "Point", "coordinates": [117.309699, 31.748766]}, "properties": {"name": "歆叶生活超市(滨湖瑞园北区店)", "category": "supermarket", "sub_category": "060400"}}, {"type": "Feature", "geometry": {"type": "Point", "coordinates": [117.304251, 31.740214]}, "properties": {"name": "中信悦(月方店)", "category": "supermarket", "sub_category": "060400"}}, {"type": "Feature", "geometry": {"type": "Point", "coordinates": [117.304166, 31.735133]}, "properties": {"name": "三棵树马上住滨湖店", "category": "supermarket", "sub_category": "060400"}}, {"type": "Feature", "geometry": {"type": "Point", "coordinates": [117.300925, 31.715525]}, "properties": {"name": "屈臣氏(滨湖银泰城店)", "category": "supermarket", "sub_category": "060411"}}, {"type": "Feature", "geometry": {"type": "Point", "coordinates": [117.303502, 31.739877]}, "properties": {"name": "屈臣氏(悦方ID MALL店)", "category": "supermarket", "sub_category": "060411"}}, {"type": "Feature", "geometry": {"type": "Point", "coordinates": [117.301186, 31.722475]}, "properties": {"name": "识惠猿(滨湖店)", "category": "supermarket", "sub_category": "060400"}}, {"type": "Feature", "geometry": {"type": "Point", "coordinates": [117.320321, 31.796145]}, "properties": {"name": "合家福(包河苑店)", "category": "supermarket", "sub_category": "060400"}}, {"type": "Feature", "geometry": {"type": "Point", "coordinates": [117.318172, 31.774661]}, "properties": {"name": "合家福超市(和昌中央城邦店)", "category": "supermarket", "sub_category": "060400"}}, {"type": "Feature", "geometry": {"type": "Point", "coordinates": [117.334678, 31.775903]}, "properties": {"name": "日之惠(河北路店)", "category": "supermarket", "sub_category": "060400"}}, {"type": "Feature", "geometry": {"type": "Point", "coordinates": [117.30002, 31.753485]}, "properties": {"name": "松杰超市(滨湖新地城店)", "category": "supermarket", "sub_category": "060400"}}, {"type": "Feature", "geometry": {"type": "Point", "coordinates": [117.318221, 31.79816]}, "properties": {"name": "国枫园超市(包河苑店)", "category": "supermarket", "sub_category": "060400|060200"}}, {"type": "Feature", "geometry": {"type": "Point", "coordinates": [117.317294, 31.789858]}, "properties": {"name": "世纪华联超市(广视花园店)", "category": "supermarket", "sub_category": "060400"}}, {"type": "Feature", "geometry": {"type": "Point", "coordinates": [117.34285, 31.77226]}, "properties": {"name": "万家亿佰生活超市(唯美创想城店)", "category": "supermarket", "sub_category": "060400"}}, {"type": "Feature", "geometry": {"type": "Point", "coordinates": [117.348707, 31.775391]}, "properties": {"name": "南丽湾购物中心(滨湖·南丽湾店)", "category": "supermarket", "sub_category": "060400"}}, {"type": "Feature", "geometry": {"type": "Point", "coordinates": [117.304944, 31.793636]}, "properties": {"name": "尚郡超市(信达·银杏尚郡北区店)", "category": "supermarket", "sub_category": "060400"}}, {"type": "Feature", "geometry": {"type": "Point", "coordinates": [117.302964, 31.751366]}, "properties": {"name": "鲜生优品生鲜超市(万科时代之光店)", "category": "supermarket", "sub_category": "060400"}}, {"type": "Feature", "geometry": {"type": "Point", "coordinates": [117.326492, 31.795534]}, "properties": {"name": "胜购超市", "category": "supermarket", "sub_category": "060400"}}, {"type": "Feature", "geometry": {"type": "Point", "coordinates": [117.320551, 31.750873]}, "properties": {"name": "悦林枫超市雍华府店", "category": "supermarket", "sub_category": "060400"}}, {"type": "Feature", "geometry": {"type": "Point", "coordinates": [117.330874, 31.797503]}, "properties": {"name": "人人家超市(包河花园D区店)", "category": "supermarket", "sub_category": "060400"}}, {"type": "Feature", "geometry": {"type": "Point", "coordinates": [117.348596, 31.774678]}, "properties": {"name": "世纪华联超市(南丽湾店)", "category": "supermarket", "sub_category": "060703|060400"}}, {"type": "Feature", "geometry": {"type": "Point", "coordinates": [117.31966, 31.797942]}, "properties": {"name": "来优品省钱超市(哈尔滨路店)", "category": "supermarket", "sub_category": "060400"}}, {"type": "Feature", "geometry": {"type": "Point", "coordinates": [117.318775, 31.774575]}, "properties": {"name": "万辉超市(和昌·中央城邦南区店)", "category": "supermarket", "sub_category": "060400"}}, {"type": "Feature", "geometry": {"type": "Point", "coordinates": [117.343489, 31.77052]}, "properties": {"name": "丰萓生活超市", "category": "supermarket", "sub_category": "060400"}}, {"type": "Feature", "geometry": {"type": "Point", "coordinates": [117.326708, 31.796344]}, "properties": {"name": "华联精品生活超市(水丽坊·商业街店)", "category": "supermarket", "sub_category": "060400"}}, {"type": "Feature", "geometry": {"type": "Point", "coordinates": [117.300302, 31.794985]}, "properties": {"name": "联合一百(庐州大道店)", "category": "supermarket", "sub_category": "060400|060200"}}, {"type": "Feature", "geometry": {"type": "Point", "coordinates": [117.332724, 31.794345]}, "properties": {"name": "惠鲜超市(华盛·格林丽景店)", "category": "supermarket", "sub_category": "060400"}}, {"type": "Feature", "geometry": {"type": "Point", "coordinates": [117.334658, 31.795014]}, "properties": {"name": "友辉超市(包河花园店)", "category": "supermarket", "sub_category": "060400"}}, {"type": "Feature", "geometry": {"type": "Point", "coordinates": [117.333666, 31.799459]}, "properties": {"name": "多福生活超市(包河花园店)", "category": "supermarket", "sub_category": "060400"}}, {"type": "Feature", "geometry": {"type": "Point", "coordinates": [117.300056, 31.795153]}, "properties": {"name": "惠宝隆生活超市(盛大德馨府小区店)", "category": "supermarket", "sub_category": "060400"}}, {"type": "Feature", "geometry": {"type": "Point", "coordinates": [117.331485, 31.797779]}, "properties": {"name": "福乐多超市", "category": "supermarket", "sub_category": "060200|060400"}}, {"type": "Feature", "geometry": {"type": "Point", "coordinates": [117.32021, 31.776939]}, "properties": {"name": "来购生活超市(皖都徽韵店)", "category": "supermarket", "sub_category": "060400|060200"}}, {"type": "Feature", "geometry": {"type": "Point", "coordinates": [117.300265, 31.794841]}, "properties": {"name": "多又多超市(盛大德馨府小区店)", "category": "supermarket", "sub_category": "060400"}}, {"type": "Feature", "geometry": {"type": "Point", "coordinates": [117.317353, 31.797405]}, "properties": {"name": "国翔百货超市(哈尔滨路店)", "category": "supermarket", "sub_category": "060400|060200"}}, {"type": "Feature", "geometry": {"type": "Point", "coordinates": [117.333335, 31.797396]}, "properties": {"name": "福乐多超市(包河花园园林小区东南)", "category": "supermarket", "sub_category": "060200|060400"}}, {"type": "Feature", "geometry": {"type": "Point", "coordinates": [117.320476, 31.773455]}, "properties": {"name": "芙蓉兴盛便利超市(和昌中央城邦店)", "category": "supermarket", "sub_category": "060400|060200"}}, {"type": "Feature", "geometry": {"type": "Point", "coordinates": [117.327568, 31.794078]}, "properties": {"name": "世纪华联超市(贡街智汇中心店)", "category": "supermarket", "sub_category": "060400"}}, {"type": "Feature", "geometry": {"type": "Point", "coordinates": [117.342658, 31.768406]}, "properties": {"name": "榀瑞生活超市(滨湖阳光里店)", "category": "supermarket", "sub_category": "060400"}}, {"type": "Feature", "geometry": {"type": "Point", "coordinates": [117.317896, 31.790402]}, "properties": {"name": "世纪广视生活超市(广视花园店)", "category": "supermarket", "sub_category": "060400"}}, {"type": "Feature", "geometry": {"type": "Point", "coordinates": [117.339226, 31.767737]}, "properties": {"name": "有间生活超市", "category": "supermarket", "sub_category": "060400"}}, {"type": "Feature", "geometry": {"type": "Point", "coordinates": [117.315699, 31.797012]}, "properties": {"name": "金源生鲜超市", "category": "supermarket", "sub_category": "060400"}}, {"type": "Feature", "geometry": {"type": "Point", "coordinates": [117.32592, 31.78801]}, "properties": {"name": "惠客生活超市(北京路店)", "category": "supermarket", "sub_category": "060400"}}, {"type": "Feature", "geometry": {"type": "Point", "coordinates": [117.329077, 31.769037]}, "properties": {"name": "鲜淮生鲜超市(南翔茗座店)", "category": "supermarket", "sub_category": "060400"}}, {"type": "Feature", "geometry": {"type": "Point", "coordinates": [117.326084, 31.792396]}, "properties": {"name": "烟酒便利店", "category": "supermarket", "sub_category": "060400"}}, {"type": "Feature", "geometry": {"type": "Point", "coordinates": [117.327727, 31.794309]}, "properties": {"name": "滨投智汇中心106超市", "category": "supermarket", "sub_category": "060400"}}, {"type": "Feature", "geometry": {"type": "Point", "coordinates": [117.320425, 31.751525]}, "properties": {"name": "变象生活仓储超市", "category": "supermarket", "sub_category": "060400"}}, {"type": "Feature", "geometry": {"type": "Point", "coordinates": [117.328075, 31.795225]}, "properties": {"name": "欧优来超市", "category": "supermarket", "sub_category": "060400"}}, {"type": "Feature", "geometry": {"type": "Point", "coordinates": [117.305675, 31.754275]}, "properties": {"name": "以默生活超市", "category": "supermarket", "sub_category": "060400"}}, {"type": "Feature", "geometry": {"type": "Point", "coordinates": [117.302025, 31.753025]}, "properties": {"name": "佳惠超市(会展中心店)", "category": "supermarket", "sub_category": "060400"}}, {"type": "Feature", "geometry": {"type": "Point", "coordinates": [117.320425, 31.751525]}, "properties": {"name": "快购喵优选超市(合肥店)", "category": "supermarket", "sub_category": "060200|060400"}}, {"type": "Feature", "geometry": {"type": "Point", "coordinates": [117.348559, 31.775327]}, "properties": {"name": "华联购物中心", "category": "supermarket", "sub_category": "060101|060400"}}, {"type": "Feature", "geometry": {"type": "Point", "coordinates": [117.318043, 31.797955]}, "properties": {"name": "劲仪优选生活包河苑店", "category": "supermarket", "sub_category": "060400"}}, {"type": "Feature", "geometry": {"type": "Point", "coordinates": [117.324288, 31.795386]}, "properties": {"name": "兔喜快递超市(包河苑店)", "category": "supermarket", "sub_category": "060400"}}, {"type": "Feature", "geometry": {"type": "Point", "coordinates": [117.323172, 31.798862]}, "properties": {"name": "轩茗烟酒茶", "category": "supermarket", "sub_category": "061210|060400"}}, {"type": "Feature", "geometry": {"type": "Point", "coordinates": [117.322793, 31.788048]}, "properties": {"name": "拾客精品超市(包河花园店)(暂停营业)", "category": "supermarket", "sub_category": "060400"}}, {"type": "Feature", "geometry": {"type": "Point", "coordinates": [117.302589, 31.833261]}, "properties": {"name": "合家福超市(马鞍山路店)", "category": "supermarket", "sub_category": "060102|060400"}}, {"type": "Feature", "geometry": {"type": "Point", "coordinates": [117.306035, 31.809726]}, "properties": {"name": "盒马鲜生(包河万象汇店)", "category": "supermarket", "sub_category": "060400"}}, {"type": "Feature", "geometry": {"type": "Point", "coordinates": [117.31185, 31.82668]}, "properties": {"name": "大润发(望江店)", "category": "supermarket", "sub_category": "060400"}}, {"type": "Feature", "geometry": {"type": "Point", "coordinates": [117.316221, 31.848407]}, "properties": {"name": "联家超柿(左岸店)", "category": "supermarket", "sub_category": "060400"}}, {"type": "Feature", "geometry": {"type": "Point", "coordinates": [117.324267, 31.813707]}, "properties": {"name": "合家福优选超市(翡翠天际店)", "category": "supermarket", "sub_category": "060400"}}, {"type": "Feature", "geometry": {"type": "Point", "coordinates": [117.302774, 31.805483]}, "properties": {"name": "红府超市(望湖城店)", "category": "supermarket", "sub_category": "060400"}}, {"type": "Feature", "geometry": {"type": "Point", "coordinates": [117.341511, 31.84604]}, "properties": {"name": "品尚多大型超市(第六空间店)", "category": "supermarket", "sub_category": "060400"}}, {"type": "Feature", "geometry": {"type": "Point", "coordinates": [117.323339, 31.828383]}, "properties": {"name": "红府邻里超市(大成郡店)", "category": "supermarket", "sub_category": "060400"}}, {"type": "Feature", "geometry": {"type": "Point", "coordinates": [117.313983, 31.808509]}, "properties": {"name": "好又多超市", "category": "supermarket", "sub_category": "060400"}}, {"type": "Feature", "geometry": {"type": "Point", "coordinates": [117.306204, 31.811253]}, "properties": {"name": "润汇生活超市(华润润城中心·润府店)", "category": "supermarket", "sub_category": "060400"}}, {"type": "Feature", "geometry": {"type": "Point", "coordinates": [117.325128, 31.814968]}, "properties": {"name": "世纪华联优鲜超市(祁门路店)", "category": "supermarket", "sub_category": "060400"}}, {"type": "Feature", "geometry": {"type": "Point", "coordinates": [117.338461, 31.829766]}, "properties": {"name": "汇万客生活超市(右岸店)", "category": "supermarket", "sub_category": "060400"}}, {"type": "Feature", "geometry": {"type": "Point", "coordinates": [117.308375, 31.823371]}, "properties": {"name": "年裕生活超市(地矿家园店)", "category": "supermarket", "sub_category": "060400"}}, {"type": "Feature", "geometry": {"type": "Point", "coordinates": [117.338353, 31.830053]}, "properties": {"name": "邻鲜生生活超市", "category": "supermarket", "sub_category": "060400"}}, {"type": "Feature", "geometry": {"type": "Point", "coordinates": [117.30943, 31.813243]}, "properties": {"name": "锦田生活超市", "category": "supermarket", "sub_category": "060400"}}, {"type": "Feature", "geometry": {"type": "Point", "coordinates": [117.314969, 31.80381]}, "properties": {"name": "联购超市(高铁路)", "category": "supermarket", "sub_category": "060400|060200"}}, {"type": "Feature", "geometry": {"type": "Point", "coordinates": [117.322401, 31.848273]}, "properties": {"name": "都市联华生活超市(隆岗店)", "category": "supermarket", "sub_category": "060703|060400"}}, {"type": "Feature", "geometry": {"type": "Point", "coordinates": [117.342168, 31.840972]}, "properties": {"name": "天润发大型超市(聚福家园店)", "category": "supermarket", "sub_category": "060400"}}, {"type": "Feature", "geometry": {"type": "Point", "coordinates": [117.314949, 31.80497]}, "properties": {"name": "怡家华联超市(安鲜市集店)", "category": "supermarket", "sub_category": "060400"}}, {"type": "Feature", "geometry": {"type": "Point", "coordinates": [117.310313, 31.830868]}, "properties": {"name": "红尚超市(新里海顿公馆东区店)", "category": "supermarket", "sub_category": "060400"}}, {"type": "Feature", "geometry": {"type": "Point", "coordinates": [117.316232, 31.838325]}, "properties": {"name": "百润发生活超市(南淝河路店)", "category": "supermarket", "sub_category": "060400"}}, {"type": "Feature", "geometry": {"type": "Point", "coordinates": [117.329117, 31.822469]}, "properties": {"name": "好又多精品生活超市坪塘王路", "category": "supermarket", "sub_category": "060400"}}, {"type": "Feature", "geometry": {"type": "Point", "coordinates": [117.309924, 31.822345]}, "properties": {"name": "金佰烟酒超市中国福利彩票(和昌·都汇华府店)", "category": "supermarket", "sub_category": "060400"}}, {"type": "Feature", "geometry": {"type": "Point", "coordinates": [117.30657, 31.820942]}, "properties": {"name": "喜惠来超市(珠光南苑东区店)", "category": "supermarket", "sub_category": "060400|060200"}}, {"type": "Feature", "geometry": {"type": "Point", "coordinates": [117.301187, 31.826654]}, "properties": {"name": "全家福生活超市(力高·柏林春天店)", "category": "supermarket", "sub_category": "060400"}}, {"type": "Feature", "geometry": {"type": "Point", "coordinates": [117.314718, 31.832056]}, "properties": {"name": "恒威烟酒茶", "category": "supermarket", "sub_category": "060200|060400"}}, {"type": "Feature", "geometry": {"type": "Point", "coordinates": [117.303492, 31.839933]}, "properties": {"name": "联阚超市(新都会联邦花园店)", "category": "supermarket", "sub_category": "060400"}}, {"type": "Feature", "geometry": {"type": "Point", "coordinates": [117.33601, 31.800821]}, "properties": {"name": "广丰便利超市(包河花园C区店)", "category": "supermarket", "sub_category": "060200|060400"}}, {"type": "Feature", "geometry": {"type": "Point", "coordinates": [117.314065, 31.831945]}, "properties": {"name": "好乐购超市(当涂支路店)", "category": "supermarket", "sub_category": "060400|060200"}}, {"type": "Feature", "geometry": {"type": "Point", "coordinates": [117.303341, 31.828204]}, "properties": {"name": "快赣超市(珠光花园2期店)", "category": "supermarket", "sub_category": "060400"}}, {"type": "Feature", "geometry": {"type": "Point", "coordinates": [117.310925, 31.803152]}, "properties": {"name": "永爱烟酒超市(美生·滨江花月店)", "category": "supermarket", "sub_category": "061210|060400|060200"}}, {"type": "Feature", "geometry": {"type": "Point", "coordinates": [117.302262, 31.837753]}, "properties": {"name": "永福超市(金地国际城店)", "category": "supermarket", "sub_category": "060400"}}, {"type": "Feature", "geometry": {"type": "Point", "coordinates": [117.314653, 31.803867]}, "properties": {"name": "昭辉便利店", "category": "supermarket", "sub_category": "060400|060200"}}, {"type": "Feature", "geometry": {"type": "Point", "coordinates": [117.310081, 31.80551]}, "properties": {"name": "佳曦乐超市(临环苑店)", "category": "supermarket", "sub_category": "060400"}}, {"type": "Feature", "geometry": {"type": "Point", "coordinates": [117.306568, 31.831823]}, "properties": {"name": "乐鲜生鲜超市(包河店)", "category": "supermarket", "sub_category": "060400"}}, {"type": "Feature", "geometry": {"type": "Point", "coordinates": [117.321081, 31.815289]}, "properties": {"name": "利豆超市(淝河·安百苑店)", "category": "supermarket", "sub_category": "060400"}}, {"type": "Feature", "geometry": {"type": "Point", "coordinates": [117.315232, 31.808568]}, "properties": {"name": "欢乐购超市(龙川路店)", "category": "supermarket", "sub_category": "060400"}}, {"type": "Feature", "geometry": {"type": "Point", "coordinates": [117.310228, 31.8412]}, "properties": {"name": "华家金超市(文昌新村A区店)", "category": "supermarket", "sub_category": "060400"}}, {"type": "Feature", "geometry": {"type": "Point", "coordinates": [117.314089, 31.83947]}, "properties": {"name": "阳光超市(阳光上南店)", "category": "supermarket", "sub_category": "060400|060200"}}, {"type": "Feature", "geometry": {"type": "Point", "coordinates": [117.318881, 31.823541]}, "properties": {"name": "鑫禹泽烟酒茶行超市", "category": "supermarket", "sub_category": "060400"}}, {"type": "Feature", "geometry": {"type": "Point", "coordinates": [117.314543, 31.808018]}, "properties": {"name": "庐荣仁和超市", "category": "supermarket", "sub_category": "060200|060400"}}, {"type": "Feature", "geometry": {"type": "Point", "coordinates": [117.311525, 31.841225]}, "properties": {"name": "春谷生活超市(文昌雅居店)", "category": "supermarket", "sub_category": "060400|060200"}}, {"type": "Feature", "geometry": {"type": "Point", "coordinates": [117.323781, 31.839181]}, "properties": {"name": "百润万家超市(五里庙店)", "category": "supermarket", "sub_category": "060400"}}, {"type": "Feature", "geometry": {"type": "Point", "coordinates": [117.330508, 31.849185]}, "properties": {"name": "鸣鸣百货超市", "category": "supermarket", "sub_category": "060400"}}, {"type": "Feature", "geometry": {"type": "Point", "coordinates": [117.346159, 31.846427]}, "properties": {"name": "品德诚信超市", "category": "supermarket", "sub_category": "060400"}}, {"type": "Feature", "geometry": {"type": "Point", "coordinates": [117.315594, 31.831963]}, "properties": {"name": "嘉尔惠生活超市(当涂路店)", "category": "supermarket", "sub_category": "060400"}}, {"type": "Feature", "geometry": {"type": "Point", "coordinates": [117.314676, 31.808853]}, "properties": {"name": "旺和酒水超市", "category": "supermarket", "sub_category": "060200|060400"}}, {"type": "Feature", "geometry": {"type": "Point", "coordinates": [117.305654, 31.823994]}, "properties": {"name": "惠加友超市(地矿家园店)", "category": "supermarket", "sub_category": "060400"}}, {"type": "Feature", "geometry": {"type": "Point", "coordinates": [117.30075, 31.826764]}, "properties": {"name": "睿和超市(力高·柏林春天店)", "category": "supermarket", "sub_category": "060400"}}, {"type": "Feature", "geometry": {"type": "Point", "coordinates": [117.309994, 31.848049]}, "properties": {"name": "乡约超市(绿洲花园店)", "category": "supermarket", "sub_category": "060400"}}, {"type": "Feature", "geometry": {"type": "Point", "coordinates": [117.308464, 31.84237]}, "properties": {"name": "易家生活网上超市", "category": "supermarket", "sub_category": "060400"}}, {"type": "Feature", "geometry": {"type": "Point", "coordinates": [117.325068, 31.831439]}, "properties": {"name": "麦凯汇生鲜超市(青通河路店)", "category": "supermarket", "sub_category": "060400"}}, {"type": "Feature", "geometry": {"type": "Point", "coordinates": [117.328855, 31.82926]}, "properties": {"name": "福乐源超市(淝河大厦店)", "category": "supermarket", "sub_category": "060400"}}, {"type": "Feature", "geometry": {"type": "Point", "coordinates": [117.321864, 31.829275]}, "properties": {"name": "福锦来超市(金隅大成郡西苑店)", "category": "supermarket", "sub_category": "060400"}}, {"type": "Feature", "geometry": {"type": "Point", "coordinates": [117.316726, 31.829683]}, "properties": {"name": "庐小青生鲜超市(淝河佳苑店)", "category": "supermarket", "sub_category": "060703|060400"}}, {"type": "Feature", "geometry": {"type": "Point", "coordinates": [117.342926, 31.82843]}, "properties": {"name": "永佳超市(李城路店)", "category": "supermarket", "sub_category": "060400"}}, {"type": "Feature", "geometry": {"type": "Point", "coordinates": [117.315271, 31.843726]}, "properties": {"name": "兴福兴超市(元一·柏庄店)", "category": "supermarket", "sub_category": "060200|060400"}}, {"type": "Feature", "geometry": {"type": "Point", "coordinates": [117.339466, 31.841434]}, "properties": {"name": "金中百货超市(一尔悦城店)", "category": "supermarket", "sub_category": "060400"}}, {"type": "Feature", "geometry": {"type": "Point", "coordinates": [117.322819, 31.825628]}, "properties": {"name": "鸿发百货超市(安徽五金商贸城店)", "category": "supermarket", "sub_category": "060400"}}, {"type": "Feature", "geometry": {"type": "Point", "coordinates": [117.319831, 31.843268]}, "properties": {"name": "璟语畅商贸", "category": "supermarket", "sub_category": "060400"}}, {"type": "Feature", "geometry": {"type": "Point", "coordinates": [117.308825, 31.833275]}, "properties": {"name": "世纪华联超市(万振逍遥苑店)", "category": "supermarket", "sub_category": "060400"}}, {"type": "Feature", "geometry": {"type": "Point", "coordinates": [117.31669, 31.840954]}, "properties": {"name": "大刘超市(元一·柏庄店)", "category": "supermarket", "sub_category": "060400"}}, {"type": "Feature", "geometry": {"type": "Point", "coordinates": [117.321925, 31.816825]}, "properties": {"name": "合肥市包河区森川超市", "category": "supermarket", "sub_category": "060200|060400"}}, {"type": "Feature", "geometry": {"type": "Point", "coordinates": [117.313631, 31.814818]}, "properties": {"name": "合肥盛驿家生活超市(幸福雅苑A区店)", "category": "supermarket", "sub_category": "060400"}}, {"type": "Feature", "geometry": {"type": "Point", "coordinates": [117.331854, 31.825855]}, "properties": {"name": "伍年mini生鲜便利店(南淝河路店)", "category": "supermarket", "sub_category": "060400"}}, {"type": "Feature", "geometry": {"type": "Point", "coordinates": [117.314076, 31.843679]}, "properties": {"name": "沃联盟锐凯甄选超市", "category": "supermarket", "sub_category": "060400"}}, {"type": "Feature", "geometry": {"type": "Point", "coordinates": [117.311336, 31.84221]}, "properties": {"name": "裕峰生活超市(文昌雅居店)", "category": "supermarket", "sub_category": "060400"}}, {"type": "Feature", "geometry": {"type": "Point", "coordinates": [117.308989, 31.833667]}, "properties": {"name": "棒多棒日用百货超市(万振逍遥苑店)", "category": "supermarket", "sub_category": "060400"}}, {"type": "Feature", "geometry": {"type": "Point", "coordinates": [117.312432, 31.842182]}, "properties": {"name": "天泓超市(文昌雅居店)", "category": "supermarket", "sub_category": "060400"}}, {"type": "Feature", "geometry": {"type": "Point", "coordinates": [117.319062, 31.803286]}, "properties": {"name": "老粮站连锁超市(包河店)", "category": "supermarket", "sub_category": "060400"}}, {"type": "Feature", "geometry": {"type": "Point", "coordinates": [117.335282, 31.800716]}, "properties": {"name": "红松超市(包河花园C区店)", "category": "supermarket", "sub_category": "060400"}}, {"type": "Feature", "geometry": {"type": "Point", "coordinates": [117.311425, 31.841262]}, "properties": {"name": "康园生活超市(文昌雅居店)", "category": "supermarket", "sub_category": "060400"}}, {"type": "Feature", "geometry": {"type": "Point", "coordinates": [117.302725, 31.811175]}, "properties": {"name": "好又多超市", "category": "supermarket", "sub_category": "060400"}}, {"type": "Feature", "geometry": {"type": "Point", "coordinates": [117.348075, 31.842775]}, "properties": {"name": "好又多生活超市", "category": "supermarket", "sub_category": "060400"}}, {"type": "Feature", "geometry": {"type": "Point", "coordinates": [117.308243, 31.806916]}, "properties": {"name": "好又多超市(新中泰国际大厦店)", "category": "supermarket", "sub_category": "060400"}}, {"type": "Feature", "geometry": {"type": "Point", "coordinates": [117.330484, 31.820009]}, "properties": {"name": "e岸超市(安工院店)", "category": "supermarket", "sub_category": "060400"}}, {"type": "Feature", "geometry": {"type": "Point", "coordinates": [117.34615, 31.846992]}, "properties": {"name": "贝店·鲜惠多·生鲜省钱超市", "category": "supermarket", "sub_category": "060400"}}, {"type": "Feature", "geometry": {"type": "Point", "coordinates": [117.335536, 31.846366]}, "properties": {"name": "防盗门超市", "category": "supermarket", "sub_category": "060400"}}, {"type": "Feature", "geometry": {"type": "Point", "coordinates": [117.317675, 31.818625]}, "properties": {"name": "蚂蚁嘉吉超市(包河店)", "category": "supermarket", "sub_category": "060400"}}, {"type": "Feature", "geometry": {"type": "Point", "coordinates": [117.308111, 31.849495]}, "properties": {"name": "每日U选生活超市", "category": "supermarket", "sub_category": "060400"}}, {"type": "Feature", "geometry": {"type": "Point", "coordinates": [117.331075, 31.816654]}, "properties": {"name": "世纪华联超市(安徽工业经济职业技术学院东区店)", "category": "supermarket", "sub_category": "060400"}}, {"type": "Feature", "geometry": {"type": "Point", "coordinates": [117.315316, 31.841621]}, "properties": {"name": "军誉生活超市(元一·柏庄店)", "category": "supermarket", "sub_category": "060400"}}, {"type": "Feature", "geometry": {"type": "Point", "coordinates": [117.304776, 31.832327]}, "properties": {"name": "永恒超市(太湖路店)", "category": "supermarket", "sub_category": "060200|060400"}}, {"type": "Feature", "geometry": {"type": "Point", "coordinates": [117.332474, 31.826058]}, "properties": {"name": "许露晨烟酒商店", "category": "supermarket", "sub_category": "061210|060400"}}, {"type": "Feature", "geometry": {"type": "Point", "coordinates": [117.302015, 31.848655]}, "properties": {"name": "振强烟酒商贸", "category": "supermarket", "sub_category": "061210|060400"}}, {"type": "Feature", "geometry": {"type": "Point", "coordinates": [117.326429, 31.80624]}, "properties": {"name": "包河世纪华联优鲜(太平湖路店)", "category": "supermarket", "sub_category": "060400"}}, {"type": "Feature", "geometry": {"type": "Point", "coordinates": [117.302875, 31.832425]}, "properties": {"name": "樊文花面部护理(马鞍山南路绿地赢海店)", "category": "supermarket", "sub_category": "060400"}}, {"type": "Feature", "geometry": {"type": "Point", "coordinates": [117.301525, 31.815475]}, "properties": {"name": "屈臣氏(加侨国际广场店)(暂停营业)", "category": "supermarket", "sub_category": "060411"}}, {"type": "Feature", "geometry": {"type": "Point", "coordinates": [117.304525, 31.827975]}, "properties": {"name": "比比客中式快餐(金中环广场店)", "category": "supermarket", "sub_category": "060200|060400"}}, {"type": "Feature", "geometry": {"type": "Point", "coordinates": [117.336993, 31.869512]}, "properties": {"name": "盒马鲜生(宝业东城广场店)", "category": "supermarket", "sub_category": "060400"}}, {"type": "Feature", "geometry": {"type": "Point", "coordinates": [117.307452, 31.860476]}, "properties": {"name": "盒马鲜生(合肥坝上吾悦广场店)", "category": "supermarket", "sub_category": "060400"}}, {"type": "Feature", "geometry": {"type": "Point", "coordinates": [117.309365, 31.886036]}, "properties": {"name": "永辉超市(宝文店)", "category": "supermarket", "sub_category": "060400"}}, {"type": "Feature", "geometry": {"type": "Point", "coordinates": [117.333476, 31.877157]}, "properties": {"name": "合家福超市(临泉东路店)", "category": "supermarket", "sub_category": "060400"}}, {"type": "Feature", "geometry": {"type": "Point", "coordinates": [117.336815, 31.866681]}, "properties": {"name": "盒马鲜生(瑶海天地店)", "category": "supermarket", "sub_category": "060400"}}, {"type": "Feature", "geometry": {"type": "Point", "coordinates": [117.303093, 31.85671]}, "properties": {"name": "永辉超市(合肥市包河万达店)", "category": "supermarket", "sub_category": "060400"}}, {"type": "Feature", "geometry": {"type": "Point", "coordinates": [117.349114, 31.877414]}, "properties": {"name": "永辉超市(瑶海万达店)", "category": "supermarket", "sub_category": "060400"}}, {"type": "Feature", "geometry": {"type": "Point", "coordinates": [117.326547, 31.895419]}, "properties": {"name": "悦活里超市(家天下店)", "category": "supermarket", "sub_category": "060400"}}, {"type": "Feature", "geometry": {"type": "Point", "coordinates": [117.32034, 31.899216]}, "properties": {"name": "来优品省钱超市(武里山天街店)", "category": "supermarket", "sub_category": "060400|061200"}}, {"type": "Feature", "geometry": {"type": "Point", "coordinates": [117.322061, 31.889503]}, "properties": {"name": "合家福超市(合肥瑶海西路店)", "category": "supermarket", "sub_category": "060400"}}, {"type": "Feature", "geometry": {"type": "Point", "coordinates": [117.313148, 31.860989]}, "properties": {"name": "合家福连锁超市(全椒路店)", "category": "supermarket", "sub_category": "060400"}}, {"type": "Feature", "geometry": {"type": "Point", "coordinates": [117.316743, 31.856396]}, "properties": {"name": "合家福(昆山兰蔻金鹰国际购物中心店)", "category": "supermarket", "sub_category": "060400"}}, {"type": "Feature", "geometry": {"type": "Point", "coordinates": [117.336899, 31.869483]}, "properties": {"name": "好特卖HotMaxx(宝业奥莱店)", "category": "supermarket", "sub_category": "060400"}}, {"type": "Feature", "geometry": {"type": "Point", "coordinates": [117.331417, 31.855425]}, "properties": {"name": "北京华联和平路购物中心", "category": "supermarket", "sub_category": "060404"}}, {"type": "Feature", "geometry": {"type": "Point", "coordinates": [117.323647, 31.868769]}, "properties": {"name": "庐州生活超市", "category": "supermarket", "sub_category": "060400|060200"}}, {"type": "Feature", "geometry": {"type": "Point", "coordinates": [117.318353, 31.859653]}, "properties": {"name": "合肥合家福(来安花园店)", "category": "supermarket", "sub_category": "060400"}}, {"type": "Feature", "geometry": {"type": "Point", "coordinates": [117.312694, 31.869613]}, "properties": {"name": "满家生鲜(三里街店)", "category": "supermarket", "sub_category": "060703|060400"}}, {"type": "Feature", "geometry": {"type": "Point", "coordinates": [117.315183, 31.873055]}, "properties": {"name": "好市发超市(凤阳东路店)", "category": "supermarket", "sub_category": "060400|060200"}}, {"type": "Feature", "geometry": {"type": "Point", "coordinates": [117.309675, 31.874828]}, "properties": {"name": "邻几便利店(温莎国际广场店)", "category": "supermarket", "sub_category": "060200|060400"}}, {"type": "Feature", "geometry": {"type": "Point", "coordinates": [117.319293, 31.874571]}, "properties": {"name": "好又多超市(信地·城市广场店)", "category": "supermarket", "sub_category": "060400"}}, {"type": "Feature", "geometry": {"type": "Point", "coordinates": [117.324624, 31.850189]}, "properties": {"name": "爱心缘生活超市(宝业·城市绿苑店)", "category": "supermarket", "sub_category": "060200|060400"}}, {"type": "Feature", "geometry": {"type": "Point", "coordinates": [117.303429, 31.866538]}, "properties": {"name": "可乐生活超市(滁州路店)", "category": "supermarket", "sub_category": "060400"}}, {"type": "Feature", "geometry": {"type": "Point", "coordinates": [117.312347, 31.867745]}, "properties": {"name": "好朋友超市(淮北新村店)", "category": "supermarket", "sub_category": "060200|060400"}}, {"type": "Feature", "geometry": {"type": "Point", "coordinates": [117.323505, 31.866072]}, "properties": {"name": "日之惠超市(铜陵路店)", "category": "supermarket", "sub_category": "060400"}}, {"type": "Feature", "geometry": {"type": "Point", "coordinates": [117.335901, 31.860534]}, "properties": {"name": "福安生活超市(铁山路店)", "category": "supermarket", "sub_category": "060400"}}, {"type": "Feature", "geometry": {"type": "Point", "coordinates": [117.33931, 31.896135]}, "properties": {"name": "好市发超市(方桥店)", "category": "supermarket", "sub_category": "060400"}}, {"type": "Feature", "geometry": {"type": "Point", "coordinates": [117.338343, 31.876547]}, "properties": {"name": "谊品生鲜(森海豪庭店)", "category": "supermarket", "sub_category": "060703|060400"}}, {"type": "Feature", "geometry": {"type": "Point", "coordinates": [117.300153, 31.876155]}, "properties": {"name": "来优品省钱超市(恒大广场店)", "category": "supermarket", "sub_category": "060400"}}, {"type": "Feature", "geometry": {"type": "Point", "coordinates": [117.303928, 31.863294]}, "properties": {"name": "天客来超市(圣大国际商贸中心店)", "category": "supermarket", "sub_category": "060400|060200"}}, {"type": "Feature", "geometry": {"type": "Point", "coordinates": [117.332527, 31.862546]}, "properties": {"name": "好家美生活超市", "category": "supermarket", "sub_category": "060400|060200"}}, {"type": "Feature", "geometry": {"type": "Point", "coordinates": [117.314518, 31.878138]}, "properties": {"name": "生鲜壹号水果超市(万豪花园店)", "category": "supermarket", "sub_category": "060703|060400"}}, {"type": "Feature", "geometry": {"type": "Point", "coordinates": [117.310124, 31.8946]}, "properties": {"name": "海客华联超市(铁静苑店)", "category": "supermarket", "sub_category": "060400"}}, {"type": "Feature", "geometry": {"type": "Point", "coordinates": [117.326992, 31.876252]}, "properties": {"name": "世纪华联超市(橘郡万绿园店)", "category": "supermarket", "sub_category": "060400"}}, {"type": "Feature", "geometry": {"type": "Point", "coordinates": [117.305114, 31.871764]}, "properties": {"name": "迪购超市(恒大广场店)", "category": "supermarket", "sub_category": "060400"}}, {"type": "Feature", "geometry": {"type": "Point", "coordinates": [117.306967, 31.894216]}, "properties": {"name": "千依悦生活超市(铁静苑店)", "category": "supermarket", "sub_category": "060400"}}, {"type": "Feature", "geometry": {"type": "Point", "coordinates": [117.30109, 31.885489]}, "properties": {"name": "年年好超市(新蚌埠路店)", "category": "supermarket", "sub_category": "060400"}}, {"type": "Feature", "geometry": {"type": "Point", "coordinates": [117.320157, 31.896286]}, "properties": {"name": "美佳乐精品生活超市(扶疏路店)", "category": "supermarket", "sub_category": "060400"}}, {"type": "Feature", "geometry": {"type": "Point", "coordinates": [117.302887, 31.884616]}, "properties": {"name": "开轩生活超市(临泉路店)", "category": "supermarket", "sub_category": "060400"}}, {"type": "Feature", "geometry": {"type": "Point", "coordinates": [117.340817, 31.896319]}, "properties": {"name": "惠佳超市(瑶海店)", "category": "supermarket", "sub_category": "060400"}}, {"type": "Feature", "geometry": {"type": "Point", "coordinates": [117.303498, 31.866257]}, "properties": {"name": "便民生活超市", "category": "supermarket", "sub_category": "060400|060200"}}, {"type": "Feature", "geometry": {"type": "Point", "coordinates": [117.308148, 31.876675]}, "properties": {"name": "中星城超市(时代花园店)", "category": "supermarket", "sub_category": "060400|060200"}}, {"type": "Feature", "geometry": {"type": "Point", "coordinates": [117.308678, 31.889568]}, "properties": {"name": "惠家生活超市", "category": "supermarket", "sub_category": "060400"}}, {"type": "Feature", "geometry": {"type": "Point", "coordinates": [117.315376, 31.874414]}, "properties": {"name": "吉买生活超市(全椒路店)", "category": "supermarket", "sub_category": "060400"}}, {"type": "Feature", "geometry": {"type": "Point", "coordinates": [117.311835, 31.883324]}, "properties": {"name": "福家家超市(五洲商城B区2栋店)", "category": "supermarket", "sub_category": "060400"}}, {"type": "Feature", "geometry": {"type": "Point", "coordinates": [117.317502, 31.883162]}, "properties": {"name": "鑫联生活超市(金兴苑店)", "category": "supermarket", "sub_category": "060400|060200"}}, {"type": "Feature", "geometry": {"type": "Point", "coordinates": [117.300023, 31.88702]}, "properties": {"name": "银都苑超市", "category": "supermarket", "sub_category": "060400"}}, {"type": "Feature", "geometry": {"type": "Point", "coordinates": [117.314487, 31.876391]}, "properties": {"name": "庐小青生鲜超市(敬亭山路店)", "category": "supermarket", "sub_category": "060400"}}, {"type": "Feature", "geometry": {"type": "Point", "coordinates": [117.324726, 31.867275]}, "properties": {"name": "多多便利超市", "category": "supermarket", "sub_category": "060400"}}, {"type": "Feature", "geometry": {"type": "Point", "coordinates": [117.306189, 31.878647]}, "properties": {"name": "金客来烟酒超市(中州世纪广场B座店)", "category": "supermarket", "sub_category": "061210|060400|060200"}}, {"type": "Feature", "geometry": {"type": "Point", "coordinates": [117.334088, 31.871531]}, "properties": {"name": "谊品生鲜生活超市(凤阳东路店)", "category": "supermarket", "sub_category": "060703|060400|060200"}}, {"type": "Feature", "geometry": {"type": "Point", "coordinates": [117.317302, 31.859398]}, "properties": {"name": "大通路农家超市", "category": "supermarket", "sub_category": "060703|060400"}}, {"type": "Feature", "geometry": {"type": "Point", "coordinates": [117.342999, 31.858785]}, "properties": {"name": "百优邻家超市(福满华庭店)", "category": "supermarket", "sub_category": "060400"}}, {"type": "Feature", "geometry": {"type": "Point", "coordinates": [117.328695, 31.897206]}, "properties": {"name": "AA百货超市(家天下店)", "category": "supermarket", "sub_category": "060400"}}, {"type": "Feature", "geometry": {"type": "Point", "coordinates": [117.314712, 31.870076]}, "properties": {"name": "百家智超市(姚大塘新村店)", "category": "supermarket", "sub_category": "060400"}}, {"type": "Feature", "geometry": {"type": "Point", "coordinates": [117.344197, 31.872285]}, "properties": {"name": "晶品冠生活超市", "category": "supermarket", "sub_category": "060400"}}, {"type": "Feature", "geometry": {"type": "Point", "coordinates": [117.34312, 31.858725]}, "properties": {"name": "张坤生鲜超市(福满华庭店)", "category": "supermarket", "sub_category": "060400"}}, {"type": "Feature", "geometry": {"type": "Point", "coordinates": [117.33913, 31.872367]}, "properties": {"name": "喜邻汇生活超市(宝业东城店)", "category": "supermarket", "sub_category": "060400"}}, {"type": "Feature", "geometry": {"type": "Point", "coordinates": [117.348375, 31.864775]}, "properties": {"name": "世纪华联优鲜超市(新海家园新合作邻里中心新安江路店)", "category": "supermarket", "sub_category": "060400"}}, {"type": "Feature", "geometry": {"type": "Point", "coordinates": [117.338692, 31.865577]}, "properties": {"name": "福祥超市(福海新居店)", "category": "supermarket", "sub_category": "060400|060200"}}, {"type": "Feature", "geometry": {"type": "Point", "coordinates": [117.342953, 31.898955]}, "properties": {"name": "诚价超市(新海尚宸家园店)", "category": "supermarket", "sub_category": "060200|060400"}}, {"type": "Feature", "geometry": {"type": "Point", "coordinates": [117.332809, 31.86004]}, "properties": {"name": "顺发超市(梦和雅居店)", "category": "supermarket", "sub_category": "060400|060200"}}, {"type": "Feature", "geometry": {"type": "Point", "coordinates": [117.310862, 31.899488]}, "properties": {"name": "沃森超市(和昌店)", "category": "supermarket", "sub_category": "060400"}}, {"type": "Feature", "geometry": {"type": "Point", "coordinates": [117.335966, 31.888922]}, "properties": {"name": "百乐超市(太极路店)", "category": "supermarket", "sub_category": "060200|060400"}}, {"type": "Feature", "geometry": {"type": "Point", "coordinates": [117.348051, 31.876406]}, "properties": {"name": "乐汇优品(同济苹果嘉园店)", "category": "supermarket", "sub_category": "060400|060200"}}, {"type": "Feature", "geometry": {"type": "Point", "coordinates": [117.349679, 31.856409]}, "properties": {"name": "恩群百货超市(民建大院店)", "category": "supermarket", "sub_category": "060603|060400"}}, {"type": "Feature", "geometry": {"type": "Point", "coordinates": [117.301116, 31.879762]}, "properties": {"name": "保刚百货超市", "category": "supermarket", "sub_category": "060400|060200"}}, {"type": "Feature", "geometry": {"type": "Point", "coordinates": [117.333296, 31.859511]}, "properties": {"name": "语之博烟酒超市", "category": "supermarket", "sub_category": "061210|060400"}}, {"type": "Feature", "geometry": {"type": "Point", "coordinates": [117.325574, 31.872132]}, "properties": {"name": "月诺星生活超市(凤阳东路店)", "category": "supermarket", "sub_category": "060400"}}, {"type": "Feature", "geometry": {"type": "Point", "coordinates": [117.310825, 31.880867]}, "properties": {"name": "汤舒超市", "category": "supermarket", "sub_category": "060400"}}, {"type": "Feature", "geometry": {"type": "Point", "coordinates": [117.329181, 31.872348]}, "properties": {"name": "联众超市", "category": "supermarket", "sub_category": "060400|060200"}}, {"type": "Feature", "geometry": {"type": "Point", "coordinates": [117.335437, 31.868008]}, "properties": {"name": "惠久超市(快达小康苑店)", "category": "supermarket", "sub_category": "060400|060200"}}, {"type": "Feature", "geometry": {"type": "Point", "coordinates": [117.345367, 31.878449]}, "properties": {"name": "客隆超市(站前东路店)", "category": "supermarket", "sub_category": "060400"}}, {"type": "Feature", "geometry": {"type": "Point", "coordinates": [117.334353, 31.872237]}, "properties": {"name": "正元生活超市(凤阳东路店)", "category": "supermarket", "sub_category": "060400"}}, {"type": "Feature", "geometry": {"type": "Point", "coordinates": [117.316947, 31.85219]}, "properties": {"name": "旺升玉见烟酒超市(保利熙悦府店)", "category": "supermarket", "sub_category": "060400"}}, {"type": "Feature", "geometry": {"type": "Point", "coordinates": [117.321976, 31.853607]}, "properties": {"name": "家乐多超市(宝业·城市绿苑北区店)", "category": "supermarket", "sub_category": "060400"}}, {"type": "Feature", "geometry": {"type": "Point", "coordinates": [117.339725, 31.892895]}, "properties": {"name": "千家惠超市(信达·格兰云天店)", "category": "supermarket", "sub_category": "060400|060200"}}, {"type": "Feature", "geometry": {"type": "Point", "coordinates": [117.323675, 31.872425]}, "properties": {"name": "惠尔乐超市(铜凤大厦店)", "category": "supermarket", "sub_category": "060200|060400"}}, {"type": "Feature", "geometry": {"type": "Point", "coordinates": [117.314494, 31.851542]}, "properties": {"name": "芙蓉兴盛便利超市(中翔·盛景名苑店)", "category": "supermarket", "sub_category": "060400|060200"}}, {"type": "Feature", "geometry": {"type": "Point", "coordinates": [117.31295, 31.859948]}, "properties": {"name": "可乐生活超市(荣成雅居苑店)", "category": "supermarket", "sub_category": "060400"}}, {"type": "Feature", "geometry": {"type": "Point", "coordinates": [117.317757, 31.856174]}, "properties": {"name": "云胜百货超市", "category": "supermarket", "sub_category": "060400"}}, {"type": "Feature", "geometry": {"type": "Point", "coordinates": [117.318595, 31.883656]}, "properties": {"name": "乡佐霞超市", "category": "supermarket", "sub_category": "060400|060200"}}, {"type": "Feature", "geometry": {"type": "Point", "coordinates": [117.313451, 31.882173]}, "properties": {"name": "好朋友光大店(光大国际广场店)", "category": "supermarket", "sub_category": "060200|060400"}}, {"type": "Feature", "geometry": {"type": "Point", "coordinates": [117.336067, 31.896155]}, "properties": {"name": "鲜乐美超市(碧水雅居店)", "category": "supermarket", "sub_category": "060400"}}, {"type": "Feature", "geometry": {"type": "Point", "coordinates": [117.305375, 31.883954]}, "properties": {"name": "新百货超市", "category": "supermarket", "sub_category": "060400"}}, {"type": "Feature", "geometry": {"type": "Point", "coordinates": [117.327127, 31.897513]}, "properties": {"name": "阳光汇景超市", "category": "supermarket", "sub_category": "060400"}}, {"type": "Feature", "geometry": {"type": "Point", "coordinates": [117.300722, 31.872195]}, "properties": {"name": "鲜品荟生活超市", "category": "supermarket", "sub_category": "060400"}}, {"type": "Feature", "geometry": {"type": "Point", "coordinates": [117.305625, 31.866575]}, "properties": {"name": "百货超市", "category": "supermarket", "sub_category": "060200|060400"}}, {"type": "Feature", "geometry": {"type": "Point", "coordinates": [117.332747, 31.873787]}, "properties": {"name": "可乐生活超市(人才苑店)", "category": "supermarket", "sub_category": "060200|060400"}}, {"type": "Feature", "geometry": {"type": "Point", "coordinates": [117.331876, 31.875374]}, "properties": {"name": "绿满园惠民农业超市(汪塘小区南区店)", "category": "supermarket", "sub_category": "060703|060400"}}, {"type": "Feature", "geometry": {"type": "Point", "coordinates": [117.343956, 31.871114]}, "properties": {"name": "国枫园连锁超市(站塘路店)", "category": "supermarket", "sub_category": "060400"}}, {"type": "Feature", "geometry": {"type": "Point", "coordinates": [117.305037, 31.875474]}, "properties": {"name": "惠品家超市(长淮店)", "category": "supermarket", "sub_category": "060400"}}, {"type": "Feature", "geometry": {"type": "Point", "coordinates": [117.309416, 31.866059]}, "properties": {"name": "联静超市", "category": "supermarket", "sub_category": "060400|060200"}}, {"type": "Feature", "geometry": {"type": "Point", "coordinates": [117.335904, 31.888076]}, "properties": {"name": "携手生活超市(巴黎春天店)", "category": "supermarket", "sub_category": "060400|060200"}}, {"type": "Feature", "geometry": {"type": "Point", "coordinates": [117.329802, 31.897319]}, "properties": {"name": "优一佳生活超市(香江生态丽景C区店)", "category": "supermarket", "sub_category": "060400"}}, {"type": "Feature", "geometry": {"type": "Point", "coordinates": [117.336726, 31.888815]}, "properties": {"name": "合瑞元超市(巴黎春天爱丽舍店)", "category": "supermarket", "sub_category": "060400"}}, {"type": "Feature", "geometry": {"type": "Point", "coordinates": [117.312922, 31.882585]}, "properties": {"name": "爱上街超市(光大国际广场店)", "category": "supermarket", "sub_category": "060400"}}, {"type": "Feature", "geometry": {"type": "Point", "coordinates": [117.326287, 31.853471]}, "properties": {"name": "亚亚超市(肥东路)", "category": "supermarket", "sub_category": "060400|060200"}}, {"type": "Feature", "geometry": {"type": "Point", "coordinates": [117.319739, 31.882985]}, "properties": {"name": "和友源超市(车站店)", "category": "supermarket", "sub_category": "060400|060200"}}, {"type": "Feature", "geometry": {"type": "Point", "coordinates": [117.338103, 31.859342]}, "properties": {"name": "景和酒水 烟火连锁", "category": "supermarket", "sub_category": "060200|060400"}}, {"type": "Feature", "geometry": {"type": "Point", "coordinates": [117.310511, 31.856978]}, "properties": {"name": "喜士多生活超市(蓝岸雅居店)", "category": "supermarket", "sub_category": "060400"}}, {"type": "Feature", "geometry": {"type": "Point", "coordinates": [117.305405, 31.88234]}, "properties": {"name": "乐优选超市(长春都市花园店)", "category": "supermarket", "sub_category": "060400"}}, {"type": "Feature", "geometry": {"type": "Point", "coordinates": [117.326051, 31.876789]}, "properties": {"name": "泓诚超市", "category": "supermarket", "sub_category": "060400"}}, {"type": "Feature", "geometry": {"type": "Point", "coordinates": [117.310212, 31.884822]}, "properties": {"name": "乐颜超市(宝文花园店)", "category": "supermarket", "sub_category": "060400|060200"}}, {"type": "Feature", "geometry": {"type": "Point", "coordinates": [117.304794, 31.879312]}, "properties": {"name": "家家旺超市(新亚店)", "category": "supermarket", "sub_category": "060400|060200"}}, {"type": "Feature", "geometry": {"type": "Point", "coordinates": [117.344583, 31.884546]}, "properties": {"name": "好朋友银领(时代小区店)", "category": "supermarket", "sub_category": "060200|060400"}}, {"type": "Feature", "geometry": {"type": "Point", "coordinates": [117.319922, 31.880042]}, "properties": {"name": "徽奥仟品超市(景荣花园店)", "category": "supermarket", "sub_category": "060400"}}, {"type": "Feature", "geometry": {"type": "Point", "coordinates": [117.346904, 31.878986]}, "properties": {"name": "诚信生鲜超市", "category": "supermarket", "sub_category": "060400"}}, {"type": "Feature", "geometry": {"type": "Point", "coordinates": [117.344299, 31.873831]}, "properties": {"name": "凤志烟酒店(金盛家园店)", "category": "supermarket", "sub_category": "061210|060400|060200"}}, {"type": "Feature", "geometry": {"type": "Point", "coordinates": [117.308761, 31.886662]}, "properties": {"name": "德信烟酒茶行", "category": "supermarket", "sub_category": "060400"}}, {"type": "Feature", "geometry": {"type": "Point", "coordinates": [117.335933, 31.889008]}, "properties": {"name": "幸福生活广场", "category": "supermarket", "sub_category": "060400"}}, {"type": "Feature", "geometry": {"type": "Point", "coordinates": [117.303531, 31.88934]}, "properties": {"name": "喜客隆超市(张洼店)", "category": "supermarket", "sub_category": "060400"}}, {"type": "Feature", "geometry": {"type": "Point", "coordinates": [117.3247, 31.884702]}, "properties": {"name": "庐铺生活超市", "category": "supermarket", "sub_category": "060400"}}, {"type": "Feature", "geometry": {"type": "Point", "coordinates": [117.325939, 31.866511]}, "properties": {"name": "王家超市(万货店)", "category": "supermarket", "sub_category": "060400"}}, {"type": "Feature", "geometry": {"type": "Point", "coordinates": [117.338368, 31.86002]}, "properties": {"name": "桦联生活超市(东方摩域艺术商业广场店)", "category": "supermarket", "sub_category": "060400"}}, {"type": "Feature", "geometry": {"type": "Point", "coordinates": [117.348943, 31.886435]}, "properties": {"name": "国枫园连锁超市(林语人家店)", "category": "supermarket", "sub_category": "060400|060200"}}, {"type": "Feature", "geometry": {"type": "Point", "coordinates": [117.331699, 31.875568]}, "properties": {"name": "高春生鲜超市", "category": "supermarket", "sub_category": "060703|060400"}}, {"type": "Feature", "geometry": {"type": "Point", "coordinates": [117.30892, 31.850766]}, "properties": {"name": "品增优选超市(君柳河畔店)", "category": "supermarket", "sub_category": "060400"}}, {"type": "Feature", "geometry": {"type": "Point", "coordinates": [117.320844, 31.896057]}, "properties": {"name": "家天下社区团购店", "category": "supermarket", "sub_category": "060400"}}, {"type": "Feature", "geometry": {"type": "Point", "coordinates": [117.305248, 31.878856]}, "properties": {"name": "鑫客莱24小时精品生活超市", "category": "supermarket", "sub_category": "060400"}}, {"type": "Feature", "geometry": {"type": "Point", "coordinates": [117.324275, 31.892875]}, "properties": {"name": "喜众购超市(家天下店)", "category": "supermarket", "sub_category": "060200|060400"}}, {"type": "Feature", "geometry": {"type": "Point", "coordinates": [117.312784, 31.882405]}, "properties": {"name": "平价水果超市", "category": "supermarket", "sub_category": "060704|060400"}}, {"type": "Feature", "geometry": {"type": "Point", "coordinates": [117.341602, 31.890918]}, "properties": {"name": "荣华超市(信达·格兰云天店)", "category": "supermarket", "sub_category": "060400|060200"}}, {"type": "Feature", "geometry": {"type": "Point", "coordinates": [117.327078, 31.855503]}, "properties": {"name": "乐购达超市", "category": "supermarket", "sub_category": "060400"}}, {"type": "Feature", "geometry": {"type": "Point", "coordinates": [117.301858, 31.889798]}, "properties": {"name": "易品惠生活超市", "category": "supermarket", "sub_category": "060400"}}, {"type": "Feature", "geometry": {"type": "Point", "coordinates": [117.326163, 31.896068]}, "properties": {"name": "家福乐超市(阳光汇景店)", "category": "supermarket", "sub_category": "060400"}}, {"type": "Feature", "geometry": {"type": "Point", "coordinates": [117.306529, 31.922183]}, "properties": {"name": "润宜佳生活超市(淮合花园店)", "category": "supermarket", "sub_category": "060400"}}, {"type": "Feature", "geometry": {"type": "Point", "coordinates": [117.346015, 31.930986]}, "properties": {"name": "京商商贸城G区润万家超市", "category": "supermarket", "sub_category": "060400"}}, {"type": "Feature", "geometry": {"type": "Point", "coordinates": [117.308194, 31.905502]}, "properties": {"name": "润宜佳购物中心(兴海苑店)", "category": "supermarket", "sub_category": "060400"}}, {"type": "Feature", "geometry": {"type": "Point", "coordinates": [117.305971, 31.901159]}, "properties": {"name": "满天星超市(兴海店)", "category": "supermarket", "sub_category": "060400"}}, {"type": "Feature", "geometry": {"type": "Point", "coordinates": [117.341231, 31.929081]}, "properties": {"name": "润万家超市H区店", "category": "supermarket", "sub_category": "060400"}}, {"type": "Feature", "geometry": {"type": "Point", "coordinates": [117.342413, 31.935897]}, "properties": {"name": "华联超市(陶冲湖店)", "category": "supermarket", "sub_category": "060400"}}, {"type": "Feature", "geometry": {"type": "Point", "coordinates": [117.340131, 31.905574]}, "properties": {"name": "华联超市(长虹世纪荣廷店)", "category": "supermarket", "sub_category": "060400"}}, {"type": "Feature", "geometry": {"type": "Point", "coordinates": [117.345194, 31.93251]}, "properties": {"name": "联华生鲜超市(淮海大道店)", "category": "supermarket", "sub_category": "060400"}}, {"type": "Feature", "geometry": {"type": "Point", "coordinates": [117.347339, 31.931063]}, "properties": {"name": "京兴烟酒超市", "category": "supermarket", "sub_category": "061210|060400"}}, {"type": "Feature", "geometry": {"type": "Point", "coordinates": [117.305139, 31.936842]}, "properties": {"name": "大毛连锁超市宝湾八店", "category": "supermarket", "sub_category": "060400"}}, {"type": "Feature", "geometry": {"type": "Point", "coordinates": [117.33841, 31.900714]}, "properties": {"name": "合家悦邻里超市(皇藏峪路店)", "category": "supermarket", "sub_category": "060400"}}, {"type": "Feature", "geometry": {"type": "Point", "coordinates": [117.349078, 31.934199]}, "properties": {"name": "润万家省钱超市(北岗花园店)", "category": "supermarket", "sub_category": "060400"}}, {"type": "Feature", "geometry": {"type": "Point", "coordinates": [117.338876, 31.906451]}, "properties": {"name": "品诺生活超市(世纪荣廷店)", "category": "supermarket", "sub_category": "060400"}}, {"type": "Feature", "geometry": {"type": "Point", "coordinates": [117.344224, 31.92298]}, "properties": {"name": "桔多连锁超市(京商商贸城店)", "category": "supermarket", "sub_category": "060400"}}, {"type": "Feature", "geometry": {"type": "Point", "coordinates": [117.338793, 31.928868]}, "properties": {"name": "第三家超市二店", "category": "supermarket", "sub_category": "060400"}}, {"type": "Feature", "geometry": {"type": "Point", "coordinates": [117.338046, 31.929156]}, "properties": {"name": "惠天下生活超市(京商国际商贸城E区日用百货店)", "category": "supermarket", "sub_category": "060400"}}, {"type": "Feature", "geometry": {"type": "Point", "coordinates": [117.340707, 31.933919]}, "properties": {"name": "世纪华联超市", "category": "supermarket", "sub_category": "060400"}}, {"type": "Feature", "geometry": {"type": "Point", "coordinates": [117.308772, 31.90884]}, "properties": {"name": "益家生活超市(兴海苑三期店)", "category": "supermarket", "sub_category": "060400"}}, {"type": "Feature", "geometry": {"type": "Point", "coordinates": [117.327246, 31.943829]}, "properties": {"name": "旺佳福超市(杨岗店)", "category": "supermarket", "sub_category": "060400"}}, {"type": "Feature", "geometry": {"type": "Point", "coordinates": [117.34008, 31.929728]}, "properties": {"name": "好又多生鲜超市(京商店)", "category": "supermarket", "sub_category": "060400"}}, {"type": "Feature", "geometry": {"type": "Point", "coordinates": [117.34128, 31.933923]}, "properties": {"name": "酒智慧超市(京商商贸城店)", "category": "supermarket", "sub_category": "061210|060400"}}, {"type": "Feature", "geometry": {"type": "Point", "coordinates": [117.312961, 31.904835]}, "properties": {"name": "金海烟酒超市(金海花园店)", "category": "supermarket", "sub_category": "060400"}}, {"type": "Feature", "geometry": {"type": "Point", "coordinates": [117.348488, 31.928033]}, "properties": {"name": "AA百货超市(京商店)", "category": "supermarket", "sub_category": "060400"}}, {"type": "Feature", "geometry": {"type": "Point", "coordinates": [117.317116, 31.900001]}, "properties": {"name": "静然生鲜超市(瑶海佳苑菜市场店)", "category": "supermarket", "sub_category": "060703|060400"}}, {"type": "Feature", "geometry": {"type": "Point", "coordinates": [117.302469, 31.924271]}, "properties": {"name": "百乐生活超市(大富新领地店)", "category": "supermarket", "sub_category": "060400"}}, {"type": "Feature", "geometry": {"type": "Point", "coordinates": [117.348274, 31.924832]}, "properties": {"name": "陶胡生活超市", "category": "supermarket", "sub_category": "060400"}}, {"type": "Feature", "geometry": {"type": "Point", "coordinates": [117.303395, 31.90172]}, "properties": {"name": "家家乐超市(兴海苑店)", "category": "supermarket", "sub_category": "060400|060200"}}, {"type": "Feature", "geometry": {"type": "Point", "coordinates": [117.340359, 31.93404]}, "properties": {"name": "勤之园百货生活超市(京商国际商贸城D区店)", "category": "supermarket", "sub_category": "060400"}}, {"type": "Feature", "geometry": {"type": "Point", "coordinates": [117.344832, 31.931932]}, "properties": {"name": "亿家乐超市(京商商贸城店)", "category": "supermarket", "sub_category": "060400"}}, {"type": "Feature", "geometry": {"type": "Point", "coordinates": [117.307575, 31.922125]}, "properties": {"name": "合家鲟邻里超市(淮合花园店)", "category": "supermarket", "sub_category": "060400"}}, {"type": "Feature", "geometry": {"type": "Point", "coordinates": [117.340601, 31.936327]}, "properties": {"name": "优品超市(陶冲湖店)", "category": "supermarket", "sub_category": "060400"}}, {"type": "Feature", "geometry": {"type": "Point", "coordinates": [117.323575, 31.936675]}, "properties": {"name": "润万家省钱超市", "category": "supermarket", "sub_category": "060400"}}, {"type": "Feature", "geometry": {"type": "Point", "coordinates": [117.320325, 31.905125]}, "properties": {"name": "优鲜迈生活超市(瑶海店)", "category": "supermarket", "sub_category": "060400"}}, {"type": "Feature", "geometry": {"type": "Point", "coordinates": [117.317169, 31.903868]}, "properties": {"name": "好又多生活超市(淮肥佳苑店)", "category": "supermarket", "sub_category": "060400"}}, {"type": "Feature", "geometry": {"type": "Point", "coordinates": [117.316551, 31.900609]}, "properties": {"name": "福徽超市(合肥市店)", "category": "supermarket", "sub_category": "060400"}}, {"type": "Feature", "geometry": {"type": "Point", "coordinates": [117.349079, 31.924494]}, "properties": {"name": "润万家超市(京商K区店)", "category": "supermarket", "sub_category": "060400"}}, {"type": "Feature", "geometry": {"type": "Point", "coordinates": [117.304169, 31.922553]}, "properties": {"name": "优一佳生活超市(华润熙云府东区店)", "category": "supermarket", "sub_category": "060400"}}, {"type": "Feature", "geometry": {"type": "Point", "coordinates": [117.347285, 31.924934]}, "properties": {"name": "K区惠优买生活超市", "category": "supermarket", "sub_category": "060400"}}, {"type": "Feature", "geometry": {"type": "Point", "coordinates": [117.316335, 31.900025]}, "properties": {"name": "物润美生活超市", "category": "supermarket", "sub_category": "060400"}}, {"type": "Feature", "geometry": {"type": "Point", "coordinates": [117.338375, 31.900675]}, "properties": {"name": "万家亿佰生活超市", "category": "supermarket", "sub_category": "060400"}}, {"type": "Feature", "geometry": {"type": "Point", "coordinates": [117.327448, 31.935456]}, "properties": {"name": "上海中联超市(绿地香树花城店)", "category": "supermarket", "sub_category": "060400"}}, {"type": "Feature", "geometry": {"type": "Point", "coordinates": [117.340025, 31.934625]}, "properties": {"name": "桔多超市京商D区", "category": "supermarket", "sub_category": "060400"}}, {"type": "Feature", "geometry": {"type": "Point", "coordinates": [117.327478, 31.945035]}, "properties": {"name": "合福超市(怀远路店)", "category": "supermarket", "sub_category": "060400"}}, {"type": "Feature", "geometry": {"type": "Point", "coordinates": [117.306122, 31.901343]}, "properties": {"name": "悦润多生活超市(萧城路店)", "category": "supermarket", "sub_category": "060400"}}, {"type": "Feature", "geometry": {"type": "Point", "coordinates": [117.33766, 31.926717]}, "properties": {"name": "园园生鲜超市(京商商贸城F区店)", "category": "supermarket", "sub_category": "060400"}}, {"type": "Feature", "geometry": {"type": "Point", "coordinates": [117.339032, 31.934341]}, "properties": {"name": "华联优选超市(新站店)", "category": "supermarket", "sub_category": "060400"}}, {"type": "Feature", "geometry": {"type": "Point", "coordinates": [117.348557, 31.929152]}, "properties": {"name": "快易百货超市", "category": "supermarket", "sub_category": "060400"}}, {"type": "Feature", "geometry": {"type": "Point", "coordinates": [117.337193, 31.9073]}, "properties": {"name": "张祖权超市(长虹世纪荣廷店)", "category": "supermarket", "sub_category": "060400"}}, {"type": "Feature", "geometry": {"type": "Point", "coordinates": [117.337725, 31.906625]}, "properties": {"name": "惠选优品生鲜超市", "category": "supermarket", "sub_category": "060400"}}, {"type": "Feature", "geometry": {"type": "Point", "coordinates": [117.344538, 31.901642]}, "properties": {"name": "亿佰佳百货超市(光盛豪庭店)", "category": "supermarket", "sub_category": "060400"}}, {"type": "Feature", "geometry": {"type": "Point", "coordinates": [117.339488, 31.936822]}, "properties": {"name": "华联超市阅湖登科店", "category": "supermarket", "sub_category": "060400"}}, {"type": "Feature", "geometry": {"type": "Point", "coordinates": [117.342423, 31.927149]}, "properties": {"name": "福缘绿色生活超市(京商商贸城店)", "category": "supermarket", "sub_category": "060400"}}, {"type": "Feature", "geometry": {"type": "Point", "coordinates": [117.328567, 31.901676]}, "properties": {"name": "创全日用百货(馥邦广场店)", "category": "supermarket", "sub_category": "060400"}}, {"type": "Feature", "geometry": {"type": "Point", "coordinates": [117.344578, 31.901674]}, "properties": {"name": "上海中联超市(当涂北路店)", "category": "supermarket", "sub_category": "060400|060200"}}, {"type": "Feature", "geometry": {"type": "Point", "coordinates": [117.345016, 31.920417]}, "properties": {"name": "谊品惠超市", "category": "supermarket", "sub_category": "060400"}}, {"type": "Feature", "geometry": {"type": "Point", "coordinates": [117.319202, 31.904584]}, "properties": {"name": "谢吴氏冷饮批发超市(张洼新村兴华苑B区店)", "category": "supermarket", "sub_category": "060400"}}, {"type": "Feature", "geometry": {"type": "Point", "coordinates": [117.323934, 31.919459]}, "properties": {"name": "爱家生活超市(金辉·悦府店)", "category": "supermarket", "sub_category": "060400"}}, {"type": "Feature", "geometry": {"type": "Point", "coordinates": [117.326778, 31.945004]}, "properties": {"name": "烟酒百货超市", "category": "supermarket", "sub_category": "061210|060400"}}, {"type": "Feature", "geometry": {"type": "Point", "coordinates": [117.303244, 31.926041]}, "properties": {"name": "好多购生活超市(大富新领地店)", "category": "supermarket", "sub_category": "060400"}}, {"type": "Feature", "geometry": {"type": "Point", "coordinates": [117.343114, 31.943463]}, "properties": {"name": "好又多连锁超市(龙子湖路店)", "category": "supermarket", "sub_category": "060400"}}, {"type": "Feature", "geometry": {"type": "Point", "coordinates": [117.323821, 31.919354]}, "properties": {"name": "自家生鲜超市", "category": "supermarket", "sub_category": "060703|060400"}}, {"type": "Feature", "geometry": {"type": "Point", "coordinates": [117.344958, 31.902533]}, "properties": {"name": "小雷家生活超市(光盛豪庭店)", "category": "supermarket", "sub_category": "060400"}}, {"type": "Feature", "geometry": {"type": "Point", "coordinates": [117.321602, 31.902005]}, "properties": {"name": "喜惠多超市(新海大道店)", "category": "supermarket", "sub_category": "060400"}}, {"type": "Feature", "geometry": {"type": "Point", "coordinates": [117.326496, 31.947368]}, "properties": {"name": "诗美嘉超市", "category": "supermarket", "sub_category": "060400|060200"}}, {"type": "Feature", "geometry": {"type": "Point", "coordinates": [117.344954, 31.931829]}, "properties": {"name": "惠优全24小时精选超市(新站店)", "category": "supermarket", "sub_category": "060400"}}, {"type": "Feature", "geometry": {"type": "Point", "coordinates": [117.348707, 31.931034]}, "properties": {"name": "满佳喜超市(淮海大道店)", "category": "supermarket", "sub_category": "060400"}}, {"type": "Feature", "geometry": {"type": "Point", "coordinates": [117.344557, 31.92245]}, "properties": {"name": "惠优买生活超市", "category": "supermarket", "sub_category": "060400|060200"}}, {"type": "Feature", "geometry": {"type": "Point", "coordinates": [117.343813, 31.923148]}, "properties": {"name": "润万家生活超市", "category": "supermarket", "sub_category": "060400"}}, {"type": "Feature", "geometry": {"type": "Point", "coordinates": [117.343093, 31.927008]}, "properties": {"name": "宾宇烟酒百货超市(京商国际商贸城I区店)", "category": "supermarket", "sub_category": "060400"}}, {"type": "Feature", "geometry": {"type": "Point", "coordinates": [117.325241, 31.93601]}, "properties": {"name": "世纪华联超市(新蚌埠路店)", "category": "supermarket", "sub_category": "060400"}}, {"type": "Feature", "geometry": {"type": "Point", "coordinates": [117.318425, 31.905675]}, "properties": {"name": "嘉乐福生鲜超市", "category": "supermarket", "sub_category": "060400|060703"}}, {"type": "Feature", "geometry": {"type": "Point", "coordinates": [117.349086, 31.929281]}, "properties": {"name": "上两步生活超市", "category": "supermarket", "sub_category": "060400"}}, {"type": "Feature", "geometry": {"type": "Point", "coordinates": [117.320018, 31.938692]}, "properties": {"name": "百之惠超市", "category": "supermarket", "sub_category": "060400"}}, {"type": "Feature", "geometry": {"type": "Point", "coordinates": [117.320336, 31.90528]}, "properties": {"name": "美滋美抖街生鲜超市", "category": "supermarket", "sub_category": "060400"}}, {"type": "Feature", "geometry": {"type": "Point", "coordinates": [117.338825, 31.931375]}, "properties": {"name": "CP110E家超市", "category": "supermarket", "sub_category": "060400|060200"}}, {"type": "Feature", "geometry": {"type": "Point", "coordinates": [117.324607, 31.938966]}, "properties": {"name": "鑫顺超市", "category": "supermarket", "sub_category": "060400"}}, {"type": "Feature", "geometry": {"type": "Point", "coordinates": [117.34354, 31.933124]}, "properties": {"name": "世纪华联超市", "category": "supermarket", "sub_category": "060400"}}, {"type": "Feature", "geometry": {"type": "Point", "coordinates": [117.348475, 31.928075]}, "properties": {"name": "公里购·精品超市", "category": "supermarket", "sub_category": "060400"}}, {"type": "Feature", "geometry": {"type": "Point", "coordinates": [117.348775, 31.930975]}, "properties": {"name": "小柴购超市", "category": "supermarket", "sub_category": "060200|060400"}}, {"type": "Feature", "geometry": {"type": "Point", "coordinates": [117.307404, 31.92221]}, "properties": {"name": "百大·合家悦菜市场(淮合花园店)", "category": "supermarket", "sub_category": "060400"}}, {"type": "Feature", "geometry": {"type": "Point", "coordinates": [117.30374, 31.901606]}, "properties": {"name": "东方烟酒(扶疏路店)", "category": "supermarket", "sub_category": "061210|060400"}}, {"type": "Feature", "geometry": {"type": "Point", "coordinates": [117.341922, 31.928266]}, "properties": {"name": "中环蔬果", "category": "supermarket", "sub_category": "060400"}}, {"type": "Feature", "geometry": {"type": "Point", "coordinates": [117.310919, 31.901794]}, "properties": {"name": "谊品生鲜禹州中央城店(暂停营业)", "category": "supermarket", "sub_category": "060703|060400"}}, {"type": "Feature", "geometry": {"type": "Point", "coordinates": [117.335564, 31.989407]}, "properties": {"name": "好又多超市(三十头店)", "category": "supermarket", "sub_category": "060400"}}, {"type": "Feature", "geometry": {"type": "Point", "coordinates": [117.317668, 31.983889]}, "properties": {"name": "龙舒生活超市", "category": "supermarket", "sub_category": "060400"}}, {"type": "Feature", "geometry": {"type": "Point", "coordinates": [117.331492, 31.97636]}, "properties": {"name": "华联精品生鲜超市(东元家园店)", "category": "supermarket", "sub_category": "060400"}}, {"type": "Feature", "geometry": {"type": "Point", "coordinates": [117.33237, 31.987289]}, "properties": {"name": "旺福生活超市(怀远路店)", "category": "supermarket", "sub_category": "060400"}}, {"type": "Feature", "geometry": {"type": "Point", "coordinates": [117.332733, 31.977439]}, "properties": {"name": "乐果生活烟火超市", "category": "supermarket", "sub_category": "060704|060400"}}, {"type": "Feature", "geometry": {"type": "Point", "coordinates": [117.314234, 31.990067]}, "properties": {"name": "瑞庭便利百货超市(鹤翔园·瑞庭店)", "category": "supermarket", "sub_category": "060400"}}, {"type": "Feature", "geometry": {"type": "Point", "coordinates": [117.33295, 31.978047]}, "properties": {"name": "奥莱华联(瑶海店)", "category": "supermarket", "sub_category": "060400"}}, {"type": "Feature", "geometry": {"type": "Point", "coordinates": [117.332515, 31.976839]}, "properties": {"name": "瑞禾超市", "category": "supermarket", "sub_category": "060400"}}, {"type": "Feature", "geometry": {"type": "Point", "coordinates": [117.311312, 31.996763]}, "properties": {"name": "陈姐百货超市(一号店)", "category": "supermarket", "sub_category": "060400"}}, {"type": "Feature", "geometry": {"type": "Point", "coordinates": [117.318675, 31.994625]}, "properties": {"name": "家家惠生鲜超市(贝玉路店)", "category": "supermarket", "sub_category": "060400"}}, {"type": "Feature", "geometry": {"type": "Point", "coordinates": [117.327882, 31.97743]}, "properties": {"name": "启辰百货", "category": "supermarket", "sub_category": "060400"}}, {"type": "Feature", "geometry": {"type": "Point", "coordinates": [117.325475, 31.959025]}, "properties": {"name": "合肥市新站区悦园悦生鲜超市", "category": "supermarket", "sub_category": "060703|060400"}}, {"type": "Feature", "geometry": {"type": "Point", "coordinates": [117.300112, 31.951392]}, "properties": {"name": "世纪华联超市(凤麟兰庭店)", "category": "supermarket", "sub_category": "060400"}}, {"type": "Feature", "geometry": {"type": "Point", "coordinates": [117.320064, 31.99297]}, "properties": {"name": "锦庭超市", "category": "supermarket", "sub_category": "060400"}}, {"type": "Feature", "geometry": {"type": "Point", "coordinates": [117.342899, 31.976102]}, "properties": {"name": "合发物美超市", "category": "supermarket", "sub_category": "060400"}}, {"type": "Feature", "geometry": {"type": "Point", "coordinates": [117.35121, 31.744661]}, "properties": {"name": "邻宜惠超市(滨湖沁园B区7栋103店)", "category": "supermarket", "sub_category": "060400"}}, {"type": "Feature", "geometry": {"type": "Point", "coordinates": [117.350555, 31.747415]}, "properties": {"name": "尚斌连锁超市", "category": "supermarket", "sub_category": "060400"}}, {"type": "Feature", "geometry": {"type": "Point", "coordinates": [117.372217, 31.774738]}, "properties": {"name": "合家福连锁超市(金葡萄家园店)", "category": "supermarket", "sub_category": "060400"}}, {"type": "Feature", "geometry": {"type": "Point", "coordinates": [117.362573, 31.786057]}, "properties": {"name": "好又多超市(南翔店)", "category": "supermarket", "sub_category": "060400"}}, {"type": "Feature", "geometry": {"type": "Point", "coordinates": [117.365456, 31.799935]}, "properties": {"name": "惠迎喜生活超市(安凯店)", "category": "supermarket", "sub_category": "060200|060400"}}, {"type": "Feature", "geometry": {"type": "Point", "coordinates": [117.362253, 31.789997]}, "properties": {"name": "南翔E家超市", "category": "supermarket", "sub_category": "060200|060400"}}, {"type": "Feature", "geometry": {"type": "Point", "coordinates": [117.361365, 31.786207]}, "properties": {"name": "爱客来超市(南翔车都店)", "category": "supermarket", "sub_category": "060400"}}, {"type": "Feature", "geometry": {"type": "Point", "coordinates": [117.361703, 31.786542]}, "properties": {"name": "依隼百货", "category": "supermarket", "sub_category": "060200|060400"}}, {"type": "Feature", "geometry": {"type": "Point", "coordinates": [117.3722, 31.775174]}, "properties": {"name": "怡家华联超市", "category": "supermarket", "sub_category": "060400"}}, {"type": "Feature", "geometry": {"type": "Point", "coordinates": [117.372073, 31.779907]}, "properties": {"name": "汇汇食品配送超市", "category": "supermarket", "sub_category": "060400"}}, {"type": "Feature", "geometry": {"type": "Point", "coordinates": [117.360468, 31.7853]}, "properties": {"name": "花知俏超市(国开公馆店)", "category": "supermarket", "sub_category": "060400"}}, {"type": "Feature", "geometry": {"type": "Point", "coordinates": [117.357277, 31.797596]}, "properties": {"name": "世纪华联超市(长春街店)", "category": "supermarket", "sub_category": "060400"}}, {"type": "Feature", "geometry": {"type": "Point", "coordinates": [117.357269, 31.797807]}, "properties": {"name": "天天乐超市", "category": "supermarket", "sub_category": "060400"}}, {"type": "Feature", "geometry": {"type": "Point", "coordinates": [117.361936, 31.786784]}, "properties": {"name": "客来利鼻祖超市", "category": "supermarket", "sub_category": "060200|060400"}}, {"type": "Feature", "geometry": {"type": "Point", "coordinates": [117.361592, 31.782968]}, "properties": {"name": "兔喜快递超市(国开公馆店)", "category": "supermarket", "sub_category": "060400"}}, {"type": "Feature", "geometry": {"type": "Point", "coordinates": [117.364853, 31.844983]}, "properties": {"name": "和广生活超市(广和花园店)", "category": "supermarket", "sub_category": "060400|060200"}}, {"type": "Feature", "geometry": {"type": "Point", "coordinates": [117.399765, 31.833086]}, "properties": {"name": "客徕悦超市(诚发水岸花园店)", "category": "supermarket", "sub_category": "060400|060200"}}, {"type": "Feature", "geometry": {"type": "Point", "coordinates": [117.376206, 31.839106]}, "properties": {"name": "茗天好超市(大兴新居D区店)", "category": "supermarket", "sub_category": "060400"}}, {"type": "Feature", "geometry": {"type": "Point", "coordinates": [117.370925, 31.840225]}, "properties": {"name": "好又多超市(顺安河路店)", "category": "supermarket", "sub_category": "060400"}}, {"type": "Feature", "geometry": {"type": "Point", "coordinates": [117.379702, 31.842715]}, "properties": {"name": "广亿便利店(弘阳昕悦府店)", "category": "supermarket", "sub_category": "060200|060400"}}, {"type": "Feature", "geometry": {"type": "Point", "coordinates": [117.367575, 31.840525]}, "properties": {"name": "佳乐家超市(岩潭路店)", "category": "supermarket", "sub_category": "060400|060200"}}, {"type": "Feature", "geometry": {"type": "Point", "coordinates": [117.376668, 31.839378]}, "properties": {"name": "升宇百货超市(大兴新居店)", "category": "supermarket", "sub_category": "060400"}}, {"type": "Feature", "geometry": {"type": "Point", "coordinates": [117.375993, 31.838764]}, "properties": {"name": "实汇生活超市(大兴新居C区店)", "category": "supermarket", "sub_category": "060400"}}, {"type": "Feature", "geometry": {"type": "Point", "coordinates": [117.371874, 31.842188]}, "properties": {"name": "丽联优鲜超市", "category": "supermarket", "sub_category": "060400"}}, {"type": "Feature", "geometry": {"type": "Point", "coordinates": [117.398952, 31.8411]}, "properties": {"name": "杰飞超市(龙祥家园小区店)", "category": "supermarket", "sub_category": "060400"}}, {"type": "Feature", "geometry": {"type": "Point", "coordinates": [117.38597, 31.832346]}, "properties": {"name": "双道生活批发超市(裕和兴苑店)", "category": "supermarket", "sub_category": "060200|060400"}}, {"type": "Feature", "geometry": {"type": "Point", "coordinates": [117.397667, 31.833172]}, "properties": {"name": "旺隆生活超市", "category": "supermarket", "sub_category": "060400"}}, {"type": "Feature", "geometry": {"type": "Point", "coordinates": [117.37235, 31.84124]}, "properties": {"name": "晓光明超市", "category": "supermarket", "sub_category": "060400"}}, {"type": "Feature", "geometry": {"type": "Point", "coordinates": [117.399361, 31.84066]}, "properties": {"name": "兰航超市(龙祥家园小区店)", "category": "supermarket", "sub_category": "060400"}}, {"type": "Feature", "geometry": {"type": "Point", "coordinates": [117.382683, 31.823114]}, "properties": {"name": "百悦建华连锁超市", "category": "supermarket", "sub_category": "060400"}}, {"type": "Feature", "geometry": {"type": "Point", "coordinates": [117.354869, 31.845973]}, "properties": {"name": "双琪超市", "category": "supermarket", "sub_category": "060400"}}, {"type": "Feature", "geometry": {"type": "Point", "coordinates": [117.362975, 31.841875]}, "properties": {"name": "国枫连锁超市", "category": "supermarket", "sub_category": "060200|060400"}}, {"type": "Feature", "geometry": {"type": "Point", "coordinates": [117.380039, 31.842103]}, "properties": {"name": "丽丽超市(障山路店)", "category": "supermarket", "sub_category": "060400"}}, {"type": "Feature", "geometry": {"type": "Point", "coordinates": [117.384507, 31.840716]}, "properties": {"name": "合肥市大山果品专业合作社", "category": "supermarket", "sub_category": "060400"}}, {"type": "Feature", "geometry": {"type": "Point", "coordinates": [117.356745, 31.868464]}, "properties": {"name": "联家超市(恒通店)", "category": "supermarket", "sub_category": "060400|070000"}}, {"type": "Feature", "geometry": {"type": "Point", "coordinates": [117.390501, 31.867455]}, "properties": {"name": "永辉超市(合肥Bravo龙湖瑶海天街店)", "category": "supermarket", "sub_category": "060400"}}, {"type": "Feature", "geometry": {"type": "Point", "coordinates": [117.359731, 31.858442]}, "properties": {"name": "永辉超市(保利广场店)", "category": "supermarket", "sub_category": "060400"}}, {"type": "Feature", "geometry": {"type": "Point", "coordinates": [117.375094, 31.869558]}, "properties": {"name": "合家福超市", "category": "supermarket", "sub_category": "060400"}}, {"type": "Feature", "geometry": {"type": "Point", "coordinates": [117.363853, 31.876628]}, "properties": {"name": "家合物美生活超市(海洲店)", "category": "supermarket", "sub_category": "060400"}}, {"type": "Feature", "geometry": {"type": "Point", "coordinates": [117.398832, 31.858756]}, "properties": {"name": "悦邻客超市(龙誉中心店)", "category": "supermarket", "sub_category": "060400"}}, {"type": "Feature", "geometry": {"type": "Point", "coordinates": [117.383642, 31.875908]}, "properties": {"name": "满天星超市(满天星购物中心店)", "category": "supermarket", "sub_category": "060400"}}, {"type": "Feature", "geometry": {"type": "Point", "coordinates": [117.37332, 31.857237]}, "properties": {"name": "易邻生鲜超市(龙谷华庭店)", "category": "supermarket", "sub_category": "060400"}}, {"type": "Feature", "geometry": {"type": "Point", "coordinates": [117.371731, 31.866237]}, "properties": {"name": "505超市", "category": "supermarket", "sub_category": "060400|060200"}}, {"type": "Feature", "geometry": {"type": "Point", "coordinates": [117.393231, 31.86594]}, "properties": {"name": "一日优鲜生活超市(东华府店)", "category": "supermarket", "sub_category": "060400|060200"}}, {"type": "Feature", "geometry": {"type": "Point", "coordinates": [117.11914, 31.712243]}, "properties": {"name": "明德小学", "category": "school_primary", "sub_category": "141203"}}, {"type": "Feature", "geometry": {"type": "Point", "coordinates": [117.387233, 31.868977]}, "properties": {"name": "佰乐佳生活超市(合店路店)", "category": "supermarket", "sub_category": "060400"}}, {"type": "Feature", "geometry": {"type": "Point", "coordinates": [117.355986, 31.875478]}, "properties": {"name": "月亮湾百货超市(临泉东路店)", "category": "supermarket", "sub_category": "060400|060200"}}, {"type": "Feature", "geometry": {"type": "Point", "coordinates": [117.36934, 31.873664]}, "properties": {"name": "都市联华超市(通达店)", "category": "supermarket", "sub_category": "060400"}}, {"type": "Feature", "geometry": {"type": "Point", "coordinates": [117.384611, 31.881771]}, "properties": {"name": "桦联优选超市(皇马嘉街店)", "category": "supermarket", "sub_category": "060400|060200"}}, {"type": "Feature", "geometry": {"type": "Point", "coordinates": [117.391239, 31.899342]}, "properties": {"name": "正荣悦玺皖家超市(碧桂园正荣悦玺公馆店)", "category": "supermarket", "sub_category": "060400"}}, {"type": "Feature", "geometry": {"type": "Point", "coordinates": [117.359599, 31.8887]}, "properties": {"name": "莲都山超生活超市(文忠路店)", "category": "supermarket", "sub_category": "060400"}}, {"type": "Feature", "geometry": {"type": "Point", "coordinates": [117.369653, 31.863291]}, "properties": {"name": "好又多精品生鲜超市", "category": "supermarket", "sub_category": "060400"}}, {"type": "Feature", "geometry": {"type": "Point", "coordinates": [117.396852, 31.889855]}, "properties": {"name": "家一福生活超市(保利·罗兰春天店)", "category": "supermarket", "sub_category": "060400"}}, {"type": "Feature", "geometry": {"type": "Point", "coordinates": [117.377274, 31.860405]}, "properties": {"name": "好又多生活超市", "category": "supermarket", "sub_category": "060400"}}, {"type": "Feature", "geometry": {"type": "Point", "coordinates": [117.374075, 31.866234]}, "properties": {"name": "周和芝超市", "category": "supermarket", "sub_category": "060400"}}, {"type": "Feature", "geometry": {"type": "Point", "coordinates": [117.379976, 31.880834]}, "properties": {"name": "客来隆超市(吴敬梓路店)", "category": "supermarket", "sub_category": "060400"}}, {"type": "Feature", "geometry": {"type": "Point", "coordinates": [117.393852, 31.856671]}, "properties": {"name": "金辉生活超市A(半塔南路店)", "category": "supermarket", "sub_category": "060400"}}, {"type": "Feature", "geometry": {"type": "Point", "coordinates": [117.384039, 31.883474]}, "properties": {"name": "购物佳生活超市", "category": "supermarket", "sub_category": "060400"}}, {"type": "Feature", "geometry": {"type": "Point", "coordinates": [117.371495, 31.863893]}, "properties": {"name": "金海利烟酒超市(静安新城店)", "category": "supermarket", "sub_category": "061210|060400|060200"}}, {"type": "Feature", "geometry": {"type": "Point", "coordinates": [117.377083, 31.859045]}, "properties": {"name": "万客福超市(名门广场店)", "category": "supermarket", "sub_category": "060400"}}, {"type": "Feature", "geometry": {"type": "Point", "coordinates": [117.378774, 31.882487]}, "properties": {"name": "红城生活超市(瑶海店)", "category": "supermarket", "sub_category": "060200|060400"}}, {"type": "Feature", "geometry": {"type": "Point", "coordinates": [117.363533, 31.879226]}, "properties": {"name": "武峰百货超市(海洲·景秀世家3期店)", "category": "supermarket", "sub_category": "060400|060200"}}, {"type": "Feature", "geometry": {"type": "Point", "coordinates": [117.393706, 31.875807]}, "properties": {"name": "新世纪华联生活超市(临泉路店)", "category": "supermarket", "sub_category": "060400"}}, {"type": "Feature", "geometry": {"type": "Point", "coordinates": [117.361432, 31.858059]}, "properties": {"name": "喜买乐生活超市(保利·东郡祥园14栋店)", "category": "supermarket", "sub_category": "060400"}}, {"type": "Feature", "geometry": {"type": "Point", "coordinates": [117.356366, 31.881053]}, "properties": {"name": "兴盛优选生活超市(龙腾家园店)", "category": "supermarket", "sub_category": "060400"}}, {"type": "Feature", "geometry": {"type": "Point", "coordinates": [117.355118, 31.880832]}, "properties": {"name": "6+1生鲜批发超市(龙腾家园店)", "category": "supermarket", "sub_category": "060400"}}, {"type": "Feature", "geometry": {"type": "Point", "coordinates": [117.354579, 31.863978]}, "properties": {"name": "东城烟酒茶超市", "category": "supermarket", "sub_category": "061210|060400"}}, {"type": "Feature", "geometry": {"type": "Point", "coordinates": [117.384273, 31.873619]}, "properties": {"name": "龙湖世纪华联生活超市(三小郢店)", "category": "supermarket", "sub_category": "060400"}}, {"type": "Feature", "geometry": {"type": "Point", "coordinates": [117.385151, 31.865203]}, "properties": {"name": "襄河家园生活超市(襄河家园2期店)", "category": "supermarket", "sub_category": "060400"}}, {"type": "Feature", "geometry": {"type": "Point", "coordinates": [117.37991, 31.871674]}, "properties": {"name": "世纪华联优鲜省钱超柿", "category": "supermarket", "sub_category": "060704|060400"}}, {"type": "Feature", "geometry": {"type": "Point", "coordinates": [117.391444, 31.874703]}, "properties": {"name": "客来隆超市(临泉路店)", "category": "supermarket", "sub_category": "060400"}}, {"type": "Feature", "geometry": {"type": "Point", "coordinates": [117.350785, 31.868975]}, "properties": {"name": "好又多超市(柏庄金座店)", "category": "supermarket", "sub_category": "060400"}}, {"type": "Feature", "geometry": {"type": "Point", "coordinates": [117.386055, 31.865909]}, "properties": {"name": "邻享购生活超市", "category": "supermarket", "sub_category": "060400"}}, {"type": "Feature", "geometry": {"type": "Point", "coordinates": [117.389275, 31.876409]}, "properties": {"name": "雨浩超市(恒大城西区店)", "category": "supermarket", "sub_category": "060400|060200"}}, {"type": "Feature", "geometry": {"type": "Point", "coordinates": [117.356928, 31.887537]}, "properties": {"name": "世纪华联生活超市(园上园店)", "category": "supermarket", "sub_category": "060400"}}, {"type": "Feature", "geometry": {"type": "Point", "coordinates": [117.351958, 31.885727]}, "properties": {"name": "好又多超市(灵石路店)", "category": "supermarket", "sub_category": "060400"}}, {"type": "Feature", "geometry": {"type": "Point", "coordinates": [117.352375, 31.877925]}, "properties": {"name": "华府平价超市(万达广场店)", "category": "supermarket", "sub_category": "060400"}}, {"type": "Feature", "geometry": {"type": "Point", "coordinates": [117.380221, 31.870767]}, "properties": {"name": "盛世东景超市(东景苑店)", "category": "supermarket", "sub_category": "060400"}}, {"type": "Feature", "geometry": {"type": "Point", "coordinates": [117.37313, 31.877762]}, "properties": {"name": "上海中联超市(静安瑞泰店)", "category": "supermarket", "sub_category": "060400"}}, {"type": "Feature", "geometry": {"type": "Point", "coordinates": [117.384514, 31.88099]}, "properties": {"name": "惠乐购超市(戚继光路店)", "category": "supermarket", "sub_category": "060400"}}, {"type": "Feature", "geometry": {"type": "Point", "coordinates": [117.355389, 31.875]}, "properties": {"name": "美邻Go生活超市(月亮湾·亲水嘉园店)", "category": "supermarket", "sub_category": "060400"}}, {"type": "Feature", "geometry": {"type": "Point", "coordinates": [117.36637, 31.875773]}, "properties": {"name": "上林百货超市(临泉东路店)", "category": "supermarket", "sub_category": "060200|060400"}}, {"type": "Feature", "geometry": {"type": "Point", "coordinates": [117.397875, 31.890675]}, "properties": {"name": "聚旺角生活超市", "category": "supermarket", "sub_category": "060400"}}, {"type": "Feature", "geometry": {"type": "Point", "coordinates": [117.35411, 31.861398]}, "properties": {"name": "亮贵烟酒超市(漕冲花园店)", "category": "supermarket", "sub_category": "061210|060400"}}, {"type": "Feature", "geometry": {"type": "Point", "coordinates": [117.370516, 31.878336]}, "properties": {"name": "海洋生活超市(通达路店)", "category": "supermarket", "sub_category": "060400"}}, {"type": "Feature", "geometry": {"type": "Point", "coordinates": [117.366486, 31.883567]}, "properties": {"name": "悦客多超市(文一云河湾星辰湾店)", "category": "supermarket", "sub_category": "060200|060400"}}, {"type": "Feature", "geometry": {"type": "Point", "coordinates": [117.376656, 31.879676]}, "properties": {"name": "轩轩生活超市", "category": "supermarket", "sub_category": "060400"}}, {"type": "Feature", "geometry": {"type": "Point", "coordinates": [117.393384, 31.874542]}, "properties": {"name": "6+1生鲜批发超市(伟华·圣地雅阁店)", "category": "supermarket", "sub_category": "060400"}}, {"type": "Feature", "geometry": {"type": "Point", "coordinates": [117.37639, 31.881723]}, "properties": {"name": "一嘉生活超市(万成华府店)", "category": "supermarket", "sub_category": "060400"}}, {"type": "Feature", "geometry": {"type": "Point", "coordinates": [117.393672, 31.876401]}, "properties": {"name": "悦嘉鲜生(恒大城东区店)", "category": "supermarket", "sub_category": "060400"}}, {"type": "Feature", "geometry": {"type": "Point", "coordinates": [117.369348, 31.874808]}, "properties": {"name": "捌陆捌超市(文一瑞泰中心家园店)", "category": "supermarket", "sub_category": "060400|060200"}}, {"type": "Feature", "geometry": {"type": "Point", "coordinates": [117.39401, 31.858113]}, "properties": {"name": "零食果果生鲜超市(优步大道店)", "category": "supermarket", "sub_category": "060400"}}, {"type": "Feature", "geometry": {"type": "Point", "coordinates": [117.38119, 31.860368]}, "properties": {"name": "上海中联超市(茗阳水岸店)", "category": "supermarket", "sub_category": "060400"}}, {"type": "Feature", "geometry": {"type": "Point", "coordinates": [117.374175, 31.875775]}, "properties": {"name": "成谋商城生活超市", "category": "supermarket", "sub_category": "060400"}}, {"type": "Feature", "geometry": {"type": "Point", "coordinates": [117.393875, 31.873625]}, "properties": {"name": "大梨都生活超市", "category": "supermarket", "sub_category": "060400"}}, {"type": "Feature", "geometry": {"type": "Point", "coordinates": [117.396996, 31.862783]}, "properties": {"name": "嘉祐生鲜超市(新城·桃李郡店)", "category": "supermarket", "sub_category": "060400"}}, {"type": "Feature", "geometry": {"type": "Point", "coordinates": [117.359526, 31.870403]}, "properties": {"name": "百惠生活超市(金光苑小区店)", "category": "supermarket", "sub_category": "060400"}}, {"type": "Feature", "geometry": {"type": "Point", "coordinates": [117.364902, 31.879208]}, "properties": {"name": "宏强牛奶批发部(海洲·景秀世家店)", "category": "supermarket", "sub_category": "060400"}}, {"type": "Feature", "geometry": {"type": "Point", "coordinates": [117.355251, 31.876566]}, "properties": {"name": "亲水家园超市(月亮湾·亲水嘉园店)", "category": "supermarket", "sub_category": "060200|060400"}}, {"type": "Feature", "geometry": {"type": "Point", "coordinates": [117.367699, 31.882892]}, "properties": {"name": "每日鲜生鲜超市(文一云河湾月桂湾店)", "category": "supermarket", "sub_category": "060400"}}, {"type": "Feature", "geometry": {"type": "Point", "coordinates": [117.355397, 31.858923]}, "properties": {"name": "乐雪生活超市(新海家园B区店)", "category": "supermarket", "sub_category": "060604|060400"}}, {"type": "Feature", "geometry": {"type": "Point", "coordinates": [117.374326, 31.870506]}, "properties": {"name": "富绅生活超市(琥珀名城·和园店)", "category": "supermarket", "sub_category": "060400"}}, {"type": "Feature", "geometry": {"type": "Point", "coordinates": [117.388826, 31.878551]}, "properties": {"name": "翊辉烟酒超市", "category": "supermarket", "sub_category": "061210|060400"}}, {"type": "Feature", "geometry": {"type": "Point", "coordinates": [117.385607, 31.899109]}, "properties": {"name": "君玥集生活超市(学林店)", "category": "supermarket", "sub_category": "060400"}}, {"type": "Feature", "geometry": {"type": "Point", "coordinates": [117.371124, 31.867625]}, "properties": {"name": "美时美刻生活超市", "category": "supermarket", "sub_category": "060400"}}, {"type": "Feature", "geometry": {"type": "Point", "coordinates": [117.358875, 31.856775]}, "properties": {"name": "万家生活线上超市(保利店)", "category": "supermarket", "sub_category": "060400"}}, {"type": "Feature", "geometry": {"type": "Point", "coordinates": [117.353484, 31.865499]}, "properties": {"name": "幸福佳生活超市", "category": "supermarket", "sub_category": "060400"}}, {"type": "Feature", "geometry": {"type": "Point", "coordinates": [117.367587, 31.882876]}, "properties": {"name": "新窝窝生鲜", "category": "supermarket", "sub_category": "060400"}}, {"type": "Feature", "geometry": {"type": "Point", "coordinates": [117.365175, 31.854725]}, "properties": {"name": "众客邻精品超市(合肥总店)", "category": "supermarket", "sub_category": "060400"}}, {"type": "Feature", "geometry": {"type": "Point", "coordinates": [117.390775, 31.897225]}, "properties": {"name": "丽联万家生活超市", "category": "supermarket", "sub_category": "060400"}}, {"type": "Feature", "geometry": {"type": "Point", "coordinates": [117.360457, 31.856397]}, "properties": {"name": "圣娟烟酒百货(保利·东郡祥园店)", "category": "supermarket", "sub_category": "060400"}}, {"type": "Feature", "geometry": {"type": "Point", "coordinates": [117.356025, 31.875325]}, "properties": {"name": "公里购·精品超市", "category": "supermarket", "sub_category": "060400"}}, {"type": "Feature", "geometry": {"type": "Point", "coordinates": [117.363143, 31.856352]}, "properties": {"name": "众客邻精品超市(云岭路店)", "category": "supermarket", "sub_category": "060200|060400"}}, {"type": "Feature", "geometry": {"type": "Point", "coordinates": [117.392952, 31.869024]}, "properties": {"name": "融悦四季亿百惠超市", "category": "supermarket", "sub_category": "060400"}}, {"type": "Feature", "geometry": {"type": "Point", "coordinates": [117.396244, 31.853221]}, "properties": {"name": "丰庆生活超市", "category": "supermarket", "sub_category": "060400"}}, {"type": "Feature", "geometry": {"type": "Point", "coordinates": [117.385454, 31.882136]}, "properties": {"name": "金诚易品生活超市", "category": "supermarket", "sub_category": "060400"}}, {"type": "Feature", "geometry": {"type": "Point", "coordinates": [117.361889, 31.86055]}, "properties": {"name": "阿好生鲜超市(兴漕新居店)", "category": "supermarket", "sub_category": "060703|060400"}}, {"type": "Feature", "geometry": {"type": "Point", "coordinates": [117.393825, 31.874275]}, "properties": {"name": "零小庆乐尔乐优选超市(瑶海店)", "category": "supermarket", "sub_category": "060400|060200"}}, {"type": "Feature", "geometry": {"type": "Point", "coordinates": [117.364829, 31.867526]}, "properties": {"name": "欧客批发部", "category": "supermarket", "sub_category": "060400"}}, {"type": "Feature", "geometry": {"type": "Point", "coordinates": [117.37225, 31.864155]}, "properties": {"name": "家家乐特价生鲜超市", "category": "supermarket", "sub_category": "060400"}}, {"type": "Feature", "geometry": {"type": "Point", "coordinates": [117.370233, 31.863909]}, "properties": {"name": "品格生活(马岗菜市恢复楼店)", "category": "supermarket", "sub_category": "060400"}}, {"type": "Feature", "geometry": {"type": "Point", "coordinates": [117.356725, 31.854575]}, "properties": {"name": "新大地超市(乐水路店)", "category": "supermarket", "sub_category": "060400"}}, {"type": "Feature", "geometry": {"type": "Point", "coordinates": [117.380307, 31.869402]}, "properties": {"name": "佳佳超市(山海居广场龙岗店)", "category": "supermarket", "sub_category": "060400"}}, {"type": "Feature", "geometry": {"type": "Point", "coordinates": [117.384275, 31.873675]}, "properties": {"name": "花香活超市", "category": "supermarket", "sub_category": "060400"}}, {"type": "Feature", "geometry": {"type": "Point", "coordinates": [117.374975, 31.877925]}, "properties": {"name": "合肥市瑶海区闪泽百货店", "category": "supermarket", "sub_category": "060400"}}, {"type": "Feature", "geometry": {"type": "Point", "coordinates": [117.360658, 31.891014]}, "properties": {"name": "常州徽购超市有限公司合肥分公司", "category": "supermarket", "sub_category": "060400"}}, {"type": "Feature", "geometry": {"type": "Point", "coordinates": [117.367576, 31.864052]}, "properties": {"name": "优佳精品超市(瑶海店)", "category": "supermarket", "sub_category": "060400|060200"}}, {"type": "Feature", "geometry": {"type": "Point", "coordinates": [117.363583, 31.860327]}, "properties": {"name": "群芬超市", "category": "supermarket", "sub_category": "060400"}}, {"type": "Feature", "geometry": {"type": "Point", "coordinates": [117.354724, 31.85856]}, "properties": {"name": "桃园超市", "category": "supermarket", "sub_category": "060400"}}, {"type": "Feature", "geometry": {"type": "Point", "coordinates": [117.381725, 31.858675]}, "properties": {"name": "邻家超市", "category": "supermarket", "sub_category": "060400"}}, {"type": "Feature", "geometry": {"type": "Point", "coordinates": [117.362307, 31.867098]}, "properties": {"name": "朱小鄂天绿超市", "category": "supermarket", "sub_category": "060400"}}, {"type": "Feature", "geometry": {"type": "Point", "coordinates": [117.350033, 31.879992]}, "properties": {"name": "屈臣氏官方旗舰店(合肥瑶海万达)", "category": "supermarket", "sub_category": "060400"}}, {"type": "Feature", "geometry": {"type": "Point", "coordinates": [117.355552, 31.859782]}, "properties": {"name": "沛盈新海购物广场", "category": "supermarket", "sub_category": "060400"}}, {"type": "Feature", "geometry": {"type": "Point", "coordinates": [117.390197, 31.867685]}, "properties": {"name": "屈臣氏(龙湖合肥瑶海天街店)", "category": "supermarket", "sub_category": "060411"}}, {"type": "Feature", "geometry": {"type": "Point", "coordinates": [117.358456, 31.858506]}, "properties": {"name": "屈臣氏(保利广场店)", "category": "supermarket", "sub_category": "060411"}}, {"type": "Feature", "geometry": {"type": "Point", "coordinates": [117.365112, 31.864844]}, "properties": {"name": "合肥孙氏饼业", "category": "supermarket", "sub_category": "061100|060400|050800"}}, {"type": "Feature", "geometry": {"type": "Point", "coordinates": [117.373313, 31.879068]}, "properties": {"name": "每日优鲜果蔬", "category": "supermarket", "sub_category": "060400"}}, {"type": "Feature", "geometry": {"type": "Point", "coordinates": [117.359775, 31.859275]}, "properties": {"name": "新安江路558号东郡苑购物中心", "category": "supermarket", "sub_category": "060400"}}, {"type": "Feature", "geometry": {"type": "Point", "coordinates": [117.373975, 31.862125]}, "properties": {"name": "静安新城北区物业", "category": "supermarket", "sub_category": "060400"}}, {"type": "Feature", "geometry": {"type": "Point", "coordinates": [117.394769, 31.900734]}, "properties": {"name": "来优品省钱超市(绿地·柏仕公馆店)", "category": "supermarket", "sub_category": "060400"}}, {"type": "Feature", "geometry": {"type": "Point", "coordinates": [117.376246, 31.904412]}, "properties": {"name": "海涛生活超市", "category": "supermarket", "sub_category": "060400"}}, {"type": "Feature", "geometry": {"type": "Point", "coordinates": [117.389559, 31.932425]}, "properties": {"name": "华联盈创超市(黉街店)", "category": "supermarket", "sub_category": "060400"}}, {"type": "Feature", "geometry": {"type": "Point", "coordinates": [117.394863, 31.94317]}, "properties": {"name": "京东便利店(华润万橡府店)", "category": "supermarket", "sub_category": "060400"}}, {"type": "Feature", "geometry": {"type": "Point", "coordinates": [117.365404, 31.925017]}, "properties": {"name": "盈创华联超市(学林春晓龙湖店)", "category": "supermarket", "sub_category": "060400"}}, {"type": "Feature", "geometry": {"type": "Point", "coordinates": [117.378123, 31.933578]}, "properties": {"name": "拾客精品超市(新站店)", "category": "supermarket", "sub_category": "060400"}}, {"type": "Feature", "geometry": {"type": "Point", "coordinates": [117.375149, 31.902505]}, "properties": {"name": "好又多生活超市(合郢花园店)", "category": "supermarket", "sub_category": "060400"}}, {"type": "Feature", "geometry": {"type": "Point", "coordinates": [117.394563, 31.942785]}, "properties": {"name": "艳勤烟酒超市(古井贡酒·年份原浆)", "category": "supermarket", "sub_category": "060400"}}, {"type": "Feature", "geometry": {"type": "Point", "coordinates": [117.374686, 31.943734]}, "properties": {"name": "好又好连锁超市(当代MOMΛ未来城店)", "category": "supermarket", "sub_category": "060400"}}, {"type": "Feature", "geometry": {"type": "Point", "coordinates": [117.379742, 31.935406]}, "properties": {"name": "邻佳生活超市(龙子湖路店)", "category": "supermarket", "sub_category": "060400"}}, {"type": "Feature", "geometry": {"type": "Point", "coordinates": [117.390342, 31.901165]}, "properties": {"name": "莱福生活超市(绿地柏仕公园店)", "category": "supermarket", "sub_category": "060400"}}, {"type": "Feature", "geometry": {"type": "Point", "coordinates": [117.371974, 31.935534]}, "properties": {"name": "华联生活超市(湖语时光店)", "category": "supermarket", "sub_category": "060400"}}, {"type": "Feature", "geometry": {"type": "Point", "coordinates": [117.382713, 31.939327]}, "properties": {"name": "合家悦邻里超市(磨店店)", "category": "supermarket", "sub_category": "060400"}}, {"type": "Feature", "geometry": {"type": "Point", "coordinates": [117.381762, 31.938695]}, "properties": {"name": "红之府超市(磨店店)", "category": "supermarket", "sub_category": "060200|060400"}}, {"type": "Feature", "geometry": {"type": "Point", "coordinates": [117.372389, 31.922566]}, "properties": {"name": "百汇烟酒超市(文忠路店)", "category": "supermarket", "sub_category": "060200|060400"}}, {"type": "Feature", "geometry": {"type": "Point", "coordinates": [117.380576, 31.907399]}, "properties": {"name": "新安尚捷超市(新安创研公寓店)", "category": "supermarket", "sub_category": "060400"}}, {"type": "Feature", "geometry": {"type": "Point", "coordinates": [117.352173, 31.936927]}, "properties": {"name": "春满园", "category": "supermarket", "sub_category": "060703|060400"}}, {"type": "Feature", "geometry": {"type": "Point", "coordinates": [117.382325, 31.939025]}, "properties": {"name": "毛家生鲜超市(磨店街店)", "category": "supermarket", "sub_category": "060703|060400"}}, {"type": "Feature", "geometry": {"type": "Point", "coordinates": [117.370403, 31.903554]}, "properties": {"name": "天天永晟华联超市", "category": "supermarket", "sub_category": "060400"}}, {"type": "Feature", "geometry": {"type": "Point", "coordinates": [117.368589, 31.908244]}, "properties": {"name": "海哥生鲜超市(文浍苑店)", "category": "supermarket", "sub_category": "060400"}}, {"type": "Feature", "geometry": {"type": "Point", "coordinates": [117.3777, 31.903649]}, "properties": {"name": "星河汇超市(合郢花园二期店)", "category": "supermarket", "sub_category": "060400"}}, {"type": "Feature", "geometry": {"type": "Point", "coordinates": [117.369124, 31.925187]}, "properties": {"name": "百乐易购超市(樾溪台店)", "category": "supermarket", "sub_category": "060400"}}, {"type": "Feature", "geometry": {"type": "Point", "coordinates": [117.352906, 31.941997]}, "properties": {"name": "好又多生活超市(招商奥体公园营销中心店)", "category": "supermarket", "sub_category": "060400"}}, {"type": "Feature", "geometry": {"type": "Point", "coordinates": [117.394165, 31.924547]}, "properties": {"name": "全家聚超市(圣联梦溪小城店)", "category": "supermarket", "sub_category": "060400"}}, {"type": "Feature", "geometry": {"type": "Point", "coordinates": [117.351588, 31.930593]}, "properties": {"name": "润万家超市(京商J区店)", "category": "supermarket", "sub_category": "060400"}}, {"type": "Feature", "geometry": {"type": "Point", "coordinates": [117.350187, 31.930685]}, "properties": {"name": "惠优选精品超市", "category": "supermarket", "sub_category": "060400"}}, {"type": "Feature", "geometry": {"type": "Point", "coordinates": [117.366116, 31.922018]}, "properties": {"name": "韩芹百货超市", "category": "supermarket", "sub_category": "060400"}}, {"type": "Feature", "geometry": {"type": "Point", "coordinates": [117.379939, 31.903511]}, "properties": {"name": "国轩高科硕博楼小超市", "category": "supermarket", "sub_category": "060400"}}, {"type": "Feature", "geometry": {"type": "Point", "coordinates": [117.351587, 31.930255]}, "properties": {"name": "惠优买连锁超市(京商国际商贸城J区店)", "category": "supermarket", "sub_category": "060400"}}, {"type": "Feature", "geometry": {"type": "Point", "coordinates": [117.353575, 31.933325]}, "properties": {"name": "华联精品生活超市(北岗花园店)", "category": "supermarket", "sub_category": "060400"}}, {"type": "Feature", "geometry": {"type": "Point", "coordinates": [117.372688, 31.923598]}, "properties": {"name": "合家乐超市(文忠路店)", "category": "supermarket", "sub_category": "060400"}}, {"type": "Feature", "geometry": {"type": "Point", "coordinates": [117.380175, 31.940275]}, "properties": {"name": "家嘉富百货超市", "category": "supermarket", "sub_category": "060200|060400"}}, {"type": "Feature", "geometry": {"type": "Point", "coordinates": [117.391925, 31.940325]}, "properties": {"name": "嘉得利连锁超市", "category": "supermarket", "sub_category": "060200|060400"}}, {"type": "Feature", "geometry": {"type": "Point", "coordinates": [117.370385, 31.907559]}, "properties": {"name": "好又多连锁超市(文浍苑店)", "category": "supermarket", "sub_category": "060400"}}, {"type": "Feature", "geometry": {"type": "Point", "coordinates": [117.370027, 31.907018]}, "properties": {"name": "惠民华联生鲜超市(文浍苑店)", "category": "supermarket", "sub_category": "060400"}}, {"type": "Feature", "geometry": {"type": "Point", "coordinates": [117.373466, 31.932408]}, "properties": {"name": "锦院生活超市(锦门·学院里店)", "category": "supermarket", "sub_category": "060400"}}, {"type": "Feature", "geometry": {"type": "Point", "coordinates": [117.369029, 31.920619]}, "properties": {"name": "大学生超市", "category": "supermarket", "sub_category": "060400"}}, {"type": "Feature", "geometry": {"type": "Point", "coordinates": [117.371991, 31.931493]}, "properties": {"name": "红府超市(安广店)", "category": "supermarket", "sub_category": "060400"}}, {"type": "Feature", "geometry": {"type": "Point", "coordinates": [117.374716, 31.944691]}, "properties": {"name": "上善家生活超市(当代MOMΛ未来城店)", "category": "supermarket", "sub_category": "060400"}}, {"type": "Feature", "geometry": {"type": "Point", "coordinates": [117.36562, 31.906721]}, "properties": {"name": "蓉琪超市", "category": "supermarket", "sub_category": "060400"}}, {"type": "Feature", "geometry": {"type": "Point", "coordinates": [117.378637, 31.936562]}, "properties": {"name": "少荃家园超市(西门店)", "category": "supermarket", "sub_category": "060400"}}, {"type": "Feature", "geometry": {"type": "Point", "coordinates": [117.379675, 31.940375]}, "properties": {"name": "岗位超市(南山·柠檬郡店)", "category": "supermarket", "sub_category": "060400"}}, {"type": "Feature", "geometry": {"type": "Point", "coordinates": [117.396213, 31.909377]}, "properties": {"name": "好又多(合肥市经贸旅游学校店)", "category": "supermarket", "sub_category": "060400"}}, {"type": "Feature", "geometry": {"type": "Point", "coordinates": [117.381975, 31.922575]}, "properties": {"name": "好又多超市", "category": "supermarket", "sub_category": "060400"}}, {"type": "Feature", "geometry": {"type": "Point", "coordinates": [117.385975, 31.937275]}, "properties": {"name": "合肥市新站区何姐好又多烟酒超市", "category": "supermarket", "sub_category": "060400"}}, {"type": "Feature", "geometry": {"type": "Point", "coordinates": [117.374925, 31.944575]}, "properties": {"name": "东方大道生活超市", "category": "supermarket", "sub_category": "060400"}}, {"type": "Feature", "geometry": {"type": "Point", "coordinates": [117.366975, 31.923475]}, "properties": {"name": "悠悠客百货超市", "category": "supermarket", "sub_category": "060400"}}, {"type": "Feature", "geometry": {"type": "Point", "coordinates": [117.382475, 31.912975]}, "properties": {"name": "福来佳超市", "category": "supermarket", "sub_category": "060200|060400"}}, {"type": "Feature", "geometry": {"type": "Point", "coordinates": [117.380218, 31.938537]}, "properties": {"name": "宏盛生活超市", "category": "supermarket", "sub_category": "060400"}}, {"type": "Feature", "geometry": {"type": "Point", "coordinates": [117.366876, 31.907962]}, "properties": {"name": "福彩超市(文忠路店)", "category": "supermarket", "sub_category": "060400"}}, {"type": "Feature", "geometry": {"type": "Point", "coordinates": [117.350841, 31.933981]}, "properties": {"name": "兔喜生活超市", "category": "supermarket", "sub_category": "060400"}}, {"type": "Feature", "geometry": {"type": "Point", "coordinates": [117.355325, 31.935975]}, "properties": {"name": "兔喜生活超市", "category": "supermarket", "sub_category": "060400"}}, {"type": "Feature", "geometry": {"type": "Point", "coordinates": [117.36085, 31.971825]}, "properties": {"name": "京泰精品超市", "category": "supermarket", "sub_category": "060400"}}, {"type": "Feature", "geometry": {"type": "Point", "coordinates": [117.356965, 31.951429]}, "properties": {"name": "乐家福生活超市", "category": "supermarket", "sub_category": "060400"}}, {"type": "Feature", "geometry": {"type": "Point", "coordinates": [117.360843, 31.95233]}, "properties": {"name": "百佳超市(和水雅居店)", "category": "supermarket", "sub_category": "060400"}}, {"type": "Feature", "geometry": {"type": "Point", "coordinates": [117.356041, 31.951174]}, "properties": {"name": "来优品零食超市(皖投新悦里店)", "category": "supermarket", "sub_category": "060400|061200"}}, {"type": "Feature", "geometry": {"type": "Point", "coordinates": [117.360067, 31.974106]}, "properties": {"name": "惠尔顿百货超市", "category": "supermarket", "sub_category": "060400"}}, {"type": "Feature", "geometry": {"type": "Point", "coordinates": [117.434665, 31.795295]}, "properties": {"name": "有间超市", "category": "supermarket", "sub_category": "060400"}}, {"type": "Feature", "geometry": {"type": "Point", "coordinates": [117.433021, 31.783196]}, "properties": {"name": "河滨似菊超市", "category": "supermarket", "sub_category": "060400"}}, {"type": "Feature", "geometry": {"type": "Point", "coordinates": [117.418712, 31.840499]}, "properties": {"name": "永辉超市(东风大道店)", "category": "supermarket", "sub_category": "060400"}}, {"type": "Feature", "geometry": {"type": "Point", "coordinates": [117.439502, 31.814008]}, "properties": {"name": "大毛超市二店(传化店)", "category": "supermarket", "sub_category": "060400"}}, {"type": "Feature", "geometry": {"type": "Point", "coordinates": [117.43155, 31.827702]}, "properties": {"name": "汇之隆生鲜超市(水电学院店)", "category": "supermarket", "sub_category": "060400"}}, {"type": "Feature", "geometry": {"type": "Point", "coordinates": [117.402746, 31.826834]}, "properties": {"name": "肥东大运生活超市", "category": "supermarket", "sub_category": "060400"}}, {"type": "Feature", "geometry": {"type": "Point", "coordinates": [117.418089, 31.837721]}, "properties": {"name": "锅圈食汇(龙塘店)", "category": "supermarket", "sub_category": "060703|060400|050000"}}, {"type": "Feature", "geometry": {"type": "Point", "coordinates": [117.418012, 31.836875]}, "properties": {"name": "天润发生活超市(龙塘店)", "category": "supermarket", "sub_category": "060305|060400"}}, {"type": "Feature", "geometry": {"type": "Point", "coordinates": [117.416881, 31.831279]}, "properties": {"name": "丰又丰生活超市连锁(华盛广场店)", "category": "supermarket", "sub_category": "060400"}}, {"type": "Feature", "geometry": {"type": "Point", "coordinates": [117.44931, 31.819933]}, "properties": {"name": "悦林枫超市(瑶河家园店)", "category": "supermarket", "sub_category": "060400"}}, {"type": "Feature", "geometry": {"type": "Point", "coordinates": [117.434562, 31.825489]}, "properties": {"name": "哈都来连锁超市(龙塘店)", "category": "supermarket", "sub_category": "060400"}}, {"type": "Feature", "geometry": {"type": "Point", "coordinates": [117.407306, 31.824393]}, "properties": {"name": "郑沈百货商店", "category": "supermarket", "sub_category": "060400"}}, {"type": "Feature", "geometry": {"type": "Point", "coordinates": [117.425606, 31.843449]}, "properties": {"name": "东欧生活超市", "category": "supermarket", "sub_category": "060400"}}, {"type": "Feature", "geometry": {"type": "Point", "coordinates": [117.415375, 31.838675]}, "properties": {"name": "美嘉满精品超市", "category": "supermarket", "sub_category": "060400"}}, {"type": "Feature", "geometry": {"type": "Point", "coordinates": [117.417331, 31.831764]}, "properties": {"name": "万家亿佰生活超市(华盛广场店)", "category": "supermarket", "sub_category": "060400"}}, {"type": "Feature", "geometry": {"type": "Point", "coordinates": [117.433994, 31.821734]}, "properties": {"name": "贺鹏烟酒超市(新安小区店)", "category": "supermarket", "sub_category": "060400"}}, {"type": "Feature", "geometry": {"type": "Point", "coordinates": [117.409044, 31.831362]}, "properties": {"name": "乐天百货超市(华盛大运城店)", "category": "supermarket", "sub_category": "060400"}}, {"type": "Feature", "geometry": {"type": "Point", "coordinates": [117.414973, 31.849388]}, "properties": {"name": "世纪华联生活超市(尚泽琪瑞东郡店)", "category": "supermarket", "sub_category": "060400"}}, {"type": "Feature", "geometry": {"type": "Point", "coordinates": [117.407466, 31.829291]}, "properties": {"name": "文客多生活超市", "category": "supermarket", "sub_category": "060400"}}, {"type": "Feature", "geometry": {"type": "Point", "coordinates": [117.439475, 31.810955]}, "properties": {"name": "大毛连锁超市三店(宇培店)", "category": "supermarket", "sub_category": "060400"}}, {"type": "Feature", "geometry": {"type": "Point", "coordinates": [117.419635, 31.833694]}, "properties": {"name": "幸福园超市(唐安·幸福家园店)", "category": "supermarket", "sub_category": "060200|060400"}}, {"type": "Feature", "geometry": {"type": "Point", "coordinates": [117.418172, 31.838937]}, "properties": {"name": "真鲜惠超市(文一名门东隅店)", "category": "supermarket", "sub_category": "060400"}}, {"type": "Feature", "geometry": {"type": "Point", "coordinates": [117.416829, 31.834637]}, "properties": {"name": "幸福里超市(东风大道店)", "category": "supermarket", "sub_category": "060200|060400"}}, {"type": "Feature", "geometry": {"type": "Point", "coordinates": [117.448579, 31.818394]}, "properties": {"name": "杜晔生活超市(瑶河家园店)", "category": "supermarket", "sub_category": "060400"}}, {"type": "Feature", "geometry": {"type": "Point", "coordinates": [117.410392, 31.843493]}, "properties": {"name": "申鲜生生活超市(中海橙郡店)", "category": "supermarket", "sub_category": "060400"}}, {"type": "Feature", "geometry": {"type": "Point", "coordinates": [117.417352, 31.835561]}, "properties": {"name": "阳之光超市(唐安·幸福家园店)", "category": "supermarket", "sub_category": "060200|060400"}}, {"type": "Feature", "geometry": {"type": "Point", "coordinates": [117.418211, 31.837676]}, "properties": {"name": "早城超市(圣联东方早城店)", "category": "supermarket", "sub_category": "060400"}}, {"type": "Feature", "geometry": {"type": "Point", "coordinates": [117.44905, 31.819364]}, "properties": {"name": "福双超市电脑维修(瑶河家园店)", "category": "supermarket", "sub_category": "060400"}}, {"type": "Feature", "geometry": {"type": "Point", "coordinates": [117.416266, 31.841499]}, "properties": {"name": "文博城生活超市(华东文博古玩城店)", "category": "supermarket", "sub_category": "060400"}}, {"type": "Feature", "geometry": {"type": "Point", "coordinates": [117.405767, 31.809554]}, "properties": {"name": "农家超市", "category": "supermarket", "sub_category": "060400"}}, {"type": "Feature", "geometry": {"type": "Point", "coordinates": [117.408525, 31.829275]}, "properties": {"name": "集丰生活超市", "category": "supermarket", "sub_category": "060400"}}, {"type": "Feature", "geometry": {"type": "Point", "coordinates": [117.402744, 31.830475]}, "properties": {"name": "福聚超市", "category": "supermarket", "sub_category": "060200|060400"}}, {"type": "Feature", "geometry": {"type": "Point", "coordinates": [117.415809, 31.835129]}, "properties": {"name": "熙瑶生活超市(名门金隅店)", "category": "supermarket", "sub_category": "060400"}}, {"type": "Feature", "geometry": {"type": "Point", "coordinates": [117.413185, 31.838672]}, "properties": {"name": "旺之佳超市", "category": "supermarket", "sub_category": "060400"}}, {"type": "Feature", "geometry": {"type": "Point", "coordinates": [117.432925, 31.827525]}, "properties": {"name": "利购安家超市", "category": "supermarket", "sub_category": "060400"}}, {"type": "Feature", "geometry": {"type": "Point", "coordinates": [117.440606, 31.817506]}, "properties": {"name": "好一家超市", "category": "supermarket", "sub_category": "060400"}}, {"type": "Feature", "geometry": {"type": "Point", "coordinates": [117.420746, 31.835378]}, "properties": {"name": "臻之福超市", "category": "supermarket", "sub_category": "060200|060400"}}, {"type": "Feature", "geometry": {"type": "Point", "coordinates": [117.428991, 31.821942]}, "properties": {"name": "合家福超市(安徽水利水电职业技术学院店)", "category": "supermarket", "sub_category": "060400"}}, {"type": "Feature", "geometry": {"type": "Point", "coordinates": [117.410675, 31.837674]}, "properties": {"name": "新天地超市(南十六店)", "category": "supermarket", "sub_category": "060400"}}, {"type": "Feature", "geometry": {"type": "Point", "coordinates": [117.433825, 31.812725]}, "properties": {"name": "和成天下便利超市(东华路店)", "category": "supermarket", "sub_category": "060400"}}, {"type": "Feature", "geometry": {"type": "Point", "coordinates": [117.410675, 31.837675]}, "properties": {"name": "宇桐百货超市", "category": "supermarket", "sub_category": "060400"}}, {"type": "Feature", "geometry": {"type": "Point", "coordinates": [117.412525, 31.838675]}, "properties": {"name": "拾惠客24H超市(合肥新中心店)", "category": "supermarket", "sub_category": "060400|060200"}}, {"type": "Feature", "geometry": {"type": "Point", "coordinates": [117.414348, 31.838582]}, "properties": {"name": "三棵树(华东建材城店)", "category": "supermarket", "sub_category": "060400"}}, {"type": "Feature", "geometry": {"type": "Point", "coordinates": [117.416975, 31.831275]}, "properties": {"name": "每日优鲜(华盛广场店)", "category": "supermarket", "sub_category": "060400"}}, {"type": "Feature", "geometry": {"type": "Point", "coordinates": [117.432858, 31.875136]}, "properties": {"name": "合家福连锁超市(长江东路辅路店)", "category": "supermarket", "sub_category": "060400"}}, {"type": "Feature", "geometry": {"type": "Point", "coordinates": [117.439075, 31.875325]}, "properties": {"name": "悦尔万家大型超市(禹悦汇商场店)", "category": "supermarket", "sub_category": "060400"}}, {"type": "Feature", "geometry": {"type": "Point", "coordinates": [117.44998, 31.865597]}, "properties": {"name": "巧客隆超市", "category": "supermarket", "sub_category": "060400"}}, {"type": "Feature", "geometry": {"type": "Point", "coordinates": [117.425644, 31.878156]}, "properties": {"name": "好又多生活超市(彩虹新城商业街店)", "category": "supermarket", "sub_category": "060400"}}, {"type": "Feature", "geometry": {"type": "Point", "coordinates": [117.435382, 31.87921]}, "properties": {"name": "好鲜生生活超市(蓝光店)", "category": "supermarket", "sub_category": "060400"}}, {"type": "Feature", "geometry": {"type": "Point", "coordinates": [117.43993, 31.868092]}, "properties": {"name": "红城生活超市(文一国际店)", "category": "supermarket", "sub_category": "060400"}}, {"type": "Feature", "geometry": {"type": "Point", "coordinates": [117.449907, 31.888913]}, "properties": {"name": "家家悦生活超市(沃德酒行御云府店)", "category": "supermarket", "sub_category": "060400|060200"}}, {"type": "Feature", "geometry": {"type": "Point", "coordinates": [117.442255, 31.877285]}, "properties": {"name": "一烟酒鼎超市(凤凰城店)", "category": "supermarket", "sub_category": "060400"}}, {"type": "Feature", "geometry": {"type": "Point", "coordinates": [117.448429, 31.885666]}, "properties": {"name": "好又多超市(托斯卡纳小镇店)", "category": "supermarket", "sub_category": "060400"}}, {"type": "Feature", "geometry": {"type": "Point", "coordinates": [117.441339, 31.887067]}, "properties": {"name": "好鲜生生活超市(锦源春天店)", "category": "supermarket", "sub_category": "060400"}}, {"type": "Feature", "geometry": {"type": "Point", "coordinates": [117.436246, 31.880635]}, "properties": {"name": "美好生活超市(万科红郡一期店)", "category": "supermarket", "sub_category": "060400"}}, {"type": "Feature", "geometry": {"type": "Point", "coordinates": [117.440948, 31.888275]}, "properties": {"name": "陆杨便利超市", "category": "supermarket", "sub_category": "060400|060200"}}, {"type": "Feature", "geometry": {"type": "Point", "coordinates": [117.400414, 31.853371]}, "properties": {"name": "千宇生鲜超市", "category": "supermarket", "sub_category": "060400"}}, {"type": "Feature", "geometry": {"type": "Point", "coordinates": [117.440653, 31.880446]}, "properties": {"name": "哈都来超市(合肥市聚龙阳光都市店)", "category": "supermarket", "sub_category": "060400"}}, {"type": "Feature", "geometry": {"type": "Point", "coordinates": [117.434788, 31.877781]}, "properties": {"name": "幸福邻家生活超市(力高·澜湖前城店)", "category": "supermarket", "sub_category": "060400"}}, {"type": "Feature", "geometry": {"type": "Point", "coordinates": [117.424872, 31.881819]}, "properties": {"name": "临湖世纪华联生活超市(彩虹新城店)", "category": "supermarket", "sub_category": "060400"}}, {"type": "Feature", "geometry": {"type": "Point", "coordinates": [117.402228, 31.85484]}, "properties": {"name": "君百生活超市(力高君逸府店)", "category": "supermarket", "sub_category": "060400"}}, {"type": "Feature", "geometry": {"type": "Point", "coordinates": [117.441989, 31.887046]}, "properties": {"name": "仁文生活超市(锦源春天店)", "category": "supermarket", "sub_category": "060400|060200"}}, {"type": "Feature", "geometry": {"type": "Point", "coordinates": [117.437679, 31.873058]}, "properties": {"name": "好鲜生生活超市(禹州·中央广场C区店)", "category": "supermarket", "sub_category": "060400"}}, {"type": "Feature", "geometry": {"type": "Point", "coordinates": [117.447641, 31.88883]}, "properties": {"name": "好客多生活超市(斌锋·御云府店)", "category": "supermarket", "sub_category": "060400"}}, {"type": "Feature", "geometry": {"type": "Point", "coordinates": [117.427942, 31.886678]}, "properties": {"name": "晨玲平价超市", "category": "supermarket", "sub_category": "060400"}}, {"type": "Feature", "geometry": {"type": "Point", "coordinates": [117.446628, 31.877045]}, "properties": {"name": "易品鲜购生活超市(龙泉路店)", "category": "supermarket", "sub_category": "060400"}}, {"type": "Feature", "geometry": {"type": "Point", "coordinates": [117.444052, 31.890296]}, "properties": {"name": "峰之惠购物超市(丽水云天店)", "category": "supermarket", "sub_category": "060400"}}, {"type": "Feature", "geometry": {"type": "Point", "coordinates": [117.418563, 31.89006]}, "properties": {"name": "欣壹佳百货超市(远洋·万和云锦店)", "category": "supermarket", "sub_category": "060400"}}, {"type": "Feature", "geometry": {"type": "Point", "coordinates": [117.441853, 31.883496]}, "properties": {"name": "佳佳惠超市(和平路店)", "category": "supermarket", "sub_category": "060400"}}, {"type": "Feature", "geometry": {"type": "Point", "coordinates": [117.425939, 31.886944]}, "properties": {"name": "永达连锁超市(晨光花园店)", "category": "supermarket", "sub_category": "060400|060200"}}, {"type": "Feature", "geometry": {"type": "Point", "coordinates": [117.433021, 31.875281]}, "properties": {"name": "肥东县喜买乐生活超市", "category": "supermarket", "sub_category": "060400"}}, {"type": "Feature", "geometry": {"type": "Point", "coordinates": [117.406691, 31.868489]}, "properties": {"name": "惠购生活超市(长江东路店)", "category": "supermarket", "sub_category": "060400"}}, {"type": "Feature", "geometry": {"type": "Point", "coordinates": [117.407862, 31.886602]}, "properties": {"name": "恒盛百货超市(蔚然居小区店)", "category": "supermarket", "sub_category": "060200|060400"}}, {"type": "Feature", "geometry": {"type": "Point", "coordinates": [117.41551, 31.879662]}, "properties": {"name": "金满百货超市", "category": "supermarket", "sub_category": "060400"}}, {"type": "Feature", "geometry": {"type": "Point", "coordinates": [117.448432, 31.885074]}, "properties": {"name": "昌捷生活超市(托斯卡纳小镇B区店)", "category": "supermarket", "sub_category": "060400"}}, {"type": "Feature", "geometry": {"type": "Point", "coordinates": [117.448298, 31.892649]}, "properties": {"name": "为民生活超市(安乐路店)", "category": "supermarket", "sub_category": "060400"}}, {"type": "Feature", "geometry": {"type": "Point", "coordinates": [117.430028, 31.879618]}, "properties": {"name": "红府超市(祥和路店)", "category": "supermarket", "sub_category": "060200|060400"}}, {"type": "Feature", "geometry": {"type": "Point", "coordinates": [117.425319, 31.880992]}, "properties": {"name": "领鲜生活超市", "category": "supermarket", "sub_category": "060400"}}, {"type": "Feature", "geometry": {"type": "Point", "coordinates": [117.421838, 31.871836]}, "properties": {"name": "许大姐生活超市", "category": "supermarket", "sub_category": "060400"}}, {"type": "Feature", "geometry": {"type": "Point", "coordinates": [117.448401, 31.886248]}, "properties": {"name": "君正华联超市(托斯卡纳商业街店)", "category": "supermarket", "sub_category": "060400|060200"}}, {"type": "Feature", "geometry": {"type": "Point", "coordinates": [117.427686, 31.867478]}, "properties": {"name": "园区超市", "category": "supermarket", "sub_category": "060400"}}, {"type": "Feature", "geometry": {"type": "Point", "coordinates": [117.438625, 31.869375]}, "properties": {"name": "众客来超市(肥东文一店)", "category": "supermarket", "sub_category": "060400"}}, {"type": "Feature", "geometry": {"type": "Point", "coordinates": [117.449231, 31.878418]}, "properties": {"name": "御佳源超市", "category": "supermarket", "sub_category": "060400|060200"}}, {"type": "Feature", "geometry": {"type": "Point", "coordinates": [117.423592, 31.877918]}, "properties": {"name": "东方乐购(龙脊山路店)", "category": "supermarket", "sub_category": "060400"}}, {"type": "Feature", "geometry": {"type": "Point", "coordinates": [117.443584, 31.870477]}, "properties": {"name": "徽美生活超市(盛世家园店)", "category": "supermarket", "sub_category": "060400"}}, {"type": "Feature", "geometry": {"type": "Point", "coordinates": [117.420072, 31.868781]}, "properties": {"name": "友家生活超市(长江东路店)", "category": "supermarket", "sub_category": "060400"}}, {"type": "Feature", "geometry": {"type": "Point", "coordinates": [117.437659, 31.873532]}, "properties": {"name": "巨惠生活超市", "category": "supermarket", "sub_category": "060400"}}, {"type": "Feature", "geometry": {"type": "Point", "coordinates": [117.420817, 31.870557]}, "properties": {"name": "兴悦商贸", "category": "supermarket", "sub_category": "060400"}}, {"type": "Feature", "geometry": {"type": "Point", "coordinates": [117.430359, 31.877506]}, "properties": {"name": "客来隆超市(尚泽·琪瑞康郡店)", "category": "supermarket", "sub_category": "060400"}}, {"type": "Feature", "geometry": {"type": "Point", "coordinates": [117.448657, 31.889572]}, "properties": {"name": "琪韵生活超市(斌锋·御云府店)", "category": "supermarket", "sub_category": "060400|060200"}}, {"type": "Feature", "geometry": {"type": "Point", "coordinates": [117.442724, 31.872389]}, "properties": {"name": "千家惠生鲜生活超市(瑞景兰庭店)", "category": "supermarket", "sub_category": "060400"}}, {"type": "Feature", "geometry": {"type": "Point", "coordinates": [117.4441, 31.877129]}, "properties": {"name": "昊鹏烟酒超市", "category": "supermarket", "sub_category": "060400"}}, {"type": "Feature", "geometry": {"type": "Point", "coordinates": [117.411898, 31.886804]}, "properties": {"name": "悦城优选精品折扣超市", "category": "supermarket", "sub_category": "060400"}}, {"type": "Feature", "geometry": {"type": "Point", "coordinates": [117.440475, 31.874425]}, "properties": {"name": "诚华超市(风情街店)", "category": "supermarket", "sub_category": "060400"}}, {"type": "Feature", "geometry": {"type": "Point", "coordinates": [117.43528, 31.88261]}, "properties": {"name": "客来旺超市(斌锋·时代城店)", "category": "supermarket", "sub_category": "060400"}}, {"type": "Feature", "geometry": {"type": "Point", "coordinates": [117.441075, 31.887725]}, "properties": {"name": "爱家生鲜超市(金阳路店)", "category": "supermarket", "sub_category": "060703|060400"}}, {"type": "Feature", "geometry": {"type": "Point", "coordinates": [117.443776, 31.869978]}, "properties": {"name": "宝茹烟酒(瑞泰尚园店)", "category": "supermarket", "sub_category": "060200|060400"}}, {"type": "Feature", "geometry": {"type": "Point", "coordinates": [117.444007, 31.892916]}, "properties": {"name": "月之星生活超市(盛嘉欧园店)", "category": "supermarket", "sub_category": "060400"}}, {"type": "Feature", "geometry": {"type": "Point", "coordinates": [117.434067, 31.896992]}, "properties": {"name": "宏丽超市(镇西路店)", "category": "supermarket", "sub_category": "060400"}}, {"type": "Feature", "geometry": {"type": "Point", "coordinates": [117.427125, 31.871475]}, "properties": {"name": "拾惠客24H超市(合肥长江东路店)", "category": "supermarket", "sub_category": "060400|060200"}}, {"type": "Feature", "geometry": {"type": "Point", "coordinates": [117.438555, 31.869314]}, "properties": {"name": "左新星超市(文一·国际A区店)", "category": "supermarket", "sub_category": "060400"}}, {"type": "Feature", "geometry": {"type": "Point", "coordinates": [117.448482, 31.87357]}, "properties": {"name": "晓翠超市(公园路店)", "category": "supermarket", "sub_category": "060400|060200"}}, {"type": "Feature", "geometry": {"type": "Point", "coordinates": [117.449397, 31.87813]}, "properties": {"name": "181超市", "category": "supermarket", "sub_category": "060400|060200"}}, {"type": "Feature", "geometry": {"type": "Point", "coordinates": [117.402214, 31.858034]}, "properties": {"name": "鑫福润生鲜超市", "category": "supermarket", "sub_category": "060400"}}, {"type": "Feature", "geometry": {"type": "Point", "coordinates": [117.444898, 31.888006]}, "properties": {"name": "惠客多生活超市", "category": "supermarket", "sub_category": "060400"}}, {"type": "Feature", "geometry": {"type": "Point", "coordinates": [117.428384, 31.862335]}, "properties": {"name": "东墅生活超市(东墅京建中心店)", "category": "supermarket", "sub_category": "060400"}}, {"type": "Feature", "geometry": {"type": "Point", "coordinates": [117.421025, 31.870775]}, "properties": {"name": "好运生鲜(长江东路店)", "category": "supermarket", "sub_category": "060400"}}, {"type": "Feature", "geometry": {"type": "Point", "coordinates": [117.438675, 31.885275]}, "properties": {"name": "橙意满满精品超市", "category": "supermarket", "sub_category": "060400|060200"}}, {"type": "Feature", "geometry": {"type": "Point", "coordinates": [117.432775, 31.872625]}, "properties": {"name": "一站式购物平台", "category": "supermarket", "sub_category": "060400"}}, {"type": "Feature", "geometry": {"type": "Point", "coordinates": [117.417431, 31.886073]}, "properties": {"name": "园区超市", "category": "supermarket", "sub_category": "060400"}}, {"type": "Feature", "geometry": {"type": "Point", "coordinates": [117.423472, 31.886419]}, "properties": {"name": "天润发量贩购物中心(文一名都店)", "category": "supermarket", "sub_category": "060101|060400"}}, {"type": "Feature", "geometry": {"type": "Point", "coordinates": [117.446909, 31.877509]}, "properties": {"name": "鸣福烟酒经营部福彩", "category": "supermarket", "sub_category": "060400"}}, {"type": "Feature", "geometry": {"type": "Point", "coordinates": [117.438696, 31.875092]}, "properties": {"name": "屈臣氏(风情街店)", "category": "supermarket", "sub_category": "060411"}}, {"type": "Feature", "geometry": {"type": "Point", "coordinates": [117.410676, 31.921485]}, "properties": {"name": "来优品", "category": "supermarket", "sub_category": "060400"}}, {"type": "Feature", "geometry": {"type": "Point", "coordinates": [117.409175, 31.929767]}, "properties": {"name": "润万家超市(磨店家园店)", "category": "supermarket", "sub_category": "060400"}}, {"type": "Feature", "geometry": {"type": "Point", "coordinates": [117.403509, 31.933066]}, "properties": {"name": "好又多生活超市(磨店家园店)", "category": "supermarket", "sub_category": "060400"}}, {"type": "Feature", "geometry": {"type": "Point", "coordinates": [117.400191, 31.931408]}, "properties": {"name": "6+1生鲜批发超市(同福苑店)", "category": "supermarket", "sub_category": "060400"}}, {"type": "Feature", "geometry": {"type": "Point", "coordinates": [117.406407, 31.921849]}, "properties": {"name": "美科精品生活超市(临涣路店)", "category": "supermarket", "sub_category": "060400"}}, {"type": "Feature", "geometry": {"type": "Point", "coordinates": [117.401225, 31.935312]}, "properties": {"name": "大惠丰超市", "category": "supermarket", "sub_category": "060400"}}, {"type": "Feature", "geometry": {"type": "Point", "coordinates": [117.40104, 31.935308]}, "properties": {"name": "同心苑生活超市", "category": "supermarket", "sub_category": "060400"}}, {"type": "Feature", "geometry": {"type": "Point", "coordinates": [117.404755, 31.929754]}, "properties": {"name": "磨大嘴批发", "category": "supermarket", "sub_category": "060400"}}, {"type": "Feature", "geometry": {"type": "Point", "coordinates": [117.411049, 31.917942]}, "properties": {"name": "惠福多生活超市", "category": "supermarket", "sub_category": "060400"}}, {"type": "Feature", "geometry": {"type": "Point", "coordinates": [117.400764, 31.932266]}, "properties": {"name": "邻家百惠超市(磨店家园店)", "category": "supermarket", "sub_category": "060200|060400"}}, {"type": "Feature", "geometry": {"type": "Point", "coordinates": [117.418722, 31.976347]}, "properties": {"name": "众兴服务区超市", "category": "supermarket", "sub_category": "060400"}}, {"type": "Feature", "geometry": {"type": "Point", "coordinates": [117.41124, 31.989244]}, "properties": {"name": "徐氏超市", "category": "supermarket", "sub_category": "060200|060400"}}, {"type": "Feature", "geometry": {"type": "Point", "coordinates": [117.409727, 31.987124]}, "properties": {"name": "三味生鲜超市", "category": "supermarket", "sub_category": "060400"}}, {"type": "Feature", "geometry": {"type": "Point", "coordinates": [117.410798, 31.988493]}, "properties": {"name": "世纪华联超市(众兴店)", "category": "supermarket", "sub_category": "060400"}}, {"type": "Feature", "geometry": {"type": "Point", "coordinates": [117.410479, 31.987087]}, "properties": {"name": "乡村华联超市(众兴店)", "category": "supermarket", "sub_category": "060400"}}, {"type": "Feature", "geometry": {"type": "Point", "coordinates": [117.411292, 31.989353]}, "properties": {"name": "浙丽好生活超市", "category": "supermarket", "sub_category": "060400"}}, {"type": "Feature", "geometry": {"type": "Point", "coordinates": [117.474028, 31.749855]}, "properties": {"name": "长乐东方购物超市", "category": "supermarket", "sub_category": "060400|060200"}}, {"type": "Feature", "geometry": {"type": "Point", "coordinates": [117.47145, 31.749188]}, "properties": {"name": "长乐阳光超市(乡中路店)", "category": "supermarket", "sub_category": "060400|060200"}}, {"type": "Feature", "geometry": {"type": "Point", "coordinates": [117.493753, 31.796665]}, "properties": {"name": "好又多超市(循环园店)", "category": "supermarket", "sub_category": "060400"}}, {"type": "Feature", "geometry": {"type": "Point", "coordinates": [117.466088, 31.820213]}, "properties": {"name": "好又多超市(撮镇店)", "category": "supermarket", "sub_category": "060400"}}, {"type": "Feature", "geometry": {"type": "Point", "coordinates": [117.482053, 31.80789]}, "properties": {"name": "一鸣超市(撮镇路店)", "category": "supermarket", "sub_category": "060400|060200"}}, {"type": "Feature", "geometry": {"type": "Point", "coordinates": [117.47055, 31.847625]}, "properties": {"name": "每一家生鲜超市", "category": "supermarket", "sub_category": "060400"}}, {"type": "Feature", "geometry": {"type": "Point", "coordinates": [117.465514, 31.819868]}, "properties": {"name": "莲都山超生活超市(南大街店)", "category": "supermarket", "sub_category": "060400"}}, {"type": "Feature", "geometry": {"type": "Point", "coordinates": [117.489828, 31.814375]}, "properties": {"name": "宜品生鲜生活超市(义和家园店)", "category": "supermarket", "sub_category": "060400"}}, {"type": "Feature", "geometry": {"type": "Point", "coordinates": [117.488574, 31.814385]}, "properties": {"name": "旺角超市(义和家园店)", "category": "supermarket", "sub_category": "060400"}}, {"type": "Feature", "geometry": {"type": "Point", "coordinates": [117.481323, 31.820081]}, "properties": {"name": "名角生活超市(安建·锦绣花园店)", "category": "supermarket", "sub_category": "071100|060200|060400"}}, {"type": "Feature", "geometry": {"type": "Point", "coordinates": [117.450979, 31.824775]}, "properties": {"name": "易果生鲜超市(远洋庐玥风景店)", "category": "supermarket", "sub_category": "060400"}}, {"type": "Feature", "geometry": {"type": "Point", "coordinates": [117.469786, 31.847707]}, "properties": {"name": "嘉一超市", "category": "supermarket", "sub_category": "060400"}}, {"type": "Feature", "geometry": {"type": "Point", "coordinates": [117.481334, 31.804636]}, "properties": {"name": "佳琰生活超市(撮镇振兴金领公寓店)", "category": "supermarket", "sub_category": "060400"}}, {"type": "Feature", "geometry": {"type": "Point", "coordinates": [117.451898, 31.825629]}, "properties": {"name": "鲜又多生活超市(烟花路店)", "category": "supermarket", "sub_category": "060400"}}, {"type": "Feature", "geometry": {"type": "Point", "coordinates": [117.464472, 31.823725]}, "properties": {"name": "撮西众缘超市", "category": "supermarket", "sub_category": "060400"}}, {"type": "Feature", "geometry": {"type": "Point", "coordinates": [117.471059, 31.838083]}, "properties": {"name": "悦府生活超市(天悦府店)", "category": "supermarket", "sub_category": "060400"}}, {"type": "Feature", "geometry": {"type": "Point", "coordinates": [117.469461, 31.818012]}, "properties": {"name": "世纪华联超市(裕溪路店)", "category": "supermarket", "sub_category": "060400"}}, {"type": "Feature", "geometry": {"type": "Point", "coordinates": [117.475579, 31.824632]}, "properties": {"name": "永信连锁超市曹营街(振东家园店)", "category": "supermarket", "sub_category": "060400"}}, {"type": "Feature", "geometry": {"type": "Point", "coordinates": [117.465586, 31.818842]}, "properties": {"name": "席家超市", "category": "supermarket", "sub_category": "060400|060200"}}, {"type": "Feature", "geometry": {"type": "Point", "coordinates": [117.478875, 31.806475]}, "properties": {"name": "肥东先锋惠民生活超市", "category": "supermarket", "sub_category": "060400"}}, {"type": "Feature", "geometry": {"type": "Point", "coordinates": [117.478709, 31.838693]}, "properties": {"name": "老九生活超市(东城家园店)", "category": "supermarket", "sub_category": "060400"}}, {"type": "Feature", "geometry": {"type": "Point", "coordinates": [117.464804, 31.815698]}, "properties": {"name": "粮油百货超市", "category": "supermarket", "sub_category": "060400"}}, {"type": "Feature", "geometry": {"type": "Point", "coordinates": [117.484156, 31.820437]}, "properties": {"name": "咪哩生鲜超市(盛世新城店)", "category": "supermarket", "sub_category": "060703|060400"}}, {"type": "Feature", "geometry": {"type": "Point", "coordinates": [117.471483, 31.819438]}, "properties": {"name": "弘葵超市", "category": "supermarket", "sub_category": "060400"}}, {"type": "Feature", "geometry": {"type": "Point", "coordinates": [117.489623, 31.803811]}, "properties": {"name": "化肥厂超市", "category": "supermarket", "sub_category": "060400|060200"}}, {"type": "Feature", "geometry": {"type": "Point", "coordinates": [117.477825, 31.838625]}, "properties": {"name": "华丽生活超市", "category": "supermarket", "sub_category": "060400"}}, {"type": "Feature", "geometry": {"type": "Point", "coordinates": [117.469609, 31.819921]}, "properties": {"name": "数享易购", "category": "supermarket", "sub_category": "060400"}}, {"type": "Feature", "geometry": {"type": "Point", "coordinates": [117.473913, 31.838633]}, "properties": {"name": "百信超市(撮镇路店)", "category": "supermarket", "sub_category": "060400"}}, {"type": "Feature", "geometry": {"type": "Point", "coordinates": [117.450911, 31.822472]}, "properties": {"name": "利购联华超市", "category": "supermarket", "sub_category": "060400"}}, {"type": "Feature", "geometry": {"type": "Point", "coordinates": [117.451964, 31.825496]}, "properties": {"name": "兔喜生活超市(裕溪路店)", "category": "supermarket", "sub_category": "060400"}}, {"type": "Feature", "geometry": {"type": "Point", "coordinates": [117.468375, 31.882525]}, "properties": {"name": "联家超市(肥东店)", "category": "supermarket", "sub_category": "060400"}}, {"type": "Feature", "geometry": {"type": "Point", "coordinates": [117.457753, 31.872052]}, "properties": {"name": "永辉超市(合肥市肥东新城吾悦广场店)", "category": "supermarket", "sub_category": "060400"}}, {"type": "Feature", "geometry": {"type": "Point", "coordinates": [117.475215, 31.852894]}, "properties": {"name": "万家亿佰生活超市(亿佰购物广场店)", "category": "supermarket", "sub_category": "060400"}}, {"type": "Feature", "geometry": {"type": "Point", "coordinates": [117.490715, 31.857504]}, "properties": {"name": "悦邻客生活超市(肥东伟星星悦广场店)", "category": "supermarket", "sub_category": "060400"}}, {"type": "Feature", "geometry": {"type": "Point", "coordinates": [117.476654, 31.886372]}, "properties": {"name": "来购超市(金巨大厦店)", "category": "supermarket", "sub_category": "060400"}}, {"type": "Feature", "geometry": {"type": "Point", "coordinates": [117.485786, 31.875473]}, "properties": {"name": "红城生活超市(排头社区店)", "category": "supermarket", "sub_category": "060400|060200"}}, {"type": "Feature", "geometry": {"type": "Point", "coordinates": [117.461173, 31.884326]}, "properties": {"name": "肥东县锅圈食汇食材超市(和平花园西区店)", "category": "supermarket", "sub_category": "060703|060400"}}, {"type": "Feature", "geometry": {"type": "Point", "coordinates": [117.476024, 31.851911]}, "properties": {"name": "新世纪华联烟火生活超市(浏阳花炮店)", "category": "supermarket", "sub_category": "060400"}}, {"type": "Feature", "geometry": {"type": "Point", "coordinates": [117.450396, 31.882792]}, "properties": {"name": "沃家生活超市(御景花园北区店)", "category": "supermarket", "sub_category": "060400"}}, {"type": "Feature", "geometry": {"type": "Point", "coordinates": [117.452646, 31.877372]}, "properties": {"name": "拾客精品超市(肥东店)", "category": "supermarket", "sub_category": "060400"}}, {"type": "Feature", "geometry": {"type": "Point", "coordinates": [117.460527, 31.881385]}, "properties": {"name": "小刘超市(龙泉路)", "category": "supermarket", "sub_category": "060400|060200"}}, {"type": "Feature", "geometry": {"type": "Point", "coordinates": [117.484408, 31.883035]}, "properties": {"name": "旺角超市(定光店)", "category": "supermarket", "sub_category": "060400|060200"}}, {"type": "Feature", "geometry": {"type": "Point", "coordinates": [117.478438, 31.855088]}, "properties": {"name": "哈都来连锁超市(城南店)", "category": "supermarket", "sub_category": "060400"}}, {"type": "Feature", "geometry": {"type": "Point", "coordinates": [117.455302, 31.888563]}, "properties": {"name": "旺角超市(世宏店)", "category": "supermarket", "sub_category": "060400"}}, {"type": "Feature", "geometry": {"type": "Point", "coordinates": [117.469614, 31.894921]}, "properties": {"name": "哈都来连锁超市", "category": "supermarket", "sub_category": "060400"}}, {"type": "Feature", "geometry": {"type": "Point", "coordinates": [117.482672, 31.882818]}, "properties": {"name": "万家惠超市(石塘路店)", "category": "supermarket", "sub_category": "060400"}}, {"type": "Feature", "geometry": {"type": "Point", "coordinates": [117.484572, 31.880626]}, "properties": {"name": "好又多超市(合蚌路店)", "category": "supermarket", "sub_category": "060400"}}, {"type": "Feature", "geometry": {"type": "Point", "coordinates": [117.461806, 31.888798]}, "properties": {"name": "四季春超市(汇景新城店)", "category": "supermarket", "sub_category": "060400"}}, {"type": "Feature", "geometry": {"type": "Point", "coordinates": [117.484726, 31.883353]}, "properties": {"name": "莲都一百超市", "category": "supermarket", "sub_category": "060400"}}, {"type": "Feature", "geometry": {"type": "Point", "coordinates": [117.496097, 31.861849]}, "properties": {"name": "旺角超市(亿峰集市店)", "category": "supermarket", "sub_category": "060400"}}, {"type": "Feature", "geometry": {"type": "Point", "coordinates": [117.46798, 31.886726]}, "properties": {"name": "天天乐购超市", "category": "supermarket", "sub_category": "060400|060200"}}, {"type": "Feature", "geometry": {"type": "Point", "coordinates": [117.476705, 31.891622]}, "properties": {"name": "红城超市(包公大道店)", "category": "supermarket", "sub_category": "060200|060400"}}, {"type": "Feature", "geometry": {"type": "Point", "coordinates": [117.466434, 31.888202]}, "properties": {"name": "好鲜生生活超市(星光国际店)", "category": "supermarket", "sub_category": "060400"}}, {"type": "Feature", "geometry": {"type": "Point", "coordinates": [117.479417, 31.88199]}, "properties": {"name": "乐尼超市", "category": "supermarket", "sub_category": "060400"}}, {"type": "Feature", "geometry": {"type": "Point", "coordinates": [117.465365, 31.865315]}, "properties": {"name": "平价超市(皖新店)", "category": "supermarket", "sub_category": "060400"}}, {"type": "Feature", "geometry": {"type": "Point", "coordinates": [117.485346, 31.875883]}, "properties": {"name": "竞成超市(排头社区店)", "category": "supermarket", "sub_category": "060400"}}, {"type": "Feature", "geometry": {"type": "Point", "coordinates": [117.476831, 31.894636]}, "properties": {"name": "福万家生活超市(浮槎山路店)", "category": "supermarket", "sub_category": "060400"}}, {"type": "Feature", "geometry": {"type": "Point", "coordinates": [117.450384, 31.874172]}, "properties": {"name": "鲜易购生活超市(西苑路店)", "category": "supermarket", "sub_category": "060400"}}, {"type": "Feature", "geometry": {"type": "Point", "coordinates": [117.488175, 31.878491]}, "properties": {"name": "佳依超市(定光社区店)", "category": "supermarket", "sub_category": "060400|060200"}}, {"type": "Feature", "geometry": {"type": "Point", "coordinates": [117.452071, 31.890661]}, "properties": {"name": "轶品超市(光大新村店)", "category": "supermarket", "sub_category": "060400"}}, {"type": "Feature", "geometry": {"type": "Point", "coordinates": [117.461252, 31.873932]}, "properties": {"name": "家乐购(和顺雅苑店)", "category": "supermarket", "sub_category": "060200|060400"}}, {"type": "Feature", "geometry": {"type": "Point", "coordinates": [117.485087, 31.876065]}, "properties": {"name": "建梅超市(龙泉路店)", "category": "supermarket", "sub_category": "060400|060200"}}, {"type": "Feature", "geometry": {"type": "Point", "coordinates": [117.466032, 31.897221]}, "properties": {"name": "肥东易购生活超市", "category": "supermarket", "sub_category": "060400|060200"}}, {"type": "Feature", "geometry": {"type": "Point", "coordinates": [117.466885, 31.887051]}, "properties": {"name": "兆霞超市(星光国际广场一期店)", "category": "supermarket", "sub_category": "060400"}}, {"type": "Feature", "geometry": {"type": "Point", "coordinates": [117.452407, 31.868471]}, "properties": {"name": "东琪商贸(新城家园店)", "category": "supermarket", "sub_category": "060400"}}, {"type": "Feature", "geometry": {"type": "Point", "coordinates": [117.45432, 31.890026]}, "properties": {"name": "红燕批发部", "category": "supermarket", "sub_category": "060200|060400"}}, {"type": "Feature", "geometry": {"type": "Point", "coordinates": [117.477268, 31.895756]}, "properties": {"name": "好鲜生生活超市(镇北社区店)", "category": "supermarket", "sub_category": "060400"}}, {"type": "Feature", "geometry": {"type": "Point", "coordinates": [117.450037, 31.887442]}, "properties": {"name": "亿佰超市(生活家广场店)", "category": "supermarket", "sub_category": "060400"}}, {"type": "Feature", "geometry": {"type": "Point", "coordinates": [117.474972, 31.895218]}, "properties": {"name": "平价超市鲍林店", "category": "supermarket", "sub_category": "060200|060400"}}, {"type": "Feature", "geometry": {"type": "Point", "coordinates": [117.454244, 31.877302]}, "properties": {"name": "波青波生活超市(肥东店)", "category": "supermarket", "sub_category": "060400"}}, {"type": "Feature", "geometry": {"type": "Point", "coordinates": [117.483693, 31.887563]}, "properties": {"name": "小满e购省钱超市(肥东店)", "category": "supermarket", "sub_category": "060400"}}, {"type": "Feature", "geometry": {"type": "Point", "coordinates": [117.474137, 31.886975]}, "properties": {"name": "新新商超", "category": "supermarket", "sub_category": "060400"}}, {"type": "Feature", "geometry": {"type": "Point", "coordinates": [117.479002, 31.89023]}, "properties": {"name": "惠佰佳便民超市", "category": "supermarket", "sub_category": "060400"}}, {"type": "Feature", "geometry": {"type": "Point", "coordinates": [117.484199, 31.87416]}, "properties": {"name": "明明烟酒商行(排头社区店)", "category": "supermarket", "sub_category": "060400"}}, {"type": "Feature", "geometry": {"type": "Point", "coordinates": [117.472689, 31.871546]}, "properties": {"name": "保从超市", "category": "supermarket", "sub_category": "060400"}}, {"type": "Feature", "geometry": {"type": "Point", "coordinates": [117.480671, 31.872755]}, "properties": {"name": "哈都来连锁超市", "category": "supermarket", "sub_category": "060400"}}, {"type": "Feature", "geometry": {"type": "Point", "coordinates": [117.456173, 31.880219]}, "properties": {"name": "红城超市纺织厂店", "category": "supermarket", "sub_category": "060400|060200"}}, {"type": "Feature", "geometry": {"type": "Point", "coordinates": [117.499605, 31.851806]}, "properties": {"name": "幸福邻家生活超市", "category": "supermarket", "sub_category": "060400"}}, {"type": "Feature", "geometry": {"type": "Point", "coordinates": [117.468475, 31.882425]}, "properties": {"name": "壹锅食汇火锅食材超市(中心大市场店)", "category": "supermarket", "sub_category": "060400"}}, {"type": "Feature", "geometry": {"type": "Point", "coordinates": [117.470302, 31.850003]}, "properties": {"name": "客多惠生活超市(琥珀名郡店)", "category": "supermarket", "sub_category": "060400"}}, {"type": "Feature", "geometry": {"type": "Point", "coordinates": [117.476908, 31.893288]}, "properties": {"name": "荣涛生活超市", "category": "supermarket", "sub_category": "060400"}}, {"type": "Feature", "geometry": {"type": "Point", "coordinates": [117.478044, 31.856193]}, "properties": {"name": "世纪华联超市(城南新村店)", "category": "supermarket", "sub_category": "060400"}}, {"type": "Feature", "geometry": {"type": "Point", "coordinates": [117.483755, 31.878262]}, "properties": {"name": "好易家超市", "category": "supermarket", "sub_category": "060400|060200"}}, {"type": "Feature", "geometry": {"type": "Point", "coordinates": [117.476675, 31.885125]}, "properties": {"name": "乐购超市(浮槎山路店)", "category": "supermarket", "sub_category": "060403|060200"}}, {"type": "Feature", "geometry": {"type": "Point", "coordinates": [117.459367, 31.890039]}, "properties": {"name": "有家汇景超市(汇景新城店)", "category": "supermarket", "sub_category": "060400"}}, {"type": "Feature", "geometry": {"type": "Point", "coordinates": [117.454401, 31.875073]}, "properties": {"name": "爱家超市(景河花园店)", "category": "supermarket", "sub_category": "060200|060400"}}, {"type": "Feature", "geometry": {"type": "Point", "coordinates": [117.481532, 31.87348]}, "properties": {"name": "优客临生活超市(排头社区店)", "category": "supermarket", "sub_category": "060400"}}, {"type": "Feature", "geometry": {"type": "Point", "coordinates": [117.466479, 31.896447]}, "properties": {"name": "元店路鑫磊超市", "category": "supermarket", "sub_category": "060200|060400"}}, {"type": "Feature", "geometry": {"type": "Point", "coordinates": [117.467404, 31.882606]}, "properties": {"name": "平价水果超市", "category": "supermarket", "sub_category": "060400"}}, {"type": "Feature", "geometry": {"type": "Point", "coordinates": [117.461022, 31.876827]}, "properties": {"name": "百缘生活超市(文一名门河畔店)", "category": "supermarket", "sub_category": "060400"}}, {"type": "Feature", "geometry": {"type": "Point", "coordinates": [117.450401, 31.874135]}, "properties": {"name": "乐丰生活超市(西苑路店)", "category": "supermarket", "sub_category": "060400"}}, {"type": "Feature", "geometry": {"type": "Point", "coordinates": [117.452377, 31.877972]}, "properties": {"name": "二平生活超市", "category": "supermarket", "sub_category": "060400"}}, {"type": "Feature", "geometry": {"type": "Point", "coordinates": [117.471797, 31.87239]}, "properties": {"name": "保友生鲜超市", "category": "supermarket", "sub_category": "060400"}}, {"type": "Feature", "geometry": {"type": "Point", "coordinates": [117.477757, 31.892873]}, "properties": {"name": "洋晨超市", "category": "supermarket", "sub_category": "060400"}}, {"type": "Feature", "geometry": {"type": "Point", "coordinates": [117.454421, 31.8774]}, "properties": {"name": "润购佳生活超市", "category": "supermarket", "sub_category": "060400"}}, {"type": "Feature", "geometry": {"type": "Point", "coordinates": [117.462124, 31.885493]}, "properties": {"name": "惠民生活超市", "category": "supermarket", "sub_category": "060400"}}, {"type": "Feature", "geometry": {"type": "Point", "coordinates": [117.499508, 31.851774]}, "properties": {"name": "合家欢生鲜连锁超市", "category": "supermarket", "sub_category": "060400|060703"}}, {"type": "Feature", "geometry": {"type": "Point", "coordinates": [117.472925, 31.886875]}, "properties": {"name": "喜盈多生鲜超市", "category": "supermarket", "sub_category": "060400|060703"}}, {"type": "Feature", "geometry": {"type": "Point", "coordinates": [117.458586, 31.881401]}, "properties": {"name": "小马购生活超市(肥东店)", "category": "supermarket", "sub_category": "060400"}}, {"type": "Feature", "geometry": {"type": "Point", "coordinates": [117.454894, 31.870489]}, "properties": {"name": "迎合鲜购超市(迎河家园店)", "category": "supermarket", "sub_category": "060400"}}, {"type": "Feature", "geometry": {"type": "Point", "coordinates": [117.457763, 31.878807]}, "properties": {"name": "鑫旺学生超市", "category": "supermarket", "sub_category": "060400|060200"}}, {"type": "Feature", "geometry": {"type": "Point", "coordinates": [117.456582, 31.881581]}, "properties": {"name": "金贵超市", "category": "supermarket", "sub_category": "060200|060400"}}, {"type": "Feature", "geometry": {"type": "Point", "coordinates": [117.475013, 31.887488]}, "properties": {"name": "添e生活超市", "category": "supermarket", "sub_category": "060400"}}, {"type": "Feature", "geometry": {"type": "Point", "coordinates": [117.466686, 31.887582]}, "properties": {"name": "好爱佳生活超市(星光国际广场一期店)", "category": "supermarket", "sub_category": "060400"}}, {"type": "Feature", "geometry": {"type": "Point", "coordinates": [117.469221, 31.88144]}, "properties": {"name": "海洋百货店", "category": "supermarket", "sub_category": "060400"}}, {"type": "Feature", "geometry": {"type": "Point", "coordinates": [117.486025, 31.874925]}, "properties": {"name": "润购佳超市", "category": "supermarket", "sub_category": "060400"}}, {"type": "Feature", "geometry": {"type": "Point", "coordinates": [117.470211, 31.880971]}, "properties": {"name": "2元百货超市(东盛嘉园店)", "category": "supermarket", "sub_category": "060400"}}, {"type": "Feature", "geometry": {"type": "Point", "coordinates": [117.468643, 31.881796]}, "properties": {"name": "优选特价生鲜店", "category": "supermarket", "sub_category": "060400"}}, {"type": "Feature", "geometry": {"type": "Point", "coordinates": [117.497187, 31.860268]}, "properties": {"name": "冬梅生鲜百货超市", "category": "supermarket", "sub_category": "060400"}}, {"type": "Feature", "geometry": {"type": "Point", "coordinates": [117.452056, 31.875224]}, "properties": {"name": "鑫旺生活超市(宏超丽景苑店)", "category": "supermarket", "sub_category": "060400"}}, {"type": "Feature", "geometry": {"type": "Point", "coordinates": [117.457147, 31.877608]}, "properties": {"name": "明月生鲜超市", "category": "supermarket", "sub_category": "060400|060703"}}, {"type": "Feature", "geometry": {"type": "Point", "coordinates": [117.478724, 31.885307]}, "properties": {"name": "包公学府金角超市(包公学府花园店)", "category": "supermarket", "sub_category": "060400"}}, {"type": "Feature", "geometry": {"type": "Point", "coordinates": [117.487297, 31.884775]}, "properties": {"name": "亿思够超市", "category": "supermarket", "sub_category": "060200|060400"}}, {"type": "Feature", "geometry": {"type": "Point", "coordinates": [117.453975, 31.884075]}, "properties": {"name": "思辰生活超市", "category": "supermarket", "sub_category": "060400"}}, {"type": "Feature", "geometry": {"type": "Point", "coordinates": [117.460775, 31.887275]}, "properties": {"name": "郭湾第二家超市", "category": "supermarket", "sub_category": "060400"}}, {"type": "Feature", "geometry": {"type": "Point", "coordinates": [117.480575, 31.882375]}, "properties": {"name": "汇旺生活超市", "category": "supermarket", "sub_category": "060400"}}, {"type": "Feature", "geometry": {"type": "Point", "coordinates": [117.485537, 31.883926]}, "properties": {"name": "百合园亿思购物超市", "category": "supermarket", "sub_category": "060400"}}, {"type": "Feature", "geometry": {"type": "Point", "coordinates": [117.472165, 31.874233]}, "properties": {"name": "福乐多生鲜超市", "category": "supermarket", "sub_category": "060703|060400"}}, {"type": "Feature", "geometry": {"type": "Point", "coordinates": [117.460363, 31.888558]}, "properties": {"name": "谊品到家郭湾第四家超市", "category": "supermarket", "sub_category": "060400"}}, {"type": "Feature", "geometry": {"type": "Point", "coordinates": [117.491025, 31.857275]}, "properties": {"name": "星悦广场购物", "category": "supermarket", "sub_category": "060400"}}, {"type": "Feature", "geometry": {"type": "Point", "coordinates": [117.467972, 31.887331]}, "properties": {"name": "新纪元鞋服坊(星光国际广场店)", "category": "supermarket", "sub_category": "060102|060400|061100"}}, {"type": "Feature", "geometry": {"type": "Point", "coordinates": [117.456682, 31.872076]}, "properties": {"name": "屈臣氏(合肥肥东吾悦广场店)", "category": "supermarket", "sub_category": "060411"}}, {"type": "Feature", "geometry": {"type": "Point", "coordinates": [117.471228, 31.877001]}, "properties": {"name": "惠利达烟酒商行", "category": "supermarket", "sub_category": "061210|060400"}}, {"type": "Feature", "geometry": {"type": "Point", "coordinates": [117.460199, 31.889022]}, "properties": {"name": "三棵树", "category": "supermarket", "sub_category": "060400"}}, {"type": "Feature", "geometry": {"type": "Point", "coordinates": [117.456627, 31.907144]}, "properties": {"name": "华联精品生活超市(奥园东璟里店)", "category": "supermarket", "sub_category": "060400"}}, {"type": "Feature", "geometry": {"type": "Point", "coordinates": [117.480829, 31.932424]}, "properties": {"name": "娅娅文具店", "category": "supermarket", "sub_category": "060800|060400"}}, {"type": "Feature", "geometry": {"type": "Point", "coordinates": [117.481218, 31.954154]}, "properties": {"name": "徽商红府超市(民族店)", "category": "supermarket", "sub_category": "060400"}}, {"type": "Feature", "geometry": {"type": "Point", "coordinates": [117.481032, 31.999765]}, "properties": {"name": "登福超市", "category": "supermarket", "sub_category": "060400|060200"}}, {"type": "Feature", "geometry": {"type": "Point", "coordinates": [117.482329, 31.967409]}, "properties": {"name": "四川超市", "category": "supermarket", "sub_category": "060400"}}, {"type": "Feature", "geometry": {"type": "Point", "coordinates": [117.481253, 31.951857]}, "properties": {"name": "天客隆购物中心", "category": "supermarket", "sub_category": "060400"}}, {"type": "Feature", "geometry": {"type": "Point", "coordinates": [117.522915, 31.735629]}, "properties": {"name": "乡村华联超市(复兴店)", "category": "supermarket", "sub_category": "060200|060400"}}, {"type": "Feature", "geometry": {"type": "Point", "coordinates": [117.516406, 31.79855]}, "properties": {"name": "二电厂平价超市", "category": "supermarket", "sub_category": "060400|060200"}}, {"type": "Feature", "geometry": {"type": "Point", "coordinates": [117.533716, 31.790322]}, "properties": {"name": "桥头集徽盐连锁超市(山王中学店)", "category": "supermarket", "sub_category": "060200|060400"}}, {"type": "Feature", "geometry": {"type": "Point", "coordinates": [117.503708, 31.777416]}, "properties": {"name": "平价生活超市", "category": "supermarket", "sub_category": "060400"}}, {"type": "Feature", "geometry": {"type": "Point", "coordinates": [117.522306, 31.949139]}, "properties": {"name": "便民超市", "category": "supermarket", "sub_category": "060400"}}, {"type": "Feature", "geometry": {"type": "Point", "coordinates": [117.523023, 31.948759]}, "properties": {"name": "程英龙超市", "category": "supermarket", "sub_category": "060400"}}, {"type": "Feature", "geometry": {"type": "Point", "coordinates": [117.545875, 31.980284]}, "properties": {"name": "兴梅超市", "category": "supermarket", "sub_category": "060400"}}, {"type": "Feature", "geometry": {"type": "Point", "coordinates": [117.106339, 31.73072]}, "properties": {"name": "谢塘小学", "category": "school_primary", "sub_category": "141203"}}, {"type": "Feature", "geometry": {"type": "Point", "coordinates": [117.106442, 31.762731]}, "properties": {"name": "安徽师范大学附属肥西外国语紫云湖小学", "category": "school_primary", "sub_category": "141203"}}, {"type": "Feature", "geometry": {"type": "Point", "coordinates": [117.1445, 31.769895]}, "properties": {"name": "肥西县顺和小学", "category": "school_primary", "sub_category": "141203"}}, {"type": "Feature", "geometry": {"type": "Point", "coordinates": [117.132242, 31.836076]}, "properties": {"name": "合肥高新创新实验小学", "category": "school_primary", "sub_category": "141203"}}, {"type": "Feature", "geometry": {"type": "Point", "coordinates": [117.13884, 31.816849]}, "properties": {"name": "合肥市梦园小学教育集团文曲路学校", "category": "school_primary", "sub_category": "141203"}}, {"type": "Feature", "geometry": {"type": "Point", "coordinates": [117.144129, 31.847001]}, "properties": {"name": "合肥高新星火小学教育集团百草街校区", "category": "school_primary", "sub_category": "141203"}}, {"type": "Feature", "geometry": {"type": "Point", "coordinates": [117.143905, 31.816837]}, "properties": {"name": "梦园小学教育集团复兴路学校", "category": "school_primary", "sub_category": "141203"}}, {"type": "Feature", "geometry": {"type": "Point", "coordinates": [117.117047, 31.845765]}, "properties": {"name": "合肥高新创新实验小学教育集团第二小学", "category": "school_primary", "sub_category": "141203"}}, {"type": "Feature", "geometry": {"type": "Point", "coordinates": [117.11965, 31.856203]}, "properties": {"name": "合肥八一学校", "category": "school_primary", "sub_category": "141202|141203"}}, {"type": "Feature", "geometry": {"type": "Point", "coordinates": [117.146895, 31.877713]}, "properties": {"name": "合肥市振兴小学", "category": "school_primary", "sub_category": "141203"}}, {"type": "Feature", "geometry": {"type": "Point", "coordinates": [117.132988, 31.85508]}, "properties": {"name": "合肥高新星火小学教育集团创新大道校区", "category": "school_primary", "sub_category": "141203"}}, {"type": "Feature", "geometry": {"type": "Point", "coordinates": [117.129317, 31.851924]}, "properties": {"name": "合肥高新星火小学教育集团长江西路校区", "category": "school_primary", "sub_category": "141203"}}, {"type": "Feature", "geometry": {"type": "Point", "coordinates": [117.119071, 31.874212]}, "properties": {"name": "梁墩回族小学", "category": "school_primary", "sub_category": "141203"}}, {"type": "Feature", "geometry": {"type": "Point", "coordinates": [117.127046, 31.924795]}, "properties": {"name": "合肥市古城小学", "category": "school_primary", "sub_category": "141203"}}, {"type": "Feature", "geometry": {"type": "Point", "coordinates": [117.117388, 31.993773]}, "properties": {"name": "土山小学", "category": "school_primary", "sub_category": "141203"}}, {"type": "Feature", "geometry": {"type": "Point", "coordinates": [117.17591, 31.743274]}, "properties": {"name": "肥西县肥光小学", "category": "school_primary", "sub_category": "141203"}}, {"type": "Feature", "geometry": {"type": "Point", "coordinates": [117.164385, 31.700079]}, "properties": {"name": "合肥市南门小学(上派分校)", "category": "school_primary", "sub_category": "141203"}}, {"type": "Feature", "geometry": {"type": "Point", "coordinates": [117.182245, 31.703258]}, "properties": {"name": "安徽师范大学附属肥西外国语学校小学部", "category": "school_primary", "sub_category": "141203"}}, {"type": "Feature", "geometry": {"type": "Point", "coordinates": [117.183646, 31.735266]}, "properties": {"name": "上派镇菁菁小学", "category": "school_primary", "sub_category": "141203"}}, {"type": "Feature", "geometry": {"type": "Point", "coordinates": [117.165852, 31.746608]}, "properties": {"name": "西园新村小学翡翠分校", "category": "school_primary", "sub_category": "141203"}}, {"type": "Feature", "geometry": {"type": "Point", "coordinates": [117.160666, 31.708633]}, "properties": {"name": "肥西县上派镇民生小学", "category": "school_primary", "sub_category": "141203"}}, {"type": "Feature", "geometry": {"type": "Point", "coordinates": [117.181413, 31.713145]}, "properties": {"name": "肥西县上派镇丽景小学", "category": "school_primary", "sub_category": "141203"}}, {"type": "Feature", "geometry": {"type": "Point", "coordinates": [117.166285, 31.719955]}, "properties": {"name": "肥西县上派学区中心学校", "category": "school_primary", "sub_category": "141203"}}, {"type": "Feature", "geometry": {"type": "Point", "coordinates": [117.15283, 31.741205]}, "properties": {"name": "肥西县集贤路小学", "category": "school_primary", "sub_category": "141203"}}, {"type": "Feature", "geometry": {"type": "Point", "coordinates": [117.162038, 31.730984]}, "properties": {"name": "肥西县上派镇珍珠路小学", "category": "school_primary", "sub_category": "141203"}}, {"type": "Feature", "geometry": {"type": "Point", "coordinates": [117.173625, 31.714525]}, "properties": {"name": "上派镇实验小学", "category": "school_primary", "sub_category": "141203"}}, {"type": "Feature", "geometry": {"type": "Point", "coordinates": [117.195105, 31.786018]}, "properties": {"name": "合肥市六安路小学(翠微分校)", "category": "school_primary", "sub_category": "141203"}}, {"type": "Feature", "geometry": {"type": "Point", "coordinates": [117.172238, 31.779407]}, "properties": {"name": "延乔路小学", "category": "school_primary", "sub_category": "141203"}}, {"type": "Feature", "geometry": {"type": "Point", "coordinates": [117.190157, 31.756618]}, "properties": {"name": "合肥市建平实验小学", "category": "school_primary", "sub_category": "141203"}}, {"type": "Feature", "geometry": {"type": "Point", "coordinates": [117.190614, 31.779039]}, "properties": {"name": "合肥一六八玫瑰园学校(九龙路校区小学部)", "category": "school_primary", "sub_category": "141203"}}, {"type": "Feature", "geometry": {"type": "Point", "coordinates": [117.169898, 31.796276]}, "properties": {"name": "合肥市西园新村小学南校教育集团桃花分校", "category": "school_primary", "sub_category": "141203"}}, {"type": "Feature", "geometry": {"type": "Point", "coordinates": [117.199512, 31.812259]}, "properties": {"name": "合肥市习友路小学", "category": "school_primary", "sub_category": "141203"}}, {"type": "Feature", "geometry": {"type": "Point", "coordinates": [117.157821, 31.824216]}, "properties": {"name": "合肥高新火炬小学", "category": "school_primary", "sub_category": "141203"}}, {"type": "Feature", "geometry": {"type": "Point", "coordinates": [117.198663, 31.845452]}, "properties": {"name": "梦园小学教育集团天柱路学校(西区)", "category": "school_primary", "sub_category": "141203"}}, {"type": "Feature", "geometry": {"type": "Point", "coordinates": [117.182859, 31.80812]}, "properties": {"name": "合肥市柏堰小学", "category": "school_primary", "sub_category": "141203"}}, {"type": "Feature", "geometry": {"type": "Point", "coordinates": [117.176822, 31.817535]}, "properties": {"name": "合肥市新麓小学", "category": "school_primary", "sub_category": "141203"}}, {"type": "Feature", "geometry": {"type": "Point", "coordinates": [117.154382, 31.802151]}, "properties": {"name": "合肥市长安小学", "category": "school_primary", "sub_category": "141203"}}, {"type": "Feature", "geometry": {"type": "Point", "coordinates": [117.197117, 31.816259]}, "properties": {"name": "合肥市桂花园学校教育集团紫园校区", "category": "school_primary", "sub_category": "141203"}}, {"type": "Feature", "geometry": {"type": "Point", "coordinates": [117.18213, 31.854609]}, "properties": {"name": "合肥市蜀山小学", "category": "school_primary", "sub_category": "141203"}}, {"type": "Feature", "geometry": {"type": "Point", "coordinates": [117.152662, 31.854439]}, "properties": {"name": "合肥市乐农新村小学教育集团(蜀麓校区)", "category": "school_primary", "sub_category": "141203"}}, {"type": "Feature", "geometry": {"type": "Point", "coordinates": [117.173407, 31.858671]}, "properties": {"name": "合肥市蜀新苑小学", "category": "school_primary", "sub_category": "141203"}}, {"type": "Feature", "geometry": {"type": "Point", "coordinates": [117.180972, 31.866723]}, "properties": {"name": "玉镜路小学", "category": "school_primary", "sub_category": "141203"}}, {"type": "Feature", "geometry": {"type": "Point", "coordinates": [117.193245, 31.943297]}, "properties": {"name": "长丰县岗集镇中心学校", "category": "school_primary", "sub_category": "141203"}}, {"type": "Feature", "geometry": {"type": "Point", "coordinates": [117.177746, 31.922848]}, "properties": {"name": "合肥市新农小学", "category": "school_primary", "sub_category": "141203"}}, {"type": "Feature", "geometry": {"type": "Point", "coordinates": [117.189302, 31.957905]}, "properties": {"name": "长丰县岗集镇第二小学", "category": "school_primary", "sub_category": "141203"}}, {"type": "Feature", "geometry": {"type": "Point", "coordinates": [117.153925, 31.969528]}, "properties": {"name": "长丰县育才路小学", "category": "school_primary", "sub_category": "141203"}}, {"type": "Feature", "geometry": {"type": "Point", "coordinates": [117.246507, 31.708237]}, "properties": {"name": "合肥一六八玫瑰园临湖学校(小学部)", "category": "school_primary", "sub_category": "141203"}}, {"type": "Feature", "geometry": {"type": "Point", "coordinates": [117.233652, 31.745467]}, "properties": {"name": "合肥市建平实验小学锦绣校区", "category": "school_primary", "sub_category": "141203"}}, {"type": "Feature", "geometry": {"type": "Point", "coordinates": [117.218494, 31.78716]}, "properties": {"name": "朝霞小学", "category": "school_primary", "sub_category": "141203"}}, {"type": "Feature", "geometry": {"type": "Point", "coordinates": [117.228153, 31.758931]}, "properties": {"name": "合肥市莲花小学", "category": "school_primary", "sub_category": "141203"}}, {"type": "Feature", "geometry": {"type": "Point", "coordinates": [117.200311, 31.798207]}, "properties": {"name": "合肥市翡翠学校", "category": "school_primary", "sub_category": "141203"}}, {"type": "Feature", "geometry": {"type": "Point", "coordinates": [117.235326, 31.785024]}, "properties": {"name": "明珠小学", "category": "school_primary", "sub_category": "141203"}}, {"type": "Feature", "geometry": {"type": "Point", "coordinates": [117.24792, 31.796701]}, "properties": {"name": "合肥市屯溪路小学教育集团龙川小学", "category": "school_primary", "sub_category": "141203"}}, {"type": "Feature", "geometry": {"type": "Point", "coordinates": [117.202506, 31.786757]}, "properties": {"name": "芙蓉小学", "category": "school_primary", "sub_category": "141203"}}, {"type": "Feature", "geometry": {"type": "Point", "coordinates": [117.234804, 31.772128]}, "properties": {"name": "合肥一六八玫瑰园学校东校繁华校区", "category": "school_primary", "sub_category": "141203"}}, {"type": "Feature", "geometry": {"type": "Point", "coordinates": [117.234625, 31.761225]}, "properties": {"name": "耕耘路校区", "category": "school_primary", "sub_category": "141203"}}, {"type": "Feature", "geometry": {"type": "Point", "coordinates": [117.235837, 31.828153]}, "properties": {"name": "合肥市华府骏苑小学", "category": "school_primary", "sub_category": "141203"}}, {"type": "Feature", "geometry": {"type": "Point", "coordinates": [117.222604, 31.848125]}, "properties": {"name": "宁溪小学", "category": "school_primary", "sub_category": "141203"}}, {"type": "Feature", "geometry": {"type": "Point", "coordinates": [117.243102, 31.811536]}, "properties": {"name": "合肥市湖东小学", "category": "school_primary", "sub_category": "141203"}}, {"type": "Feature", "geometry": {"type": "Point", "coordinates": [117.226405, 31.828793]}, "properties": {"name": "合肥稻香村小学教育集团岳西路校区", "category": "school_primary", "sub_category": "141203"}}, {"type": "Feature", "geometry": {"type": "Point", "coordinates": [117.208725, 31.807063]}, "properties": {"name": "合肥市翠庭园小学", "category": "school_primary", "sub_category": "141203"}}, {"type": "Feature", "geometry": {"type": "Point", "coordinates": [117.238005, 31.846068]}, "properties": {"name": "合肥市安居苑小学教育集团安居苑校区", "category": "school_primary", "sub_category": "141203"}}, {"type": "Feature", "geometry": {"type": "Point", "coordinates": [117.236765, 31.801957]}, "properties": {"name": "合肥市西园新村小学南校教育集团嘉和苑小学", "category": "school_primary", "sub_category": "141203"}}, {"type": "Feature", "geometry": {"type": "Point", "coordinates": [117.21803, 31.824054]}, "properties": {"name": "合肥市西园新村小学南校汇林校区", "category": "school_primary", "sub_category": "141203"}}, {"type": "Feature", "geometry": {"type": "Point", "coordinates": [117.203327, 31.837044]}, "properties": {"name": "合肥市桂花园学校教育集团桂园校区", "category": "school_primary", "sub_category": "141203"}}, {"type": "Feature", "geometry": {"type": "Point", "coordinates": [117.245278, 31.846857]}, "properties": {"name": "合肥市安居苑小学教育集团天鹅花园校区", "category": "school_primary", "sub_category": "141203"}}, {"type": "Feature", "geometry": {"type": "Point", "coordinates": [117.238495, 31.835066]}, "properties": {"name": "黄山路小学东区", "category": "school_primary", "sub_category": "141203"}}, {"type": "Feature", "geometry": {"type": "Point", "coordinates": [117.240049, 31.821874]}, "properties": {"name": "合肥市绿怡小学", "category": "school_primary", "sub_category": "141203"}}, {"type": "Feature", "geometry": {"type": "Point", "coordinates": [117.202847, 31.823029]}, "properties": {"name": "合肥高新火炬小学合欢路校区", "category": "school_primary", "sub_category": "141203"}}, {"type": "Feature", "geometry": {"type": "Point", "coordinates": [117.229949, 31.838352]}, "properties": {"name": "潜山路学校丽景校区", "category": "school_primary", "sub_category": "141203"}}, {"type": "Feature", "geometry": {"type": "Point", "coordinates": [117.204, 31.819531]}, "properties": {"name": "合肥市桂花园学校教育集团慧园校区", "category": "school_primary", "sub_category": "141203"}}, {"type": "Feature", "geometry": {"type": "Point", "coordinates": [117.213147, 31.831351]}, "properties": {"name": "合肥市桂花园学校教育集团和园校区", "category": "school_primary", "sub_category": "141203"}}, {"type": "Feature", "geometry": {"type": "Point", "coordinates": [117.225312, 31.831589]}, "properties": {"name": "合肥市稻香村小学六年级部", "category": "school_primary", "sub_category": "141203"}}, {"type": "Feature", "geometry": {"type": "Point", "coordinates": [117.234766, 31.845878]}, "properties": {"name": "合肥市潜山路学校", "category": "school_primary", "sub_category": "141203"}}, {"type": "Feature", "geometry": {"type": "Point", "coordinates": [117.23558, 31.883017]}, "properties": {"name": "合肥市南门小学森林城校区(南区)", "category": "school_primary", "sub_category": "141203"}}, {"type": "Feature", "geometry": {"type": "Point", "coordinates": [117.207336, 31.866859]}, "properties": {"name": "合肥市金湖小学", "category": "school_primary", "sub_category": "141203"}}, {"type": "Feature", "geometry": {"type": "Point", "coordinates": [117.23188, 31.889692]}, "properties": {"name": "合肥市南门小学森林城校区", "category": "school_primary", "sub_category": "141203"}}, {"type": "Feature", "geometry": {"type": "Point", "coordinates": [117.242911, 31.868497]}, "properties": {"name": "合肥市颐和佳苑小学青阳路校区", "category": "school_primary", "sub_category": "141203"}}, {"type": "Feature", "geometry": {"type": "Point", "coordinates": [117.218664, 31.889161]}, "properties": {"name": "合肥市永红路小学", "category": "school_primary", "sub_category": "141203"}}, {"type": "Feature", "geometry": {"type": "Point", "coordinates": [117.2324, 31.86126]}, "properties": {"name": "合肥市凤凰城小学", "category": "school_primary", "sub_category": "141203"}}, {"type": "Feature", "geometry": {"type": "Point", "coordinates": [117.217896, 31.85726]}, "properties": {"name": "十里庙小学", "category": "school_primary", "sub_category": "141203"}}, {"type": "Feature", "geometry": {"type": "Point", "coordinates": [117.212105, 31.862416]}, "properties": {"name": "合肥市蜀鑫路小学", "category": "school_primary", "sub_category": "141203"}}, {"type": "Feature", "geometry": {"type": "Point", "coordinates": [117.220176, 31.865109]}, "properties": {"name": "十里庙小学(北区)", "category": "school_primary", "sub_category": "141203"}}, {"type": "Feature", "geometry": {"type": "Point", "coordinates": [117.236367, 31.861359]}, "properties": {"name": "颐和佳苑小学金牛路校区", "category": "school_primary", "sub_category": "141203"}}, {"type": "Feature", "geometry": {"type": "Point", "coordinates": [117.240757, 31.893234]}, "properties": {"name": "育新小学", "category": "school_primary", "sub_category": "141203"}}, {"type": "Feature", "geometry": {"type": "Point", "coordinates": [117.200625, 31.85632]}, "properties": {"name": "新城小学", "category": "school_primary", "sub_category": "141203"}}, {"type": "Feature", "geometry": {"type": "Point", "coordinates": [117.225475, 31.867475]}, "properties": {"name": "合肥市十里庙小学", "category": "school_primary", "sub_category": "141203"}}, {"type": "Feature", "geometry": {"type": "Point", "coordinates": [117.207884, 31.927739]}, "properties": {"name": "合肥市南门小学湖畔花园分校", "category": "school_primary", "sub_category": "141203"}}, {"type": "Feature", "geometry": {"type": "Point", "coordinates": [117.210888, 31.913491]}, "properties": {"name": "合肥市安庆路第三小学教育集团大杨分校", "category": "school_primary", "sub_category": "141203"}}, {"type": "Feature", "geometry": {"type": "Point", "coordinates": [117.23591, 31.902342]}, "properties": {"name": "合肥市六安路小学中铁国际城校区", "category": "school_primary", "sub_category": "141203"}}, {"type": "Feature", "geometry": {"type": "Point", "coordinates": [117.249573, 31.976557]}, "properties": {"name": "双凤明德小学", "category": "school_primary", "sub_category": "141203"}}, {"type": "Feature", "geometry": {"type": "Point", "coordinates": [117.218488, 31.98065]}, "properties": {"name": "华城小学", "category": "school_primary", "sub_category": "141203"}}, {"type": "Feature", "geometry": {"type": "Point", "coordinates": [117.279665, 31.730057]}, "properties": {"name": "合肥师范附小", "category": "school_primary", "sub_category": "141203"}}, {"type": "Feature", "geometry": {"type": "Point", "coordinates": [117.277206, 31.726636]}, "properties": {"name": "合肥师范附属小学(南教学区)", "category": "school_primary", "sub_category": "141203"}}, {"type": "Feature", "geometry": {"type": "Point", "coordinates": [117.276697, 31.719423]}, "properties": {"name": "合肥市师范附属第四小学", "category": "school_primary", "sub_category": "141203"}}, {"type": "Feature", "geometry": {"type": "Point", "coordinates": [117.298356, 31.748208]}, "properties": {"name": "合肥市师范附属第三小学", "category": "school_primary", "sub_category": "141203"}}, {"type": "Feature", "geometry": {"type": "Point", "coordinates": [117.294131, 31.735616]}, "properties": {"name": "屯溪路小学滨湖校区", "category": "school_primary", "sub_category": "141203"}}, {"type": "Feature", "geometry": {"type": "Point", "coordinates": [117.289944, 31.749475]}, "properties": {"name": "合肥师范附小二小", "category": "school_primary", "sub_category": "141203"}}, {"type": "Feature", "geometry": {"type": "Point", "coordinates": [117.254286, 31.752581]}, "properties": {"name": "合肥大学", "category": "school_college", "sub_category": "141201"}}, {"type": "Feature", "geometry": {"type": "Point", "coordinates": [117.295703, 31.71753]}, "properties": {"name": "金斗路小学", "category": "school_primary", "sub_category": "141203"}}, {"type": "Feature", "geometry": {"type": "Point", "coordinates": [117.262348, 31.708537]}, "properties": {"name": "合肥市南宁路小学", "category": "school_primary", "sub_category": "141203"}}, {"type": "Feature", "geometry": {"type": "Point", "coordinates": [117.268389, 31.71747]}, "properties": {"name": "合肥市师范附属第四小学贵杭校区", "category": "school_primary", "sub_category": "141203"}}, {"type": "Feature", "geometry": {"type": "Point", "coordinates": [117.27456, 31.70725]}, "properties": {"name": "合肥四川路小学", "category": "school_primary", "sub_category": "141203"}}, {"type": "Feature", "geometry": {"type": "Point", "coordinates": [117.256368, 31.727218]}, "properties": {"name": "合肥市师范附属实验小学(卧云校区)", "category": "school_primary", "sub_category": "141203"}}, {"type": "Feature", "geometry": {"type": "Point", "coordinates": [117.272775, 31.746175]}, "properties": {"name": "168小学", "category": "school_primary", "sub_category": "141203"}}, {"type": "Feature", "geometry": {"type": "Point", "coordinates": [117.277629, 31.764111]}, "properties": {"name": "合肥市南门小学海恒分校", "category": "school_primary", "sub_category": "141203"}}, {"type": "Feature", "geometry": {"type": "Point", "coordinates": [117.261322, 31.781004]}, "properties": {"name": "合肥一六八玫瑰园北校教育集团习友小学", "category": "school_primary", "sub_category": "141203"}}, {"type": "Feature", "geometry": {"type": "Point", "coordinates": [117.264014, 31.77727]}, "properties": {"name": "合肥市习友小学(原校区)", "category": "school_primary", "sub_category": "141203"}}, {"type": "Feature", "geometry": {"type": "Point", "coordinates": [117.270925, 31.766102]}, "properties": {"name": "合肥市建平实验小学南艳分校", "category": "school_primary", "sub_category": "141203"}}, {"type": "Feature", "geometry": {"type": "Point", "coordinates": [117.282867, 31.778742]}, "properties": {"name": "合肥市徽州小学(南校区)", "category": "school_primary", "sub_category": "141203"}}, {"type": "Feature", "geometry": {"type": "Point", "coordinates": [117.269629, 31.770634]}, "properties": {"name": "合肥市建平实验小学南艳分校北校区", "category": "school_primary", "sub_category": "141203"}}, {"type": "Feature", "geometry": {"type": "Point", "coordinates": [117.276835, 31.845498]}, "properties": {"name": "合肥市屯溪路小学", "category": "school_primary", "sub_category": "141203"}}, {"type": "Feature", "geometry": {"type": "Point", "coordinates": [117.286526, 31.846088]}, "properties": {"name": "合肥市青年路小学", "category": "school_primary", "sub_category": "141203"}}, {"type": "Feature", "geometry": {"type": "Point", "coordinates": [117.280689, 31.839494]}, "properties": {"name": "合肥市曙光小学", "category": "school_primary", "sub_category": "141203"}}, {"type": "Feature", "geometry": {"type": "Point", "coordinates": [117.299638, 31.821113]}, "properties": {"name": "合肥市卫岗小学(东校区)", "category": "school_primary", "sub_category": "141203"}}, {"type": "Feature", "geometry": {"type": "Point", "coordinates": [117.297241, 31.801404]}, "properties": {"name": "合肥市望湖小学(西区)", "category": "school_primary", "sub_category": "141203"}}, {"type": "Feature", "geometry": {"type": "Point", "coordinates": [117.257811, 31.834024]}, "properties": {"name": "合肥市稻香村小学教育集团(肥西路校区)", "category": "school_primary", "sub_category": "141203"}}, {"type": "Feature", "geometry": {"type": "Point", "coordinates": [117.293829, 31.828968]}, "properties": {"name": "合肥市卫岗小学(北区)", "category": "school_primary", "sub_category": "141203"}}, {"type": "Feature", "geometry": {"type": "Point", "coordinates": [117.258712, 31.823817]}, "properties": {"name": "稻香村小学(望江路校区)", "category": "school_primary", "sub_category": "141203"}}, {"type": "Feature", "geometry": {"type": "Point", "coordinates": [117.267591, 31.831699]}, "properties": {"name": "合肥市太湖路小学", "category": "school_primary", "sub_category": "141203"}}, {"type": "Feature", "geometry": {"type": "Point", "coordinates": [117.289993, 31.827806]}, "properties": {"name": "合肥市卫岗小学南区", "category": "school_primary", "sub_category": "141203"}}, {"type": "Feature", "geometry": {"type": "Point", "coordinates": [117.265007, 31.846925]}, "properties": {"name": "安徽医科大学附属小学", "category": "school_primary", "sub_category": "141203"}}, {"type": "Feature", "geometry": {"type": "Point", "coordinates": [117.277488, 31.806237]}, "properties": {"name": "合肥市曙光小学龙图校区", "category": "school_primary", "sub_category": "141203"}}, {"type": "Feature", "geometry": {"type": "Point", "coordinates": [117.256699, 31.806818]}, "properties": {"name": "合肥市锦城小学", "category": "school_primary", "sub_category": "141203"}}, {"type": "Feature", "geometry": {"type": "Point", "coordinates": [117.293759, 31.839802]}, "properties": {"name": "合肥市青年路小学(斛兵塘校区)", "category": "school_primary", "sub_category": "141203"}}, {"type": "Feature", "geometry": {"type": "Point", "coordinates": [117.298513, 31.837749]}, "properties": {"name": "合肥市阳光小学", "category": "school_primary", "sub_category": "141203"}}, {"type": "Feature", "geometry": {"type": "Point", "coordinates": [117.276921, 31.824276]}, "properties": {"name": "合肥市曙宏小学", "category": "school_primary", "sub_category": "141203"}}, {"type": "Feature", "geometry": {"type": "Point", "coordinates": [117.280924, 31.811627]}, "properties": {"name": "合肥市徽州小学", "category": "school_primary", "sub_category": "141203"}}, {"type": "Feature", "geometry": {"type": "Point", "coordinates": [117.263063, 31.811347]}, "properties": {"name": "合肥市屯溪路小学教育集团西递小学", "category": "school_primary", "sub_category": "141203"}}, {"type": "Feature", "geometry": {"type": "Point", "coordinates": [117.250612, 31.832729]}, "properties": {"name": "香樟雅苑小学", "category": "school_primary", "sub_category": "141203"}}, {"type": "Feature", "geometry": {"type": "Point", "coordinates": [117.258565, 31.84186]}, "properties": {"name": "合肥市西园新村小学北校教育集团(安大校区)", "category": "school_primary", "sub_category": "141203"}}, {"type": "Feature", "geometry": {"type": "Point", "coordinates": [117.28956, 31.82239]}, "properties": {"name": "合肥市青年路小学(南区)", "category": "school_primary", "sub_category": "141203"}}, {"type": "Feature", "geometry": {"type": "Point", "coordinates": [117.27732, 31.834859]}, "properties": {"name": "合肥市南园学校", "category": "school_primary", "sub_category": "141203"}}, {"type": "Feature", "geometry": {"type": "Point", "coordinates": [117.285738, 31.857168]}, "properties": {"name": "合肥市南门小学", "category": "school_primary", "sub_category": "141203"}}, {"type": "Feature", "geometry": {"type": "Point", "coordinates": [117.291422, 31.85951]}, "properties": {"name": "合肥市红星路小学", "category": "school_primary", "sub_category": "141203"}}, {"type": "Feature", "geometry": {"type": "Point", "coordinates": [117.279765, 31.85922]}, "properties": {"name": "合肥市南门小学桐城路校区", "category": "school_primary", "sub_category": "141203"}}, {"type": "Feature", "geometry": {"type": "Point", "coordinates": [117.265762, 31.875718]}, "properties": {"name": "合肥市亳州路小学", "category": "school_primary", "sub_category": "141203"}}, {"type": "Feature", "geometry": {"type": "Point", "coordinates": [117.271288, 31.861836]}, "properties": {"name": "安庆路第三小学", "category": "school_primary", "sub_category": "141203"}}, {"type": "Feature", "geometry": {"type": "Point", "coordinates": [117.292979, 31.865531]}, "properties": {"name": "逍遥津小学", "category": "school_primary", "sub_category": "141203"}}, {"type": "Feature", "geometry": {"type": "Point", "coordinates": [117.264268, 31.862769]}, "properties": {"name": "合肥市琥珀小学", "category": "school_primary", "sub_category": "141203"}}, {"type": "Feature", "geometry": {"type": "Point", "coordinates": [117.284321, 31.870767]}, "properties": {"name": "合肥市六安路小学(阜南路校区)", "category": "school_primary", "sub_category": "141203"}}, {"type": "Feature", "geometry": {"type": "Point", "coordinates": [117.288799, 31.866026]}, "properties": {"name": "合肥市六安路小学(寿春路校区)", "category": "school_primary", "sub_category": "141203"}}, {"type": "Feature", "geometry": {"type": "Point", "coordinates": [117.275117, 31.884351]}, "properties": {"name": "合肥市南国花园小学(和煦园校区)", "category": "school_primary", "sub_category": "141203"}}, {"type": "Feature", "geometry": {"type": "Point", "coordinates": [117.285886, 31.878168]}, "properties": {"name": "双岗小学", "category": "school_primary", "sub_category": "141203"}}, {"type": "Feature", "geometry": {"type": "Point", "coordinates": [117.269793, 31.891703]}, "properties": {"name": "合肥市庐阳实验小学", "category": "school_primary", "sub_category": "141203"}}, {"type": "Feature", "geometry": {"type": "Point", "coordinates": [117.259121, 31.856536]}, "properties": {"name": "乐农新村小学长江路校区", "category": "school_primary", "sub_category": "141203"}}, {"type": "Feature", "geometry": {"type": "Point", "coordinates": [117.277051, 31.867804]}, "properties": {"name": "淮河路第三小学", "category": "school_primary", "sub_category": "141203"}}, {"type": "Feature", "geometry": {"type": "Point", "coordinates": [117.286937, 31.88319]}, "properties": {"name": "合肥市长江路第三小学(兰亭分校)", "category": "school_primary", "sub_category": "141203"}}, {"type": "Feature", "geometry": {"type": "Point", "coordinates": [117.265706, 31.89482]}, "properties": {"name": "红星路小学国际部", "category": "school_primary", "sub_category": "141203"}}, {"type": "Feature", "geometry": {"type": "Point", "coordinates": [117.26877, 31.884192]}, "properties": {"name": "合肥市南国花园小学(滨水城校区)", "category": "school_primary", "sub_category": "141203"}}, {"type": "Feature", "geometry": {"type": "Point", "coordinates": [117.261576, 31.891149]}, "properties": {"name": "合肥市长江路第二小学(橡树湾校区)", "category": "school_primary", "sub_category": "141203"}}, {"type": "Feature", "geometry": {"type": "Point", "coordinates": [117.276714, 31.889593]}, "properties": {"name": "合肥市长江路第三小学海棠花园校区", "category": "school_primary", "sub_category": "141203"}}, {"type": "Feature", "geometry": {"type": "Point", "coordinates": [117.288085, 31.875595]}, "properties": {"name": "合肥市虹桥小学", "category": "school_primary", "sub_category": "141203"}}, {"type": "Feature", "geometry": {"type": "Point", "coordinates": [117.252092, 31.875467]}, "properties": {"name": "四河小学", "category": "school_primary", "sub_category": "141203"}}, {"type": "Feature", "geometry": {"type": "Point", "coordinates": [117.25714, 31.850157]}, "properties": {"name": "合肥市西园新村小学北校西园校区", "category": "school_primary", "sub_category": "141203"}}, {"type": "Feature", "geometry": {"type": "Point", "coordinates": [117.251622, 31.869268]}, "properties": {"name": "合肥乐农新村小学奥林校区", "category": "school_primary", "sub_category": "141203|141201|170200"}}, {"type": "Feature", "geometry": {"type": "Point", "coordinates": [117.289356, 31.896755]}, "properties": {"name": "杏林小学", "category": "school_primary", "sub_category": "141203"}}, {"type": "Feature", "geometry": {"type": "Point", "coordinates": [117.281332, 31.896421]}, "properties": {"name": "南门小学上城国际分校", "category": "school_primary", "sub_category": "141203"}}, {"type": "Feature", "geometry": {"type": "Point", "coordinates": [117.298386, 31.870494]}, "properties": {"name": "胜利路小学窑湾校区", "category": "school_primary", "sub_category": "141203"}}, {"type": "Feature", "geometry": {"type": "Point", "coordinates": [117.256974, 31.868708]}, "properties": {"name": "琥珀小学(西区)", "category": "school_primary", "sub_category": "141203"}}, {"type": "Feature", "geometry": {"type": "Point", "coordinates": [117.297599, 31.891092]}, "properties": {"name": "元一名城小学", "category": "school_primary", "sub_category": "141203"}}, {"type": "Feature", "geometry": {"type": "Point", "coordinates": [117.293971, 31.861211]}, "properties": {"name": "小雅国学", "category": "school_primary", "sub_category": "141203"}}, {"type": "Feature", "geometry": {"type": "Point", "coordinates": [117.262881, 31.902797]}, "properties": {"name": "合肥市六安路小学清澜分校", "category": "school_primary", "sub_category": "141203"}}, {"type": "Feature", "geometry": {"type": "Point", "coordinates": [117.265404, 31.930022]}, "properties": {"name": "安庆路第三小学(灵溪校区)", "category": "school_primary", "sub_category": "141203"}}, {"type": "Feature", "geometry": {"type": "Point", "coordinates": [117.273796, 31.911975]}, "properties": {"name": "合肥市六安路小学荣城花园分校", "category": "school_primary", "sub_category": "141203"}}, {"type": "Feature", "geometry": {"type": "Point", "coordinates": [117.279639, 31.903807]}, "properties": {"name": "合肥市逍遥津小学(金都华庭校区)", "category": "school_primary", "sub_category": "141203"}}, {"type": "Feature", "geometry": {"type": "Point", "coordinates": [117.289772, 31.904159]}, "properties": {"name": "红星路小学北环阳光校区", "category": "school_primary", "sub_category": "141203"}}, {"type": "Feature", "geometry": {"type": "Point", "coordinates": [117.268678, 31.921291]}, "properties": {"name": "合肥市南门小学(恒盛·皇家花园校区)", "category": "school_primary", "sub_category": "141203"}}, {"type": "Feature", "geometry": {"type": "Point", "coordinates": [117.272639, 31.903086]}, "properties": {"name": "六安路小学教育集团蒙城路校区", "category": "school_primary", "sub_category": "141203"}}, {"type": "Feature", "geometry": {"type": "Point", "coordinates": [117.26943, 31.909299]}, "properties": {"name": "合肥市六安路小学淮北路校区", "category": "school_primary", "sub_category": "141203"}}, {"type": "Feature", "geometry": {"type": "Point", "coordinates": [117.270058, 31.939611]}, "properties": {"name": "安庆路第三小学(云锦校区)", "category": "school_primary", "sub_category": "141203"}}, {"type": "Feature", "geometry": {"type": "Point", "coordinates": [117.260437, 31.95362]}, "properties": {"name": "阿奎利亚学校", "category": "school_primary", "sub_category": "141203"}}, {"type": "Feature", "geometry": {"type": "Point", "coordinates": [117.252971, 31.993753]}, "properties": {"name": "半岛小学", "category": "school_primary", "sub_category": "141203"}}, {"type": "Feature", "geometry": {"type": "Point", "coordinates": [117.265919, 31.972537]}, "properties": {"name": "长丰县金峰路小学", "category": "school_primary", "sub_category": "141203"}}, {"type": "Feature", "geometry": {"type": "Point", "coordinates": [117.291699, 31.989172]}, "properties": {"name": "长丰银河苑小学", "category": "school_primary", "sub_category": "141203"}}, {"type": "Feature", "geometry": {"type": "Point", "coordinates": [117.28065, 31.976515]}, "properties": {"name": "长丰县双凤开发区凤霞小学", "category": "school_primary", "sub_category": "141203"}}, {"type": "Feature", "geometry": {"type": "Point", "coordinates": [117.262364, 31.96712]}, "properties": {"name": "老军小学", "category": "school_primary", "sub_category": "141203"}}, {"type": "Feature", "geometry": {"type": "Point", "coordinates": [117.312314, 31.735566]}, "properties": {"name": "合肥市望湖小学洞庭湖路校区", "category": "school_primary", "sub_category": "141203"}}, {"type": "Feature", "geometry": {"type": "Point", "coordinates": [117.312208, 31.714117]}, "properties": {"name": "合肥市云谷路小学", "category": "school_primary", "sub_category": "141203"}}, {"type": "Feature", "geometry": {"type": "Point", "coordinates": [117.311935, 31.745098]}, "properties": {"name": "合肥市师范附属第三小学华山路校区", "category": "school_primary", "sub_category": "141203"}}, {"type": "Feature", "geometry": {"type": "Point", "coordinates": [117.305412, 31.719024]}, "properties": {"name": "合肥市杭州路小学", "category": "school_primary", "sub_category": "141203"}}, {"type": "Feature", "geometry": {"type": "Point", "coordinates": [117.339819, 31.744832]}, "properties": {"name": "上海路小学", "category": "school_primary", "sub_category": "141203"}}, {"type": "Feature", "geometry": {"type": "Point", "coordinates": [117.316738, 31.74792]}, "properties": {"name": "滨湖新区万嵩小学", "category": "school_primary", "sub_category": "141203"}}, {"type": "Feature", "geometry": {"type": "Point", "coordinates": [117.343944, 31.765969]}, "properties": {"name": "合肥市青年路小学教育集团黄河路小学", "category": "school_primary", "sub_category": "141203"}}, {"type": "Feature", "geometry": {"type": "Point", "coordinates": [117.314462, 31.751636]}, "properties": {"name": "合肥市师范附属第三小学南京路校区", "category": "school_primary", "sub_category": "141203"}}, {"type": "Feature", "geometry": {"type": "Point", "coordinates": [117.321311, 31.796547]}, "properties": {"name": "包河苑小学", "category": "school_primary", "sub_category": "141203"}}, {"type": "Feature", "geometry": {"type": "Point", "coordinates": [117.333005, 31.789006]}, "properties": {"name": "合肥实验学校(西宁路校区)", "category": "school_primary", "sub_category": "141203"}}, {"type": "Feature", "geometry": {"type": "Point", "coordinates": [117.311578, 31.839574]}, "properties": {"name": "外国语第二小学", "category": "school_primary", "sub_category": "141203"}}, {"type": "Feature", "geometry": {"type": "Point", "coordinates": [117.302124, 31.808214]}, "properties": {"name": "合肥市望湖小学", "category": "school_primary", "sub_category": "141203"}}, {"type": "Feature", "geometry": {"type": "Point", "coordinates": [117.327138, 31.830162]}, "properties": {"name": "合肥市淝河小学", "category": "school_primary", "sub_category": "141203"}}, {"type": "Feature", "geometry": {"type": "Point", "coordinates": [117.348675, 31.8397]}, "properties": {"name": "合肥市幸福路小学", "category": "school_primary", "sub_category": "141203"}}, {"type": "Feature", "geometry": {"type": "Point", "coordinates": [117.328665, 31.804959]}, "properties": {"name": "合肥市屯溪路小学教育集团观澜小学", "category": "school_primary", "sub_category": "141203"}}, {"type": "Feature", "geometry": {"type": "Point", "coordinates": [117.331214, 31.84956]}, "properties": {"name": "合肥市螺岗小学", "category": "school_primary", "sub_category": "141203"}}, {"type": "Feature", "geometry": {"type": "Point", "coordinates": [117.313292, 31.805146]}, "properties": {"name": "葛大店小学(南校区)", "category": "school_primary", "sub_category": "141203"}}, {"type": "Feature", "geometry": {"type": "Point", "coordinates": [117.311304, 31.810111]}, "properties": {"name": "葛大店小学", "category": "school_primary", "sub_category": "141203"}}, {"type": "Feature", "geometry": {"type": "Point", "coordinates": [117.321562, 31.847407]}, "properties": {"name": "合肥市隆岗小学", "category": "school_primary", "sub_category": "141203"}}, {"type": "Feature", "geometry": {"type": "Point", "coordinates": [117.301463, 31.842665]}, "properties": {"name": "谢岗小学", "category": "school_primary", "sub_category": "141203"}}, {"type": "Feature", "geometry": {"type": "Point", "coordinates": [117.31999, 31.84204]}, "properties": {"name": "合肥市包河区外国语第一实验小学", "category": "school_primary", "sub_category": "141203"}}, {"type": "Feature", "geometry": {"type": "Point", "coordinates": [117.315452, 31.833823]}, "properties": {"name": "合肥市屯溪路小学教育集团同安校区", "category": "school_primary", "sub_category": "141203"}}, {"type": "Feature", "geometry": {"type": "Point", "coordinates": [117.314893, 31.856074]}, "properties": {"name": "合肥市和平小学", "category": "school_primary", "sub_category": "141203"}}, {"type": "Feature", "geometry": {"type": "Point", "coordinates": [117.318004, 31.858217]}, "properties": {"name": "合肥市大通路小学", "category": "school_primary", "sub_category": "141203"}}, {"type": "Feature", "geometry": {"type": "Point", "coordinates": [117.323284, 31.852879]}, "properties": {"name": "合肥市和平小学东校", "category": "school_primary", "sub_category": "141203"}}, {"type": "Feature", "geometry": {"type": "Point", "coordinates": [117.33849, 31.896471]}, "properties": {"name": "合肥市方桥小学", "category": "school_primary", "sub_category": "141203"}}, {"type": "Feature", "geometry": {"type": "Point", "coordinates": [117.305722, 31.875449]}, "properties": {"name": "合肥市长淮新村小学", "category": "school_primary", "sub_category": "141203"}}, {"type": "Feature", "geometry": {"type": "Point", "coordinates": [117.309857, 31.897708]}, "properties": {"name": "合肥市七里塘小学", "category": "school_primary", "sub_category": "141203"}}, {"type": "Feature", "geometry": {"type": "Point", "coordinates": [117.304292, 31.865727]}, "properties": {"name": "滁州路小学", "category": "school_primary", "sub_category": "141203"}}, {"type": "Feature", "geometry": {"type": "Point", "coordinates": [117.331062, 31.869774]}, "properties": {"name": "蚌埠路第四小学", "category": "school_primary", "sub_category": "141203"}}, {"type": "Feature", "geometry": {"type": "Point", "coordinates": [117.302335, 31.869822]}, "properties": {"name": "胜利路小学", "category": "school_primary", "sub_category": "141203"}}, {"type": "Feature", "geometry": {"type": "Point", "coordinates": [117.315709, 31.895825]}, "properties": {"name": "竹溪小学西校", "category": "school_primary", "sub_category": "141203"}}, {"type": "Feature", "geometry": {"type": "Point", "coordinates": [117.316119, 31.86653]}, "properties": {"name": "蚌埠路第二小学", "category": "school_primary", "sub_category": "141203"}}, {"type": "Feature", "geometry": {"type": "Point", "coordinates": [117.323705, 31.890411]}, "properties": {"name": "竹溪小学", "category": "school_primary", "sub_category": "141203"}}, {"type": "Feature", "geometry": {"type": "Point", "coordinates": [117.304285, 31.857532]}, "properties": {"name": "合肥市巢湖路小学", "category": "school_primary", "sub_category": "141203"}}, {"type": "Feature", "geometry": {"type": "Point", "coordinates": [117.330461, 31.859282]}, "properties": {"name": "合肥市大通路小学东校区", "category": "school_primary", "sub_category": "141203"}}, {"type": "Feature", "geometry": {"type": "Point", "coordinates": [117.313889, 31.871903]}, "properties": {"name": "合肥市瑶海实验小学", "category": "school_primary", "sub_category": "141203"}}, {"type": "Feature", "geometry": {"type": "Point", "coordinates": [117.30174, 31.883983]}, "properties": {"name": "临泉路第二小学", "category": "school_primary", "sub_category": "141203"}}, {"type": "Feature", "geometry": {"type": "Point", "coordinates": [117.336916, 31.878212]}, "properties": {"name": "合肥市香格里拉小学", "category": "school_primary", "sub_category": "141203"}}, {"type": "Feature", "geometry": {"type": "Point", "coordinates": [117.311888, 31.852274]}, "properties": {"name": "和平小学(南区)", "category": "school_primary", "sub_category": "141203"}}, {"type": "Feature", "geometry": {"type": "Point", "coordinates": [117.328084, 31.874496]}, "properties": {"name": "临泉路第一小学", "category": "school_primary", "sub_category": "141203"}}, {"type": "Feature", "geometry": {"type": "Point", "coordinates": [117.341451, 31.864711]}, "properties": {"name": "合肥市蚌埠路第五小学", "category": "school_primary", "sub_category": "141203"}}, {"type": "Feature", "geometry": {"type": "Point", "coordinates": [117.311062, 31.88191]}, "properties": {"name": "合肥市和平小学第四小学", "category": "school_primary", "sub_category": "141203"}}, {"type": "Feature", "geometry": {"type": "Point", "coordinates": [117.342951, 31.857022]}, "properties": {"name": "合肥市新安江路小学", "category": "school_primary", "sub_category": "141203"}}, {"type": "Feature", "geometry": {"type": "Point", "coordinates": [117.308211, 31.86617]}, "properties": {"name": "合肥市滁州路小学(东校区)", "category": "school_primary", "sub_category": "141203"}}, {"type": "Feature", "geometry": {"type": "Point", "coordinates": [117.3044, 31.890887]}, "properties": {"name": "合肥市少儿艺术学校教育集团双龙分校", "category": "school_primary", "sub_category": "141203"}}, {"type": "Feature", "geometry": {"type": "Point", "coordinates": [117.33732, 31.872431]}, "properties": {"name": "合肥市少儿艺术学校(当涂路校区)", "category": "school_primary", "sub_category": "141203"}}, {"type": "Feature", "geometry": {"type": "Point", "coordinates": [117.312427, 31.905894]}, "properties": {"name": "合肥市七里塘小学北区", "category": "school_primary", "sub_category": "141203"}}, {"type": "Feature", "geometry": {"type": "Point", "coordinates": [117.321897, 31.936728]}, "properties": {"name": "合肥一六八新店花园学校小学", "category": "school_primary", "sub_category": "141203|141202"}}, {"type": "Feature", "geometry": {"type": "Point", "coordinates": [117.3004, 31.908395]}, "properties": {"name": "合肥市秋浦小学", "category": "school_primary", "sub_category": "141203"}}, {"type": "Feature", "geometry": {"type": "Point", "coordinates": [117.306046, 31.902212]}, "properties": {"name": "兴海苑小学", "category": "school_primary", "sub_category": "141203"}}, {"type": "Feature", "geometry": {"type": "Point", "coordinates": [117.322387, 31.904906]}, "properties": {"name": "合肥市兴华苑小学", "category": "school_primary", "sub_category": "141203"}}, {"type": "Feature", "geometry": {"type": "Point", "coordinates": [117.303717, 31.92689]}, "properties": {"name": "淮合花园小学", "category": "school_primary", "sub_category": "141203"}}, {"type": "Feature", "geometry": {"type": "Point", "coordinates": [117.300732, 31.949335]}, "properties": {"name": "凤麟兰庭小学", "category": "school_primary", "sub_category": "141203"}}, {"type": "Feature", "geometry": {"type": "Point", "coordinates": [117.320085, 31.947292]}, "properties": {"name": "新店小学", "category": "school_primary", "sub_category": "141203"}}, {"type": "Feature", "geometry": {"type": "Point", "coordinates": [117.334804, 31.939464]}, "properties": {"name": "合肥一六八陶冲湖中学", "category": "school_primary", "sub_category": "141202|141203"}}, {"type": "Feature", "geometry": {"type": "Point", "coordinates": [117.316206, 31.992366]}, "properties": {"name": "合肥市七里塘小学鹤翔园校区", "category": "school_primary", "sub_category": "141203"}}, {"type": "Feature", "geometry": {"type": "Point", "coordinates": [117.335106, 31.977343]}, "properties": {"name": "合肥市东元家园小学", "category": "school_primary", "sub_category": "141203"}}, {"type": "Feature", "geometry": {"type": "Point", "coordinates": [117.35734, 31.743091]}, "properties": {"name": "福州路小学", "category": "school_primary", "sub_category": "141203"}}, {"type": "Feature", "geometry": {"type": "Point", "coordinates": [117.384155, 31.763826]}, "properties": {"name": "合肥市包河区特殊教育学校", "category": "school_primary", "sub_category": "141203"}}, {"type": "Feature", "geometry": {"type": "Point", "coordinates": [117.373807, 31.776578]}, "properties": {"name": "金葡萄小学(北区)", "category": "school_primary", "sub_category": "141203"}}, {"type": "Feature", "geometry": {"type": "Point", "coordinates": [117.36645, 31.763119]}, "properties": {"name": "包河区黑龙江路小学(建设中)", "category": "school_primary", "sub_category": "141203"}}, {"type": "Feature", "geometry": {"type": "Point", "coordinates": [117.355525, 31.831866]}, "properties": {"name": "和平小学新校区", "category": "school_primary", "sub_category": "141203"}}, {"type": "Feature", "geometry": {"type": "Point", "coordinates": [117.367779, 31.841863]}, "properties": {"name": "和平小学第二小学", "category": "school_primary", "sub_category": "141203"}}, {"type": "Feature", "geometry": {"type": "Point", "coordinates": [117.398625, 31.829333]}, "properties": {"name": "肥东县宝翠园小学", "category": "school_primary", "sub_category": "141203"}}, {"type": "Feature", "geometry": {"type": "Point", "coordinates": [117.394268, 31.83412]}, "properties": {"name": "合肥市和平小学新校(东区)", "category": "school_primary", "sub_category": "141203"}}, {"type": "Feature", "geometry": {"type": "Point", "coordinates": [117.351464, 31.819113]}, "properties": {"name": "宋村小学", "category": "school_primary", "sub_category": "141203"}}, {"type": "Feature", "geometry": {"type": "Point", "coordinates": [117.396233, 31.821309]}, "properties": {"name": "肥东县明德小学", "category": "school_primary", "sub_category": "141203"}}, {"type": "Feature", "geometry": {"type": "Point", "coordinates": [117.374503, 31.867431]}, "properties": {"name": "合肥市马岗实验小学", "category": "school_primary", "sub_category": "141203"}}, {"type": "Feature", "geometry": {"type": "Point", "coordinates": [117.360376, 31.880066]}, "properties": {"name": "合肥市和平小学教育集团郎溪路小学", "category": "school_primary", "sub_category": "141203"}}, {"type": "Feature", "geometry": {"type": "Point", "coordinates": [117.354606, 31.886927]}, "properties": {"name": "合肥市园上园小学", "category": "school_primary", "sub_category": "141203"}}, {"type": "Feature", "geometry": {"type": "Point", "coordinates": [117.363215, 31.857335]}, "properties": {"name": "合肥市大通路小学(长乐校区)", "category": "school_primary", "sub_category": "141203"}}, {"type": "Feature", "geometry": {"type": "Point", "coordinates": [117.37871, 31.872797]}, "properties": {"name": "合肥市琥珀名城小学", "category": "school_primary", "sub_category": "141203"}}, {"type": "Feature", "geometry": {"type": "Point", "coordinates": [117.37948, 31.858567]}, "properties": {"name": "合肥市马岗实验小学(南区)", "category": "school_primary", "sub_category": "141203"}}, {"type": "Feature", "geometry": {"type": "Point", "coordinates": [117.355634, 31.872213]}, "properties": {"name": "合肥市行知小学", "category": "school_primary", "sub_category": "141203"}}, {"type": "Feature", "geometry": {"type": "Point", "coordinates": [117.392221, 31.881758]}, "properties": {"name": "合肥市琥珀名城小学教育集团明皇路小学", "category": "school_primary", "sub_category": "141203"}}, {"type": "Feature", "geometry": {"type": "Point", "coordinates": [117.392964, 31.898622]}, "properties": {"name": "合肥市园上园烈山路小学", "category": "school_primary", "sub_category": "141203"}}, {"type": "Feature", "geometry": {"type": "Point", "coordinates": [117.350505, 31.859592]}, "properties": {"name": "大通路小学新海校区", "category": "school_primary", "sub_category": "141203"}}, {"type": "Feature", "geometry": {"type": "Point", "coordinates": [117.386653, 31.866947]}, "properties": {"name": "合肥市和平小学第三小学", "category": "school_primary", "sub_category": "141203"}}, {"type": "Feature", "geometry": {"type": "Point", "coordinates": [117.372731, 31.850957]}, "properties": {"name": "合肥市和平小学(瑶海湾分校)", "category": "school_primary", "sub_category": "141203"}}, {"type": "Feature", "geometry": {"type": "Point", "coordinates": [117.397706, 31.88637]}, "properties": {"name": "合肥市琥珀名城小学第二小学", "category": "school_primary", "sub_category": "141203"}}, {"type": "Feature", "geometry": {"type": "Point", "coordinates": [117.392915, 31.869729]}, "properties": {"name": "合肥市大店小学", "category": "school_primary", "sub_category": "141203"}}, {"type": "Feature", "geometry": {"type": "Point", "coordinates": [117.351921, 31.879523]}, "properties": {"name": "合肥市少儿艺术学校(站塘校区)", "category": "school_primary", "sub_category": "141203"}}, {"type": "Feature", "geometry": {"type": "Point", "coordinates": [117.370057, 31.876505]}, "properties": {"name": "合肥高升学校(东校区)", "category": "school_primary", "sub_category": "141203"}}, {"type": "Feature", "geometry": {"type": "Point", "coordinates": [117.368128, 31.871057]}, "properties": {"name": "少儿艺术学校(广德路校区)", "category": "school_primary", "sub_category": "141203"}}, {"type": "Feature", "geometry": {"type": "Point", "coordinates": [117.369975, 31.852325]}, "properties": {"name": "团(瑶海湾校区)", "category": "school_primary", "sub_category": "141203|141400"}}, {"type": "Feature", "geometry": {"type": "Point", "coordinates": [117.370161, 31.941839]}, "properties": {"name": "合肥市竹溪小学(少荃湖校区)", "category": "school_primary", "sub_category": "141203"}}, {"type": "Feature", "geometry": {"type": "Point", "coordinates": [117.372287, 31.906021]}, "properties": {"name": "合肥市园上园小学(喻岗分校)", "category": "school_primary", "sub_category": "141203"}}, {"type": "Feature", "geometry": {"type": "Point", "coordinates": [117.369323, 31.922119]}, "properties": {"name": "合肥市关井小学", "category": "school_primary", "sub_category": "141203"}}, {"type": "Feature", "geometry": {"type": "Point", "coordinates": [117.353358, 31.931981]}, "properties": {"name": "合肥市伦先小学", "category": "school_primary", "sub_category": "141203"}}, {"type": "Feature", "geometry": {"type": "Point", "coordinates": [117.391222, 31.916961]}, "properties": {"name": "竹溪小学(梦溪路校区)", "category": "school_primary", "sub_category": "141203"}}, {"type": "Feature", "geometry": {"type": "Point", "coordinates": [117.386386, 31.940172]}, "properties": {"name": "合肥市兴华苑小学(相山路校区)", "category": "school_primary", "sub_category": "141203"}}, {"type": "Feature", "geometry": {"type": "Point", "coordinates": [117.377075, 31.921125]}, "properties": {"name": "合肥幼儿师范高等专科学校学林路校区", "category": "school_primary", "sub_category": "141203"}}, {"type": "Feature", "geometry": {"type": "Point", "coordinates": [117.396657, 31.961234]}, "properties": {"name": "合肥市南门小学教育集团荃湖小学", "category": "school_primary", "sub_category": "141203"}}, {"type": "Feature", "geometry": {"type": "Point", "coordinates": [117.359775, 31.953775]}, "properties": {"name": "卧龙路小学(建设中)", "category": "school_primary", "sub_category": "141203"}}, {"type": "Feature", "geometry": {"type": "Point", "coordinates": [117.435698, 31.829715]}, "properties": {"name": "肥东县新安小学", "category": "school_primary", "sub_category": "141203"}}, {"type": "Feature", "geometry": {"type": "Point", "coordinates": [117.449691, 31.880958]}, "properties": {"name": "肥东尚真花园小学", "category": "school_primary", "sub_category": "141203"}}, {"type": "Feature", "geometry": {"type": "Point", "coordinates": [117.406227, 31.85245]}, "properties": {"name": "合肥师范附属小学肥东分校", "category": "school_primary", "sub_category": "141203"}}, {"type": "Feature", "geometry": {"type": "Point", "coordinates": [117.445737, 31.88693]}, "properties": {"name": "肥东县古河路小学", "category": "school_primary", "sub_category": "141203"}}, {"type": "Feature", "geometry": {"type": "Point", "coordinates": [117.427448, 31.893749]}, "properties": {"name": "肥东县实验小学(祥和路校区)", "category": "school_primary", "sub_category": "141203"}}, {"type": "Feature", "geometry": {"type": "Point", "coordinates": [117.417425, 31.874275]}, "properties": {"name": "安徽师范大学附属肥东实验学校小学部", "category": "school_primary", "sub_category": "141203"}}, {"type": "Feature", "geometry": {"type": "Point", "coordinates": [117.407729, 31.920583]}, "properties": {"name": "合肥市和平小学教育集团乐水小学", "category": "school_primary", "sub_category": "141203"}}, {"type": "Feature", "geometry": {"type": "Point", "coordinates": [117.406036, 31.933952]}, "properties": {"name": "合肥市园上园小学(学府路校区)", "category": "school_primary", "sub_category": "141203"}}, {"type": "Feature", "geometry": {"type": "Point", "coordinates": [117.408067, 31.94999]}, "properties": {"name": "群治小学", "category": "school_primary", "sub_category": "141203"}}, {"type": "Feature", "geometry": {"type": "Point", "coordinates": [117.440982, 31.939915]}, "properties": {"name": "平和希望小学", "category": "school_primary", "sub_category": "141203"}}, {"type": "Feature", "geometry": {"type": "Point", "coordinates": [117.443165, 31.903411]}, "properties": {"name": "梁园志高小学", "category": "school_primary", "sub_category": "141203"}}, {"type": "Feature", "geometry": {"type": "Point", "coordinates": [117.482165, 31.736938]}, "properties": {"name": "王宗二小学", "category": "school_primary", "sub_category": "141203"}}, {"type": "Feature", "geometry": {"type": "Point", "coordinates": [117.462891, 31.724215]}, "properties": {"name": "长临河学区星二小学", "category": "school_primary", "sub_category": "141203"}}, {"type": "Feature", "geometry": {"type": "Point", "coordinates": [117.488207, 31.70007]}, "properties": {"name": "长临河学区阳光小学", "category": "school_primary", "sub_category": "141203"}}, {"type": "Feature", "geometry": {"type": "Point", "coordinates": [117.452688, 31.749464]}, "properties": {"name": "李六集小学", "category": "school_primary", "sub_category": "141203"}}, {"type": "Feature", "geometry": {"type": "Point", "coordinates": [117.47908, 31.8483]}, "properties": {"name": "肥东县东城实验小学", "category": "school_primary", "sub_category": "141203"}}, {"type": "Feature", "geometry": {"type": "Point", "coordinates": [117.471724, 31.83719]}, "properties": {"name": "肥东县东城实验小学富马校区", "category": "school_primary", "sub_category": "141203"}}, {"type": "Feature", "geometry": {"type": "Point", "coordinates": [117.491656, 31.813775]}, "properties": {"name": "肥东县实验小学三和校区", "category": "school_primary", "sub_category": "141203"}}, {"type": "Feature", "geometry": {"type": "Point", "coordinates": [117.452368, 31.848454]}, "properties": {"name": "瑶岗小学", "category": "school_primary", "sub_category": "141203"}}, {"type": "Feature", "geometry": {"type": "Point", "coordinates": [117.465121, 31.822797]}, "properties": {"name": "撮镇学区中心学校", "category": "school_primary", "sub_category": "141202|141203"}}, {"type": "Feature", "geometry": {"type": "Point", "coordinates": [117.475925, 31.815725]}, "properties": {"name": "撮镇中心学校", "category": "school_primary", "sub_category": "141202|141203"}}, {"type": "Feature", "geometry": {"type": "Point", "coordinates": [117.450896, 31.867625]}, "properties": {"name": "肥东县第六中学", "category": "school_primary", "sub_category": "141202|141203"}}, {"type": "Feature", "geometry": {"type": "Point", "coordinates": [117.466589, 31.88456]}, "properties": {"name": "肥东县实验小学", "category": "school_primary", "sub_category": "141203"}}, {"type": "Feature", "geometry": {"type": "Point", "coordinates": [117.458359, 31.875443]}, "properties": {"name": "肥东县虎山路小学", "category": "school_primary", "sub_category": "141203"}}, {"type": "Feature", "geometry": {"type": "Point", "coordinates": [117.475537, 31.877952]}, "properties": {"name": "肥东县实验小学(浮槎路校区)", "category": "school_primary", "sub_category": "141203"}}, {"type": "Feature", "geometry": {"type": "Point", "coordinates": [117.471167, 31.884848]}, "properties": {"name": "育红小学", "category": "school_primary", "sub_category": "141203"}}, {"type": "Feature", "geometry": {"type": "Point", "coordinates": [117.460079, 31.879274]}, "properties": {"name": "肥东县城关小学", "category": "school_primary", "sub_category": "141203"}}, {"type": "Feature", "geometry": {"type": "Point", "coordinates": [117.468328, 31.895321]}, "properties": {"name": "肥东县店埠学区北苑小学", "category": "school_primary", "sub_category": "141203"}}, {"type": "Feature", "geometry": {"type": "Point", "coordinates": [117.461945, 31.868727]}, "properties": {"name": "肥东县新安江路小学", "category": "school_primary", "sub_category": "141203"}}, {"type": "Feature", "geometry": {"type": "Point", "coordinates": [117.452122, 31.89516]}, "properties": {"name": "肥东县浍水路小学", "category": "school_primary", "sub_category": "141203"}}, {"type": "Feature", "geometry": {"type": "Point", "coordinates": [117.474751, 31.890626]}, "properties": {"name": "肥东县白衣小学", "category": "school_primary", "sub_category": "141203"}}, {"type": "Feature", "geometry": {"type": "Point", "coordinates": [117.484234, 31.901636]}, "properties": {"name": "店埠学区新庄小学", "category": "school_primary", "sub_category": "141203"}}, {"type": "Feature", "geometry": {"type": "Point", "coordinates": [117.483025, 31.952225]}, "properties": {"name": "肥东县牌坊学校", "category": "school_primary", "sub_category": "141203"}}, {"type": "Feature", "geometry": {"type": "Point", "coordinates": [117.479021, 31.966603]}, "properties": {"name": "民族小学", "category": "school_primary", "sub_category": "141203"}}, {"type": "Feature", "geometry": {"type": "Point", "coordinates": [117.545598, 31.700619]}, "properties": {"name": "华光明德小学", "category": "school_primary", "sub_category": "141203"}}, {"type": "Feature", "geometry": {"type": "Point", "coordinates": [117.5208, 31.735922]}, "properties": {"name": "复兴中学-复兴学校小学部", "category": "school_primary", "sub_category": "141203"}}, {"type": "Feature", "geometry": {"type": "Point", "coordinates": [117.5311, 31.793112]}, "properties": {"name": "山王辅导小学", "category": "school_primary", "sub_category": "141203"}}, {"type": "Feature", "geometry": {"type": "Point", "coordinates": [117.530135, 31.840291]}, "properties": {"name": "张许小学", "category": "school_primary", "sub_category": "141203"}}, {"type": "Feature", "geometry": {"type": "Point", "coordinates": [117.509958, 31.889182]}, "properties": {"name": "店埠学区马场小学", "category": "school_primary", "sub_category": "141203"}}, {"type": "Feature", "geometry": {"type": "Point", "coordinates": [117.533297, 31.855408]}, "properties": {"name": "西山驿学校第二小学", "category": "school_primary", "sub_category": "141203"}}, {"type": "Feature", "geometry": {"type": "Point", "coordinates": [117.507474, 31.853348]}, "properties": {"name": "肥东县东城实验小学教育集团得心路校区", "category": "school_primary", "sub_category": "141203"}}, {"type": "Feature", "geometry": {"type": "Point", "coordinates": [117.504442, 31.915189]}, "properties": {"name": "店埠镇花滩民族小学", "category": "school_primary", "sub_category": "141203"}}, {"type": "Feature", "geometry": {"type": "Point", "coordinates": [117.519112, 31.945111]}, "properties": {"name": "肥东金龙学校(锦弘中学小学部)", "category": "school_primary", "sub_category": "141203"}}, {"type": "Feature", "geometry": {"type": "Point", "coordinates": [117.515055, 31.966668]}, "properties": {"name": "民主小学", "category": "school_primary", "sub_category": "141203"}}, {"type": "Feature", "geometry": {"type": "Point", "coordinates": [117.535143, 31.963709]}, "properties": {"name": "油坊小学", "category": "school_primary", "sub_category": "141203"}}, {"type": "Feature", "geometry": {"type": "Point", "coordinates": [117.101399, 31.765452]}, "properties": {"name": "合肥市第四十二中学·紫云湖分校", "category": "school_junior", "sub_category": "141202"}}, {"type": "Feature", "geometry": {"type": "Point", "coordinates": [117.148432, 31.877706]}, "properties": {"name": "合肥市五十中学东校(振兴校区)", "category": "school_junior", "sub_category": "141202"}}, {"type": "Feature", "geometry": {"type": "Point", "coordinates": [117.128167, 31.85783]}, "properties": {"name": "合肥市琥珀中学教育集团南岗校区", "category": "school_junior", "sub_category": "141202"}}, {"type": "Feature", "geometry": {"type": "Point", "coordinates": [117.157363, 31.704528]}, "properties": {"name": "合肥八中铭传高中教育集团初中部", "category": "school_junior", "sub_category": "141202"}}, {"type": "Feature", "geometry": {"type": "Point", "coordinates": [117.178694, 31.717318]}, "properties": {"name": "合肥大地学校", "category": "school_junior", "sub_category": "141202"}}, {"type": "Feature", "geometry": {"type": "Point", "coordinates": [117.151026, 31.711689]}, "properties": {"name": "合肥长江中学-万思教育", "category": "school_junior", "sub_category": "141202"}}, {"type": "Feature", "geometry": {"type": "Point", "coordinates": [117.197384, 31.792647]}, "properties": {"name": "合肥市第四十五中学芙蓉分校北校区", "category": "school_junior", "sub_category": "141202"}}, {"type": "Feature", "geometry": {"type": "Point", "coordinates": [117.189221, 31.779399]}, "properties": {"name": "合肥一六八玫瑰园学校(九龙路校区中学部)", "category": "school_junior", "sub_category": "141202"}}, {"type": "Feature", "geometry": {"type": "Point", "coordinates": [117.199131, 31.785776]}, "properties": {"name": "合肥市第四十五中芙蓉分校南校区", "category": "school_junior", "sub_category": "141202"}}, {"type": "Feature", "geometry": {"type": "Point", "coordinates": [117.16527, 31.775515]}, "properties": {"name": "汤口路中学", "category": "school_junior", "sub_category": "141202"}}, {"type": "Feature", "geometry": {"type": "Point", "coordinates": [117.163726, 31.808379]}, "properties": {"name": "合肥市第六十二中学", "category": "school_junior", "sub_category": "141202"}}, {"type": "Feature", "geometry": {"type": "Point", "coordinates": [117.166401, 31.806278]}, "properties": {"name": "肥西县桃花初级中学", "category": "school_junior", "sub_category": "141202"}}, {"type": "Feature", "geometry": {"type": "Point", "coordinates": [117.156302, 31.824016]}, "properties": {"name": "合肥市梦园中学", "category": "school_junior", "sub_category": "141202"}}, {"type": "Feature", "geometry": {"type": "Point", "coordinates": [117.169976, 31.866784]}, "properties": {"name": "合肥安生学校", "category": "school_junior", "sub_category": "141202"}}, {"type": "Feature", "geometry": {"type": "Point", "coordinates": [117.157057, 31.963135]}, "properties": {"name": "衡安学校", "category": "school_junior", "sub_category": "141202"}}, {"type": "Feature", "geometry": {"type": "Point", "coordinates": [117.173196, 31.959515]}, "properties": {"name": "合肥新桥中学", "category": "school_junior", "sub_category": "141202"}}, {"type": "Feature", "geometry": {"type": "Point", "coordinates": [117.24414, 31.708513]}, "properties": {"name": "合肥一六八玫瑰园临湖学校(初中部)", "category": "school_junior", "sub_category": "141202"}}, {"type": "Feature", "geometry": {"type": "Point", "coordinates": [117.207483, 31.783645]}, "properties": {"name": "润安公学", "category": "school_junior", "sub_category": "141202"}}, {"type": "Feature", "geometry": {"type": "Point", "coordinates": [117.216055, 31.778491]}, "properties": {"name": "合肥一六八玫瑰园学校东校区", "category": "school_junior", "sub_category": "141202"}}, {"type": "Feature", "geometry": {"type": "Point", "coordinates": [117.212236, 31.751124]}, "properties": {"name": "合肥一六八玫瑰园东校教育集团经开实验学校", "category": "school_junior", "sub_category": "141202"}}, {"type": "Feature", "geometry": {"type": "Point", "coordinates": [117.210038, 31.768412]}, "properties": {"name": "合肥八中铭传高中教育集团翡翠湖初级中学", "category": "school_junior", "sub_category": "141202"}}, {"type": "Feature", "geometry": {"type": "Point", "coordinates": [117.225694, 31.766648]}, "properties": {"name": "合肥八中教育集团铭传高中初中部翡翠湖初级中学(东校区)", "category": "school_junior", "sub_category": "141202"}}, {"type": "Feature", "geometry": {"type": "Point", "coordinates": [117.238402, 31.798154]}, "properties": {"name": "合肥市第十七中学(南区)", "category": "school_junior", "sub_category": "141202"}}, {"type": "Feature", "geometry": {"type": "Point", "coordinates": [117.234286, 31.798776]}, "properties": {"name": "合肥市五十中学天鹅湖教育集团潜山路校区", "category": "school_junior", "sub_category": "141202"}}, {"type": "Feature", "geometry": {"type": "Point", "coordinates": [117.22248, 31.788263]}, "properties": {"name": "合肥皖智高复补习学校", "category": "school_junior", "sub_category": "141202"}}, {"type": "Feature", "geometry": {"type": "Point", "coordinates": [117.217013, 31.802997]}, "properties": {"name": "合肥市五十中学天鹅湖教育集团天鹅湖校区", "category": "school_junior", "sub_category": "141202"}}, {"type": "Feature", "geometry": {"type": "Point", "coordinates": [117.245404, 31.831521]}, "properties": {"name": "合肥市第十七中学", "category": "school_junior", "sub_category": "141202"}}, {"type": "Feature", "geometry": {"type": "Point", "coordinates": [117.233471, 31.84664]}, "properties": {"name": "合肥市五十中学西校教育集团贵池路校区", "category": "school_junior", "sub_category": "141202"}}, {"type": "Feature", "geometry": {"type": "Point", "coordinates": [117.247074, 31.81576]}, "properties": {"name": "合肥市五十中学天鹅湖教育集团蜀外校区", "category": "school_junior", "sub_category": "141202"}}, {"type": "Feature", "geometry": {"type": "Point", "coordinates": [117.224673, 31.830785]}, "properties": {"name": "合肥市五十中学望岳校区", "category": "school_junior", "sub_category": "141202"}}, {"type": "Feature", "geometry": {"type": "Point", "coordinates": [117.249812, 31.842788]}, "properties": {"name": "合肥市五十中学西校教育集团合作化路校区", "category": "school_junior", "sub_category": "141202"}}, {"type": "Feature", "geometry": {"type": "Point", "coordinates": [117.239909, 31.828652]}, "properties": {"name": "合肥市皖安中学", "category": "school_junior", "sub_category": "141202"}}, {"type": "Feature", "geometry": {"type": "Point", "coordinates": [117.231678, 31.891759]}, "properties": {"name": "合肥市第四十五中学森林城校区", "category": "school_junior", "sub_category": "141202"}}, {"type": "Feature", "geometry": {"type": "Point", "coordinates": [117.204441, 31.859095]}, "properties": {"name": "合肥市金湖中学", "category": "school_junior", "sub_category": "141202"}}, {"type": "Feature", "geometry": {"type": "Point", "coordinates": [117.249704, 31.861612]}, "properties": {"name": "合肥西苑中学", "category": "school_junior", "sub_category": "141202"}}, {"type": "Feature", "geometry": {"type": "Point", "coordinates": [117.24961, 31.892578]}, "properties": {"name": "合肥市第四十五中(固镇路校区)", "category": "school_junior", "sub_category": "141202"}}, {"type": "Feature", "geometry": {"type": "Point", "coordinates": [117.235634, 31.868134]}, "properties": {"name": "琥珀中学教育集团(龙居山庄校区)", "category": "school_junior", "sub_category": "141202"}}, {"type": "Feature", "geometry": {"type": "Point", "coordinates": [117.236721, 31.862815]}, "properties": {"name": "合肥市颐和中学", "category": "school_junior", "sub_category": "141202"}}, {"type": "Feature", "geometry": {"type": "Point", "coordinates": [117.225326, 31.900743]}, "properties": {"name": "合肥市第四十二中学教育集团中铁国际城校区", "category": "school_junior", "sub_category": "141202"}}, {"type": "Feature", "geometry": {"type": "Point", "coordinates": [117.208977, 31.921028]}, "properties": {"name": "合肥市第四十二中学湖畔分校", "category": "school_junior", "sub_category": "141202"}}, {"type": "Feature", "geometry": {"type": "Point", "coordinates": [117.236882, 31.997094]}, "properties": {"name": "合肥市第四十二中学北城世纪城校区", "category": "school_junior", "sub_category": "141202"}}, {"type": "Feature", "geometry": {"type": "Point", "coordinates": [117.248988, 31.97436]}, "properties": {"name": "北城力高学校", "category": "school_junior", "sub_category": "141202"}}, {"type": "Feature", "geometry": {"type": "Point", "coordinates": [117.283406, 31.739288]}, "properties": {"name": "合肥市第四十六中学", "category": "school_junior", "sub_category": "141202"}}, {"type": "Feature", "geometry": {"type": "Point", "coordinates": [117.279539, 31.714571]}, "properties": {"name": "合肥市第四十六中学南校区", "category": "school_junior", "sub_category": "141202"}}, {"type": "Feature", "geometry": {"type": "Point", "coordinates": [117.296049, 31.702976]}, "properties": {"name": "合肥市第四十八中学教育集团嘉陵江路中学", "category": "school_junior", "sub_category": "141202"}}, {"type": "Feature", "geometry": {"type": "Point", "coordinates": [117.262715, 31.706917]}, "properties": {"name": "合肥市第四十六中学教育集团南宁路中学", "category": "school_junior", "sub_category": "141202"}}, {"type": "Feature", "geometry": {"type": "Point", "coordinates": [117.284469, 31.775972]}, "properties": {"name": "新康中学", "category": "school_junior", "sub_category": "141202"}}, {"type": "Feature", "geometry": {"type": "Point", "coordinates": [117.258772, 31.781524]}, "properties": {"name": "合肥一六八玫瑰园北校习友校区", "category": "school_junior", "sub_category": "141202"}}, {"type": "Feature", "geometry": {"type": "Point", "coordinates": [117.275765, 31.752099]}, "properties": {"name": "合肥一六八玫瑰园学校(中学部)", "category": "school_junior", "sub_category": "141202"}}, {"type": "Feature", "geometry": {"type": "Point", "coordinates": [117.255394, 31.825051]}, "properties": {"name": "合肥市五十中学东校(望江路校区)", "category": "school_junior", "sub_category": "141202"}}, {"type": "Feature", "geometry": {"type": "Point", "coordinates": [117.265308, 31.809697]}, "properties": {"name": "合肥市第四十八中学教育集团西递中学", "category": "school_junior", "sub_category": "141202"}}, {"type": "Feature", "geometry": {"type": "Point", "coordinates": [117.297159, 31.827729]}, "properties": {"name": "合肥市第六十五中学", "category": "school_junior", "sub_category": "141202"}}, {"type": "Feature", "geometry": {"type": "Point", "coordinates": [117.274706, 31.83269]}, "properties": {"name": "合肥南园学校南校区", "category": "school_junior", "sub_category": "141202"}}, {"type": "Feature", "geometry": {"type": "Point", "coordinates": [117.280825, 31.821475]}, "properties": {"name": "中国科学技术大学附属中学-南区", "category": "school_junior", "sub_category": "141202"}}, {"type": "Feature", "geometry": {"type": "Point", "coordinates": [117.262862, 31.833643]}, "properties": {"name": "合肥市第六十九中学", "category": "school_junior", "sub_category": "141202"}}, {"type": "Feature", "geometry": {"type": "Point", "coordinates": [117.280025, 31.855023]}, "properties": {"name": "合肥市第四十五中学桐城路校区", "category": "school_junior", "sub_category": "141202"}}, {"type": "Feature", "geometry": {"type": "Point", "coordinates": [117.27409, 31.895231]}, "properties": {"name": "合肥市庐阳中学", "category": "school_junior", "sub_category": "141202"}}, {"type": "Feature", "geometry": {"type": "Point", "coordinates": [117.261233, 31.890197]}, "properties": {"name": "合肥市第四十五中学橡树湾校区", "category": "school_junior", "sub_category": "141202"}}, {"type": "Feature", "geometry": {"type": "Point", "coordinates": [117.258498, 31.850492]}, "properties": {"name": "合肥市五十中学东校西园校区", "category": "school_junior", "sub_category": "141202"}}, {"type": "Feature", "geometry": {"type": "Point", "coordinates": [117.270045, 31.881299]}, "properties": {"name": "合肥寿春中学南国校区", "category": "school_junior", "sub_category": "141202"}}, {"type": "Feature", "geometry": {"type": "Point", "coordinates": [117.281601, 31.864443]}, "properties": {"name": "合肥四十五中学(六安路校区)", "category": "school_junior", "sub_category": "141202"}}, {"type": "Feature", "geometry": {"type": "Point", "coordinates": [117.259831, 31.877326]}, "properties": {"name": "合肥四十五中学(长丰路校区)", "category": "school_junior", "sub_category": "141202"}}, {"type": "Feature", "geometry": {"type": "Point", "coordinates": [117.280163, 31.893636]}, "properties": {"name": "合肥市庐阳中学凤台路分校", "category": "school_junior", "sub_category": "141202"}}, {"type": "Feature", "geometry": {"type": "Point", "coordinates": [117.287917, 31.854221]}, "properties": {"name": "合肥市第四十八中学(芜湖路校区东区)", "category": "school_junior", "sub_category": "141202"}}, {"type": "Feature", "geometry": {"type": "Point", "coordinates": [117.264462, 31.868007]}, "properties": {"name": "合肥市琥珀中学琥珀山庄校区", "category": "school_junior", "sub_category": "141202"}}, {"type": "Feature", "geometry": {"type": "Point", "coordinates": [117.281374, 31.876251]}, "properties": {"name": "合肥市第四十七中学", "category": "school_junior", "sub_category": "141202"}}, {"type": "Feature", "geometry": {"type": "Point", "coordinates": [117.299226, 31.891095]}, "properties": {"name": "合肥市第三十八中学嘉山路校区", "category": "school_junior", "sub_category": "141202"}}, {"type": "Feature", "geometry": {"type": "Point", "coordinates": [117.280929, 31.850708]}, "properties": {"name": "合肥市第四十八中学芜湖路校区西区", "category": "school_junior", "sub_category": "141202"}}, {"type": "Feature", "geometry": {"type": "Point", "coordinates": [117.252158, 31.859836]}, "properties": {"name": "合肥市琥珀中学五里墩校区", "category": "school_junior", "sub_category": "141202"}}, {"type": "Feature", "geometry": {"type": "Point", "coordinates": [117.268168, 31.92859]}, "properties": {"name": "合肥市第四十五中学菱湖分校", "category": "school_junior", "sub_category": "141202"}}, {"type": "Feature", "geometry": {"type": "Point", "coordinates": [117.258541, 31.991441]}, "properties": {"name": "长丰县梅冲湖中学", "category": "school_junior", "sub_category": "141202"}}, {"type": "Feature", "geometry": {"type": "Point", "coordinates": [117.270781, 31.993862]}, "properties": {"name": "长丰县双墩初级中学", "category": "school_junior", "sub_category": "141202"}}, {"type": "Feature", "geometry": {"type": "Point", "coordinates": [117.2649, 31.977436]}, "properties": {"name": "长丰县凤庆路初级中学(建设中)", "category": "school_junior", "sub_category": "141202"}}, {"type": "Feature", "geometry": {"type": "Point", "coordinates": [117.300783, 31.748589]}, "properties": {"name": "合肥市第四十八中学滨湖教育集团万泉河路校区", "category": "school_junior", "sub_category": "141202"}}, {"type": "Feature", "geometry": {"type": "Point", "coordinates": [117.312343, 31.748237]}, "properties": {"name": "合肥市第四十八中学滨湖教育集团华山路校区", "category": "school_junior", "sub_category": "141202"}}, {"type": "Feature", "geometry": {"type": "Point", "coordinates": [117.312291, 31.732536]}, "properties": {"name": "中山路中学", "category": "school_junior", "sub_category": "141202"}}, {"type": "Feature", "geometry": {"type": "Point", "coordinates": [117.303209, 31.721194]}, "properties": {"name": "庐州大道中学", "category": "school_junior", "sub_category": "141202"}}, {"type": "Feature", "geometry": {"type": "Point", "coordinates": [117.341193, 31.798236]}, "properties": {"name": "合肥实验学校(包河花园校区)", "category": "school_junior", "sub_category": "141202"}}, {"type": "Feature", "geometry": {"type": "Point", "coordinates": [117.336292, 31.767915]}, "properties": {"name": "合肥市第四十六中学教育集团黄河路中学", "category": "school_junior", "sub_category": "141202"}}, {"type": "Feature", "geometry": {"type": "Point", "coordinates": [117.319819, 31.790401]}, "properties": {"name": "合肥实验学校九珑湾校区", "category": "school_junior", "sub_category": "141202"}}, {"type": "Feature", "geometry": {"type": "Point", "coordinates": [117.301173, 31.810301]}, "properties": {"name": "合肥市第四十八中学(望湖校区)", "category": "school_junior", "sub_category": "141202"}}, {"type": "Feature", "geometry": {"type": "Point", "coordinates": [117.346001, 31.840867]}, "properties": {"name": "合肥市第三十八中学新校", "category": "school_junior", "sub_category": "141202"}}, {"type": "Feature", "geometry": {"type": "Point", "coordinates": [117.328926, 31.847656]}, "properties": {"name": "合肥市第五十五中学", "category": "school_junior", "sub_category": "141202"}}, {"type": "Feature", "geometry": {"type": "Point", "coordinates": [117.314321, 31.812349]}, "properties": {"name": "合肥市四十八中望湖教育集团(祁门路中学)", "category": "school_junior", "sub_category": "141202"}}, {"type": "Feature", "geometry": {"type": "Point", "coordinates": [117.33083, 31.806368]}, "properties": {"name": "合肥市四十八中学教育集团观澜中学(建设中)", "category": "school_junior", "sub_category": "141202"}}, {"type": "Feature", "geometry": {"type": "Point", "coordinates": [117.30922, 31.85532]}, "properties": {"name": "合肥市第三十八中学和平校区", "category": "school_junior", "sub_category": "141202"}}, {"type": "Feature", "geometry": {"type": "Point", "coordinates": [117.325417, 31.85311]}, "properties": {"name": "合肥市育英中学", "category": "school_junior", "sub_category": "141202"}}, {"type": "Feature", "geometry": {"type": "Point", "coordinates": [117.314175, 31.860907]}, "properties": {"name": "合肥市第三十八中学大通路校区", "category": "school_junior", "sub_category": "141202"}}, {"type": "Feature", "geometry": {"type": "Point", "coordinates": [117.303021, 31.876325]}, "properties": {"name": "合肥市第三十八中学北校", "category": "school_junior", "sub_category": "141202"}}, {"type": "Feature", "geometry": {"type": "Point", "coordinates": [117.326818, 31.866294]}, "properties": {"name": "合肥市第三十九中学", "category": "school_junior", "sub_category": "141202"}}, {"type": "Feature", "geometry": {"type": "Point", "coordinates": [117.334957, 31.888817]}, "properties": {"name": "合肥市第三十中学(东区)", "category": "school_junior", "sub_category": "141202"}}, {"type": "Feature", "geometry": {"type": "Point", "coordinates": [117.341892, 31.8561]}, "properties": {"name": "合肥市行知学校南区", "category": "school_junior", "sub_category": "141202"}}, {"type": "Feature", "geometry": {"type": "Point", "coordinates": [117.316019, 31.906628]}, "properties": {"name": "合肥市第三十中学", "category": "school_junior", "sub_category": "141202"}}, {"type": "Feature", "geometry": {"type": "Point", "coordinates": [117.321897, 31.936728]}, "properties": {"name": "合肥一六八新店花园学校小学", "category": "school_junior", "sub_category": "141203|141202"}}, {"type": "Feature", "geometry": {"type": "Point", "coordinates": [117.30495, 31.927099]}, "properties": {"name": "合肥市淮合花园中学", "category": "school_junior", "sub_category": "141202"}}, {"type": "Feature", "geometry": {"type": "Point", "coordinates": [117.307821, 31.990496]}, "properties": {"name": "合肥市第八十二中学", "category": "school_junior", "sub_category": "141202"}}, {"type": "Feature", "geometry": {"type": "Point", "coordinates": [117.331308, 31.955825]}, "properties": {"name": "合肥新站中学教学点", "category": "school_junior", "sub_category": "141202|141400"}}, {"type": "Feature", "geometry": {"type": "Point", "coordinates": [117.355156, 31.745197]}, "properties": {"name": "合肥市第四十六中教育集团广东路中学", "category": "school_junior", "sub_category": "141202"}}, {"type": "Feature", "geometry": {"type": "Point", "coordinates": [117.357521, 31.798651]}, "properties": {"name": "合肥市第五十六中学", "category": "school_junior", "sub_category": "141202"}}, {"type": "Feature", "geometry": {"type": "Point", "coordinates": [117.353193, 31.845578]}, "properties": {"name": "合肥市第三十八中学兴海分校", "category": "school_junior", "sub_category": "141202"}}, {"type": "Feature", "geometry": {"type": "Point", "coordinates": [117.398416, 31.827487]}, "properties": {"name": "合肥市第四十五中学(宝翠园分校)", "category": "school_junior", "sub_category": "141202"}}, {"type": "Feature", "geometry": {"type": "Point", "coordinates": [117.38215, 31.831899]}, "properties": {"name": "合肥市庐东学校", "category": "school_junior", "sub_category": "141202"}}, {"type": "Feature", "geometry": {"type": "Point", "coordinates": [117.388101, 31.873485]}, "properties": {"name": "合肥市第五十五中学东校", "category": "school_junior", "sub_category": "141202"}}, {"type": "Feature", "geometry": {"type": "Point", "coordinates": [117.364002, 31.892089]}, "properties": {"name": "合肥新站实验中学", "category": "school_junior", "sub_category": "141202"}}, {"type": "Feature", "geometry": {"type": "Point", "coordinates": [117.352649, 31.867176]}, "properties": {"name": "合肥市行知学校学苑校区", "category": "school_junior", "sub_category": "141202"}}, {"type": "Feature", "geometry": {"type": "Point", "coordinates": [117.387141, 31.861601]}, "properties": {"name": "合肥第三十八中学(东校区)", "category": "school_junior", "sub_category": "141202"}}, {"type": "Feature", "geometry": {"type": "Point", "coordinates": [117.352632, 31.878861]}, "properties": {"name": "合肥市行知实验中学(站塘校区)", "category": "school_junior", "sub_category": "141202"}}, {"type": "Feature", "geometry": {"type": "Point", "coordinates": [117.357879, 31.878317]}, "properties": {"name": "合肥众望中学", "category": "school_junior", "sub_category": "141202"}}, {"type": "Feature", "geometry": {"type": "Point", "coordinates": [117.392718, 31.896769]}, "properties": {"name": "合肥新站实验中学烈山路校区", "category": "school_junior", "sub_category": "141202"}}, {"type": "Feature", "geometry": {"type": "Point", "coordinates": [117.366606, 31.872137]}, "properties": {"name": "合肥市行知学校龙岗校区", "category": "school_junior", "sub_category": "141202"}}, {"type": "Feature", "geometry": {"type": "Point", "coordinates": [117.371247, 31.850828]}, "properties": {"name": "合肥市第三十八中学(瑶海湾校区)", "category": "school_junior", "sub_category": "141202"}}, {"type": "Feature", "geometry": {"type": "Point", "coordinates": [117.370267, 31.875869]}, "properties": {"name": "合肥高升学校初中部", "category": "school_junior", "sub_category": "141202"}}, {"type": "Feature", "geometry": {"type": "Point", "coordinates": [117.399425, 31.865275]}, "properties": {"name": "合肥市行知学校新安校区(装修中)", "category": "school_junior", "sub_category": "141202"}}, {"type": "Feature", "geometry": {"type": "Point", "coordinates": [117.376808, 31.938321]}, "properties": {"name": "合肥市庆平希望学校", "category": "school_junior", "sub_category": "141202"}}, {"type": "Feature", "geometry": {"type": "Point", "coordinates": [117.426187, 31.883831]}, "properties": {"name": "肥东县第三中学清和校区", "category": "school_junior", "sub_category": "141202"}}, {"type": "Feature", "geometry": {"type": "Point", "coordinates": [117.449816, 31.875911]}, "properties": {"name": "安徽省肥东县龙泉路学校", "category": "school_junior", "sub_category": "141202"}}, {"type": "Feature", "geometry": {"type": "Point", "coordinates": [117.403466, 31.851853]}, "properties": {"name": "合肥市第四十八中学教育集团肥东分校", "category": "school_junior", "sub_category": "141202"}}, {"type": "Feature", "geometry": {"type": "Point", "coordinates": [117.409442, 31.989242]}, "properties": {"name": "肥东众兴中学", "category": "school_junior", "sub_category": "141202"}}, {"type": "Feature", "geometry": {"type": "Point", "coordinates": [117.467498, 31.815038]}, "properties": {"name": "肥东县撮镇中学", "category": "school_junior", "sub_category": "141202"}}, {"type": "Feature", "geometry": {"type": "Point", "coordinates": [117.465121, 31.822797]}, "properties": {"name": "撮镇学区中心学校", "category": "school_junior", "sub_category": "141202|141203"}}, {"type": "Feature", "geometry": {"type": "Point", "coordinates": [117.471408, 31.893775]}, "properties": {"name": "肥东第三中学(梁园路校区)", "category": "school_junior", "sub_category": "141202"}}, {"type": "Feature", "geometry": {"type": "Point", "coordinates": [117.481232, 31.892104]}, "properties": {"name": "尚真中学", "category": "school_junior", "sub_category": "141202"}}, {"type": "Feature", "geometry": {"type": "Point", "coordinates": [117.450798, 31.869967]}, "properties": {"name": "肥东县第六中学中学部", "category": "school_junior", "sub_category": "141202"}}, {"type": "Feature", "geometry": {"type": "Point", "coordinates": [117.48438, 31.933062]}, "properties": {"name": "肥东圣泉中学", "category": "school_junior", "sub_category": "141202"}}, {"type": "Feature", "geometry": {"type": "Point", "coordinates": [117.520084, 31.736318]}, "properties": {"name": "复兴学校", "category": "school_junior", "sub_category": "141202"}}, {"type": "Feature", "geometry": {"type": "Point", "coordinates": [117.530808, 31.794008]}, "properties": {"name": "肥东县桥头集学校山王校区", "category": "school_junior", "sub_category": "141202"}}, {"type": "Feature", "geometry": {"type": "Point", "coordinates": [117.505118, 31.851711]}, "properties": {"name": "安师大附属肥东实验中学", "category": "school_junior", "sub_category": "141202"}}, {"type": "Feature", "geometry": {"type": "Point", "coordinates": [117.528596, 31.959713]}, "properties": {"name": "肥东志成双语学校", "category": "school_junior", "sub_category": "141202"}}, {"type": "Feature", "geometry": {"type": "Point", "coordinates": [117.394932, 31.898133]}, "properties": {"name": "合肥新鑫幼教紫悦府幼儿园", "category": "kindergarten", "sub_category": "141204"}}, {"type": "Feature", "geometry": {"type": "Point", "coordinates": [117.169932, 31.738589]}, "properties": {"name": "上派幼教集团总园", "category": "kindergarten", "sub_category": "141204"}}, {"type": "Feature", "geometry": {"type": "Point", "coordinates": [117.117427, 31.817104]}, "properties": {"name": "创和幼教合肥高新区长宁家园幼儿园", "category": "kindergarten", "sub_category": "141204"}}, {"type": "Feature", "geometry": {"type": "Point", "coordinates": [117.266259, 31.967749]}, "properties": {"name": "合肥幼教集团禧悦新城幼儿园", "category": "kindergarten", "sub_category": "141204"}}, {"type": "Feature", "geometry": {"type": "Point", "coordinates": [117.414215, 31.8444]}, "properties": {"name": "龙塘幼教集团紫玥台幼儿园", "category": "kindergarten", "sub_category": "141204"}}, {"type": "Feature", "geometry": {"type": "Point", "coordinates": [117.311581, 31.895197]}, "properties": {"name": "合肥新鑫幼教时代锦园幼儿园", "category": "kindergarten", "sub_category": "141204"}}, {"type": "Feature", "geometry": {"type": "Point", "coordinates": [117.120728, 31.687423]}, "properties": {"name": "合肥幼教集团金寨路幼儿园", "category": "kindergarten", "sub_category": "141204"}}, {"type": "Feature", "geometry": {"type": "Point", "coordinates": [117.401475, 31.85349]}, "properties": {"name": "龙塘幼教集团中海城幼儿园", "category": "kindergarten", "sub_category": "141204"}}, {"type": "Feature", "geometry": {"type": "Point", "coordinates": [117.492, 31.81545]}, "properties": {"name": "肥东县三和幼教集团·太和园", "category": "kindergarten", "sub_category": "141204"}}, {"type": "Feature", "geometry": {"type": "Point", "coordinates": [117.278374, 31.765007]}, "properties": {"name": "合肥幼教集团滨水花都幼儿园", "category": "kindergarten", "sub_category": "141204"}}, {"type": "Feature", "geometry": {"type": "Point", "coordinates": [117.260605, 31.944445]}, "properties": {"name": "合肥创和幼教都汇华郡幼儿园", "category": "kindergarten", "sub_category": "141204"}}, {"type": "Feature", "geometry": {"type": "Point", "coordinates": [117.321919, 31.90357]}, "properties": {"name": "合肥幼教集团鹤琴幼儿园", "category": "kindergarten", "sub_category": "141204"}}, {"type": "Feature", "geometry": {"type": "Point", "coordinates": [117.477644, 31.826691]}, "properties": {"name": "肥东撮镇大拇指幼儿园", "category": "kindergarten", "sub_category": "141204"}}, {"type": "Feature", "geometry": {"type": "Point", "coordinates": [117.170207, 31.81729]}, "properties": {"name": "三味跨世纪儿童之家", "category": "kindergarten", "sub_category": "141204"}}, {"type": "Feature", "geometry": {"type": "Point", "coordinates": [117.179301, 31.816357]}, "properties": {"name": "合肥幼教集团高新区第二幼儿园", "category": "kindergarten", "sub_category": "141204"}}, {"type": "Feature", "geometry": {"type": "Point", "coordinates": [117.251013, 31.978556]}, "properties": {"name": "合肥小森林幼教集团(双凤园)", "category": "kindergarten", "sub_category": "141204"}}, {"type": "Feature", "geometry": {"type": "Point", "coordinates": [117.173975, 31.719986]}, "properties": {"name": "肥西县直属机关幼儿园旺郢分园", "category": "kindergarten", "sub_category": "141204"}}, {"type": "Feature", "geometry": {"type": "Point", "coordinates": [117.395067, 31.941877]}, "properties": {"name": "合肥新鑫幼教.万橡府幼儿园", "category": "kindergarten", "sub_category": "141204"}}, {"type": "Feature", "geometry": {"type": "Point", "coordinates": [117.104635, 31.76573]}, "properties": {"name": "华南城幼教集团(和园分园)", "category": "kindergarten", "sub_category": "141204"}}, {"type": "Feature", "geometry": {"type": "Point", "coordinates": [117.195359, 31.949844]}, "properties": {"name": "合肥曙光教育(岗集校区)", "category": "kindergarten", "sub_category": "141204|141400"}}, {"type": "Feature", "geometry": {"type": "Point", "coordinates": [117.303059, 31.885886]}, "properties": {"name": "天鹅幼教", "category": "kindergarten", "sub_category": "141204"}}, {"type": "Feature", "geometry": {"type": "Point", "coordinates": [117.328822, 31.929383]}, "properties": {"name": "稚趣园", "category": "kindergarten", "sub_category": "141204|110000"}}, {"type": "Feature", "geometry": {"type": "Point", "coordinates": [117.460694, 31.868101]}, "properties": {"name": "新安幼教集团总园", "category": "kindergarten", "sub_category": "141204"}}, {"type": "Feature", "geometry": {"type": "Point", "coordinates": [117.4744, 31.813965]}, "properties": {"name": "撮镇幼教集团中心园", "category": "kindergarten", "sub_category": "141204"}}, {"type": "Feature", "geometry": {"type": "Point", "coordinates": [117.282689, 31.715114]}, "properties": {"name": "蒲巴托育园", "category": "kindergarten", "sub_category": "141204"}}, {"type": "Feature", "geometry": {"type": "Point", "coordinates": [117.417828, 31.889534]}, "properties": {"name": "肥东经济开发区中心学校万和云锦幼儿园", "category": "kindergarten", "sub_category": "141204"}}, {"type": "Feature", "geometry": {"type": "Point", "coordinates": [117.273166, 31.769261]}, "properties": {"name": "合肥幼教集团康利幼儿园", "category": "kindergarten", "sub_category": "141204"}}, {"type": "Feature", "geometry": {"type": "Point", "coordinates": [117.329793, 31.873936]}, "properties": {"name": "合肥能量娃幼教", "category": "kindergarten", "sub_category": "141204"}}, {"type": "Feature", "geometry": {"type": "Point", "coordinates": [117.290534, 31.827179]}, "properties": {"name": "小精灵幼儿园", "category": "kindergarten", "sub_category": "141204"}}, {"type": "Feature", "geometry": {"type": "Point", "coordinates": [117.116277, 31.749807]}, "properties": {"name": "紫云湖公园", "category": "park", "sub_category": "110101"}}, {"type": "Feature", "geometry": {"type": "Point", "coordinates": [117.149627, 31.716274]}, "properties": {"name": "水岸书香口袋公园", "category": "park", "sub_category": "110101"}}, {"type": "Feature", "geometry": {"type": "Point", "coordinates": [117.147988, 31.714857]}, "properties": {"name": "莲湘舞健身口袋公园", "category": "park", "sub_category": "110101"}}, {"type": "Feature", "geometry": {"type": "Point", "coordinates": [117.141665, 31.710843]}, "properties": {"name": "卞小河公园", "category": "park", "sub_category": "110101"}}, {"type": "Feature", "geometry": {"type": "Point", "coordinates": [117.144465, 31.705511]}, "properties": {"name": "铜爵口袋公园", "category": "park", "sub_category": "110101"}}, {"type": "Feature", "geometry": {"type": "Point", "coordinates": [117.146297, 31.705944]}, "properties": {"name": "劳动者之家口袋公园", "category": "park", "sub_category": "110101"}}, {"type": "Feature", "geometry": {"type": "Point", "coordinates": [117.14584, 31.778498]}, "properties": {"name": "桃花潭公园", "category": "park", "sub_category": "110101"}}, {"type": "Feature", "geometry": {"type": "Point", "coordinates": [117.12351, 31.838379]}, "properties": {"name": "蜀西湖公园", "category": "park", "sub_category": "110101"}}, {"type": "Feature", "geometry": {"type": "Point", "coordinates": [117.11631, 31.834146]}, "properties": {"name": "蜀西湖沙滩公园", "category": "park", "sub_category": "110101"}}, {"type": "Feature", "geometry": {"type": "Point", "coordinates": [117.140269, 31.815566]}, "properties": {"name": "欢肆公园", "category": "park", "sub_category": "110101"}}, {"type": "Feature", "geometry": {"type": "Point", "coordinates": [117.139383, 31.82778]}, "properties": {"name": "华佗巷游园", "category": "park", "sub_category": "110101"}}, {"type": "Feature", "geometry": {"type": "Point", "coordinates": [117.148739, 31.830779]}, "properties": {"name": "街角花园", "category": "park", "sub_category": "110101"}}, {"type": "Feature", "geometry": {"type": "Point", "coordinates": [117.119091, 31.811924]}, "properties": {"name": "人才园", "category": "park", "sub_category": "110101"}}, {"type": "Feature", "geometry": {"type": "Point", "coordinates": [117.128579, 31.822439]}, "properties": {"name": "樱花主题游园(建设中)", "category": "park", "sub_category": "110101"}}, {"type": "Feature", "geometry": {"type": "Point", "coordinates": [117.143118, 31.877387]}, "properties": {"name": "蜀山城市运动公园", "category": "park", "sub_category": "110101"}}, {"type": "Feature", "geometry": {"type": "Point", "coordinates": [117.138873, 31.877416]}, "properties": {"name": "蜀山城市运动公园(西区)", "category": "park", "sub_category": "110101"}}, {"type": "Feature", "geometry": {"type": "Point", "coordinates": [117.133922, 31.857905]}, "properties": {"name": "街头游园", "category": "park", "sub_category": "110101"}}, {"type": "Feature", "geometry": {"type": "Point", "coordinates": [117.119434, 31.896435]}, "properties": {"name": "户外公园", "category": "park", "sub_category": "110101"}}, {"type": "Feature", "geometry": {"type": "Point", "coordinates": [117.126912, 31.851222]}, "properties": {"name": "桂香园", "category": "park", "sub_category": "110101"}}, {"type": "Feature", "geometry": {"type": "Point", "coordinates": [117.126567, 31.853806]}, "properties": {"name": "心平公园", "category": "park", "sub_category": "110101"}}, {"type": "Feature", "geometry": {"type": "Point", "coordinates": [117.13385, 31.856567]}, "properties": {"name": "创新大道两侧游园", "category": "park", "sub_category": "110101"}}, {"type": "Feature", "geometry": {"type": "Point", "coordinates": [117.142806, 31.919739]}, "properties": {"name": "安徽庐阳董铺国家湿地公园", "category": "park", "sub_category": "110101"}}, {"type": "Feature", "geometry": {"type": "Point", "coordinates": [117.139087, 31.92463]}, "properties": {"name": "瓜牛童心田园", "category": "park", "sub_category": "110101"}}, {"type": "Feature", "geometry": {"type": "Point", "coordinates": [117.131487, 31.911309]}, "properties": {"name": "合肥三国新城遗址公园(暂停开放)", "category": "park", "sub_category": "110100|110202"}}, {"type": "Feature", "geometry": {"type": "Point", "coordinates": [117.172898, 31.702246]}, "properties": {"name": "派园", "category": "park", "sub_category": "110101"}}, {"type": "Feature", "geometry": {"type": "Point", "coordinates": [117.174582, 31.711946]}, "properties": {"name": "丽景湖公园", "category": "park", "sub_category": "110101"}}, {"type": "Feature", "geometry": {"type": "Point", "coordinates": [117.18188, 31.739253]}, "properties": {"name": "肥光口袋公园", "category": "park", "sub_category": "110101"}}, {"type": "Feature", "geometry": {"type": "Point", "coordinates": [117.180214, 31.711466]}, "properties": {"name": "潭冲河走廊公园", "category": "park", "sub_category": "110101"}}, {"type": "Feature", "geometry": {"type": "Point", "coordinates": [117.175688, 31.720572]}, "properties": {"name": "青龙潭公园", "category": "park", "sub_category": "110101"}}, {"type": "Feature", "geometry": {"type": "Point", "coordinates": [117.167212, 31.726624]}, "properties": {"name": "海棠口袋公园", "category": "park", "sub_category": "110101"}}, {"type": "Feature", "geometry": {"type": "Point", "coordinates": [117.157845, 31.722052]}, "properties": {"name": "卞小河口袋公园", "category": "park", "sub_category": "110101"}}, {"type": "Feature", "geometry": {"type": "Point", "coordinates": [117.169204, 31.748851]}, "properties": {"name": "琥珀口袋公园", "category": "park", "sub_category": "110101"}}, {"type": "Feature", "geometry": {"type": "Point", "coordinates": [117.150211, 31.735885]}, "properties": {"name": "幻新园", "category": "park", "sub_category": "110101"}}, {"type": "Feature", "geometry": {"type": "Point", "coordinates": [117.182876, 31.7298]}, "properties": {"name": "遛园", "category": "park", "sub_category": "110101"}}, {"type": "Feature", "geometry": {"type": "Point", "coordinates": [117.152527, 31.733855]}, "properties": {"name": "新型家园运动口袋公园", "category": "park", "sub_category": "110101"}}, {"type": "Feature", "geometry": {"type": "Point", "coordinates": [117.151809, 31.740974]}, "properties": {"name": "蝶翩口袋公园", "category": "park", "sub_category": "110101"}}, {"type": "Feature", "geometry": {"type": "Point", "coordinates": [117.176748, 31.708628]}, "properties": {"name": "灯塔舞狮口袋公园", "category": "park", "sub_category": "110101"}}, {"type": "Feature", "geometry": {"type": "Point", "coordinates": [117.15744, 31.70883]}, "properties": {"name": "法治文化广场", "category": "park", "sub_category": "110101"}}, {"type": "Feature", "geometry": {"type": "Point", "coordinates": [117.169195, 31.733962]}, "properties": {"name": "肥西县技能公园", "category": "park", "sub_category": "110101"}}, {"type": "Feature", "geometry": {"type": "Point", "coordinates": [117.172744, 31.718659]}, "properties": {"name": "新华街游园", "category": "park", "sub_category": "110101"}}, {"type": "Feature", "geometry": {"type": "Point", "coordinates": [117.16394, 31.708011]}, "properties": {"name": "仙霞路游园", "category": "park", "sub_category": "110101"}}, {"type": "Feature", "geometry": {"type": "Point", "coordinates": [117.152287, 31.704158]}, "properties": {"name": "肥西党校口袋公园", "category": "park", "sub_category": "110101"}}, {"type": "Feature", "geometry": {"type": "Point", "coordinates": [117.154296, 31.705308]}, "properties": {"name": "少年风采口袋公园", "category": "park", "sub_category": "110101"}}, {"type": "Feature", "geometry": {"type": "Point", "coordinates": [117.174966, 31.714667]}, "properties": {"name": "古埂公园", "category": "park", "sub_category": "110100"}}, {"type": "Feature", "geometry": {"type": "Point", "coordinates": [117.167266, 31.706238]}, "properties": {"name": "潭冲河湿地公园", "category": "park", "sub_category": "110101"}}, {"type": "Feature", "geometry": {"type": "Point", "coordinates": [117.173562, 31.723499]}, "properties": {"name": "派河健康主题公园", "category": "park", "sub_category": "110101"}}, {"type": "Feature", "geometry": {"type": "Point", "coordinates": [117.158584, 31.721274]}, "properties": {"name": "李湾体育口袋公园", "category": "park", "sub_category": "110101"}}, {"type": "Feature", "geometry": {"type": "Point", "coordinates": [117.162952, 31.703039]}, "properties": {"name": "灯塔东路口袋公园(建设中)", "category": "park", "sub_category": "110101"}}, {"type": "Feature", "geometry": {"type": "Point", "coordinates": [117.197855, 31.777538]}, "properties": {"name": "翡翠公园", "category": "park", "sub_category": "110101"}}, {"type": "Feature", "geometry": {"type": "Point", "coordinates": [117.163251, 31.790257]}, "properties": {"name": "柏堰开放公园", "category": "park", "sub_category": "110101"}}, {"type": "Feature", "geometry": {"type": "Point", "coordinates": [117.182741, 31.781344]}, "properties": {"name": "集贤音乐公园", "category": "park", "sub_category": "110101"}}, {"type": "Feature", "geometry": {"type": "Point", "coordinates": [117.169277, 31.773611]}, "properties": {"name": "繁华公园", "category": "park", "sub_category": "110101"}}, {"type": "Feature", "geometry": {"type": "Point", "coordinates": [117.162924, 31.795489]}, "properties": {"name": "长安时光口袋游园", "category": "park", "sub_category": "110101"}}, {"type": "Feature", "geometry": {"type": "Point", "coordinates": [117.186481, 31.761705]}, "properties": {"name": "安徽大学(磬苑校区)-自然公园", "category": "park", "sub_category": "110101"}}, {"type": "Feature", "geometry": {"type": "Point", "coordinates": [117.189131, 31.762744]}, "properties": {"name": "安徽大学(磬苑校区)-南侧公园", "category": "park", "sub_category": "110101"}}, {"type": "Feature", "geometry": {"type": "Point", "coordinates": [117.184074, 31.766347]}, "properties": {"name": "安徽大学(磬苑校区)-绿化公园", "category": "park", "sub_category": "110101"}}, {"type": "Feature", "geometry": {"type": "Point", "coordinates": [117.194684, 31.78862]}, "properties": {"name": "法制口袋公园", "category": "park", "sub_category": "110101"}}, {"type": "Feature", "geometry": {"type": "Point", "coordinates": [117.154828, 31.798894]}, "properties": {"name": "桃花口袋公园", "category": "park", "sub_category": "110101"}}, {"type": "Feature", "geometry": {"type": "Point", "coordinates": [117.191651, 31.844318]}, "properties": {"name": "蜀峰湾体育公园", "category": "park", "sub_category": "110101"}}, {"type": "Feature", "geometry": {"type": "Point", "coordinates": [117.170897, 31.84159]}, "properties": {"name": "蜀山森林公园", "category": "park", "sub_category": "110101"}}, {"type": "Feature", "geometry": {"type": "Point", "coordinates": [117.191642, 31.839763]}, "properties": {"name": "蜀峰湾南湖生态公园(蜀峰湾公园)", "category": "park", "sub_category": "110101"}}, {"type": "Feature", "geometry": {"type": "Point", "coordinates": [117.18354, 31.80165]}, "properties": {"name": "明珠公园", "category": "park", "sub_category": "110101"}}, {"type": "Feature", "geometry": {"type": "Point", "coordinates": [117.19453, 31.81421]}, "properties": {"name": "习友路游园", "category": "park", "sub_category": "110101"}}, {"type": "Feature", "geometry": {"type": "Point", "coordinates": [117.188763, 31.845143]}, "properties": {"name": "低碳花园", "category": "park", "sub_category": "110101"}}, {"type": "Feature", "geometry": {"type": "Point", "coordinates": [117.184924, 31.83486]}, "properties": {"name": "蜀山森林公园-梅园", "category": "park", "sub_category": "110101"}}, {"type": "Feature", "geometry": {"type": "Point", "coordinates": [117.155609, 31.84213]}, "properties": {"name": "合肥西扩公园", "category": "park", "sub_category": "110101"}}, {"type": "Feature", "geometry": {"type": "Point", "coordinates": [117.17095, 31.802674]}, "properties": {"name": "易商数码口袋公园(建设中)", "category": "park", "sub_category": "110101"}}, {"type": "Feature", "geometry": {"type": "Point", "coordinates": [117.187559, 31.807951]}, "properties": {"name": "香樟口袋游园(建设中)", "category": "park", "sub_category": "110101"}}, {"type": "Feature", "geometry": {"type": "Point", "coordinates": [117.190663, 31.856236]}, "properties": {"name": "半岛公园", "category": "park", "sub_category": "110101"}}, {"type": "Feature", "geometry": {"type": "Point", "coordinates": [117.162534, 31.854303]}, "properties": {"name": "四季花海公园城市花园", "category": "park", "sub_category": "110101"}}, {"type": "Feature", "geometry": {"type": "Point", "coordinates": [117.160898, 31.867499]}, "properties": {"name": "四季花海公园C区", "category": "park", "sub_category": "110101"}}, {"type": "Feature", "geometry": {"type": "Point", "coordinates": [117.18959, 31.867393]}, "properties": {"name": "桂湖园", "category": "park", "sub_category": "110101"}}, {"type": "Feature", "geometry": {"type": "Point", "coordinates": [117.160687, 31.864484]}, "properties": {"name": "蜀麓公园", "category": "park", "sub_category": "110101"}}, {"type": "Feature", "geometry": {"type": "Point", "coordinates": [117.162948, 31.859136]}, "properties": {"name": "健身公园", "category": "park", "sub_category": "110101"}}, {"type": "Feature", "geometry": {"type": "Point", "coordinates": [117.191, 31.855793]}, "properties": {"name": "口袋体育公园", "category": "park", "sub_category": "110101"}}, {"type": "Feature", "geometry": {"type": "Point", "coordinates": [117.19097, 31.856021]}, "properties": {"name": "汊东渠公园", "category": "park", "sub_category": "110101"}}, {"type": "Feature", "geometry": {"type": "Point", "coordinates": [117.157703, 31.868186]}, "properties": {"name": "水法主题公园", "category": "park", "sub_category": "110101"}}, {"type": "Feature", "geometry": {"type": "Point", "coordinates": [117.161477, 31.862256]}, "properties": {"name": "四季花海公园", "category": "park", "sub_category": "110101"}}, {"type": "Feature", "geometry": {"type": "Point", "coordinates": [117.191394, 31.956895]}, "properties": {"name": "金湖公园", "category": "park", "sub_category": "110101"}}, {"type": "Feature", "geometry": {"type": "Point", "coordinates": [117.202018, 31.794713]}, "properties": {"name": "新月公园", "category": "park", "sub_category": "110101"}}, {"type": "Feature", "geometry": {"type": "Point", "coordinates": [117.242862, 31.790516]}, "properties": {"name": "星际体育公园", "category": "park", "sub_category": "110101"}}, {"type": "Feature", "geometry": {"type": "Point", "coordinates": [117.227291, 31.783309]}, "properties": {"name": "迈乐小镇儿童体能公园", "category": "park", "sub_category": "110101"}}, {"type": "Feature", "geometry": {"type": "Point", "coordinates": [117.201687, 31.772785]}, "properties": {"name": "合肥工业大学翡翠湖校区校内公园", "category": "park", "sub_category": "110101"}}, {"type": "Feature", "geometry": {"type": "Point", "coordinates": [117.218991, 31.765449]}, "properties": {"name": "那一家零食公园", "category": "park", "sub_category": "110101"}}, {"type": "Feature", "geometry": {"type": "Point", "coordinates": [117.218373, 31.795439]}, "properties": {"name": "匡河公园", "category": "park", "sub_category": "110101"}}, {"type": "Feature", "geometry": {"type": "Point", "coordinates": [117.224195, 31.813446]}, "properties": {"name": "天鹅湖体育公园", "category": "park", "sub_category": "110101"}}, {"type": "Feature", "geometry": {"type": "Point", "coordinates": [117.230912, 31.815183]}, "properties": {"name": "天鹅湖公园", "category": "park", "sub_category": "110101"}}, {"type": "Feature", "geometry": {"type": "Point", "coordinates": [117.227843, 31.803232]}, "properties": {"name": "绿轴公园", "category": "park", "sub_category": "110101"}}, {"type": "Feature", "geometry": {"type": "Point", "coordinates": [117.239977, 31.813439]}, "properties": {"name": "石台路公园", "category": "park", "sub_category": "110101"}}, {"type": "Feature", "geometry": {"type": "Point", "coordinates": [117.238315, 31.82885]}, "properties": {"name": "洪石公园", "category": "park", "sub_category": "110101"}}, {"type": "Feature", "geometry": {"type": "Point", "coordinates": [117.22277, 31.839948]}, "properties": {"name": "市民公园", "category": "park", "sub_category": "110101"}}, {"type": "Feature", "geometry": {"type": "Point", "coordinates": [117.238781, 31.810156]}, "properties": {"name": "凤曦府公园", "category": "park", "sub_category": "110101"}}, {"type": "Feature", "geometry": {"type": "Point", "coordinates": [117.205675, 31.814051]}, "properties": {"name": "沁心园公园", "category": "park", "sub_category": "110101"}}, {"type": "Feature", "geometry": {"type": "Point", "coordinates": [117.2462, 31.816629]}, "properties": {"name": "旭辉公园", "category": "park", "sub_category": "110101"}}, {"type": "Feature", "geometry": {"type": "Point", "coordinates": [117.201676, 31.803209]}, "properties": {"name": "匡河路口袋公园", "category": "park", "sub_category": "110101"}}, {"type": "Feature", "geometry": {"type": "Point", "coordinates": [117.232843, 31.832672]}, "properties": {"name": "4AM文体公园", "category": "park", "sub_category": "110101"}}, {"type": "Feature", "geometry": {"type": "Point", "coordinates": [117.234141, 31.801398]}, "properties": {"name": "趣滑滑板公园", "category": "park", "sub_category": "110101"}}, {"type": "Feature", "geometry": {"type": "Point", "coordinates": [117.206122, 31.850079]}, "properties": {"name": "天乐公园", "category": "park", "sub_category": "110101"}}, {"type": "Feature", "geometry": {"type": "Point", "coordinates": [117.217639, 31.877848]}, "properties": {"name": "庐州公园", "category": "park", "sub_category": "110101"}}, {"type": "Feature", "geometry": {"type": "Point", "coordinates": [117.225375, 31.859143]}, "properties": {"name": "赵小郢游园", "category": "park", "sub_category": "110101"}}, {"type": "Feature", "geometry": {"type": "Point", "coordinates": [117.244955, 31.875171]}, "properties": {"name": "半岛公园", "category": "park", "sub_category": "110101"}}, {"type": "Feature", "geometry": {"type": "Point", "coordinates": [117.223377, 31.861749]}, "properties": {"name": "石头塘公园", "category": "park", "sub_category": "110101"}}, {"type": "Feature", "geometry": {"type": "Point", "coordinates": [117.216844, 31.877323]}, "properties": {"name": "合肥友好儿童公园", "category": "park", "sub_category": "110101"}}, {"type": "Feature", "geometry": {"type": "Point", "coordinates": [117.248838, 31.875143]}, "properties": {"name": "商鼎公园", "category": "park", "sub_category": "110101"}}, {"type": "Feature", "geometry": {"type": "Point", "coordinates": [117.233747, 31.878555]}, "properties": {"name": "合肥庐州公园二期", "category": "park", "sub_category": "110101"}}, {"type": "Feature", "geometry": {"type": "Point", "coordinates": [117.221507, 31.854504]}, "properties": {"name": "趣玩侏罗纪", "category": "park", "sub_category": "110101"}}, {"type": "Feature", "geometry": {"type": "Point", "coordinates": [117.24068, 31.874867]}, "properties": {"name": "拾趣园", "category": "park", "sub_category": "110101"}}, {"type": "Feature", "geometry": {"type": "Point", "coordinates": [117.249799, 31.85341]}, "properties": {"name": "五里墩法治口袋游园", "category": "park", "sub_category": "110101"}}, {"type": "Feature", "geometry": {"type": "Point", "coordinates": [117.230053, 31.885139]}, "properties": {"name": "庐州公园1期", "category": "park", "sub_category": "110101"}}, {"type": "Feature", "geometry": {"type": "Point", "coordinates": [117.240907, 31.891811]}, "properties": {"name": "紫桐公园", "category": "park", "sub_category": "110101"}}, {"type": "Feature", "geometry": {"type": "Point", "coordinates": [117.213952, 31.885805]}, "properties": {"name": "庐州公园西区", "category": "park", "sub_category": "110101"}}, {"type": "Feature", "geometry": {"type": "Point", "coordinates": [117.219835, 31.898802]}, "properties": {"name": "双水公园", "category": "park", "sub_category": "110101"}}, {"type": "Feature", "geometry": {"type": "Point", "coordinates": [117.244781, 31.899748]}, "properties": {"name": "中国铁建·国际城湿地公园", "category": "park", "sub_category": "110101"}}, {"type": "Feature", "geometry": {"type": "Point", "coordinates": [117.244538, 31.897762]}, "properties": {"name": "四里河滨水湿地公园", "category": "park", "sub_category": "110101"}}, {"type": "Feature", "geometry": {"type": "Point", "coordinates": [117.249811, 31.897602]}, "properties": {"name": "四里渠东路公园", "category": "park", "sub_category": "110101"}}, {"type": "Feature", "geometry": {"type": "Point", "coordinates": [117.214294, 31.874438]}, "properties": {"name": "流香游园", "category": "park", "sub_category": "110101"}}, {"type": "Feature", "geometry": {"type": "Point", "coordinates": [117.233738, 31.885817]}, "properties": {"name": "庐州公园-健康主题公园", "category": "park", "sub_category": "110101"}}, {"type": "Feature", "geometry": {"type": "Point", "coordinates": [117.23494, 31.886079]}, "properties": {"name": "庐州公园一期-东入口小公园", "category": "park", "sub_category": "110101"}}, {"type": "Feature", "geometry": {"type": "Point", "coordinates": [117.235857, 31.893923]}, "properties": {"name": "鲨鱼公园", "category": "park", "sub_category": "110101"}}, {"type": "Feature", "geometry": {"type": "Point", "coordinates": [117.204908, 31.876455]}, "properties": {"name": "陈俊愉手植梅名木公园", "category": "park", "sub_category": "110101"}}, {"type": "Feature", "geometry": {"type": "Point", "coordinates": [117.229673, 31.885208]}, "properties": {"name": "庐州公园", "category": "park", "sub_category": "110101"}}, {"type": "Feature", "geometry": {"type": "Point", "coordinates": [117.229701, 31.875389]}, "properties": {"name": "清溪环保园", "category": "park", "sub_category": "110101"}}, {"type": "Feature", "geometry": {"type": "Point", "coordinates": [117.217883, 31.897286]}, "properties": {"name": "墨荷园(不对外开放)", "category": "park", "sub_category": "110101"}}, {"type": "Feature", "geometry": {"type": "Point", "coordinates": [117.238169, 31.905496]}, "properties": {"name": "大房郢体育公园", "category": "park", "sub_category": "110101"}}, {"type": "Feature", "geometry": {"type": "Point", "coordinates": [117.241446, 31.900307]}, "properties": {"name": "中国铁建·国际城湿地公园管理处", "category": "park", "sub_category": "110100"}}, {"type": "Feature", "geometry": {"type": "Point", "coordinates": [117.24676, 31.97146]}, "properties": {"name": "文一北郡公园", "category": "park", "sub_category": "110101"}}, {"type": "Feature", "geometry": {"type": "Point", "coordinates": [117.293239, 31.713156]}, "properties": {"name": "金斗公园", "category": "park", "sub_category": "110101"}}, {"type": "Feature", "geometry": {"type": "Point", "coordinates": [117.292065, 31.729491]}, "properties": {"name": "塘西河体育公园", "category": "park", "sub_category": "110101"}}, {"type": "Feature", "geometry": {"type": "Point", "coordinates": [117.276533, 31.713869]}, "properties": {"name": "云川公园", "category": "park", "sub_category": "110101"}}, {"type": "Feature", "geometry": {"type": "Point", "coordinates": [117.295928, 31.735291]}, "properties": {"name": "天山公园", "category": "park", "sub_category": "110101"}}, {"type": "Feature", "geometry": {"type": "Point", "coordinates": [117.283397, 31.742973]}, "properties": {"name": "滨湖明珠体育公园", "category": "park", "sub_category": "110101"}}, {"type": "Feature", "geometry": {"type": "Point", "coordinates": [117.265034, 31.711582]}, "properties": {"name": "云谷体育公园", "category": "park", "sub_category": "110101"}}, {"type": "Feature", "geometry": {"type": "Point", "coordinates": [117.286752, 31.729254]}, "properties": {"name": "塘西河公园绿道", "category": "park", "sub_category": "110101"}}, {"type": "Feature", "geometry": {"type": "Point", "coordinates": [117.291285, 31.729848]}, "properties": {"name": "塘西河-雨水公园", "category": "park", "sub_category": "110101"}}, {"type": "Feature", "geometry": {"type": "Point", "coordinates": [117.292317, 31.700872]}, "properties": {"name": "金斗体育公园", "category": "park", "sub_category": "110101"}}, {"type": "Feature", "geometry": {"type": "Point", "coordinates": [117.298235, 31.72995]}, "properties": {"name": "合肥滨湖体育公园", "category": "park", "sub_category": "110101"}}, {"type": "Feature", "geometry": {"type": "Point", "coordinates": [117.255355, 31.726029]}, "properties": {"name": "龙蟠路游园", "category": "park", "sub_category": "110101"}}, {"type": "Feature", "geometry": {"type": "Point", "coordinates": [117.279274, 31.718882]}, "properties": {"name": "杭川公园", "category": "park", "sub_category": "110101"}}, {"type": "Feature", "geometry": {"type": "Point", "coordinates": [117.287161, 31.742515]}, "properties": {"name": "方圆荟宠物公园", "category": "park", "sub_category": "110101"}}, {"type": "Feature", "geometry": {"type": "Point", "coordinates": [117.287717, 31.74305]}, "properties": {"name": "运动公园", "category": "park", "sub_category": "110101"}}, {"type": "Feature", "geometry": {"type": "Point", "coordinates": [117.273303, 31.727381]}, "properties": {"name": "樱香园", "category": "park", "sub_category": "110101"}}, {"type": "Feature", "geometry": {"type": "Point", "coordinates": [117.291753, 31.713772]}, "properties": {"name": "金斗公园绿道(广西路)", "category": "park", "sub_category": "110101"}}, {"type": "Feature", "geometry": {"type": "Point", "coordinates": [117.288898, 31.742788]}, "properties": {"name": "炫+娃娃公园", "category": "park", "sub_category": "110101"}}, {"type": "Feature", "geometry": {"type": "Point", "coordinates": [117.295256, 31.728558]}, "properties": {"name": "塘西河公园沙滩公园", "category": "park", "sub_category": "110101"}}, {"type": "Feature", "geometry": {"type": "Point", "coordinates": [117.256644, 31.798344]}, "properties": {"name": "星澜湾游园", "category": "park", "sub_category": "110101"}}, {"type": "Feature", "geometry": {"type": "Point", "coordinates": [117.273733, 31.798734]}, "properties": {"name": "胡大郢体育公园", "category": "park", "sub_category": "110101"}}, {"type": "Feature", "geometry": {"type": "Point", "coordinates": [117.262988, 31.756058]}, "properties": {"name": "李宁体育园", "category": "park", "sub_category": "110101|080111"}}, {"type": "Feature", "geometry": {"type": "Point", "coordinates": [117.298738, 31.774359]}, "properties": {"name": "骆岗公园", "category": "park", "sub_category": "110101"}}, {"type": "Feature", "geometry": {"type": "Point", "coordinates": [117.298851, 31.787997]}, "properties": {"name": "合肥园博园安徽园", "category": "park", "sub_category": "110101"}}, {"type": "Feature", "geometry": {"type": "Point", "coordinates": [117.263305, 31.759989]}, "properties": {"name": "南艳湖炮弹厂遗址公园", "category": "park", "sub_category": "110101"}}, {"type": "Feature", "geometry": {"type": "Point", "coordinates": [117.295775, 31.777384]}, "properties": {"name": "骆岗公园翠澜驿", "category": "park", "sub_category": "110101"}}, {"type": "Feature", "geometry": {"type": "Point", "coordinates": [117.273923, 31.786267]}, "properties": {"name": "中海上东区街角公园", "category": "park", "sub_category": "110101"}}, {"type": "Feature", "geometry": {"type": "Point", "coordinates": [117.297676, 31.786295]}, "properties": {"name": "下凹绿地", "category": "park", "sub_category": "110101"}}, {"type": "Feature", "geometry": {"type": "Point", "coordinates": [117.262377, 31.764359]}, "properties": {"name": "南艳湖公园", "category": "park", "sub_category": "110101"}}, {"type": "Feature", "geometry": {"type": "Point", "coordinates": [117.292064, 31.767403]}, "properties": {"name": "锦绣湖公园(建设中)", "category": "park", "sub_category": "110101"}}, {"type": "Feature", "geometry": {"type": "Point", "coordinates": [117.258807, 31.820919]}, "properties": {"name": "常青体育公园", "category": "park", "sub_category": "110101"}}, {"type": "Feature", "geometry": {"type": "Point", "coordinates": [117.256718, 31.821021]}, "properties": {"name": "杜岗游园", "category": "park", "sub_category": "110101"}}, {"type": "Feature", "geometry": {"type": "Point", "coordinates": [117.250509, 31.845779]}, "properties": {"name": "合燃公园", "category": "park", "sub_category": "110101"}}, {"type": "Feature", "geometry": {"type": "Point", "coordinates": [117.250182, 31.825167]}, "properties": {"name": "幸福公园", "category": "park", "sub_category": "110101"}}, {"type": "Feature", "geometry": {"type": "Point", "coordinates": [117.258315, 31.815097]}, "properties": {"name": "南屏公园", "category": "park", "sub_category": "110101"}}, {"type": "Feature", "geometry": {"type": "Point", "coordinates": [117.276047, 31.818187]}, "properties": {"name": "合肥铁路公园", "category": "park", "sub_category": "110101"}}, {"type": "Feature", "geometry": {"type": "Point", "coordinates": [117.297353, 31.816446]}, "properties": {"name": "罍街公园", "category": "park", "sub_category": "110101"}}, {"type": "Feature", "geometry": {"type": "Point", "coordinates": [117.298053, 31.805915]}, "properties": {"name": "望湖公园", "category": "park", "sub_category": "110101"}}, {"type": "Feature", "geometry": {"type": "Point", "coordinates": [117.26194, 31.815265]}, "properties": {"name": "悦动公园", "category": "park", "sub_category": "110101"}}, {"type": "Feature", "geometry": {"type": "Point", "coordinates": [117.272361, 31.82195]}, "properties": {"name": "常青游园", "category": "park", "sub_category": "110101"}}, {"type": "Feature", "geometry": {"type": "Point", "coordinates": [117.259512, 31.816476]}, "properties": {"name": "未来公园", "category": "park", "sub_category": "110101"}}, {"type": "Feature", "geometry": {"type": "Point", "coordinates": [117.258776, 31.820933]}, "properties": {"name": "常青体育公园智能步道", "category": "park", "sub_category": "110101"}}, {"type": "Feature", "geometry": {"type": "Point", "coordinates": [117.269092, 31.815029]}, "properties": {"name": "沁芳游园", "category": "park", "sub_category": "110101"}}, {"type": "Feature", "geometry": {"type": "Point", "coordinates": [117.268923, 31.810296]}, "properties": {"name": "春台街雕塑艺术公园", "category": "park", "sub_category": "110101"}}, {"type": "Feature", "geometry": {"type": "Point", "coordinates": [117.265352, 31.824697]}, "properties": {"name": "包河重点中心", "category": "park", "sub_category": "110101"}}, {"type": "Feature", "geometry": {"type": "Point", "coordinates": [117.298611, 31.816856]}, "properties": {"name": "罍街公园A区", "category": "park", "sub_category": "110101"}}, {"type": "Feature", "geometry": {"type": "Point", "coordinates": [117.265632, 31.802511]}, "properties": {"name": "信达·天御游园", "category": "park", "sub_category": "110101"}}, {"type": "Feature", "geometry": {"type": "Point", "coordinates": [117.281068, 31.817571]}, "properties": {"name": "党建主题公园", "category": "park", "sub_category": "110101"}}, {"type": "Feature", "geometry": {"type": "Point", "coordinates": [117.258936, 31.821196]}, "properties": {"name": "双拥园", "category": "park", "sub_category": "110101"}}, {"type": "Feature", "geometry": {"type": "Point", "coordinates": [117.261809, 31.824155]}, "properties": {"name": "劳动公园", "category": "park", "sub_category": "110101"}}, {"type": "Feature", "geometry": {"type": "Point", "coordinates": [117.27305, 31.869229]}, "properties": {"name": "杏花公园", "category": "park", "sub_category": "110101"}}, {"type": "Feature", "geometry": {"type": "Point", "coordinates": [117.282971, 31.874512]}, "properties": {"name": "环城公园", "category": "park", "sub_category": "110101"}}, {"type": "Feature", "geometry": {"type": "Point", "coordinates": [117.295084, 31.86898]}, "properties": {"name": "古逍遥津", "category": "park", "sub_category": "110101"}}, {"type": "Feature", "geometry": {"type": "Point", "coordinates": [117.251971, 31.854236]}, "properties": {"name": "飞虹园", "category": "park", "sub_category": "110101"}}, {"type": "Feature", "geometry": {"type": "Point", "coordinates": [117.299412, 31.86479]}, "properties": {"name": "小花园", "category": "park", "sub_category": "110101"}}, {"type": "Feature", "geometry": {"type": "Point", "coordinates": [117.250929, 31.896911]}, "properties": {"name": "四里渠滨水公园", "category": "park", "sub_category": "110101"}}, {"type": "Feature", "geometry": {"type": "Point", "coordinates": [117.299322, 31.863307]}, "properties": {"name": "河滨游园", "category": "park", "sub_category": "110105"}}, {"type": "Feature", "geometry": {"type": "Point", "coordinates": [117.287303, 31.861094]}, "properties": {"name": "口袋公园", "category": "park", "sub_category": "110101"}}, {"type": "Feature", "geometry": {"type": "Point", "coordinates": [117.267017, 31.890984]}, "properties": {"name": "藕塘公园", "category": "park", "sub_category": "110101"}}, {"type": "Feature", "geometry": {"type": "Point", "coordinates": [117.263449, 31.896628]}, "properties": {"name": "海棠公园", "category": "park", "sub_category": "110101"}}, {"type": "Feature", "geometry": {"type": "Point", "coordinates": [117.251228, 31.873992]}, "properties": {"name": "江淮风情园", "category": "park", "sub_category": "110101"}}, {"type": "Feature", "geometry": {"type": "Point", "coordinates": [117.251509, 31.894804]}, "properties": {"name": "四里河滨水生态公园北区", "category": "park", "sub_category": "110101"}}, {"type": "Feature", "geometry": {"type": "Point", "coordinates": [117.250893, 31.889505]}, "properties": {"name": "万科·璞拾公园", "category": "park", "sub_category": "110100"}}, {"type": "Feature", "geometry": {"type": "Point", "coordinates": [117.295927, 31.862574]}, "properties": {"name": "口袋公园", "category": "park", "sub_category": "110101"}}, {"type": "Feature", "geometry": {"type": "Point", "coordinates": [117.281166, 31.861563]}, "properties": {"name": "新华口袋公园", "category": "park", "sub_category": "110101"}}, {"type": "Feature", "geometry": {"type": "Point", "coordinates": [117.2866, 31.861207]}, "properties": {"name": "长江中路游园", "category": "park", "sub_category": "110101"}}, {"type": "Feature", "geometry": {"type": "Point", "coordinates": [117.278097, 31.885819]}, "properties": {"name": "鲨鱼公园", "category": "park", "sub_category": "110101"}}, {"type": "Feature", "geometry": {"type": "Point", "coordinates": [117.281115, 31.872196]}, "properties": {"name": "娘娘池", "category": "park", "sub_category": "110101"}}, {"type": "Feature", "geometry": {"type": "Point", "coordinates": [117.297423, 31.858324]}, "properties": {"name": "浮庄", "category": "park", "sub_category": "110101"}}, {"type": "Feature", "geometry": {"type": "Point", "coordinates": [117.297826, 31.866315]}, "properties": {"name": "古逍遥津-游园", "category": "park", "sub_category": "110101"}}, {"type": "Feature", "geometry": {"type": "Point", "coordinates": [117.262843, 31.890543]}, "properties": {"name": "庐州铁线公园", "category": "park", "sub_category": "110101"}}, {"type": "Feature", "geometry": {"type": "Point", "coordinates": [117.274102, 31.920844]}, "properties": {"name": "菱湖公园", "category": "park", "sub_category": "110101"}}, {"type": "Feature", "geometry": {"type": "Point", "coordinates": [117.260899, 31.928116]}, "properties": {"name": "清河路体育公园", "category": "park", "sub_category": "110101"}}, {"type": "Feature", "geometry": {"type": "Point", "coordinates": [117.279662, 31.926978]}, "properties": {"name": "安徽英利奥体育公园", "category": "park", "sub_category": "110101"}}, {"type": "Feature", "geometry": {"type": "Point", "coordinates": [117.284133, 31.911318]}, "properties": {"name": "合肥淮北路公园", "category": "park", "sub_category": "110101"}}, {"type": "Feature", "geometry": {"type": "Point", "coordinates": [117.263347, 31.93878]}, "properties": {"name": "兰园", "category": "park", "sub_category": "110101"}}, {"type": "Feature", "geometry": {"type": "Point", "coordinates": [117.288678, 31.904723]}, "properties": {"name": "杏林街头游园", "category": "park", "sub_category": "110101"}}, {"type": "Feature", "geometry": {"type": "Point", "coordinates": [117.27901, 31.902261]}, "properties": {"name": "金都花园三期区内公园", "category": "park", "sub_category": "110101"}}, {"type": "Feature", "geometry": {"type": "Point", "coordinates": [117.267991, 31.931838]}, "properties": {"name": "竹园", "category": "park", "sub_category": "110101"}}, {"type": "Feature", "geometry": {"type": "Point", "coordinates": [117.275591, 31.903828]}, "properties": {"name": "金都华庭5期区内公园", "category": "park", "sub_category": "110101"}}, {"type": "Feature", "geometry": {"type": "Point", "coordinates": [117.25016, 31.988065]}, "properties": {"name": "梅冲湖公园", "category": "park", "sub_category": "110101"}}, {"type": "Feature", "geometry": {"type": "Point", "coordinates": [117.256118, 31.96925]}, "properties": {"name": "北城廉政文化公园", "category": "park", "sub_category": "110101"}}, {"type": "Feature", "geometry": {"type": "Point", "coordinates": [117.260615, 31.962385]}, "properties": {"name": "凤巢路游园", "category": "park", "sub_category": "110101"}}, {"type": "Feature", "geometry": {"type": "Point", "coordinates": [117.250228, 31.98931]}, "properties": {"name": "梅冲湖公园1期", "category": "park", "sub_category": "110101"}}, {"type": "Feature", "geometry": {"type": "Point", "coordinates": [117.256015, 31.975332]}, "properties": {"name": "悦畅幸福社区公园", "category": "park", "sub_category": "110101"}}, {"type": "Feature", "geometry": {"type": "Point", "coordinates": [117.251672, 31.980718]}, "properties": {"name": "颍泉路游园", "category": "park", "sub_category": "110101"}}, {"type": "Feature", "geometry": {"type": "Point", "coordinates": [117.324038, 31.724051]}, "properties": {"name": "方兴湖公园", "category": "park", "sub_category": "110101"}}, {"type": "Feature", "geometry": {"type": "Point", "coordinates": [117.329262, 31.739293]}, "properties": {"name": "紫云山公园", "category": "park", "sub_category": "110101"}}, {"type": "Feature", "geometry": {"type": "Point", "coordinates": [117.346071, 31.714874]}, "properties": {"name": "合肥巢湖湖滨国家湿地公园", "category": "park", "sub_category": "110101|110200"}}, {"type": "Feature", "geometry": {"type": "Point", "coordinates": [117.310123, 31.741509]}, "properties": {"name": "华山公园", "category": "park", "sub_category": "110101"}}, {"type": "Feature", "geometry": {"type": "Point", "coordinates": [117.330086, 31.738084]}, "properties": {"name": "紫云山公园-滨湖人防主题公园", "category": "park", "sub_category": "110101"}}, {"type": "Feature", "geometry": {"type": "Point", "coordinates": [117.307069, 31.713557]}, "properties": {"name": "云山游园", "category": "park", "sub_category": "110101"}}, {"type": "Feature", "geometry": {"type": "Point", "coordinates": [117.311572, 31.749635]}, "properties": {"name": "布莱恩特公园", "category": "park", "sub_category": "110101"}}, {"type": "Feature", "geometry": {"type": "Point", "coordinates": [117.31868, 31.744416]}, "properties": {"name": "市民公园", "category": "park", "sub_category": "110101"}}, {"type": "Feature", "geometry": {"type": "Point", "coordinates": [117.312744, 31.722757]}, "properties": {"name": "金斗公园绿道(金斗路)", "category": "park", "sub_category": "110101"}}, {"type": "Feature", "geometry": {"type": "Point", "coordinates": [117.302804, 31.72811]}, "properties": {"name": "滨湖塘西河公园", "category": "park", "sub_category": "110101"}}, {"type": "Feature", "geometry": {"type": "Point", "coordinates": [117.315551, 31.799977]}, "properties": {"name": "淝河生态公园", "category": "park", "sub_category": "110101"}}, {"type": "Feature", "geometry": {"type": "Point", "coordinates": [117.330051, 31.792692]}, "properties": {"name": "贡街公园", "category": "park", "sub_category": "110101"}}, {"type": "Feature", "geometry": {"type": "Point", "coordinates": [117.316922, 31.779146]}, "properties": {"name": "延安路游园", "category": "park", "sub_category": "110101"}}, {"type": "Feature", "geometry": {"type": "Point", "coordinates": [117.314408, 31.755009]}, "properties": {"name": "秀场体育公园", "category": "park", "sub_category": "110101"}}, {"type": "Feature", "geometry": {"type": "Point", "coordinates": [117.311291, 31.752846]}, "properties": {"name": "街角公园", "category": "park", "sub_category": "110101"}}, {"type": "Feature", "geometry": {"type": "Point", "coordinates": [117.330511, 31.794437]}, "properties": {"name": "电灌站公园", "category": "park", "sub_category": "110101"}}, {"type": "Feature", "geometry": {"type": "Point", "coordinates": [117.311646, 31.816558]}, "properties": {"name": "雍荣游园", "category": "park", "sub_category": "110101"}}, {"type": "Feature", "geometry": {"type": "Point", "coordinates": [117.317153, 31.846821]}, "properties": {"name": "滨河公园", "category": "park", "sub_category": "110101"}}, {"type": "Feature", "geometry": {"type": "Point", "coordinates": [117.317441, 31.845228]}, "properties": {"name": "滨水公园", "category": "park", "sub_category": "110101"}}, {"type": "Feature", "geometry": {"type": "Point", "coordinates": [117.313983, 31.848001]}, "properties": {"name": "中天左岸公园", "category": "park", "sub_category": "110101"}}, {"type": "Feature", "geometry": {"type": "Point", "coordinates": [117.340735, 31.832855]}, "properties": {"name": "南淝河码头公园", "category": "park", "sub_category": "110101"}}, {"type": "Feature", "geometry": {"type": "Point", "coordinates": [117.313245, 31.833392]}, "properties": {"name": "跃动公园", "category": "park", "sub_category": "110101"}}, {"type": "Feature", "geometry": {"type": "Point", "coordinates": [117.347032, 31.832947]}, "properties": {"name": "瑶海区滨河公园", "category": "park", "sub_category": "110101"}}, {"type": "Feature", "geometry": {"type": "Point", "coordinates": [117.333088, 31.846185]}, "properties": {"name": "唐桥公园", "category": "park", "sub_category": "110101"}}, {"type": "Feature", "geometry": {"type": "Point", "coordinates": [117.32312, 31.831481]}, "properties": {"name": "活力橙公园", "category": "park", "sub_category": "110101"}}, {"type": "Feature", "geometry": {"type": "Point", "coordinates": [117.331198, 31.834629]}, "properties": {"name": "黄巷村幸福游园", "category": "park", "sub_category": "110101"}}, {"type": "Feature", "geometry": {"type": "Point", "coordinates": [117.335129, 31.849213]}, "properties": {"name": "城东游园", "category": "park", "sub_category": "110101"}}, {"type": "Feature", "geometry": {"type": "Point", "coordinates": [117.316015, 31.805023]}, "properties": {"name": "合肥市高铁路游园", "category": "park", "sub_category": "110101"}}, {"type": "Feature", "geometry": {"type": "Point", "coordinates": [117.323255, 31.806489]}, "properties": {"name": "锦绣游园", "category": "park", "sub_category": "110101"}}, {"type": "Feature", "geometry": {"type": "Point", "coordinates": [117.327494, 31.81202]}, "properties": {"name": "淝河智慧公园", "category": "park", "sub_category": "110101"}}, {"type": "Feature", "geometry": {"type": "Point", "coordinates": [117.321404, 31.844756]}, "properties": {"name": "隆岗柳荫", "category": "park", "sub_category": "110101"}}, {"type": "Feature", "geometry": {"type": "Point", "coordinates": [117.313376, 31.852996]}, "properties": {"name": "繁昌路体育公园", "category": "park", "sub_category": "110101"}}, {"type": "Feature", "geometry": {"type": "Point", "coordinates": [117.315635, 31.892027]}, "properties": {"name": "瑶海公园", "category": "park", "sub_category": "110101"}}, {"type": "Feature", "geometry": {"type": "Point", "coordinates": [117.304628, 31.871297]}, "properties": {"name": "火车口袋公园", "category": "park", "sub_category": "110101"}}, {"type": "Feature", "geometry": {"type": "Point", "coordinates": [117.330006, 31.891498]}, "properties": {"name": "合肥生态公园", "category": "park", "sub_category": "110101"}}, {"type": "Feature", "geometry": {"type": "Point", "coordinates": [117.311144, 31.85305]}, "properties": {"name": "裕丰花市体育公园", "category": "park", "sub_category": "110101"}}, {"type": "Feature", "geometry": {"type": "Point", "coordinates": [117.344874, 31.897272]}, "properties": {"name": "新海公园", "category": "park", "sub_category": "110101"}}, {"type": "Feature", "geometry": {"type": "Point", "coordinates": [117.343912, 31.862619]}, "properties": {"name": "新安江公园", "category": "park", "sub_category": "110101"}}, {"type": "Feature", "geometry": {"type": "Point", "coordinates": [117.306823, 31.888271]}, "properties": {"name": "鸭林冲游园", "category": "park", "sub_category": "110101"}}, {"type": "Feature", "geometry": {"type": "Point", "coordinates": [117.312244, 31.880009]}, "properties": {"name": "先锋游园", "category": "park", "sub_category": "110101"}}, {"type": "Feature", "geometry": {"type": "Point", "coordinates": [117.348775, 31.878025]}, "properties": {"name": "VeePapo哈哈公园", "category": "park", "sub_category": "110100"}}, {"type": "Feature", "geometry": {"type": "Point", "coordinates": [117.302242, 31.898508]}, "properties": {"name": "芭提雅园", "category": "park", "sub_category": "110101"}}, {"type": "Feature", "geometry": {"type": "Point", "coordinates": [117.346247, 31.863608]}, "properties": {"name": "新安江路游园", "category": "park", "sub_category": "110101"}}, {"type": "Feature", "geometry": {"type": "Point", "coordinates": [117.327156, 31.893158]}, "properties": {"name": "交通安全主题公园", "category": "park", "sub_category": "110101"}}, {"type": "Feature", "geometry": {"type": "Point", "coordinates": [117.333141, 31.897755]}, "properties": {"name": "碧水雅居口袋公园", "category": "park", "sub_category": "110101"}}, {"type": "Feature", "geometry": {"type": "Point", "coordinates": [117.327848, 31.860936]}, "properties": {"name": "乐活游园", "category": "park", "sub_category": "110101"}}, {"type": "Feature", "geometry": {"type": "Point", "coordinates": [117.344816, 31.863424]}, "properties": {"name": "铁花路掩圈游园", "category": "park", "sub_category": "110101"}}, {"type": "Feature", "geometry": {"type": "Point", "coordinates": [117.330729, 31.864518]}, "properties": {"name": "花冲公园", "category": "park", "sub_category": "110101"}}, {"type": "Feature", "geometry": {"type": "Point", "coordinates": [117.334039, 31.908571]}, "properties": {"name": "天水体育公园", "category": "park", "sub_category": "110100"}}, {"type": "Feature", "geometry": {"type": "Point", "coordinates": [117.325032, 31.926869]}, "properties": {"name": "新站区铁路生态公园", "category": "park", "sub_category": "110100"}}, {"type": "Feature", "geometry": {"type": "Point", "coordinates": [117.301721, 31.92103]}, "properties": {"name": "天和游园", "category": "park", "sub_category": "110101"}}, {"type": "Feature", "geometry": {"type": "Point", "coordinates": [117.329885, 31.931233]}, "properties": {"name": "陶冲湖公园", "category": "park", "sub_category": "110101"}}, {"type": "Feature", "geometry": {"type": "Point", "coordinates": [117.356027, 31.746609]}, "properties": {"name": "义乐公园", "category": "park", "sub_category": "110101"}}, {"type": "Feature", "geometry": {"type": "Point", "coordinates": [117.398061, 31.721255]}, "properties": {"name": "潜流湿地", "category": "park", "sub_category": "110101"}}, {"type": "Feature", "geometry": {"type": "Point", "coordinates": [117.363985, 31.793435]}, "properties": {"name": "繁华湿地公园", "category": "park", "sub_category": "110101"}}, {"type": "Feature", "geometry": {"type": "Point", "coordinates": [117.387713, 31.781905]}, "properties": {"name": "落青地草坪", "category": "park", "sub_category": "110100"}}, {"type": "Feature", "geometry": {"type": "Point", "coordinates": [117.352294, 31.795199]}, "properties": {"name": "蚁族公园", "category": "park", "sub_category": "110102|110101"}}, {"type": "Feature", "geometry": {"type": "Point", "coordinates": [117.391885, 31.772154]}, "properties": {"name": "主题公园", "category": "park", "sub_category": "110101"}}, {"type": "Feature", "geometry": {"type": "Point", "coordinates": [117.391299, 31.772246]}, "properties": {"name": "大圩都市农业公园", "category": "park", "sub_category": "110101"}}, {"type": "Feature", "geometry": {"type": "Point", "coordinates": [117.387765, 31.846976]}, "properties": {"name": "瑶海湾湿地公园", "category": "park", "sub_category": "110101"}}, {"type": "Feature", "geometry": {"type": "Point", "coordinates": [117.387359, 31.819012]}, "properties": {"name": "龙栖地湿地公园", "category": "park", "sub_category": "110101"}}, {"type": "Feature", "geometry": {"type": "Point", "coordinates": [117.381275, 31.857225]}, "properties": {"name": "青年创意田园", "category": "park", "sub_category": "110101"}}, {"type": "Feature", "geometry": {"type": "Point", "coordinates": [117.384295, 31.858667]}, "properties": {"name": "月亮湾公园", "category": "park", "sub_category": "110101"}}, {"type": "Feature", "geometry": {"type": "Point", "coordinates": [117.375211, 31.862688]}, "properties": {"name": "龙岗游园", "category": "park", "sub_category": "110105|110101"}}, {"type": "Feature", "geometry": {"type": "Point", "coordinates": [117.378891, 31.8535]}, "properties": {"name": "二十埠河中游湿地", "category": "park", "sub_category": "110101"}}, {"type": "Feature", "geometry": {"type": "Point", "coordinates": [117.383018, 31.88156]}, "properties": {"name": "瑞泰公园", "category": "park", "sub_category": "110101"}}, {"type": "Feature", "geometry": {"type": "Point", "coordinates": [117.350953, 31.881308]}, "properties": {"name": "站塘游园", "category": "park", "sub_category": "110101"}}, {"type": "Feature", "geometry": {"type": "Point", "coordinates": [117.393882, 31.86528]}, "properties": {"name": "启迪体育公园", "category": "park", "sub_category": "110101"}}, {"type": "Feature", "geometry": {"type": "Point", "coordinates": [117.396832, 31.861023]}, "properties": {"name": "思CHAO公园", "category": "park", "sub_category": "110101"}}, {"type": "Feature", "geometry": {"type": "Point", "coordinates": [117.388879, 31.879854]}, "properties": {"name": "华凌体育公园", "category": "park", "sub_category": "110101"}}, {"type": "Feature", "geometry": {"type": "Point", "coordinates": [117.399395, 31.868782]}, "properties": {"name": "绿谷公园", "category": "park", "sub_category": "110101"}}, {"type": "Feature", "geometry": {"type": "Point", "coordinates": [117.353389, 31.880526]}, "properties": {"name": "东篱园", "category": "park", "sub_category": "110101"}}, {"type": "Feature", "geometry": {"type": "Point", "coordinates": [117.350581, 31.863212]}, "properties": {"name": "新海西苑游园", "category": "park", "sub_category": "110101"}}, {"type": "Feature", "geometry": {"type": "Point", "coordinates": [117.363434, 31.870032]}, "properties": {"name": "炫娃娃公园", "category": "park", "sub_category": "110100"}}, {"type": "Feature", "geometry": {"type": "Point", "coordinates": [117.377761, 31.897048]}, "properties": {"name": "学林花海(建设中)", "category": "park", "sub_category": "110101"}}, {"type": "Feature", "geometry": {"type": "Point", "coordinates": [117.384559, 31.905193]}, "properties": {"name": "学林体育公园", "category": "park", "sub_category": "110101"}}, {"type": "Feature", "geometry": {"type": "Point", "coordinates": [117.35772, 31.945992]}, "properties": {"name": "招商•奥体公园", "category": "park", "sub_category": "110101"}}, {"type": "Feature", "geometry": {"type": "Point", "coordinates": [117.374498, 31.926058]}, "properties": {"name": "青年花园", "category": "park", "sub_category": "110101"}}, {"type": "Feature", "geometry": {"type": "Point", "coordinates": [117.382911, 31.953435]}, "properties": {"name": "少荃湖公园", "category": "park", "sub_category": "110101"}}, {"type": "Feature", "geometry": {"type": "Point", "coordinates": [117.419352, 31.72708]}, "properties": {"name": "十八联圩湿地", "category": "park", "sub_category": "110101"}}, {"type": "Feature", "geometry": {"type": "Point", "coordinates": [117.409753, 31.827003]}, "properties": {"name": "华盛公园", "category": "park", "sub_category": "110101"}}, {"type": "Feature", "geometry": {"type": "Point", "coordinates": [117.410181, 31.814051]}, "properties": {"name": "百荷农庄葡萄公园", "category": "park", "sub_category": "110101"}}, {"type": "Feature", "geometry": {"type": "Point", "coordinates": [117.416156, 31.847983]}, "properties": {"name": "龙兴游园", "category": "park", "sub_category": "110101"}}, {"type": "Feature", "geometry": {"type": "Point", "coordinates": [117.422832, 31.873245]}, "properties": {"name": "万科文一未来之光·光畔公园", "category": "park", "sub_category": "110101"}}, {"type": "Feature", "geometry": {"type": "Point", "coordinates": [117.446784, 31.870741]}, "properties": {"name": "青少年公园", "category": "park", "sub_category": "110101"}}, {"type": "Feature", "geometry": {"type": "Point", "coordinates": [117.446605, 31.881265]}, "properties": {"name": "斌峰公园", "category": "park", "sub_category": "110101"}}, {"type": "Feature", "geometry": {"type": "Point", "coordinates": [117.437824, 31.867906]}, "properties": {"name": "公园路16", "category": "park", "sub_category": "110101"}}, {"type": "Feature", "geometry": {"type": "Point", "coordinates": [117.404827, 31.95323]}, "properties": {"name": "柳荫塘公园(建设中)", "category": "park", "sub_category": "110101"}}, {"type": "Feature", "geometry": {"type": "Point", "coordinates": [117.462018, 31.820296]}, "properties": {"name": "善水公园", "category": "park", "sub_category": "110101"}}, {"type": "Feature", "geometry": {"type": "Point", "coordinates": [117.459056, 31.864929]}, "properties": {"name": "城南公园", "category": "park", "sub_category": "110101"}}, {"type": "Feature", "geometry": {"type": "Point", "coordinates": [117.451904, 31.898711]}, "properties": {"name": "右岸公园", "category": "park", "sub_category": "110101"}}, {"type": "Feature", "geometry": {"type": "Point", "coordinates": [117.482013, 31.867303]}, "properties": {"name": "肥东体育公园", "category": "park", "sub_category": "110101"}}, {"type": "Feature", "geometry": {"type": "Point", "coordinates": [117.485548, 31.889503]}, "properties": {"name": "东城公园", "category": "park", "sub_category": "110101"}}, {"type": "Feature", "geometry": {"type": "Point", "coordinates": [117.466674, 31.873841]}, "properties": {"name": "店埠河公园", "category": "park", "sub_category": "110101"}}, {"type": "Feature", "geometry": {"type": "Point", "coordinates": [117.463932, 31.888759]}, "properties": {"name": "店埠河公园", "category": "park", "sub_category": "110101"}}, {"type": "Feature", "geometry": {"type": "Point", "coordinates": [117.469599, 31.852029]}, "properties": {"name": "琥珀公园", "category": "park", "sub_category": "110101"}}, {"type": "Feature", "geometry": {"type": "Point", "coordinates": [117.46676, 31.864074]}, "properties": {"name": "店埠河游园", "category": "park", "sub_category": "110101"}}, {"type": "Feature", "geometry": {"type": "Point", "coordinates": [117.460796, 31.877466]}, "properties": {"name": "虎山路公园", "category": "park", "sub_category": "110101"}}, {"type": "Feature", "geometry": {"type": "Point", "coordinates": [117.479352, 31.887508]}, "properties": {"name": "景民游园", "category": "park", "sub_category": "110101"}}, {"type": "Feature", "geometry": {"type": "Point", "coordinates": [117.488067, 31.872389]}, "properties": {"name": "肥东县道德模范好人主题公园", "category": "park", "sub_category": "110101"}}, {"type": "Feature", "geometry": {"type": "Point", "coordinates": [117.460777, 31.87162]}, "properties": {"name": "虎山路游园", "category": "park", "sub_category": "110101"}}, {"type": "Feature", "geometry": {"type": "Point", "coordinates": [117.470496, 31.874353]}, "properties": {"name": "撮镇路游园", "category": "park", "sub_category": "110101"}}, {"type": "Feature", "geometry": {"type": "Point", "coordinates": [117.475488, 31.876093]}, "properties": {"name": "浮槎游园", "category": "park", "sub_category": "110101"}}, {"type": "Feature", "geometry": {"type": "Point", "coordinates": [117.464691, 31.884786]}, "properties": {"name": "河滨游园", "category": "park", "sub_category": "110101"}}, {"type": "Feature", "geometry": {"type": "Point", "coordinates": [117.486768, 31.87077]}, "properties": {"name": "鸣之公园", "category": "park", "sub_category": "110101"}}, {"type": "Feature", "geometry": {"type": "Point", "coordinates": [117.490002, 31.858028]}, "properties": {"name": "湖边公园(肥东星悦广场店)", "category": "park", "sub_category": "110101"}}, {"type": "Feature", "geometry": {"type": "Point", "coordinates": [117.465435, 31.869086]}, "properties": {"name": "城南社区全民健身公园", "category": "park", "sub_category": "110101"}}, {"type": "Feature", "geometry": {"type": "Point", "coordinates": [117.476022, 31.891524]}, "properties": {"name": "浮槎路游园", "category": "park", "sub_category": "110101"}}, {"type": "Feature", "geometry": {"type": "Point", "coordinates": [117.477651, 31.856273]}, "properties": {"name": "城南新村志愿服务文化主题园", "category": "park", "sub_category": "110101"}}, {"type": "Feature", "geometry": {"type": "Point", "coordinates": [117.483453, 31.850335]}, "properties": {"name": "和睦湖公园", "category": "park", "sub_category": "110101"}}, {"type": "Feature", "geometry": {"type": "Point", "coordinates": [117.452936, 31.900207]}, "properties": {"name": "幸福公园", "category": "park", "sub_category": "110101"}}, {"type": "Feature", "geometry": {"type": "Point", "coordinates": [117.45075, 31.900745]}, "properties": {"name": "滨河公园", "category": "park", "sub_category": "110101"}}, {"type": "Feature", "geometry": {"type": "Point", "coordinates": [117.479894, 31.955238]}, "properties": {"name": "千柳公园", "category": "park", "sub_category": "110101"}}, {"type": "Feature", "geometry": {"type": "Point", "coordinates": [117.144244, 31.773908]}, "properties": {"name": "皖都会购物广场(顺和家园商业街店)", "category": "mall", "sub_category": "060102"}}, {"type": "Feature", "geometry": {"type": "Point", "coordinates": [117.133102, 31.831665]}, "properties": {"name": "银泰百货(高新店)", "category": "mall", "sub_category": "060102"}}, {"type": "Feature", "geometry": {"type": "Point", "coordinates": [117.135452, 31.8488]}, "properties": {"name": "合肥ist艾尚天荟", "category": "mall", "sub_category": "060101"}}, {"type": "Feature", "geometry": {"type": "Point", "coordinates": [117.135381, 31.828992]}, "properties": {"name": "汇景城", "category": "mall", "sub_category": "060101|060102|120302"}}, {"type": "Feature", "geometry": {"type": "Point", "coordinates": [117.125301, 31.849194]}, "properties": {"name": "龙湖合肥高新天街", "category": "mall", "sub_category": "060101"}}, {"type": "Feature", "geometry": {"type": "Point", "coordinates": [117.117261, 31.83766]}, "properties": {"name": "砂之船(合肥)奥莱", "category": "mall", "sub_category": "060101"}}, {"type": "Feature", "geometry": {"type": "Point", "coordinates": [117.141173, 31.815162]}, "properties": {"name": "龙湖合肥欢肆", "category": "mall", "sub_category": "060101"}}, {"type": "Feature", "geometry": {"type": "Point", "coordinates": [117.116295, 31.836496]}, "properties": {"name": "砂之船奥特莱斯艺术商业广场A馆", "category": "mall", "sub_category": "060100"}}, {"type": "Feature", "geometry": {"type": "Point", "coordinates": [117.116528, 31.839097]}, "properties": {"name": "砂之船奥特莱斯艺术商业广场B馆(砂之船奥莱店)", "category": "mall", "sub_category": "060100"}}, {"type": "Feature", "geometry": {"type": "Point", "coordinates": [117.124775, 31.849575]}, "properties": {"name": "东风猛士-合肥高新龙湖", "category": "mall", "sub_category": "060101"}}, {"type": "Feature", "geometry": {"type": "Point", "coordinates": [117.133613, 31.84848]}, "properties": {"name": "创新生活广场(装修中)", "category": "mall", "sub_category": "060102"}}, {"type": "Feature", "geometry": {"type": "Point", "coordinates": [117.133175, 31.829325]}, "properties": {"name": "GX229广场(装修中)", "category": "mall", "sub_category": "060101"}}, {"type": "Feature", "geometry": {"type": "Point", "coordinates": [117.135829, 31.854672]}, "properties": {"name": "广福万家购物中心", "category": "mall", "sub_category": "060101"}}, {"type": "Feature", "geometry": {"type": "Point", "coordinates": [117.116949, 31.853229]}, "properties": {"name": "蜀西商业广场", "category": "mall", "sub_category": "060102"}}, {"type": "Feature", "geometry": {"type": "Point", "coordinates": [117.133975, 31.86565]}, "properties": {"name": "惠而浦(中国股份有限公司南岗产业园)", "category": "mall", "sub_category": "060103|170200"}}, {"type": "Feature", "geometry": {"type": "Point", "coordinates": [117.131506, 31.852517]}, "properties": {"name": "悦汇街(南岗惠园D区店)", "category": "mall", "sub_category": "060102|061000"}}, {"type": "Feature", "geometry": {"type": "Point", "coordinates": [117.153937, 31.713644]}, "properties": {"name": "名邦·保利广场", "category": "mall", "sub_category": "060101"}}, {"type": "Feature", "geometry": {"type": "Point", "coordinates": [117.180123, 31.740065]}, "properties": {"name": "绿地西城国际花都", "category": "mall", "sub_category": "120302|060102"}}, {"type": "Feature", "geometry": {"type": "Point", "coordinates": [117.168953, 31.724359]}, "properties": {"name": "百大购物中心(肥西店)", "category": "mall", "sub_category": "060101"}}, {"type": "Feature", "geometry": {"type": "Point", "coordinates": [117.184345, 31.730277]}, "properties": {"name": "优品万相购物中心", "category": "mall", "sub_category": "060102|060400"}}, {"type": "Feature", "geometry": {"type": "Point", "coordinates": [117.161541, 31.719385]}, "properties": {"name": "永良购物广场", "category": "mall", "sub_category": "060101"}}, {"type": "Feature", "geometry": {"type": "Point", "coordinates": [117.169089, 31.724223]}, "properties": {"name": "肥西百大购物中心A座", "category": "mall", "sub_category": "060100"}}, {"type": "Feature", "geometry": {"type": "Point", "coordinates": [117.168898, 31.724708]}, "properties": {"name": "肥西百大购物中心(巢湖路店)-B座", "category": "mall", "sub_category": "060100"}}, {"type": "Feature", "geometry": {"type": "Point", "coordinates": [117.159224, 31.737602]}, "properties": {"name": "肥西旭辉Cmall", "category": "mall", "sub_category": "060101"}}, {"type": "Feature", "geometry": {"type": "Point", "coordinates": [117.151512, 31.737657]}, "properties": {"name": "派街邻里生活中心", "category": "mall", "sub_category": "060102|120304|070000"}}, {"type": "Feature", "geometry": {"type": "Point", "coordinates": [117.168654, 31.724585]}, "properties": {"name": "百大拓基广场", "category": "mall", "sub_category": "060101|110105"}}, {"type": "Feature", "geometry": {"type": "Point", "coordinates": [117.167273, 31.719311]}, "properties": {"name": "圆通商厦(文明诚信示范街店)", "category": "mall", "sub_category": "060102"}}, {"type": "Feature", "geometry": {"type": "Point", "coordinates": [117.186425, 31.733725]}, "properties": {"name": "滨河商业", "category": "mall", "sub_category": "060102"}}, {"type": "Feature", "geometry": {"type": "Point", "coordinates": [117.169733, 31.719088]}, "properties": {"name": "水晶城商业(中街·水晶城C区店)", "category": "mall", "sub_category": "060102"}}, {"type": "Feature", "geometry": {"type": "Point", "coordinates": [117.168101, 31.71832]}, "properties": {"name": "中街·商业广场(中街·水晶城C区店)", "category": "mall", "sub_category": "060100"}}, {"type": "Feature", "geometry": {"type": "Point", "coordinates": [117.181586, 31.741025]}, "properties": {"name": "绿地新都会", "category": "mall", "sub_category": "120302|060102"}}, {"type": "Feature", "geometry": {"type": "Point", "coordinates": [117.192569, 31.785255]}, "properties": {"name": "邻里茂(葛洲坝国际中心店)", "category": "mall", "sub_category": "060102"}}, {"type": "Feature", "geometry": {"type": "Point", "coordinates": [117.184573, 31.798593]}, "properties": {"name": "玖方广场", "category": "mall", "sub_category": "060101|060102"}}, {"type": "Feature", "geometry": {"type": "Point", "coordinates": [117.188825, 31.755375]}, "properties": {"name": "幸福联盟(幸福大街东区店)", "category": "mall", "sub_category": "060103"}}, {"type": "Feature", "geometry": {"type": "Point", "coordinates": [117.160408, 31.804088]}, "properties": {"name": "百大奥莱生活广场", "category": "mall", "sub_category": "060102"}}, {"type": "Feature", "geometry": {"type": "Point", "coordinates": [117.162445, 31.802285]}, "properties": {"name": "和源好又多购物广场(翠竹路店)", "category": "mall", "sub_category": "060101"}}, {"type": "Feature", "geometry": {"type": "Point", "coordinates": [117.193599, 31.814575]}, "properties": {"name": "好又多购物广场(习友路店)", "category": "mall", "sub_category": "060102|060101|060200|060400"}}, {"type": "Feature", "geometry": {"type": "Point", "coordinates": [117.199523, 31.816889]}, "properties": {"name": "好又多购物广场(海棠路)", "category": "mall", "sub_category": "060101"}}, {"type": "Feature", "geometry": {"type": "Point", "coordinates": [117.165126, 31.807045]}, "properties": {"name": "润宜佳生活超市(柏堰店)", "category": "mall", "sub_category": "060102|060101|060200"}}, {"type": "Feature", "geometry": {"type": "Point", "coordinates": [117.19976, 31.815999]}, "properties": {"name": "馥邦生活广场", "category": "mall", "sub_category": "060102"}}, {"type": "Feature", "geometry": {"type": "Point", "coordinates": [117.198987, 31.845026]}, "properties": {"name": "梦园商城A座", "category": "mall", "sub_category": "060102"}}, {"type": "Feature", "geometry": {"type": "Point", "coordinates": [117.188458, 31.807488]}, "properties": {"name": "西门町(太平洋森活广场店)", "category": "mall", "sub_category": "060102"}}, {"type": "Feature", "geometry": {"type": "Point", "coordinates": [117.19883, 31.844978]}, "properties": {"name": "留澜居商城(梦园商城A座店)", "category": "mall", "sub_category": "060102"}}, {"type": "Feature", "geometry": {"type": "Point", "coordinates": [117.168026, 31.852375]}, "properties": {"name": "奥园城市天地A座", "category": "mall", "sub_category": "060102"}}, {"type": "Feature", "geometry": {"type": "Point", "coordinates": [117.197492, 31.853235]}, "properties": {"name": "商之都(徽商·优山美地店)", "category": "mall", "sub_category": "060102|170200"}}, {"type": "Feature", "geometry": {"type": "Point", "coordinates": [117.183883, 31.853106]}, "properties": {"name": "华兴商贸(潭冲路店)", "category": "mall", "sub_category": "060102|060200"}}, {"type": "Feature", "geometry": {"type": "Point", "coordinates": [117.16929, 31.852074]}, "properties": {"name": "美赛亚广场", "category": "mall", "sub_category": "060101"}}, {"type": "Feature", "geometry": {"type": "Point", "coordinates": [117.230754, 31.799481]}, "properties": {"name": "合肥万象城", "category": "mall", "sub_category": "060101"}}, {"type": "Feature", "geometry": {"type": "Point", "coordinates": [117.208385, 31.781329]}, "properties": {"name": "中环购物中心", "category": "mall", "sub_category": "060101"}}, {"type": "Feature", "geometry": {"type": "Point", "coordinates": [117.208242, 31.791216]}, "properties": {"name": "港澳广场", "category": "mall", "sub_category": "060101"}}, {"type": "Feature", "geometry": {"type": "Point", "coordinates": [117.212106, 31.77562]}, "properties": {"name": "国耀星达城购物中心", "category": "mall", "sub_category": "060101"}}, {"type": "Feature", "geometry": {"type": "Point", "coordinates": [117.208985, 31.790834]}, "properties": {"name": "港澳广场A区", "category": "mall", "sub_category": "120201|060100"}}, {"type": "Feature", "geometry": {"type": "Point", "coordinates": [117.206863, 31.781666]}, "properties": {"name": "中环购物中心西区", "category": "mall", "sub_category": "060102"}}, {"type": "Feature", "geometry": {"type": "Point", "coordinates": [117.208655, 31.781618]}, "properties": {"name": "中环购物中心东区", "category": "mall", "sub_category": "060102"}}, {"type": "Feature", "geometry": {"type": "Point", "coordinates": [117.228912, 31.781349]}, "properties": {"name": "合肥正大广场", "category": "mall", "sub_category": "060101"}}, {"type": "Feature", "geometry": {"type": "Point", "coordinates": [117.220975, 31.773325]}, "properties": {"name": "华凤国际瑶海商场", "category": "mall", "sub_category": "060100"}}, {"type": "Feature", "geometry": {"type": "Point", "coordinates": [117.208406, 31.79086]}, "properties": {"name": "港澳广场B区", "category": "mall", "sub_category": "060100"}}, {"type": "Feature", "geometry": {"type": "Point", "coordinates": [117.208855, 31.789958]}, "properties": {"name": "瑞格时代广场", "category": "mall", "sub_category": "060100"}}, {"type": "Feature", "geometry": {"type": "Point", "coordinates": [117.207259, 31.79123]}, "properties": {"name": "港澳广场E区", "category": "mall", "sub_category": "060102"}}, {"type": "Feature", "geometry": {"type": "Point", "coordinates": [117.22924, 31.775491]}, "properties": {"name": "百乐门广场", "category": "mall", "sub_category": "060101"}}, {"type": "Feature", "geometry": {"type": "Point", "coordinates": [117.20164, 31.752858]}, "properties": {"name": "安通商业广场", "category": "mall", "sub_category": "060102"}}, {"type": "Feature", "geometry": {"type": "Point", "coordinates": [117.208171, 31.791416]}, "properties": {"name": "港澳广场D区", "category": "mall", "sub_category": "060101"}}, {"type": "Feature", "geometry": {"type": "Point", "coordinates": [117.207843, 31.790843]}, "properties": {"name": "港澳广场C区", "category": "mall", "sub_category": "060102"}}, {"type": "Feature", "geometry": {"type": "Point", "coordinates": [117.206822, 31.77596]}, "properties": {"name": "七日潮街服饰商城", "category": "mall", "sub_category": "060102|061100"}}, {"type": "Feature", "geometry": {"type": "Point", "coordinates": [117.203405, 31.775971]}, "properties": {"name": "金星商业城", "category": "mall", "sub_category": "060102|061000"}}, {"type": "Feature", "geometry": {"type": "Point", "coordinates": [117.208646, 31.789765]}, "properties": {"name": "瑞格花园邻里中心(瑞格时代广场店)", "category": "mall", "sub_category": "060102"}}, {"type": "Feature", "geometry": {"type": "Point", "coordinates": [117.220925, 31.779975]}, "properties": {"name": "置地栢悦广场(建设中)", "category": "mall", "sub_category": "060100"}}, {"type": "Feature", "geometry": {"type": "Point", "coordinates": [117.230916, 31.807815]}, "properties": {"name": "合肥银泰in77", "category": "mall", "sub_category": "060101"}}, {"type": "Feature", "geometry": {"type": "Point", "coordinates": [117.232803, 31.831289]}, "properties": {"name": "大唐国际购物广场", "category": "mall", "sub_category": "060101"}}, {"type": "Feature", "geometry": {"type": "Point", "coordinates": [117.246185, 31.845183]}, "properties": {"name": "摩尔广场(东至路)", "category": "mall", "sub_category": "060101"}}, {"type": "Feature", "geometry": {"type": "Point", "coordinates": [117.23254, 31.833171]}, "properties": {"name": "港汇广场商业A(百大港汇购物中心店)", "category": "mall", "sub_category": "060102"}}, {"type": "Feature", "geometry": {"type": "Point", "coordinates": [117.234204, 31.801969]}, "properties": {"name": "天珑广场", "category": "mall", "sub_category": "060102"}}, {"type": "Feature", "geometry": {"type": "Point", "coordinates": [117.212074, 31.809805]}, "properties": {"name": "王朝公寓天鹅湖购物中心(imore公寓店)", "category": "mall", "sub_category": "060101"}}, {"type": "Feature", "geometry": {"type": "Point", "coordinates": [117.232767, 31.817828]}, "properties": {"name": "银泰百货(合肥政务店)", "category": "mall", "sub_category": "060101"}}, {"type": "Feature", "geometry": {"type": "Point", "coordinates": [117.230339, 31.849493]}, "properties": {"name": "汉嘉广场", "category": "mall", "sub_category": "060102"}}, {"type": "Feature", "geometry": {"type": "Point", "coordinates": [117.232097, 31.83439]}, "properties": {"name": "港汇广场商业B", "category": "mall", "sub_category": "060102"}}, {"type": "Feature", "geometry": {"type": "Point", "coordinates": [117.224998, 31.805056]}, "properties": {"name": "置地广场星光荟", "category": "mall", "sub_category": "080302|060102"}}, {"type": "Feature", "geometry": {"type": "Point", "coordinates": [117.230597, 31.834879]}, "properties": {"name": "华地金融广场", "category": "mall", "sub_category": "060101"}}, {"type": "Feature", "geometry": {"type": "Point", "coordinates": [117.232196, 31.834324]}, "properties": {"name": "港汇广场商业", "category": "mall", "sub_category": "060100"}}, {"type": "Feature", "geometry": {"type": "Point", "coordinates": [117.224061, 31.841967]}, "properties": {"name": "大溪地国际商业广场", "category": "mall", "sub_category": "060100"}}, {"type": "Feature", "geometry": {"type": "Point", "coordinates": [117.233463, 31.802368]}, "properties": {"name": "天珑广场·天珑汇", "category": "mall", "sub_category": "060102"}}, {"type": "Feature", "geometry": {"type": "Point", "coordinates": [117.243545, 31.830353]}, "properties": {"name": "名郡生活广场", "category": "mall", "sub_category": "060102|060101"}}, {"type": "Feature", "geometry": {"type": "Point", "coordinates": [117.221275, 31.819893]}, "properties": {"name": "万达广场(合肥天鹅湖店)", "category": "mall", "sub_category": "060101|060102"}}, {"type": "Feature", "geometry": {"type": "Point", "coordinates": [117.232075, 31.846204]}, "properties": {"name": "求实·生活广场", "category": "mall", "sub_category": "060102"}}, {"type": "Feature", "geometry": {"type": "Point", "coordinates": [117.221458, 31.820334]}, "properties": {"name": "万达百货(天鹅湖万达店)", "category": "mall", "sub_category": "060102"}}, {"type": "Feature", "geometry": {"type": "Point", "coordinates": [117.229587, 31.824085]}, "properties": {"name": "DOUBLE PARK", "category": "mall", "sub_category": "060102"}}, {"type": "Feature", "geometry": {"type": "Point", "coordinates": [117.23287, 31.833558]}, "properties": {"name": "港汇广场", "category": "mall", "sub_category": "060100"}}, {"type": "Feature", "geometry": {"type": "Point", "coordinates": [117.234689, 31.828005]}, "properties": {"name": "亮丽漫庭园艺", "category": "mall", "sub_category": "060501|060100"}}, {"type": "Feature", "geometry": {"type": "Point", "coordinates": [117.230203, 31.806637]}, "properties": {"name": "金大地新地中心·天誉", "category": "mall", "sub_category": "120302|060102"}}, {"type": "Feature", "geometry": {"type": "Point", "coordinates": [117.221509, 31.854501]}, "properties": {"name": "北京华联长江西路购物中心", "category": "mall", "sub_category": "060101"}}, {"type": "Feature", "geometry": {"type": "Point", "coordinates": [117.246434, 31.879067]}, "properties": {"name": "美好荟", "category": "mall", "sub_category": "060102"}}, {"type": "Feature", "geometry": {"type": "Point", "coordinates": [117.235211, 31.896963]}, "properties": {"name": "港荣百货", "category": "mall", "sub_category": "060102"}}, {"type": "Feature", "geometry": {"type": "Point", "coordinates": [117.230406, 31.853248]}, "properties": {"name": "天玥中心购物广场", "category": "mall", "sub_category": "060101"}}, {"type": "Feature", "geometry": {"type": "Point", "coordinates": [117.242134, 31.865876]}, "properties": {"name": "优购邻里购物中心", "category": "mall", "sub_category": "060101"}}, {"type": "Feature", "geometry": {"type": "Point", "coordinates": [117.234201, 31.892247]}, "properties": {"name": "万科广场", "category": "mall", "sub_category": "060101"}}, {"type": "Feature", "geometry": {"type": "Point", "coordinates": [117.234467, 31.898661]}, "properties": {"name": "明发商业广场", "category": "mall", "sub_category": "060101"}}, {"type": "Feature", "geometry": {"type": "Point", "coordinates": [117.237524, 31.852211]}, "properties": {"name": "弘阳广场", "category": "mall", "sub_category": "060102"}}, {"type": "Feature", "geometry": {"type": "Point", "coordinates": [117.246432, 31.879066]}, "properties": {"name": "光生活汇", "category": "mall", "sub_category": "060102"}}, {"type": "Feature", "geometry": {"type": "Point", "coordinates": [117.235397, 31.862828]}, "properties": {"name": "拓佳欢乐广场", "category": "mall", "sub_category": "060102"}}, {"type": "Feature", "geometry": {"type": "Point", "coordinates": [117.204076, 31.854264]}, "properties": {"name": "百大鼓楼高新商厦", "category": "mall", "sub_category": "060102"}}, {"type": "Feature", "geometry": {"type": "Point", "coordinates": [117.232929, 31.899589]}, "properties": {"name": "明发商业广场A区", "category": "mall", "sub_category": "060102"}}, {"type": "Feature", "geometry": {"type": "Point", "coordinates": [117.237996, 31.852068]}, "properties": {"name": "弘阳广场C座西区(合肥弘阳广场店)", "category": "mall", "sub_category": "060102|120000"}}, {"type": "Feature", "geometry": {"type": "Point", "coordinates": [117.230422, 31.861447]}, "properties": {"name": "紫荆公馆", "category": "mall", "sub_category": "060100"}}, {"type": "Feature", "geometry": {"type": "Point", "coordinates": [117.24456, 31.880484]}, "properties": {"name": "四里河商城(红星美凯龙店)", "category": "mall", "sub_category": "060102"}}, {"type": "Feature", "geometry": {"type": "Point", "coordinates": [117.235211, 31.896962]}, "properties": {"name": "明发商业广场B区", "category": "mall", "sub_category": "060102"}}, {"type": "Feature", "geometry": {"type": "Point", "coordinates": [117.238165, 31.8516]}, "properties": {"name": "松芝广场", "category": "mall", "sub_category": "060100"}}, {"type": "Feature", "geometry": {"type": "Point", "coordinates": [117.231619, 31.902596]}, "properties": {"name": "品汇生活中心", "category": "mall", "sub_category": "060100"}}, {"type": "Feature", "geometry": {"type": "Point", "coordinates": [117.289068, 31.742499]}, "properties": {"name": "合肥滨湖方圆荟", "category": "mall", "sub_category": "060101|061100"}}, {"type": "Feature", "geometry": {"type": "Point", "coordinates": [117.289576, 31.743605]}, "properties": {"name": "方圆荟C区", "category": "mall", "sub_category": "060101|060102"}}, {"type": "Feature", "geometry": {"type": "Point", "coordinates": [117.288454, 31.741749]}, "properties": {"name": "百大购物中心(滨湖店)", "category": "mall", "sub_category": "060101"}}, {"type": "Feature", "geometry": {"type": "Point", "coordinates": [117.289041, 31.743617]}, "properties": {"name": "世纪金源购物中心B区", "category": "mall", "sub_category": "060102"}}, {"type": "Feature", "geometry": {"type": "Point", "coordinates": [117.288075, 31.742725]}, "properties": {"name": "方圆荟(滨湖店)B区", "category": "mall", "sub_category": "060100"}}, {"type": "Feature", "geometry": {"type": "Point", "coordinates": [117.281436, 31.717189]}, "properties": {"name": "东方汇广场", "category": "mall", "sub_category": "060102"}}, {"type": "Feature", "geometry": {"type": "Point", "coordinates": [117.280078, 31.712133]}, "properties": {"name": "金谷广场", "category": "mall", "sub_category": "060102"}}, {"type": "Feature", "geometry": {"type": "Point", "coordinates": [117.282059, 31.722157]}, "properties": {"name": "联家时代广场", "category": "mall", "sub_category": "060102"}}, {"type": "Feature", "geometry": {"type": "Point", "coordinates": [117.276482, 31.714985]}, "properties": {"name": "滨湖虹悦荟", "category": "mall", "sub_category": "060102"}}, {"type": "Feature", "geometry": {"type": "Point", "coordinates": [117.275875, 31.743325]}, "properties": {"name": "星耀荟", "category": "mall", "sub_category": "060100"}}, {"type": "Feature", "geometry": {"type": "Point", "coordinates": [117.269564, 31.707931]}, "properties": {"name": "中海滨湖环宇天地", "category": "mall", "sub_category": "060101"}}, {"type": "Feature", "geometry": {"type": "Point", "coordinates": [117.288843, 31.741751]}, "properties": {"name": "中国移动(方圆荟店)", "category": "mall", "sub_category": "060101|060305"}}, {"type": "Feature", "geometry": {"type": "Point", "coordinates": [117.277397, 31.715579]}, "properties": {"name": "滨湖汉合盛广场(建设中)", "category": "mall", "sub_category": "060101"}}, {"type": "Feature", "geometry": {"type": "Point", "coordinates": [117.277491, 31.768618]}, "properties": {"name": "湖畔邻里购物中心", "category": "mall", "sub_category": "060102"}}, {"type": "Feature", "geometry": {"type": "Point", "coordinates": [117.264869, 31.79799]}, "properties": {"name": "中海环宇天地", "category": "mall", "sub_category": "060101"}}, {"type": "Feature", "geometry": {"type": "Point", "coordinates": [117.28437, 31.753615]}, "properties": {"name": "天琅百老汇", "category": "mall", "sub_category": "060102"}}, {"type": "Feature", "geometry": {"type": "Point", "coordinates": [117.288383, 31.794249]}, "properties": {"name": "53度广场", "category": "mall", "sub_category": "060101"}}, {"type": "Feature", "geometry": {"type": "Point", "coordinates": [117.253993, 31.771218]}, "properties": {"name": "便客东华广场(东华广场店)", "category": "mall", "sub_category": "060102"}}, {"type": "Feature", "geometry": {"type": "Point", "coordinates": [117.288194, 31.754532]}, "properties": {"name": "滨湖国购中心(建设中)", "category": "mall", "sub_category": "060101"}}, {"type": "Feature", "geometry": {"type": "Point", "coordinates": [117.271384, 31.757861]}, "properties": {"name": "合肥银泰inPARK(建设中)", "category": "mall", "sub_category": "060101"}}, {"type": "Feature", "geometry": {"type": "Point", "coordinates": [117.286126, 31.835108]}, "properties": {"name": "漫乐城购物中心", "category": "mall", "sub_category": "060101|080000"}}, {"type": "Feature", "geometry": {"type": "Point", "coordinates": [117.26228, 31.82799]}, "properties": {"name": "金隅南七天地", "category": "mall", "sub_category": "060100"}}, {"type": "Feature", "geometry": {"type": "Point", "coordinates": [117.267642, 31.813614]}, "properties": {"name": "合肥绿地大融城", "category": "mall", "sub_category": "060101"}}, {"type": "Feature", "geometry": {"type": "Point", "coordinates": [117.264724, 31.828784]}, "properties": {"name": "百大购物中心", "category": "mall", "sub_category": "060101"}}, {"type": "Feature", "geometry": {"type": "Point", "coordinates": [117.260399, 31.829202]}, "properties": {"name": "金隅南七汇", "category": "mall", "sub_category": "060100"}}, {"type": "Feature", "geometry": {"type": "Point", "coordinates": [117.289048, 31.810102]}, "properties": {"name": "大摩华尔街生活广场", "category": "mall", "sub_category": "060102"}}, {"type": "Feature", "geometry": {"type": "Point", "coordinates": [117.264724, 31.828784]}, "properties": {"name": "百大电器(商业大厦店)", "category": "mall", "sub_category": "060101"}}, {"type": "Feature", "geometry": {"type": "Point", "coordinates": [117.253956, 31.81777]}, "properties": {"name": "稻香村街道安粮国贸中心商场", "category": "mall", "sub_category": "060102"}}, {"type": "Feature", "geometry": {"type": "Point", "coordinates": [117.276856, 31.827808]}, "properties": {"name": "万家睦邻购物广场", "category": "mall", "sub_category": "061202|060100"}}, {"type": "Feature", "geometry": {"type": "Point", "coordinates": [117.28639, 31.834481]}, "properties": {"name": "漫乐城购物中心-IP Station", "category": "mall", "sub_category": "060100"}}, {"type": "Feature", "geometry": {"type": "Point", "coordinates": [117.253773, 31.817889]}, "properties": {"name": "唯品会合肥蜀山城市奥莱", "category": "mall", "sub_category": "060101|061100"}}, {"type": "Feature", "geometry": {"type": "Point", "coordinates": [117.290127, 31.839878]}, "properties": {"name": "大宁缤购商业广场", "category": "mall", "sub_category": "060100"}}, {"type": "Feature", "geometry": {"type": "Point", "coordinates": [117.250297, 31.829581]}, "properties": {"name": "蜀山万象汇", "category": "mall", "sub_category": "060101|060102|020000"}}, {"type": "Feature", "geometry": {"type": "Point", "coordinates": [117.287701, 31.813013]}, "properties": {"name": "华东乐汇城", "category": "mall", "sub_category": "060101|060102"}}, {"type": "Feature", "geometry": {"type": "Point", "coordinates": [117.264807, 31.845191]}, "properties": {"name": "万象生活广场", "category": "mall", "sub_category": "060101"}}, {"type": "Feature", "geometry": {"type": "Point", "coordinates": [117.292505, 31.83401]}, "properties": {"name": "星光天地", "category": "mall", "sub_category": "060102|061100"}}, {"type": "Feature", "geometry": {"type": "Point", "coordinates": [117.252604, 31.82913]}, "properties": {"name": "安高广场", "category": "mall", "sub_category": "060102"}}, {"type": "Feature", "geometry": {"type": "Point", "coordinates": [117.271771, 31.844646]}, "properties": {"name": "乐城生活广场(合肥绩溪路商业步行街店)", "category": "mall", "sub_category": "060102"}}, {"type": "Feature", "geometry": {"type": "Point", "coordinates": [117.287556, 31.801497]}, "properties": {"name": "合肥GX360广场", "category": "mall", "sub_category": "060101"}}, {"type": "Feature", "geometry": {"type": "Point", "coordinates": [117.27685, 31.827821]}, "properties": {"name": "合肥曙宏生活广场", "category": "mall", "sub_category": "060101"}}, {"type": "Feature", "geometry": {"type": "Point", "coordinates": [117.281327, 31.84886]}, "properties": {"name": "银座广场(桐城南路)", "category": "mall", "sub_category": "060102"}}, {"type": "Feature", "geometry": {"type": "Point", "coordinates": [117.267793, 31.839024]}, "properties": {"name": "高科技广场", "category": "mall", "sub_category": "060102|120201"}}, {"type": "Feature", "geometry": {"type": "Point", "coordinates": [117.292523, 31.819113]}, "properties": {"name": "安商创客梦工场(罍街店)", "category": "mall", "sub_category": "060100"}}, {"type": "Feature", "geometry": {"type": "Point", "coordinates": [117.266085, 31.838434]}, "properties": {"name": "鸿基广场网通", "category": "mall", "sub_category": "060100"}}, {"type": "Feature", "geometry": {"type": "Point", "coordinates": [117.258348, 31.807561]}, "properties": {"name": "天下锦城生活广场", "category": "mall", "sub_category": "060102"}}, {"type": "Feature", "geometry": {"type": "Point", "coordinates": [117.267145, 31.812339]}, "properties": {"name": "春晓街", "category": "mall", "sub_category": "060102"}}, {"type": "Feature", "geometry": {"type": "Point", "coordinates": [117.287645, 31.814402]}, "properties": {"name": "四局商城", "category": "mall", "sub_category": "060102"}}, {"type": "Feature", "geometry": {"type": "Point", "coordinates": [117.259585, 31.842744]}, "properties": {"name": "IT商业广场商业店铺", "category": "mall", "sub_category": "060100"}}, {"type": "Feature", "geometry": {"type": "Point", "coordinates": [117.257406, 31.854026]}, "properties": {"name": "合肥之心城购物中心", "category": "mall", "sub_category": "060101"}}, {"type": "Feature", "geometry": {"type": "Point", "coordinates": [117.294724, 31.864053]}, "properties": {"name": "百盛购物中心(淮河路店)", "category": "mall", "sub_category": "060102|060101"}}, {"type": "Feature", "geometry": {"type": "Point", "coordinates": [117.29143, 31.862669]}, "properties": {"name": "合肥银泰中心", "category": "mall", "sub_category": "060101"}}, {"type": "Feature", "geometry": {"type": "Point", "coordinates": [117.256368, 31.853304]}, "properties": {"name": "国购广场(长江西路店)", "category": "mall", "sub_category": "060101"}}, {"type": "Feature", "geometry": {"type": "Point", "coordinates": [117.279673, 31.880449]}, "properties": {"name": "新天地国际购物中心", "category": "mall", "sub_category": "060101"}}, {"type": "Feature", "geometry": {"type": "Point", "coordinates": [117.289597, 31.858952]}, "properties": {"name": "商之都", "category": "mall", "sub_category": "060100"}}, {"type": "Feature", "geometry": {"type": "Point", "coordinates": [117.261431, 31.877112]}, "properties": {"name": "合肥欢乐颂", "category": "mall", "sub_category": "060101"}}, {"type": "Feature", "geometry": {"type": "Point", "coordinates": [117.289883, 31.863869]}, "properties": {"name": "百大鼓楼名品中心金座", "category": "mall", "sub_category": "060102|060600"}}, {"type": "Feature", "geometry": {"type": "Point", "coordinates": [117.293219, 31.864817]}, "properties": {"name": "尚街时尚购物广场(海亚大世界店)", "category": "mall", "sub_category": "060102"}}, {"type": "Feature", "geometry": {"type": "Point", "coordinates": [117.290582, 31.862642]}, "properties": {"name": "银泰中心二期", "category": "mall", "sub_category": "060101"}}, {"type": "Feature", "geometry": {"type": "Point", "coordinates": [117.292036, 31.86274]}, "properties": {"name": "银泰中心1期", "category": "mall", "sub_category": "060101"}}, {"type": "Feature", "geometry": {"type": "Point", "coordinates": [117.284264, 31.862721]}, "properties": {"name": "徽盐安徽中心商场", "category": "mall", "sub_category": "060102"}}, {"type": "Feature", "geometry": {"type": "Point", "coordinates": [117.288417, 31.863748]}, "properties": {"name": "红太阳购物广场", "category": "mall", "sub_category": "060102|060400"}}, {"type": "Feature", "geometry": {"type": "Point", "coordinates": [117.28988, 31.86387]}, "properties": {"name": "百大·鼓楼名品中心-金座", "category": "mall", "sub_category": "060102|060101"}}, {"type": "Feature", "geometry": {"type": "Point", "coordinates": [117.287866, 31.864042]}, "properties": {"name": "百大·鼓楼名品中心银座(百大乐普生店)", "category": "mall", "sub_category": "060101"}}, {"type": "Feature", "geometry": {"type": "Point", "coordinates": [117.288382, 31.863707]}, "properties": {"name": "绿都商城", "category": "mall", "sub_category": "060102"}}, {"type": "Feature", "geometry": {"type": "Point", "coordinates": [117.277622, 31.880552]}, "properties": {"name": "BHG Mall北京华联合肥蒙城路购物中心A区", "category": "mall", "sub_category": "060101"}}, {"type": "Feature", "geometry": {"type": "Point", "coordinates": [117.261992, 31.876698]}, "properties": {"name": "华润欢乐颂购物中心店", "category": "mall", "sub_category": "060400|060100"}}, {"type": "Feature", "geometry": {"type": "Point", "coordinates": [117.284125, 31.859425]}, "properties": {"name": "舒城路2号综合楼商场", "category": "mall", "sub_category": "060100"}}, {"type": "Feature", "geometry": {"type": "Point", "coordinates": [117.279721, 31.864639]}, "properties": {"name": "大世界购物城(大世界乡村振兴产品展销中心店)", "category": "mall", "sub_category": "060100"}}, {"type": "Feature", "geometry": {"type": "Point", "coordinates": [117.279823, 31.864631]}, "properties": {"name": "大世界乡村振兴产品展销中心", "category": "mall", "sub_category": "060102"}}, {"type": "Feature", "geometry": {"type": "Point", "coordinates": [117.267506, 31.889899]}, "properties": {"name": "藕塘·美邻生活中心", "category": "mall", "sub_category": "060102"}}, {"type": "Feature", "geometry": {"type": "Point", "coordinates": [117.292315, 31.876643]}, "properties": {"name": "众晟生活广场", "category": "mall", "sub_category": "060102"}}, {"type": "Feature", "geometry": {"type": "Point", "coordinates": [117.294214, 31.864991]}, "properties": {"name": "庐州印象", "category": "mall", "sub_category": "060102"}}, {"type": "Feature", "geometry": {"type": "Point", "coordinates": [117.257781, 31.887356]}, "properties": {"name": "庐阳万象汇", "category": "mall", "sub_category": "060101|060102"}}, {"type": "Feature", "geometry": {"type": "Point", "coordinates": [117.290117, 31.859396]}, "properties": {"name": "商之都A座", "category": "mall", "sub_category": "060102"}}, {"type": "Feature", "geometry": {"type": "Point", "coordinates": [117.289561, 31.858621]}, "properties": {"name": "商之都B座", "category": "mall", "sub_category": "060102"}}, {"type": "Feature", "geometry": {"type": "Point", "coordinates": [117.289477, 31.858403]}, "properties": {"name": "富世广场", "category": "mall", "sub_category": "060102"}}, {"type": "Feature", "geometry": {"type": "Point", "coordinates": [117.290508, 31.864988]}, "properties": {"name": "新安商城(撮造山店)", "category": "mall", "sub_category": "060102"}}, {"type": "Feature", "geometry": {"type": "Point", "coordinates": [117.298365, 31.864604]}, "properties": {"name": "梦之城", "category": "mall", "sub_category": "060102"}}, {"type": "Feature", "geometry": {"type": "Point", "coordinates": [117.269036, 31.850626]}, "properties": {"name": "赢厚集团·国购广场", "category": "mall", "sub_category": "060102"}}, {"type": "Feature", "geometry": {"type": "Point", "coordinates": [117.257405, 31.854028]}, "properties": {"name": "大洋晶典•合肥店", "category": "mall", "sub_category": "060102|071300"}}, {"type": "Feature", "geometry": {"type": "Point", "coordinates": [117.291585, 31.863776]}, "properties": {"name": "新时代广场", "category": "mall", "sub_category": "060102"}}, {"type": "Feature", "geometry": {"type": "Point", "coordinates": [117.261104, 31.867248]}, "properties": {"name": "铜锣湾广场", "category": "mall", "sub_category": "060102"}}, {"type": "Feature", "geometry": {"type": "Point", "coordinates": [117.28766, 31.862129]}, "properties": {"name": "合肥市百货大楼", "category": "mall", "sub_category": "060102"}}, {"type": "Feature", "geometry": {"type": "Point", "coordinates": [117.294203, 31.864991]}, "properties": {"name": "三唐百货", "category": "mall", "sub_category": "060102"}}, {"type": "Feature", "geometry": {"type": "Point", "coordinates": [117.2953, 31.864975]}, "properties": {"name": "胜道潮流汇", "category": "mall", "sub_category": "060101"}}, {"type": "Feature", "geometry": {"type": "Point", "coordinates": [117.292521, 31.863743]}, "properties": {"name": "海亚商城", "category": "mall", "sub_category": "060102"}}, {"type": "Feature", "geometry": {"type": "Point", "coordinates": [117.297104, 31.8645]}, "properties": {"name": "金都商城", "category": "mall", "sub_category": "060102"}}, {"type": "Feature", "geometry": {"type": "Point", "coordinates": [117.279775, 31.860434]}, "properties": {"name": "美游城时尚生活广场", "category": "mall", "sub_category": "060101"}}, {"type": "Feature", "geometry": {"type": "Point", "coordinates": [117.278005, 31.881242]}, "properties": {"name": "三义广场", "category": "mall", "sub_category": "060101"}}, {"type": "Feature", "geometry": {"type": "Point", "coordinates": [117.279278, 31.864591]}, "properties": {"name": "城隍庙商城(霍邱路)", "category": "mall", "sub_category": "060102"}}, {"type": "Feature", "geometry": {"type": "Point", "coordinates": [117.289649, 31.862346]}, "properties": {"name": "太阳城", "category": "mall", "sub_category": "060102"}}, {"type": "Feature", "geometry": {"type": "Point", "coordinates": [117.253466, 31.855445]}, "properties": {"name": "飞虹商城(飞虹小区店)", "category": "mall", "sub_category": "060102"}}, {"type": "Feature", "geometry": {"type": "Point", "coordinates": [117.28926, 31.864229]}, "properties": {"name": "宿淮里商城(绿都商城店)", "category": "mall", "sub_category": "060102"}}, {"type": "Feature", "geometry": {"type": "Point", "coordinates": [117.281539, 31.861592]}, "properties": {"name": "声音小镇(长江中路店)", "category": "mall", "sub_category": "060100"}}, {"type": "Feature", "geometry": {"type": "Point", "coordinates": [117.250175, 31.858225]}, "properties": {"name": "五里商贸城", "category": "mall", "sub_category": "060102"}}, {"type": "Feature", "geometry": {"type": "Point", "coordinates": [117.294766, 31.880643]}, "properties": {"name": "安徽轻工商城6栋", "category": "mall", "sub_category": "060102"}}, {"type": "Feature", "geometry": {"type": "Point", "coordinates": [117.267711, 31.878704]}, "properties": {"name": "置地国际广场", "category": "mall", "sub_category": "060100"}}, {"type": "Feature", "geometry": {"type": "Point", "coordinates": [117.2893, 31.862343]}, "properties": {"name": "太阳城·新世界(宿州路店)", "category": "mall", "sub_category": "060102|120302|061100"}}, {"type": "Feature", "geometry": {"type": "Point", "coordinates": [117.297598, 31.884728]}, "properties": {"name": "轻工业商城", "category": "mall", "sub_category": "060102"}}, {"type": "Feature", "geometry": {"type": "Point", "coordinates": [117.279798, 31.864832]}, "properties": {"name": "城隍庙大世界", "category": "mall", "sub_category": "060100"}}, {"type": "Feature", "geometry": {"type": "Point", "coordinates": [117.294732, 31.854532]}, "properties": {"name": "安徽体育商城", "category": "mall", "sub_category": "060102"}}, {"type": "Feature", "geometry": {"type": "Point", "coordinates": [117.294296, 31.881823]}, "properties": {"name": "安徽轻工商城8号楼", "category": "mall", "sub_category": "060102"}}, {"type": "Feature", "geometry": {"type": "Point", "coordinates": [117.289805, 31.86442]}, "properties": {"name": "百盛广场", "category": "mall", "sub_category": "060101"}}, {"type": "Feature", "geometry": {"type": "Point", "coordinates": [117.287783, 31.864085]}, "properties": {"name": "乐普生商厦", "category": "mall", "sub_category": "060102"}}, {"type": "Feature", "geometry": {"type": "Point", "coordinates": [117.286731, 31.896927]}, "properties": {"name": "源祥广场", "category": "mall", "sub_category": "120203|120302|060102|120201"}}, {"type": "Feature", "geometry": {"type": "Point", "coordinates": [117.286336, 31.865748]}, "properties": {"name": "香港广场", "category": "mall", "sub_category": "060102"}}, {"type": "Feature", "geometry": {"type": "Point", "coordinates": [117.266904, 31.924762]}, "properties": {"name": "润宜佳购物中心(连水路店)", "category": "mall", "sub_category": "060102|060200"}}, {"type": "Feature", "geometry": {"type": "Point", "coordinates": [117.282748, 31.918418]}, "properties": {"name": "合肥悦城融侨里", "category": "mall", "sub_category": "060101"}}, {"type": "Feature", "geometry": {"type": "Point", "coordinates": [117.283064, 31.918142]}, "properties": {"name": "合肥融侨里生活广场", "category": "mall", "sub_category": "060101"}}, {"type": "Feature", "geometry": {"type": "Point", "coordinates": [117.263369, 31.971071]}, "properties": {"name": "万达广场(合肥北城店)", "category": "mall", "sub_category": "060101"}}, {"type": "Feature", "geometry": {"type": "Point", "coordinates": [117.264994, 31.966838]}, "properties": {"name": "金大地·庐州天地", "category": "mall", "sub_category": "060102"}}, {"type": "Feature", "geometry": {"type": "Point", "coordinates": [117.256643, 31.965968]}, "properties": {"name": "恒泰·泰悦荟A座", "category": "mall", "sub_category": "060100"}}, {"type": "Feature", "geometry": {"type": "Point", "coordinates": [117.263369, 31.971071]}, "properties": {"name": "飞亚达(合肥北城万达店)", "category": "mall", "sub_category": "060100"}}, {"type": "Feature", "geometry": {"type": "Point", "coordinates": [117.256942, 31.963921]}, "properties": {"name": "恒泰·泰悦荟B座", "category": "mall", "sub_category": "120201|060102"}}, {"type": "Feature", "geometry": {"type": "Point", "coordinates": [117.300979, 31.714707]}, "properties": {"name": "银泰百货(滨湖店)", "category": "mall", "sub_category": "060101"}}, {"type": "Feature", "geometry": {"type": "Point", "coordinates": [117.304169, 31.703175]}, "properties": {"name": "融创茂", "category": "mall", "sub_category": "060101"}}, {"type": "Feature", "geometry": {"type": "Point", "coordinates": [117.304565, 31.740055]}, "properties": {"name": "悦方ID MALL", "category": "mall", "sub_category": "060101"}}, {"type": "Feature", "geometry": {"type": "Point", "coordinates": [117.301337, 31.733492]}, "properties": {"name": "合肥滨湖爱琴海购物中心", "category": "mall", "sub_category": "060101"}}, {"type": "Feature", "geometry": {"type": "Point", "coordinates": [117.303691, 31.733259]}, "properties": {"name": "合肥佳源合悦汇", "category": "mall", "sub_category": "060102"}}, {"type": "Feature", "geometry": {"type": "Point", "coordinates": [117.310127, 31.714005]}, "properties": {"name": "万年荟购物中心", "category": "mall", "sub_category": "060101"}}, {"type": "Feature", "geometry": {"type": "Point", "coordinates": [117.301652, 31.731774]}, "properties": {"name": "滨湖国购中心广场", "category": "mall", "sub_category": "060100"}}, {"type": "Feature", "geometry": {"type": "Point", "coordinates": [117.318285, 31.741661]}, "properties": {"name": "合肥百大心悦城", "category": "mall", "sub_category": "060100"}}, {"type": "Feature", "geometry": {"type": "Point", "coordinates": [117.306117, 31.70364]}, "properties": {"name": "1918街区湖滨道(万达城滨湖新天地店)", "category": "mall", "sub_category": "060102"}}, {"type": "Feature", "geometry": {"type": "Point", "coordinates": [117.340225, 31.739175]}, "properties": {"name": "招商花漫里", "category": "mall", "sub_category": "060100"}}, {"type": "Feature", "geometry": {"type": "Point", "coordinates": [117.304578, 31.705382]}, "properties": {"name": "万达广场", "category": "mall", "sub_category": "060101"}}, {"type": "Feature", "geometry": {"type": "Point", "coordinates": [117.30498, 31.732582]}, "properties": {"name": "佳源广场2栋", "category": "mall", "sub_category": "060102"}}, {"type": "Feature", "geometry": {"type": "Point", "coordinates": [117.304229, 31.71136]}, "properties": {"name": "滨湖万象汇(建设中)", "category": "mall", "sub_category": "060101"}}, {"type": "Feature", "geometry": {"type": "Point", "coordinates": [117.302781, 31.712658]}, "properties": {"name": "宝能环球汇(建设中)", "category": "mall", "sub_category": "060100"}}, {"type": "Feature", "geometry": {"type": "Point", "coordinates": [117.334627, 31.794077]}, "properties": {"name": "禾润阳光购物广场", "category": "mall", "sub_category": "060101"}}, {"type": "Feature", "geometry": {"type": "Point", "coordinates": [117.342825, 31.767175]}, "properties": {"name": "商之都阳光里购物广场", "category": "mall", "sub_category": "060100"}}, {"type": "Feature", "geometry": {"type": "Point", "coordinates": [117.348559, 31.775327]}, "properties": {"name": "华联购物中心", "category": "mall", "sub_category": "060101|060400"}}, {"type": "Feature", "geometry": {"type": "Point", "coordinates": [117.33485, 31.765431]}, "properties": {"name": "龙湖景粼天地", "category": "mall", "sub_category": "060100"}}, {"type": "Feature", "geometry": {"type": "Point", "coordinates": [117.33755, 31.776121]}, "properties": {"name": "易汇商城", "category": "mall", "sub_category": "060102"}}, {"type": "Feature", "geometry": {"type": "Point", "coordinates": [117.324159, 31.767118]}, "properties": {"name": "华夏国际茶博城一期·茶里水街", "category": "mall", "sub_category": "060100"}}, {"type": "Feature", "geometry": {"type": "Point", "coordinates": [117.326042, 31.792411]}, "properties": {"name": "天汇宝石城", "category": "mall", "sub_category": "060100|170200"}}, {"type": "Feature", "geometry": {"type": "Point", "coordinates": [117.328221, 31.795515]}, "properties": {"name": "明悦中心", "category": "mall", "sub_category": "060100"}}, {"type": "Feature", "geometry": {"type": "Point", "coordinates": [117.332298, 31.772131]}, "properties": {"name": "中骏世界城购物中心(建设中)", "category": "mall", "sub_category": "060101"}}, {"type": "Feature", "geometry": {"type": "Point", "coordinates": [117.306929, 31.808692]}, "properties": {"name": "包河万象汇", "category": "mall", "sub_category": "060101"}}, {"type": "Feature", "geometry": {"type": "Point", "coordinates": [117.301237, 31.815188]}, "properties": {"name": "加侨国际广场", "category": "mall", "sub_category": "060102"}}, {"type": "Feature", "geometry": {"type": "Point", "coordinates": [117.312586, 31.826016]}, "properties": {"name": "星隆国际购物广场", "category": "mall", "sub_category": "060101"}}, {"type": "Feature", "geometry": {"type": "Point", "coordinates": [117.301737, 31.847474]}, "properties": {"name": "新都会环球购物广场", "category": "mall", "sub_category": "060102"}}, {"type": "Feature", "geometry": {"type": "Point", "coordinates": [117.302558, 31.832971]}, "properties": {"name": "百大购物中心(马鞍山路店)", "category": "mall", "sub_category": "060101"}}, {"type": "Feature", "geometry": {"type": "Point", "coordinates": [117.341709, 31.841283]}, "properties": {"name": "聚福家园购物广场", "category": "mall", "sub_category": "060100"}}, {"type": "Feature", "geometry": {"type": "Point", "coordinates": [117.329191, 31.826123]}, "properties": {"name": "汇隆时代购物广场", "category": "mall", "sub_category": "060101|060102"}}, {"type": "Feature", "geometry": {"type": "Point", "coordinates": [117.33916, 31.814721]}, "properties": {"name": "合肥杉杉奥特莱斯", "category": "mall", "sub_category": "060101"}}, {"type": "Feature", "geometry": {"type": "Point", "coordinates": [117.312575, 31.826025]}, "properties": {"name": "星隆国际购物广场B座", "category": "mall", "sub_category": "060101"}}, {"type": "Feature", "geometry": {"type": "Point", "coordinates": [117.302166, 31.815423]}, "properties": {"name": "加侨国际购物公园(加侨国际广场写字楼店)", "category": "mall", "sub_category": "060102"}}, {"type": "Feature", "geometry": {"type": "Point", "coordinates": [117.302589, 31.833261]}, "properties": {"name": "合家福超市(马鞍山路店)", "category": "mall", "sub_category": "060102|060400"}}, {"type": "Feature", "geometry": {"type": "Point", "coordinates": [117.313003, 31.826042]}, "properties": {"name": "星隆国际购物广场A座", "category": "mall", "sub_category": "060101"}}, {"type": "Feature", "geometry": {"type": "Point", "coordinates": [117.302492, 31.830451]}, "properties": {"name": "绿地缤纷城(海顿国际广场店)", "category": "mall", "sub_category": "060102"}}, {"type": "Feature", "geometry": {"type": "Point", "coordinates": [117.315681, 31.848457]}, "properties": {"name": "左岸广场", "category": "mall", "sub_category": "060102|060101"}}, {"type": "Feature", "geometry": {"type": "Point", "coordinates": [117.338703, 31.815501]}, "properties": {"name": "JACK&JONES合肥杉杉奥特莱斯店", "category": "mall", "sub_category": "060101|061101"}}, {"type": "Feature", "geometry": {"type": "Point", "coordinates": [117.316364, 31.844786]}, "properties": {"name": "宝盈商业广场", "category": "mall", "sub_category": "060100"}}, {"type": "Feature", "geometry": {"type": "Point", "coordinates": [117.340667, 31.845888]}, "properties": {"name": "圣大国际商业广场", "category": "mall", "sub_category": "060102|060602"}}, {"type": "Feature", "geometry": {"type": "Point", "coordinates": [117.301596, 31.814938]}, "properties": {"name": "加侨国际广场3号楼", "category": "mall", "sub_category": "060102"}}, {"type": "Feature", "geometry": {"type": "Point", "coordinates": [117.302475, 31.831414]}, "properties": {"name": "悦荟城·地铁商城", "category": "mall", "sub_category": "060102"}}, {"type": "Feature", "geometry": {"type": "Point", "coordinates": [117.302761, 31.83063]}, "properties": {"name": "绿地广场", "category": "mall", "sub_category": "110105|060102"}}, {"type": "Feature", "geometry": {"type": "Point", "coordinates": [117.301974, 31.815362]}, "properties": {"name": "加侨国际广场2号楼", "category": "mall", "sub_category": "060101"}}, {"type": "Feature", "geometry": {"type": "Point", "coordinates": [117.301398, 31.815678]}, "properties": {"name": "加侨国际广场1号楼", "category": "mall", "sub_category": "060102"}}, {"type": "Feature", "geometry": {"type": "Point", "coordinates": [117.337317, 31.867071]}, "properties": {"name": "瑶海天地", "category": "mall", "sub_category": "060102"}}, {"type": "Feature", "geometry": {"type": "Point", "coordinates": [117.302741, 31.857032]}, "properties": {"name": "万达广场(合肥包河店)", "category": "mall", "sub_category": "060101"}}, {"type": "Feature", "geometry": {"type": "Point", "coordinates": [117.325372, 31.895451]}, "properties": {"name": "家天下生活广场", "category": "mall", "sub_category": "060102"}}, {"type": "Feature", "geometry": {"type": "Point", "coordinates": [117.30704, 31.860458]}, "properties": {"name": "吾悦广场(合肥坝上店)", "category": "mall", "sub_category": "060101"}}, {"type": "Feature", "geometry": {"type": "Point", "coordinates": [117.302408, 31.863869]}, "properties": {"name": "圣大国际商贸中心", "category": "mall", "sub_category": "060102"}}, {"type": "Feature", "geometry": {"type": "Point", "coordinates": [117.304387, 31.872511]}, "properties": {"name": "超级家社区购物中心", "category": "mall", "sub_category": "060102"}}, {"type": "Feature", "geometry": {"type": "Point", "coordinates": [117.312178, 31.884756]}, "properties": {"name": "白马尚品中心", "category": "mall", "sub_category": "060102"}}, {"type": "Feature", "geometry": {"type": "Point", "coordinates": [117.349706, 31.877137]}, "properties": {"name": "万达广场(合肥瑶海店)", "category": "mall", "sub_category": "060101"}}, {"type": "Feature", "geometry": {"type": "Point", "coordinates": [117.339546, 31.868789]}, "properties": {"name": "东兴城", "category": "mall", "sub_category": "060100"}}, {"type": "Feature", "geometry": {"type": "Point", "coordinates": [117.337147, 31.871226]}, "properties": {"name": "宝业奥莱", "category": "mall", "sub_category": "060102"}}, {"type": "Feature", "geometry": {"type": "Point", "coordinates": [117.339111, 31.859594]}, "properties": {"name": "东方摩域艺术商业广场", "category": "mall", "sub_category": "060102"}}, {"type": "Feature", "geometry": {"type": "Point", "coordinates": [117.309552, 31.874278]}, "properties": {"name": "温莎国际广场", "category": "mall", "sub_category": "060101"}}, {"type": "Feature", "geometry": {"type": "Point", "coordinates": [117.314522, 31.883096]}, "properties": {"name": "安徽白马东座", "category": "mall", "sub_category": "060102"}}, {"type": "Feature", "geometry": {"type": "Point", "coordinates": [117.310898, 31.884629]}, "properties": {"name": "安徽白马商贸城", "category": "mall", "sub_category": "060100"}}, {"type": "Feature", "geometry": {"type": "Point", "coordinates": [117.321282, 31.881172]}, "properties": {"name": "中绿广场", "category": "mall", "sub_category": "060102"}}, {"type": "Feature", "geometry": {"type": "Point", "coordinates": [117.320401, 31.899202]}, "properties": {"name": "武里山天街A区", "category": "mall", "sub_category": "060102"}}, {"type": "Feature", "geometry": {"type": "Point", "coordinates": [117.30708, 31.87408]}, "properties": {"name": "元一时代广场A区", "category": "mall", "sub_category": "060100"}}, {"type": "Feature", "geometry": {"type": "Point", "coordinates": [117.316314, 31.899796]}, "properties": {"name": "百大·合家悦菜市场(瑶海佳苑店)", "category": "mall", "sub_category": "060705|060100"}}, {"type": "Feature", "geometry": {"type": "Point", "coordinates": [117.32042, 31.898559]}, "properties": {"name": "武里山天街商业B区", "category": "mall", "sub_category": "060102"}}, {"type": "Feature", "geometry": {"type": "Point", "coordinates": [117.306367, 31.870708]}, "properties": {"name": "嘉合生活广场", "category": "mall", "sub_category": "060100"}}, {"type": "Feature", "geometry": {"type": "Point", "coordinates": [117.33723, 31.86923]}, "properties": {"name": "宝业·东城广场E区", "category": "mall", "sub_category": "060100"}}, {"type": "Feature", "geometry": {"type": "Point", "coordinates": [117.337125, 31.870125]}, "properties": {"name": "宝业·东城广场D区", "category": "mall", "sub_category": "060101"}}, {"type": "Feature", "geometry": {"type": "Point", "coordinates": [117.307811, 31.87461]}, "properties": {"name": "元一时代广场B区", "category": "mall", "sub_category": "060100"}}, {"type": "Feature", "geometry": {"type": "Point", "coordinates": [117.308127, 31.859541]}, "properties": {"name": "御景湾生活广场(明光路店)", "category": "mall", "sub_category": "060102"}}, {"type": "Feature", "geometry": {"type": "Point", "coordinates": [117.308444, 31.8751]}, "properties": {"name": "元一时代广场C区", "category": "mall", "sub_category": "060100"}}, {"type": "Feature", "geometry": {"type": "Point", "coordinates": [117.313345, 31.884431]}, "properties": {"name": "安徽白马服装城", "category": "mall", "sub_category": "060102"}}, {"type": "Feature", "geometry": {"type": "Point", "coordinates": [117.321488, 31.863326]}, "properties": {"name": "龙湖·车桥新界", "category": "mall", "sub_category": "060100"}}, {"type": "Feature", "geometry": {"type": "Point", "coordinates": [117.30288, 31.857632]}, "properties": {"name": "苏宁易购(Suning Max包河万达店)", "category": "mall", "sub_category": "060304|060100"}}, {"type": "Feature", "geometry": {"type": "Point", "coordinates": [117.309636, 31.863696]}, "properties": {"name": "东方商城", "category": "mall", "sub_category": "060606|060102|060601"}}, {"type": "Feature", "geometry": {"type": "Point", "coordinates": [117.305701, 31.879424]}, "properties": {"name": "供销广场(恒丰大厦A座店)", "category": "mall", "sub_category": "060102"}}, {"type": "Feature", "geometry": {"type": "Point", "coordinates": [117.300028, 31.87623]}, "properties": {"name": "恒大中央广场商10号楼", "category": "mall", "sub_category": "060102"}}, {"type": "Feature", "geometry": {"type": "Point", "coordinates": [117.318761, 31.85988]}, "properties": {"name": "银座(恒盛豪庭店)", "category": "mall", "sub_category": "060102|071100|120000"}}, {"type": "Feature", "geometry": {"type": "Point", "coordinates": [117.302471, 31.857483]}, "properties": {"name": "中国珠宝(合肥包河万达广场店)", "category": "mall", "sub_category": "061202|060102"}}, {"type": "Feature", "geometry": {"type": "Point", "coordinates": [117.302467, 31.857483]}, "properties": {"name": "万达优选(万达广场店)", "category": "mall", "sub_category": "060103"}}, {"type": "Feature", "geometry": {"type": "Point", "coordinates": [117.332697, 31.854374]}, "properties": {"name": "华源生活广场-1区A座(华源国际城商业街1区店)", "category": "mall", "sub_category": "060102"}}, {"type": "Feature", "geometry": {"type": "Point", "coordinates": [117.327, 31.895123]}, "properties": {"name": "家天下·翡翠商谷", "category": "mall", "sub_category": "060102"}}, {"type": "Feature", "geometry": {"type": "Point", "coordinates": [117.33527, 31.871259]}, "properties": {"name": "花冲邻里中心", "category": "mall", "sub_category": "060102"}}, {"type": "Feature", "geometry": {"type": "Point", "coordinates": [117.321528, 31.902571]}, "properties": {"name": "乐活购物中心", "category": "mall", "sub_category": "060101"}}, {"type": "Feature", "geometry": {"type": "Point", "coordinates": [117.348584, 31.933815]}, "properties": {"name": "合肥弘盛商业广场", "category": "mall", "sub_category": "060100"}}, {"type": "Feature", "geometry": {"type": "Point", "coordinates": [117.314094, 31.901834]}, "properties": {"name": "合肥禹悦里", "category": "mall", "sub_category": "060102|120302"}}, {"type": "Feature", "geometry": {"type": "Point", "coordinates": [117.32827, 31.901329]}, "properties": {"name": "馥邦广场", "category": "mall", "sub_category": "060100"}}, {"type": "Feature", "geometry": {"type": "Point", "coordinates": [117.330974, 31.936737]}, "properties": {"name": "国购·京商商贸城", "category": "mall", "sub_category": "060102"}}, {"type": "Feature", "geometry": {"type": "Point", "coordinates": [117.345309, 31.925277]}, "properties": {"name": "京商中央广场", "category": "mall", "sub_category": "060101|120000"}}, {"type": "Feature", "geometry": {"type": "Point", "coordinates": [117.336171, 31.926636]}, "properties": {"name": "京商商贸城店", "category": "mall", "sub_category": "060100"}}, {"type": "Feature", "geometry": {"type": "Point", "coordinates": [117.338048, 31.932538]}, "properties": {"name": "国购·京商商贸城D区九街", "category": "mall", "sub_category": "060102"}}, {"type": "Feature", "geometry": {"type": "Point", "coordinates": [117.340639, 31.930696]}, "properties": {"name": "国购·京商商贸城E区一街", "category": "mall", "sub_category": "060100"}}, {"type": "Feature", "geometry": {"type": "Point", "coordinates": [117.346502, 31.920102]}, "properties": {"name": "国购·京商商贸城K区十八街", "category": "mall", "sub_category": "060102"}}, {"type": "Feature", "geometry": {"type": "Point", "coordinates": [117.345725, 31.923575]}, "properties": {"name": "京商商贸城k区八街sl栋123-124", "category": "mall", "sub_category": "060102"}}, {"type": "Feature", "geometry": {"type": "Point", "coordinates": [117.347531, 31.929219]}, "properties": {"name": "京商国际商贸城J区八街", "category": "mall", "sub_category": "060102"}}, {"type": "Feature", "geometry": {"type": "Point", "coordinates": [117.343339, 31.931387]}, "properties": {"name": "新站区京商商贸城B区", "category": "mall", "sub_category": "120000|060100"}}, {"type": "Feature", "geometry": {"type": "Point", "coordinates": [117.308407, 31.903434]}, "properties": {"name": "禹洲银河PARK(建设中)", "category": "mall", "sub_category": "060101"}}, {"type": "Feature", "geometry": {"type": "Point", "coordinates": [117.351996, 31.840521]}, "properties": {"name": "兴城家园邻里中心", "category": "mall", "sub_category": "060102"}}, {"type": "Feature", "geometry": {"type": "Point", "coordinates": [117.391245, 31.867351]}, "properties": {"name": "龙湖合肥瑶海天街", "category": "mall", "sub_category": "060101"}}, {"type": "Feature", "geometry": {"type": "Point", "coordinates": [117.359132, 31.858893]}, "properties": {"name": "保利广场", "category": "mall", "sub_category": "060102|060101"}}, {"type": "Feature", "geometry": {"type": "Point", "coordinates": [117.369511, 31.877843]}, "properties": {"name": "万欢购物广场", "category": "mall", "sub_category": "060101"}}, {"type": "Feature", "geometry": {"type": "Point", "coordinates": [117.383455, 31.875834]}, "properties": {"name": "满天星购物中心", "category": "mall", "sub_category": "060101"}}, {"type": "Feature", "geometry": {"type": "Point", "coordinates": [117.373675, 31.875825]}, "properties": {"name": "百味源购物广场", "category": "mall", "sub_category": "060101"}}, {"type": "Feature", "geometry": {"type": "Point", "coordinates": [117.380625, 31.869218]}, "properties": {"name": "山海居广场(龙岗店)", "category": "mall", "sub_category": "060102"}}, {"type": "Feature", "geometry": {"type": "Point", "coordinates": [117.363926, 31.865853]}, "properties": {"name": "新长江商业广场", "category": "mall", "sub_category": "060100"}}, {"type": "Feature", "geometry": {"type": "Point", "coordinates": [117.380625, 31.869218]}, "properties": {"name": "百思购广场(龙岗店)", "category": "mall", "sub_category": "060102|060101"}}, {"type": "Feature", "geometry": {"type": "Point", "coordinates": [117.357724, 31.857747]}, "properties": {"name": "保利·熙熙里", "category": "mall", "sub_category": "060102"}}, {"type": "Feature", "geometry": {"type": "Point", "coordinates": [117.398451, 31.859547]}, "properties": {"name": "小蓝猪益智玩具体验馆", "category": "mall", "sub_category": "060100"}}, {"type": "Feature", "geometry": {"type": "Point", "coordinates": [117.389903, 31.874117]}, "properties": {"name": "中墅地产(五十五中东校区店)", "category": "mall", "sub_category": "060100|071600"}}, {"type": "Feature", "geometry": {"type": "Point", "coordinates": [117.377902, 31.934583]}, "properties": {"name": "合家福超市(磨店购物广场店)", "category": "mall", "sub_category": "060100"}}, {"type": "Feature", "geometry": {"type": "Point", "coordinates": [117.377746, 31.93408]}, "properties": {"name": "百大商业广场", "category": "mall", "sub_category": "060100"}}, {"type": "Feature", "geometry": {"type": "Point", "coordinates": [117.356459, 31.948533]}, "properties": {"name": "招商·花园里", "category": "mall", "sub_category": "060100"}}, {"type": "Feature", "geometry": {"type": "Point", "coordinates": [117.380803, 31.941908]}, "properties": {"name": "合肥新站龙湖天街(建设中)", "category": "mall", "sub_category": "060101"}}, {"type": "Feature", "geometry": {"type": "Point", "coordinates": [117.417169, 31.831539]}, "properties": {"name": "华盛广场", "category": "mall", "sub_category": "060102"}}, {"type": "Feature", "geometry": {"type": "Point", "coordinates": [117.429254, 31.831429]}, "properties": {"name": "合肥浙商城", "category": "mall", "sub_category": "060102|060700"}}, {"type": "Feature", "geometry": {"type": "Point", "coordinates": [117.433219, 31.823443]}, "properties": {"name": "国润堂大药房(东方明珠嘉苑店)", "category": "mall", "sub_category": "060101"}}, {"type": "Feature", "geometry": {"type": "Point", "coordinates": [117.413507, 31.833811]}, "properties": {"name": "合肥爱琴海购物公园奥特莱斯(装修中)", "category": "mall", "sub_category": "060100"}}, {"type": "Feature", "geometry": {"type": "Point", "coordinates": [117.423472, 31.886419]}, "properties": {"name": "天润发量贩购物中心(文一名都店)", "category": "mall", "sub_category": "060101|060400"}}, {"type": "Feature", "geometry": {"type": "Point", "coordinates": [117.434727, 31.875355]}, "properties": {"name": "双龙商务大酒店-购物中心", "category": "mall", "sub_category": "060101"}}, {"type": "Feature", "geometry": {"type": "Point", "coordinates": [117.449575, 31.887229]}, "properties": {"name": "生活家广场", "category": "mall", "sub_category": "060102"}}, {"type": "Feature", "geometry": {"type": "Point", "coordinates": [117.428175, 31.868325]}, "properties": {"name": "合肥徽商城金属制品交易市场", "category": "mall", "sub_category": "060102"}}, {"type": "Feature", "geometry": {"type": "Point", "coordinates": [117.400246, 31.926216]}, "properties": {"name": "正荣中心(建设中)", "category": "mall", "sub_category": "060101"}}, {"type": "Feature", "geometry": {"type": "Point", "coordinates": [117.467536, 31.823944]}, "properties": {"name": "肥东县撮镇永兴商场(南大街店)", "category": "mall", "sub_category": "060102|060300"}}, {"type": "Feature", "geometry": {"type": "Point", "coordinates": [117.457594, 31.87196]}, "properties": {"name": "吾悦广场(合肥肥东店)", "category": "mall", "sub_category": "060101"}}, {"type": "Feature", "geometry": {"type": "Point", "coordinates": [117.475046, 31.852715]}, "properties": {"name": "亿佰购物广场", "category": "mall", "sub_category": "060100"}}, {"type": "Feature", "geometry": {"type": "Point", "coordinates": [117.467972, 31.887331]}, "properties": {"name": "新纪元鞋服坊(星光国际广场店)", "category": "mall", "sub_category": "060102|060400|061100"}}, {"type": "Feature", "geometry": {"type": "Point", "coordinates": [117.467997, 31.885275]}, "properties": {"name": "金阳光购物中心", "category": "mall", "sub_category": "060101|060200|061100"}}, {"type": "Feature", "geometry": {"type": "Point", "coordinates": [117.490011, 31.858017]}, "properties": {"name": "肥东伟星星悦广场", "category": "mall", "sub_category": "060101|120200"}}, {"type": "Feature", "geometry": {"type": "Point", "coordinates": [117.455695, 31.877288]}, "properties": {"name": "梓晨翰林苑商业广场", "category": "mall", "sub_category": "060102"}}, {"type": "Feature", "geometry": {"type": "Point", "coordinates": [117.467702, 31.887163]}, "properties": {"name": "汉运星光汇", "category": "mall", "sub_category": "060100"}}, {"type": "Feature", "geometry": {"type": "Point", "coordinates": [117.467925, 31.887389]}, "properties": {"name": "星光广场", "category": "mall", "sub_category": "060100"}}, {"type": "Feature", "geometry": {"type": "Point", "coordinates": [117.453993, 31.87943]}, "properties": {"name": "永兰百货", "category": "mall", "sub_category": "060100"}}, {"type": "Feature", "geometry": {"type": "Point", "coordinates": [117.490347, 31.859306]}, "properties": {"name": "伟星星悦广场租售中心", "category": "mall", "sub_category": "060100"}}, {"type": "Feature", "geometry": {"type": "Point", "coordinates": [117.460058, 31.888994]}, "properties": {"name": "贝儿乐幼教", "category": "kindergarten", "sub_category": "141204"}}, {"type": "Feature", "geometry": {"type": "Point", "coordinates": [117.272435, 31.420273]}, "properties": {"name": "小星星幼儿园", "category": "kindergarten", "sub_category": "141204"}}, {"type": "Feature", "geometry": {"type": "Point", "coordinates": [117.36254, 31.902858]}, "properties": {"name": "喻岗幼儿园", "category": "kindergarten", "sub_category": "141204|070000"}}, {"type": "Feature", "geometry": {"type": "Point", "coordinates": [117.479542, 31.848954]}, "properties": {"name": "肥东县东城幼教集团总园", "category": "kindergarten", "sub_category": "141204"}}, {"type": "Feature", "geometry": {"type": "Point", "coordinates": [117.15344, 31.719144]}, "properties": {"name": "上派幼教集团瑜城路分园", "category": "kindergarten", "sub_category": "141204"}}, {"type": "Feature", "geometry": {"type": "Point", "coordinates": [117.325042, 31.87964]}, "properties": {"name": "瑶海幼教托育中心", "category": "kindergarten", "sub_category": "141204"}}, {"type": "Feature", "geometry": {"type": "Point", "coordinates": [117.488394, 31.813015]}, "properties": {"name": "肥东县三和幼教集团·人和园", "category": "kindergarten", "sub_category": "141204"}}, {"type": "Feature", "geometry": {"type": "Point", "coordinates": [117.142937, 31.711458]}, "properties": {"name": "肥西学前教育集团西溪湾幼儿园", "category": "kindergarten", "sub_category": "141204"}}, {"type": "Feature", "geometry": {"type": "Point", "coordinates": [117.420278, 31.886825]}, "properties": {"name": "智杰幼教", "category": "kindergarten", "sub_category": "141204"}}, {"type": "Feature", "geometry": {"type": "Point", "coordinates": [117.259142, 31.965257]}, "properties": {"name": "小二郎幼儿看护点(恒泰风格城市店)", "category": "kindergarten", "sub_category": "141204"}}, {"type": "Feature", "geometry": {"type": "Point", "coordinates": [117.384164, 31.872016]}, "properties": {"name": "合肥百贝幼儿园", "category": "kindergarten", "sub_category": "141204"}}, {"type": "Feature", "geometry": {"type": "Point", "coordinates": [117.321623, 31.937493]}, "properties": {"name": "合肥幼教集团新店花园幼儿园", "category": "kindergarten", "sub_category": "141204"}}, {"type": "Feature", "geometry": {"type": "Point", "coordinates": [117.874617, 31.608773]}, "properties": {"name": "新蕾幼儿园(人民路)", "category": "kindergarten", "sub_category": "141204"}}, {"type": "Feature", "geometry": {"type": "Point", "coordinates": [117.371026, 31.935998]}, "properties": {"name": "合肥幼教集团艺境花园幼儿园", "category": "kindergarten", "sub_category": "141204"}}, {"type": "Feature", "geometry": {"type": "Point", "coordinates": [117.39956, 31.829055]}, "properties": {"name": "东方之星幼儿园教育集团", "category": "kindergarten", "sub_category": "141204"}}, {"type": "Feature", "geometry": {"type": "Point", "coordinates": [117.478739, 31.895213]}, "properties": {"name": "育红幼教集团岱山湖路幼儿园", "category": "kindergarten", "sub_category": "141204"}}, {"type": "Feature", "geometry": {"type": "Point", "coordinates": [117.160716, 31.423878]}, "properties": {"name": "蓓蕾幼儿园", "category": "kindergarten", "sub_category": "141204"}}, {"type": "Feature", "geometry": {"type": "Point", "coordinates": [117.331867, 31.793365]}, "properties": {"name": "美心幼儿园", "category": "kindergarten", "sub_category": "141204"}}, {"type": "Feature", "geometry": {"type": "Point", "coordinates": [117.14804, 31.770607]}, "properties": {"name": "顺和家园商业街", "category": "street_commercial", "sub_category": "061000"}}, {"type": "Feature", "geometry": {"type": "Point", "coordinates": [117.148079, 31.770582]}, "properties": {"name": "小吃一条街", "category": "street_commercial", "sub_category": "061000"}}, {"type": "Feature", "geometry": {"type": "Point", "coordinates": [117.136314, 31.848196]}, "properties": {"name": "新华城锦鲤坊商业街", "category": "street_commercial", "sub_category": "061000"}}, {"type": "Feature", "geometry": {"type": "Point", "coordinates": [117.115764, 31.81792]}, "properties": {"name": "诚信经营示范街", "category": "street_commercial", "sub_category": "061000"}}, {"type": "Feature", "geometry": {"type": "Point", "coordinates": [117.111418, 31.843193]}, "properties": {"name": "永和南苑商业街", "category": "street_commercial", "sub_category": "061000"}}, {"type": "Feature", "geometry": {"type": "Point", "coordinates": [117.131506, 31.852517]}, "properties": {"name": "悦汇街(南岗惠园D区店)", "category": "street_commercial", "sub_category": "060102|061000"}}, {"type": "Feature", "geometry": {"type": "Point", "coordinates": [117.114745, 31.852096]}, "properties": {"name": "伟星星悦里商业街区", "category": "street_commercial", "sub_category": "061000"}}, {"type": "Feature", "geometry": {"type": "Point", "coordinates": [117.168235, 31.708002]}, "properties": {"name": "栢悦湾潭冲左岸商业街区", "category": "street_commercial", "sub_category": "061000"}}, {"type": "Feature", "geometry": {"type": "Point", "coordinates": [117.162906, 31.725765]}, "properties": {"name": "万派街(万派广场店)", "category": "street_commercial", "sub_category": "061000"}}, {"type": "Feature", "geometry": {"type": "Point", "coordinates": [117.153808, 31.714236]}, "properties": {"name": "名邦栖街(名邦·保利广场店)", "category": "street_commercial", "sub_category": "061000"}}, {"type": "Feature", "geometry": {"type": "Point", "coordinates": [117.169966, 31.719151]}, "properties": {"name": "文明诚信示范街(中街·水晶城店)", "category": "street_commercial", "sub_category": "061000"}}, {"type": "Feature", "geometry": {"type": "Point", "coordinates": [117.158653, 31.738351]}, "properties": {"name": "九巷街", "category": "street_commercial", "sub_category": "061000"}}, {"type": "Feature", "geometry": {"type": "Point", "coordinates": [117.157506, 31.728254]}, "properties": {"name": "兴众美食街(兴众广场店)", "category": "street_commercial", "sub_category": "061000"}}, {"type": "Feature", "geometry": {"type": "Point", "coordinates": [117.152292, 31.781601]}, "properties": {"name": "和昌海罗街", "category": "street_commercial", "sub_category": "061000"}}, {"type": "Feature", "geometry": {"type": "Point", "coordinates": [117.174268, 31.782061]}, "properties": {"name": "绿洲风情商业街", "category": "street_commercial", "sub_category": "061000"}}, {"type": "Feature", "geometry": {"type": "Point", "coordinates": [117.172075, 31.783525]}, "properties": {"name": "繁华逸城商业街(童泰母婴店)", "category": "street_commercial", "sub_category": "061000"}}, {"type": "Feature", "geometry": {"type": "Point", "coordinates": [117.180594, 31.771221]}, "properties": {"name": "九龙菜市场", "category": "street_commercial", "sub_category": "060705|061000"}}, {"type": "Feature", "geometry": {"type": "Point", "coordinates": [117.162246, 31.799695]}, "properties": {"name": "方目里(建设中)", "category": "street_commercial", "sub_category": "061000"}}, {"type": "Feature", "geometry": {"type": "Point", "coordinates": [117.180263, 31.818932]}, "properties": {"name": "乐富强·乐街", "category": "street_commercial", "sub_category": "061000"}}, {"type": "Feature", "geometry": {"type": "Point", "coordinates": [117.163316, 31.807276]}, "properties": {"name": "柏堰商业街(柏堰雅苑店)", "category": "street_commercial", "sub_category": "061000"}}, {"type": "Feature", "geometry": {"type": "Point", "coordinates": [117.166316, 31.811466]}, "properties": {"name": "紫兰苑商业街A区", "category": "street_commercial", "sub_category": "061000"}}, {"type": "Feature", "geometry": {"type": "Point", "coordinates": [117.166736, 31.811255]}, "properties": {"name": "紫兰苑商品房C区", "category": "street_commercial", "sub_category": "061000"}}, {"type": "Feature", "geometry": {"type": "Point", "coordinates": [117.166375, 31.827625]}, "properties": {"name": "蜀南庭院商业街", "category": "street_commercial", "sub_category": "061000"}}, {"type": "Feature", "geometry": {"type": "Point", "coordinates": [117.166674, 31.811326]}, "properties": {"name": "紫兰苑商业街", "category": "street_commercial", "sub_category": "061000"}}, {"type": "Feature", "geometry": {"type": "Point", "coordinates": [117.166556, 31.811426]}, "properties": {"name": "紫兰苑商品房B区", "category": "street_commercial", "sub_category": "061000"}}, {"type": "Feature", "geometry": {"type": "Point", "coordinates": [117.184735, 31.85045]}, "properties": {"name": "半边街", "category": "street_commercial", "sub_category": "061000"}}, {"type": "Feature", "geometry": {"type": "Point", "coordinates": [117.172394, 31.85389]}, "properties": {"name": "沃野花园商业街", "category": "street_commercial", "sub_category": "061000"}}, {"type": "Feature", "geometry": {"type": "Point", "coordinates": [117.173869, 31.853961]}, "properties": {"name": "西城·衣食汇商业街(西城山水居店)", "category": "street_commercial", "sub_category": "061001"}}, {"type": "Feature", "geometry": {"type": "Point", "coordinates": [117.170125, 31.853375]}, "properties": {"name": "乐客来国际广场", "category": "street_commercial", "sub_category": "061000"}}, {"type": "Feature", "geometry": {"type": "Point", "coordinates": [117.168706, 31.860312]}, "properties": {"name": "曦街", "category": "street_commercial", "sub_category": "110105|061000"}}, {"type": "Feature", "geometry": {"type": "Point", "coordinates": [117.170504, 31.853454]}, "properties": {"name": "乐客街", "category": "street_commercial", "sub_category": "190301|061000"}}, {"type": "Feature", "geometry": {"type": "Point", "coordinates": [117.242954, 31.702573]}, "properties": {"name": "V-PARK商业街", "category": "street_commercial", "sub_category": "061000"}}, {"type": "Feature", "geometry": {"type": "Point", "coordinates": [117.246779, 31.712534]}, "properties": {"name": "临湖美食街(庐员外全时段邻里餐厅店)", "category": "street_commercial", "sub_category": "061000"}}, {"type": "Feature", "geometry": {"type": "Point", "coordinates": [117.228163, 31.743235]}, "properties": {"name": "建大合师小吃街(天门湖博雅居店)", "category": "street_commercial", "sub_category": "061000"}}, {"type": "Feature", "geometry": {"type": "Point", "coordinates": [117.22817, 31.74324]}, "properties": {"name": "安徽建筑大学小吃一条街", "category": "street_commercial", "sub_category": "061000"}}, {"type": "Feature", "geometry": {"type": "Point", "coordinates": [117.228365, 31.779991]}, "properties": {"name": "欧洲风情街(金寨南路店)", "category": "street_commercial", "sub_category": "061000"}}, {"type": "Feature", "geometry": {"type": "Point", "coordinates": [117.203405, 31.775971]}, "properties": {"name": "金星商业城", "category": "street_commercial", "sub_category": "060102|061000"}}, {"type": "Feature", "geometry": {"type": "Point", "coordinates": [117.205596, 31.758112]}, "properties": {"name": "翡翠商业街(翡翠美食街·维C派店)", "category": "street_commercial", "sub_category": "061000"}}, {"type": "Feature", "geometry": {"type": "Point", "coordinates": [117.23076, 31.772255]}, "properties": {"name": "大都会商业街(莲花路店)", "category": "street_commercial", "sub_category": "061000"}}, {"type": "Feature", "geometry": {"type": "Point", "coordinates": [117.208539, 31.780651]}, "properties": {"name": "中环城商业街", "category": "street_commercial", "sub_category": "061000"}}, {"type": "Feature", "geometry": {"type": "Point", "coordinates": [117.207185, 31.791831]}, "properties": {"name": "室外步行街(港澳广场店)", "category": "street_commercial", "sub_category": "061001"}}, {"type": "Feature", "geometry": {"type": "Point", "coordinates": [117.24671, 31.79774]}, "properties": {"name": "合柴1972东望街", "category": "street_commercial", "sub_category": "061000"}}, {"type": "Feature", "geometry": {"type": "Point", "coordinates": [117.208125, 31.791198]}, "properties": {"name": "港澳广场室外步行街1(港澳广场C区店)", "category": "street_commercial", "sub_category": "061001"}}, {"type": "Feature", "geometry": {"type": "Point", "coordinates": [117.204152, 31.758551]}, "properties": {"name": "徽省合肥市蜀山区翡翠商业街1栋110号", "category": "street_commercial", "sub_category": "061000"}}, {"type": "Feature", "geometry": {"type": "Point", "coordinates": [117.201508, 31.774926]}, "properties": {"name": "翠湖苑商业街", "category": "street_commercial", "sub_category": "190301|061000"}}, {"type": "Feature", "geometry": {"type": "Point", "coordinates": [117.230174, 31.772956]}, "properties": {"name": "大都会便利店", "category": "street_commercial", "sub_category": "061000|060200"}}, {"type": "Feature", "geometry": {"type": "Point", "coordinates": [117.221647, 31.84136]}, "properties": {"name": "金大地东西街", "category": "street_commercial", "sub_category": "061000"}}, {"type": "Feature", "geometry": {"type": "Point", "coordinates": [117.222323, 31.841512]}, "properties": {"name": "金大地1912酒吧街B区", "category": "street_commercial", "sub_category": "061000"}}, {"type": "Feature", "geometry": {"type": "Point", "coordinates": [117.235479, 31.83141]}, "properties": {"name": "海卉文化生活街(信旺·华府骏苑西区西南)", "category": "street_commercial", "sub_category": "061000"}}, {"type": "Feature", "geometry": {"type": "Point", "coordinates": [117.224239, 31.832589]}, "properties": {"name": "华地·双龙街", "category": "street_commercial", "sub_category": "061000"}}, {"type": "Feature", "geometry": {"type": "Point", "coordinates": [117.232731, 31.819993]}, "properties": {"name": "花花市街文旅街区", "category": "street_commercial", "sub_category": "120201|120302|061000"}}, {"type": "Feature", "geometry": {"type": "Point", "coordinates": [117.232553, 31.835913]}, "properties": {"name": "锦鲤街(新华国际广场店)", "category": "street_commercial", "sub_category": "061000"}}, {"type": "Feature", "geometry": {"type": "Point", "coordinates": [117.229209, 31.802007]}, "properties": {"name": "大象哆艺术街区", "category": "street_commercial", "sub_category": "061000"}}, {"type": "Feature", "geometry": {"type": "Point", "coordinates": [117.220675, 31.818925]}, "properties": {"name": "天鹅湖金街(天鹅湖万达店)", "category": "street_commercial", "sub_category": "061001"}}, {"type": "Feature", "geometry": {"type": "Point", "coordinates": [117.220383, 31.841392]}, "properties": {"name": "金大地1912街区西街", "category": "street_commercial", "sub_category": "061000"}}, {"type": "Feature", "geometry": {"type": "Point", "coordinates": [117.232188, 31.837646]}, "properties": {"name": "新华潜水街", "category": "street_commercial", "sub_category": "061000"}}, {"type": "Feature", "geometry": {"type": "Point", "coordinates": [117.232087, 31.833893]}, "properties": {"name": "琳琅I街(港汇广场店)", "category": "street_commercial", "sub_category": "061000"}}, {"type": "Feature", "geometry": {"type": "Point", "coordinates": [117.231542, 31.807406]}, "properties": {"name": "天鹅湖步行街(保利MALL店)", "category": "street_commercial", "sub_category": "061001"}}, {"type": "Feature", "geometry": {"type": "Point", "coordinates": [117.232206, 31.833837]}, "properties": {"name": "港汇广场琳琅2街(港汇中心店)", "category": "street_commercial", "sub_category": "061000"}}, {"type": "Feature", "geometry": {"type": "Point", "coordinates": [117.232725, 31.831725]}, "properties": {"name": "时尚女人街(大唐国际购物广场店)", "category": "street_commercial", "sub_category": "061000"}}, {"type": "Feature", "geometry": {"type": "Point", "coordinates": [117.207654, 31.818713]}, "properties": {"name": "银杏路商业广场", "category": "street_commercial", "sub_category": "061000"}}, {"type": "Feature", "geometry": {"type": "Point", "coordinates": [117.248375, 31.819675]}, "properties": {"name": "信达政务乐活街(融创信达·政务壹号店)", "category": "street_commercial", "sub_category": "061000"}}, {"type": "Feature", "geometry": {"type": "Point", "coordinates": [117.235451, 31.813467]}, "properties": {"name": "融创合肥壹号院SONE街区", "category": "street_commercial", "sub_category": "061000"}}, {"type": "Feature", "geometry": {"type": "Point", "coordinates": [117.221196, 31.819938]}, "properties": {"name": "室内步行街(万达广场店)", "category": "street_commercial", "sub_category": "061000"}}, {"type": "Feature", "geometry": {"type": "Point", "coordinates": [117.220682, 31.841516]}, "properties": {"name": "金大地1912街区西街5幢", "category": "street_commercial", "sub_category": "061000"}}, {"type": "Feature", "geometry": {"type": "Point", "coordinates": [117.221925, 31.820725]}, "properties": {"name": "天鹅湖酒家", "category": "street_commercial", "sub_category": "061000"}}, {"type": "Feature", "geometry": {"type": "Point", "coordinates": [117.219318, 31.841194]}, "properties": {"name": "西街1912夜市", "category": "street_commercial", "sub_category": "061000"}}, {"type": "Feature", "geometry": {"type": "Point", "coordinates": [117.224146, 31.85275]}, "properties": {"name": "十里庙内街", "category": "street_commercial", "sub_category": "061000"}}, {"type": "Feature", "geometry": {"type": "Point", "coordinates": [117.229939, 31.853719]}, "properties": {"name": "玥·街", "category": "street_commercial", "sub_category": "061000"}}, {"type": "Feature", "geometry": {"type": "Point", "coordinates": [117.234597, 31.852708]}, "properties": {"name": "汉服文化特色街区(国祯广场店)", "category": "street_commercial", "sub_category": "061000"}}, {"type": "Feature", "geometry": {"type": "Point", "coordinates": [117.233511, 31.890053]}, "properties": {"name": "万科森生活汇", "category": "street_commercial", "sub_category": "061000"}}, {"type": "Feature", "geometry": {"type": "Point", "coordinates": [117.227888, 31.854366]}, "properties": {"name": "合肥种子一条街", "category": "street_commercial", "sub_category": "061000"}}, {"type": "Feature", "geometry": {"type": "Point", "coordinates": [117.235419, 31.901754]}, "properties": {"name": "文一百年街", "category": "street_commercial", "sub_category": "061000"}}, {"type": "Feature", "geometry": {"type": "Point", "coordinates": [117.246215, 31.998745]}, "properties": {"name": "北城鸿徽蔬菜直销店", "category": "street_commercial", "sub_category": "061000"}}, {"type": "Feature", "geometry": {"type": "Point", "coordinates": [117.249617, 31.978083]}, "properties": {"name": "凤鸣小吃街", "category": "street_commercial", "sub_category": "061000"}}, {"type": "Feature", "geometry": {"type": "Point", "coordinates": [117.285096, 31.744782]}, "properties": {"name": "千城商业广场", "category": "street_commercial", "sub_category": "061000"}}, {"type": "Feature", "geometry": {"type": "Point", "coordinates": [117.292732, 31.737377]}, "properties": {"name": "滨湖假日商业街", "category": "street_commercial", "sub_category": "061000"}}, {"type": "Feature", "geometry": {"type": "Point", "coordinates": [117.298045, 31.737483]}, "properties": {"name": "万国金街", "category": "street_commercial", "sub_category": "061000"}}, {"type": "Feature", "geometry": {"type": "Point", "coordinates": [117.296476, 31.706281]}, "properties": {"name": "东方蓝海金水风情商业街", "category": "street_commercial", "sub_category": "061000"}}, {"type": "Feature", "geometry": {"type": "Point", "coordinates": [117.276279, 31.704193]}, "properties": {"name": "云谷创新园·云街商业街", "category": "street_commercial", "sub_category": "061000"}}, {"type": "Feature", "geometry": {"type": "Point", "coordinates": [117.277298, 31.748391]}, "properties": {"name": "烟墩商业街", "category": "street_commercial", "sub_category": "061000"}}, {"type": "Feature", "geometry": {"type": "Point", "coordinates": [117.258933, 31.778537]}, "properties": {"name": "海恒步行街", "category": "street_commercial", "sub_category": "061001"}}, {"type": "Feature", "geometry": {"type": "Point", "coordinates": [117.271526, 31.759205]}, "properties": {"name": "海恒国际体验式商业街区", "category": "street_commercial", "sub_category": "061000"}}, {"type": "Feature", "geometry": {"type": "Point", "coordinates": [117.293509, 31.819892]}, "properties": {"name": "罍街", "category": "street_commercial", "sub_category": "061000"}}, {"type": "Feature", "geometry": {"type": "Point", "coordinates": [117.26751, 31.805027]}, "properties": {"name": "信达乐活街", "category": "street_commercial", "sub_category": "061000"}}, {"type": "Feature", "geometry": {"type": "Point", "coordinates": [117.272892, 31.844759]}, "properties": {"name": "合肥绩溪路商业步行街", "category": "street_commercial", "sub_category": "061001"}}, {"type": "Feature", "geometry": {"type": "Point", "coordinates": [117.291219, 31.817745]}, "properties": {"name": "罍街南区", "category": "street_commercial", "sub_category": "061000"}}, {"type": "Feature", "geometry": {"type": "Point", "coordinates": [117.286212, 31.849798]}, "properties": {"name": "徽州大道商业步行街", "category": "street_commercial", "sub_category": "061001"}}, {"type": "Feature", "geometry": {"type": "Point", "coordinates": [117.294164, 31.806754]}, "properties": {"name": "望湖上街", "category": "street_commercial", "sub_category": "061000"}}, {"type": "Feature", "geometry": {"type": "Point", "coordinates": [117.267433, 31.803805]}, "properties": {"name": "信达乐活街二期", "category": "street_commercial", "sub_category": "061000"}}, {"type": "Feature", "geometry": {"type": "Point", "coordinates": [117.268834, 31.81034]}, "properties": {"name": "绿地中心春台街", "category": "street_commercial", "sub_category": "061000"}}, {"type": "Feature", "geometry": {"type": "Point", "coordinates": [117.294146, 31.838725]}, "properties": {"name": "庐州坊", "category": "street_commercial", "sub_category": "061000"}}, {"type": "Feature", "geometry": {"type": "Point", "coordinates": [117.29441, 31.819423]}, "properties": {"name": "罍街东区", "category": "street_commercial", "sub_category": "061000"}}, {"type": "Feature", "geometry": {"type": "Point", "coordinates": [117.264734, 31.834264]}, "properties": {"name": "科大后街", "category": "street_commercial", "sub_category": "061001"}}, {"type": "Feature", "geometry": {"type": "Point", "coordinates": [117.292291, 31.820497]}, "properties": {"name": "1980合肥创意文化街区", "category": "street_commercial", "sub_category": "061000"}}, {"type": "Feature", "geometry": {"type": "Point", "coordinates": [117.282142, 31.828424]}, "properties": {"name": "金水坊安徽特色商业街", "category": "street_commercial", "sub_category": "061000"}}, {"type": "Feature", "geometry": {"type": "Point", "coordinates": [117.267869, 31.812635]}, "properties": {"name": "春晓街", "category": "street_commercial", "sub_category": "061000"}}, {"type": "Feature", "geometry": {"type": "Point", "coordinates": [117.266751, 31.808173]}, "properties": {"name": "春台街", "category": "street_commercial", "sub_category": "061000"}}, {"type": "Feature", "geometry": {"type": "Point", "coordinates": [117.292882, 31.819554]}, "properties": {"name": "中国特色商业街", "category": "street_commercial", "sub_category": "061000"}}, {"type": "Feature", "geometry": {"type": "Point", "coordinates": [117.292225, 31.818925]}, "properties": {"name": "文化创意艺术街区", "category": "street_commercial", "sub_category": "061000"}}, {"type": "Feature", "geometry": {"type": "Point", "coordinates": [117.277575, 31.820675]}, "properties": {"name": "科大花园商业街", "category": "street_commercial", "sub_category": "061000"}}, {"type": "Feature", "geometry": {"type": "Point", "coordinates": [117.293501, 31.820627]}, "properties": {"name": "罍街夜市广场", "category": "street_commercial", "sub_category": "061000"}}, {"type": "Feature", "geometry": {"type": "Point", "coordinates": [117.292894, 31.819685]}, "properties": {"name": "磊师豆坊(罍街早餐店)", "category": "street_commercial", "sub_category": "061000"}}, {"type": "Feature", "geometry": {"type": "Point", "coordinates": [117.292076, 31.839138]}, "properties": {"name": "宁国路龙虾美食街", "category": "street_commercial", "sub_category": "061000"}}, {"type": "Feature", "geometry": {"type": "Point", "coordinates": [117.277496, 31.849736]}, "properties": {"name": "青年巷", "category": "street_commercial", "sub_category": "061000"}}, {"type": "Feature", "geometry": {"type": "Point", "coordinates": [117.29384, 31.864372]}, "properties": {"name": "淮河路步行街", "category": "street_commercial", "sub_category": "061001"}}, {"type": "Feature", "geometry": {"type": "Point", "coordinates": [117.295325, 31.863475]}, "properties": {"name": "中市街国潮街区(东)", "category": "street_commercial", "sub_category": "061000"}}, {"type": "Feature", "geometry": {"type": "Point", "coordinates": [117.278555, 31.860554]}, "properties": {"name": "女人街便民服务巷", "category": "street_commercial", "sub_category": "061001"}}, {"type": "Feature", "geometry": {"type": "Point", "coordinates": [117.296908, 31.875246]}, "properties": {"name": "徽商2号门·幸福街里", "category": "street_commercial", "sub_category": "061000"}}, {"type": "Feature", "geometry": {"type": "Point", "coordinates": [117.281869, 31.850221]}, "properties": {"name": "合肥香港商业步行街(三星钻石大厦西南)", "category": "street_commercial", "sub_category": "061001"}}, {"type": "Feature", "geometry": {"type": "Point", "coordinates": [117.284442, 31.883624]}, "properties": {"name": "双岗义井路民俗花卉街", "category": "street_commercial", "sub_category": "061000"}}, {"type": "Feature", "geometry": {"type": "Point", "coordinates": [117.287683, 31.863575]}, "properties": {"name": "绿都步行街(绿都商城店)", "category": "street_commercial", "sub_category": "061001"}}, {"type": "Feature", "geometry": {"type": "Point", "coordinates": [117.295315, 31.863705]}, "properties": {"name": "中市街国潮街区", "category": "street_commercial", "sub_category": "061000|070000"}}, {"type": "Feature", "geometry": {"type": "Point", "coordinates": [117.27901, 31.853879]}, "properties": {"name": "老报馆EAST", "category": "street_commercial", "sub_category": "061000"}}, {"type": "Feature", "geometry": {"type": "Point", "coordinates": [117.288788, 31.86038]}, "properties": {"name": "百纳女人街", "category": "street_commercial", "sub_category": "061000"}}, {"type": "Feature", "geometry": {"type": "Point", "coordinates": [117.290446, 31.864345]}, "properties": {"name": "精彩出庐·天街", "category": "street_commercial", "sub_category": "061000"}}, {"type": "Feature", "geometry": {"type": "Point", "coordinates": [117.258331, 31.853339]}, "properties": {"name": "之心小天街", "category": "street_commercial", "sub_category": "061000"}}, {"type": "Feature", "geometry": {"type": "Point", "coordinates": [117.294885, 31.892971]}, "properties": {"name": "银河街", "category": "street_commercial", "sub_category": "061000"}}, {"type": "Feature", "geometry": {"type": "Point", "coordinates": [117.28304, 31.860613]}, "properties": {"name": "益民街2号", "category": "street_commercial", "sub_category": "061000"}}, {"type": "Feature", "geometry": {"type": "Point", "coordinates": [117.276538, 31.860136]}, "properties": {"name": "银桂巷", "category": "street_commercial", "sub_category": "061000"}}, {"type": "Feature", "geometry": {"type": "Point", "coordinates": [117.275238, 31.85977]}, "properties": {"name": "易舍文化极光之夜文化创客街区", "category": "street_commercial", "sub_category": "061000"}}, {"type": "Feature", "geometry": {"type": "Point", "coordinates": [117.284935, 31.863867]}, "properties": {"name": "新疆麦尔丹花园街", "category": "street_commercial", "sub_category": "061000"}}, {"type": "Feature", "geometry": {"type": "Point", "coordinates": [117.264737, 31.858442]}, "properties": {"name": "吃货街(环球金融广场B座店)", "category": "street_commercial", "sub_category": "061000"}}, {"type": "Feature", "geometry": {"type": "Point", "coordinates": [117.289865, 31.888977]}, "properties": {"name": "中西街(元一名城A区店)", "category": "street_commercial", "sub_category": "061000"}}, {"type": "Feature", "geometry": {"type": "Point", "coordinates": [117.294054, 31.864731]}, "properties": {"name": "BowlingGo潮玩运动街区(步行街店)", "category": "street_commercial", "sub_category": "061000"}}, {"type": "Feature", "geometry": {"type": "Point", "coordinates": [117.278149, 31.853924]}, "properties": {"name": "新月光广场", "category": "street_commercial", "sub_category": "061001"}}, {"type": "Feature", "geometry": {"type": "Point", "coordinates": [117.279575, 31.880525]}, "properties": {"name": "新天地精品街(新天地·国际中心店)", "category": "street_commercial", "sub_category": "061000"}}, {"type": "Feature", "geometry": {"type": "Point", "coordinates": [117.257314, 31.852903]}, "properties": {"name": "知心美食街", "category": "street_commercial", "sub_category": "061000"}}, {"type": "Feature", "geometry": {"type": "Point", "coordinates": [117.262771, 31.866151]}, "properties": {"name": "美食一条街", "category": "street_commercial", "sub_category": "061000"}}, {"type": "Feature", "geometry": {"type": "Point", "coordinates": [117.2949, 31.864513]}, "properties": {"name": "百盛美食街(百盛购物中心店)", "category": "street_commercial", "sub_category": "061000"}}, {"type": "Feature", "geometry": {"type": "Point", "coordinates": [117.275934, 31.859713]}, "properties": {"name": "徽州小吃街(人民巷二店)", "category": "street_commercial", "sub_category": "061000"}}, {"type": "Feature", "geometry": {"type": "Point", "coordinates": [117.296091, 31.863702]}, "properties": {"name": "勤劳巷", "category": "street_commercial", "sub_category": "190301|061000"}}, {"type": "Feature", "geometry": {"type": "Point", "coordinates": [117.292465, 31.864878]}, "properties": {"name": "撮造山巷", "category": "street_commercial", "sub_category": "190301|061000"}}, {"type": "Feature", "geometry": {"type": "Point", "coordinates": [117.276782, 31.854344]}, "properties": {"name": "老报馆酒吧街", "category": "street_commercial", "sub_category": "061000"}}, {"type": "Feature", "geometry": {"type": "Point", "coordinates": [117.267926, 31.923843]}, "properties": {"name": "润街Block(华联购物广场连水路店)", "category": "street_commercial", "sub_category": "061000"}}, {"type": "Feature", "geometry": {"type": "Point", "coordinates": [117.265491, 31.919841]}, "properties": {"name": "华地·龗龙街(华地·森林湖店)", "category": "street_commercial", "sub_category": "061000"}}, {"type": "Feature", "geometry": {"type": "Point", "coordinates": [117.292976, 31.940111]}, "properties": {"name": "宝湾国际54大街", "category": "street_commercial", "sub_category": "190301|061000"}}, {"type": "Feature", "geometry": {"type": "Point", "coordinates": [117.25263, 31.989359]}, "properties": {"name": "阳光街(金科半岛1号1期店)", "category": "street_commercial", "sub_category": "061000"}}, {"type": "Feature", "geometry": {"type": "Point", "coordinates": [117.255266, 31.983192]}, "properties": {"name": "御园金街(京冠·御园华府店)", "category": "street_commercial", "sub_category": "061000"}}, {"type": "Feature", "geometry": {"type": "Point", "coordinates": [117.260675, 31.956873]}, "properties": {"name": "恒泰·城果一期步行街", "category": "street_commercial", "sub_category": "061001"}}, {"type": "Feature", "geometry": {"type": "Point", "coordinates": [117.314266, 31.71957]}, "properties": {"name": "文一津门水街", "category": "street_commercial", "sub_category": "061000"}}, {"type": "Feature", "geometry": {"type": "Point", "coordinates": [117.305773, 31.732704]}, "properties": {"name": "佳源香榭街", "category": "street_commercial", "sub_category": "061000"}}, {"type": "Feature", "geometry": {"type": "Point", "coordinates": [117.303096, 31.704543]}, "properties": {"name": "融创茂室内步行街", "category": "street_commercial", "sub_category": "061001"}}, {"type": "Feature", "geometry": {"type": "Point", "coordinates": [117.311811, 31.71238]}, "properties": {"name": "万年埠(万达未来领地店)", "category": "street_commercial", "sub_category": "190107|061000"}}, {"type": "Feature", "geometry": {"type": "Point", "coordinates": [117.307304, 31.700886]}, "properties": {"name": "融创酒吧街", "category": "street_commercial", "sub_category": "080304|061000"}}, {"type": "Feature", "geometry": {"type": "Point", "coordinates": [117.328976, 31.793112]}, "properties": {"name": "贡街", "category": "street_commercial", "sub_category": "061000"}}, {"type": "Feature", "geometry": {"type": "Point", "coordinates": [117.326762, 31.795684]}, "properties": {"name": "水丽坊·商业街", "category": "street_commercial", "sub_category": "061000"}}, {"type": "Feature", "geometry": {"type": "Point", "coordinates": [117.316648, 31.784828]}, "properties": {"name": "合肥奇石文化街", "category": "street_commercial", "sub_category": "061000"}}, {"type": "Feature", "geometry": {"type": "Point", "coordinates": [117.324627, 31.768591]}, "properties": {"name": "华夏茶里(水街店)", "category": "street_commercial", "sub_category": "061000"}}, {"type": "Feature", "geometry": {"type": "Point", "coordinates": [117.318673, 31.797945]}, "properties": {"name": "包河苑美食街", "category": "street_commercial", "sub_category": "061000"}}, {"type": "Feature", "geometry": {"type": "Point", "coordinates": [117.305314, 31.825955]}, "properties": {"name": "后街", "category": "street_commercial", "sub_category": "061000"}}, {"type": "Feature", "geometry": {"type": "Point", "coordinates": [117.308796, 31.822736]}, "properties": {"name": "名店街(和昌·都汇华府店)", "category": "street_commercial", "sub_category": "061000"}}, {"type": "Feature", "geometry": {"type": "Point", "coordinates": [117.317047, 31.8146]}, "properties": {"name": "京华广场商业街", "category": "street_commercial", "sub_category": "061000"}}, {"type": "Feature", "geometry": {"type": "Point", "coordinates": [117.318322, 31.837725]}, "properties": {"name": "合肥坝上街新市场", "category": "street_commercial", "sub_category": "061000|060700"}}, {"type": "Feature", "geometry": {"type": "Point", "coordinates": [117.318173, 31.816864]}, "properties": {"name": "安百苑便民小吃街", "category": "street_commercial", "sub_category": "061000"}}, {"type": "Feature", "geometry": {"type": "Point", "coordinates": [117.320737, 31.898372]}, "properties": {"name": "武里山天街", "category": "street_commercial", "sub_category": "061000"}}, {"type": "Feature", "geometry": {"type": "Point", "coordinates": [117.319841, 31.878911]}, "properties": {"name": "信地城市广场步行街", "category": "street_commercial", "sub_category": "061001|190301"}}, {"type": "Feature", "geometry": {"type": "Point", "coordinates": [117.308393, 31.856551]}, "properties": {"name": "淮矿和平盛世商业街", "category": "street_commercial", "sub_category": "061000"}}, {"type": "Feature", "geometry": {"type": "Point", "coordinates": [117.310747, 31.861645]}, "properties": {"name": "安美商业街", "category": "street_commercial", "sub_category": "061000"}}, {"type": "Feature", "geometry": {"type": "Point", "coordinates": [117.303373, 31.858333]}, "properties": {"name": "包河金街(合肥包河万达广场店)", "category": "street_commercial", "sub_category": "061000"}}, {"type": "Feature", "geometry": {"type": "Point", "coordinates": [117.336076, 31.876603]}, "properties": {"name": "合家福商业街(临泉东路店)", "category": "street_commercial", "sub_category": "061001"}}, {"type": "Feature", "geometry": {"type": "Point", "coordinates": [117.337609, 31.871463]}, "properties": {"name": "宝业东城广场东七里商业街", "category": "street_commercial", "sub_category": "061000"}}, {"type": "Feature", "geometry": {"type": "Point", "coordinates": [117.324394, 31.864646]}, "properties": {"name": "梧桐坊e邻中心", "category": "street_commercial", "sub_category": "061000"}}, {"type": "Feature", "geometry": {"type": "Point", "coordinates": [117.302425, 31.855925]}, "properties": {"name": "万达广场室内步行街(包河金街店)", "category": "street_commercial", "sub_category": "061001"}}, {"type": "Feature", "geometry": {"type": "Point", "coordinates": [117.301275, 31.863625]}, "properties": {"name": "合肥大东门商业街", "category": "street_commercial", "sub_category": "061000"}}, {"type": "Feature", "geometry": {"type": "Point", "coordinates": [117.349575, 31.877325]}, "properties": {"name": "室内步行街(合肥瑶海万达广场店)", "category": "street_commercial", "sub_category": "061000"}}, {"type": "Feature", "geometry": {"type": "Point", "coordinates": [117.30243, 31.857775]}, "properties": {"name": "新派南洋风民国主题街区(合肥包河万达广场店)", "category": "street_commercial", "sub_category": "061000"}}, {"type": "Feature", "geometry": {"type": "Point", "coordinates": [117.302525, 31.856425]}, "properties": {"name": "花漾女神街(包河万达店)", "category": "street_commercial", "sub_category": "061000"}}, {"type": "Feature", "geometry": {"type": "Point", "coordinates": [117.32279, 31.886394]}, "properties": {"name": "龙湖·星街不夜城", "category": "street_commercial", "sub_category": "061000"}}, {"type": "Feature", "geometry": {"type": "Point", "coordinates": [117.320741, 31.897533]}, "properties": {"name": "武里山天街C区", "category": "street_commercial", "sub_category": "061000"}}, {"type": "Feature", "geometry": {"type": "Point", "coordinates": [117.333725, 31.854475]}, "properties": {"name": "华源国际城商业街", "category": "street_commercial", "sub_category": "061000"}}, {"type": "Feature", "geometry": {"type": "Point", "coordinates": [117.31058, 31.862252]}, "properties": {"name": "安美商业街E区", "category": "street_commercial", "sub_category": "061000"}}, {"type": "Feature", "geometry": {"type": "Point", "coordinates": [117.320576, 31.879933]}, "properties": {"name": "信地步行街乐行市集", "category": "street_commercial", "sub_category": "061001"}}, {"type": "Feature", "geometry": {"type": "Point", "coordinates": [117.310853, 31.861825]}, "properties": {"name": "安美商业街D区", "category": "street_commercial", "sub_category": "061000"}}, {"type": "Feature", "geometry": {"type": "Point", "coordinates": [117.33727, 31.870178]}, "properties": {"name": "宝业·东城广场下沉式商业街(宝业东城广场店)", "category": "street_commercial", "sub_category": "061000"}}, {"type": "Feature", "geometry": {"type": "Point", "coordinates": [117.329858, 31.853712]}, "properties": {"name": "茂林路农贸市场便民商业示范街", "category": "street_commercial", "sub_category": "061000"}}, {"type": "Feature", "geometry": {"type": "Point", "coordinates": [117.328901, 31.87789]}, "properties": {"name": "信地·安徽大市场窗帘一条街", "category": "street_commercial", "sub_category": "061000"}}, {"type": "Feature", "geometry": {"type": "Point", "coordinates": [117.308289, 31.853936]}, "properties": {"name": "合肥市裕丰花鸟虫鱼市场-文化街", "category": "street_commercial", "sub_category": "061000"}}, {"type": "Feature", "geometry": {"type": "Point", "coordinates": [117.302625, 31.856925]}, "properties": {"name": "醉民国(万达广场店)", "category": "street_commercial", "sub_category": "061000|050000"}}, {"type": "Feature", "geometry": {"type": "Point", "coordinates": [117.304839, 31.900988]}, "properties": {"name": "昊天园商业街(隆昊·昊天园店)", "category": "street_commercial", "sub_category": "061000"}}, {"type": "Feature", "geometry": {"type": "Point", "coordinates": [117.338152, 31.932916]}, "properties": {"name": "京商商贸城D区七街", "category": "street_commercial", "sub_category": "061000"}}, {"type": "Feature", "geometry": {"type": "Point", "coordinates": [117.342205, 31.932596]}, "properties": {"name": "京商商贸城G区三街", "category": "street_commercial", "sub_category": "061000"}}, {"type": "Feature", "geometry": {"type": "Point", "coordinates": [117.342128, 31.93235]}, "properties": {"name": "京商商贸城G区四街", "category": "street_commercial", "sub_category": "061000"}}, {"type": "Feature", "geometry": {"type": "Point", "coordinates": [117.337555, 31.937792]}, "properties": {"name": "北郡金街", "category": "street_commercial", "sub_category": "061000"}}, {"type": "Feature", "geometry": {"type": "Point", "coordinates": [117.339519, 31.924843]}, "properties": {"name": "I区十三街", "category": "street_commercial", "sub_category": "061000"}}, {"type": "Feature", "geometry": {"type": "Point", "coordinates": [117.347018, 31.920629]}, "properties": {"name": "K区十五街", "category": "street_commercial", "sub_category": "061000"}}, {"type": "Feature", "geometry": {"type": "Point", "coordinates": [117.33989, 31.92616]}, "properties": {"name": "七街商业", "category": "street_commercial", "sub_category": "061000"}}, {"type": "Feature", "geometry": {"type": "Point", "coordinates": [117.347389, 31.921631]}, "properties": {"name": "K区十二街", "category": "street_commercial", "sub_category": "061000"}}, {"type": "Feature", "geometry": {"type": "Point", "coordinates": [117.346783, 31.920488]}, "properties": {"name": "k区十六街", "category": "street_commercial", "sub_category": "061000"}}, {"type": "Feature", "geometry": {"type": "Point", "coordinates": [117.345187, 31.921888]}, "properties": {"name": "瑶海家具(京商商贸城K区十四街店)", "category": "street_commercial", "sub_category": "060602|061000"}}, {"type": "Feature", "geometry": {"type": "Point", "coordinates": [117.347758, 31.932111]}, "properties": {"name": "京商美食街", "category": "street_commercial", "sub_category": "061000"}}, {"type": "Feature", "geometry": {"type": "Point", "coordinates": [117.387261, 31.783071]}, "properties": {"name": "磨滩大街", "category": "street_commercial", "sub_category": "061000"}}, {"type": "Feature", "geometry": {"type": "Point", "coordinates": [117.383139, 31.839129]}, "properties": {"name": "百大·周谷堆商业街1号楼(百大周谷堆农产品国际物流园店)", "category": "street_commercial", "sub_category": "061000"}}, {"type": "Feature", "geometry": {"type": "Point", "coordinates": [117.354196, 31.871675]}, "properties": {"name": "长江180艺术街区", "category": "street_commercial", "sub_category": "061000"}}, {"type": "Feature", "geometry": {"type": "Point", "coordinates": [117.365888, 31.868743]}, "properties": {"name": "时埠里", "category": "street_commercial", "sub_category": "061001|120000"}}, {"type": "Feature", "geometry": {"type": "Point", "coordinates": [117.391821, 31.86718]}, "properties": {"name": "铂金岛商业街(龙湖合肥瑶海天街店)", "category": "street_commercial", "sub_category": "061000"}}, {"type": "Feature", "geometry": {"type": "Point", "coordinates": [117.351475, 31.886525]}, "properties": {"name": "原创生活小区商业街(实嘉·原创生活西区店)", "category": "street_commercial", "sub_category": "061000"}}, {"type": "Feature", "geometry": {"type": "Point", "coordinates": [117.363407, 31.867262]}, "properties": {"name": "小商品城(新长江商业广场店)", "category": "street_commercial", "sub_category": "061000"}}, {"type": "Feature", "geometry": {"type": "Point", "coordinates": [117.351411, 31.876899]}, "properties": {"name": "金街夜市美食广场(万达华府3期店)", "category": "street_commercial", "sub_category": "061000"}}, {"type": "Feature", "geometry": {"type": "Point", "coordinates": [117.388803, 31.933542]}, "properties": {"name": "黉街", "category": "street_commercial", "sub_category": "061000"}}, {"type": "Feature", "geometry": {"type": "Point", "coordinates": [117.350181, 31.925519]}, "properties": {"name": "京商国际商贸城J区二十街", "category": "street_commercial", "sub_category": "061000"}}, {"type": "Feature", "geometry": {"type": "Point", "coordinates": [117.39068, 31.921876]}, "properties": {"name": "圣联梦溪商业街(圣联梦溪小城店)", "category": "street_commercial", "sub_category": "061000"}}, {"type": "Feature", "geometry": {"type": "Point", "coordinates": [117.350291, 31.92579]}, "properties": {"name": "J区十九街(京商国际商贸城J区店)", "category": "street_commercial", "sub_category": "061000"}}, {"type": "Feature", "geometry": {"type": "Point", "coordinates": [117.370346, 31.931853]}, "properties": {"name": "安广美食小吃街", "category": "street_commercial", "sub_category": "061000"}}, {"type": "Feature", "geometry": {"type": "Point", "coordinates": [117.382647, 31.939189]}, "properties": {"name": "磨店小吃街", "category": "street_commercial", "sub_category": "061000"}}, {"type": "Feature", "geometry": {"type": "Point", "coordinates": [117.380831, 31.938928]}, "properties": {"name": "磨店美食一条街", "category": "street_commercial", "sub_category": "061000"}}, {"type": "Feature", "geometry": {"type": "Point", "coordinates": [117.356857, 31.956592]}, "properties": {"name": "招商美好合集", "category": "street_commercial", "sub_category": "061000"}}, {"type": "Feature", "geometry": {"type": "Point", "coordinates": [117.378475, 31.976025]}, "properties": {"name": "海棠花海森林夜市", "category": "street_commercial", "sub_category": "061000"}}, {"type": "Feature", "geometry": {"type": "Point", "coordinates": [117.440827, 31.874748]}, "properties": {"name": "风情街", "category": "street_commercial", "sub_category": "061000"}}, {"type": "Feature", "geometry": {"type": "Point", "coordinates": [117.425669, 31.875114]}, "properties": {"name": "东方·红街", "category": "street_commercial", "sub_category": "061000"}}, {"type": "Feature", "geometry": {"type": "Point", "coordinates": [117.423443, 31.886392]}, "properties": {"name": "万国街(文一名都一期店)", "category": "street_commercial", "sub_category": "061000"}}, {"type": "Feature", "geometry": {"type": "Point", "coordinates": [117.425037, 31.87847]}, "properties": {"name": "和顺风情街", "category": "street_commercial", "sub_category": "061000"}}, {"type": "Feature", "geometry": {"type": "Point", "coordinates": [117.426707, 31.874067]}, "properties": {"name": "彩虹新城商业街", "category": "street_commercial", "sub_category": "061000"}}, {"type": "Feature", "geometry": {"type": "Point", "coordinates": [117.457964, 31.821547]}, "properties": {"name": "合肥撮街", "category": "street_commercial", "sub_category": "061000"}}, {"type": "Feature", "geometry": {"type": "Point", "coordinates": [117.479702, 31.820764]}, "properties": {"name": "义和商超", "category": "street_commercial", "sub_category": "061000|070000"}}, {"type": "Feature", "geometry": {"type": "Point", "coordinates": [117.455843, 31.871088]}, "properties": {"name": "吾福印巷(合肥肥东吾悦广场店)", "category": "street_commercial", "sub_category": "061000"}}, {"type": "Feature", "geometry": {"type": "Point", "coordinates": [117.467892, 31.884441]}, "properties": {"name": "步康商城", "category": "street_commercial", "sub_category": "061001"}}, {"type": "Feature", "geometry": {"type": "Point", "coordinates": [117.253985, 31.849307]}, "properties": {"name": "我爱伢儿童成长园", "category": "kindergarten", "sub_category": "141204"}}, {"type": "Feature", "geometry": {"type": "Point", "coordinates": [117.407097, 31.925769]}, "properties": {"name": "新鑫幼教·罗兰香谷幼儿园", "category": "kindergarten", "sub_category": "141204"}}, {"type": "Feature", "geometry": {"type": "Point", "coordinates": [117.307333, 31.905861]}, "properties": {"name": "合肥幼教集团萧城路幼儿园", "category": "kindergarten", "sub_category": "141204"}}, {"type": "Feature", "geometry": {"type": "Point", "coordinates": [117.255478, 31.754154]}, "properties": {"name": "合肥幼教集团金屿海岸幼儿园", "category": "kindergarten", "sub_category": "141204"}}, {"type": "Feature", "geometry": {"type": "Point", "coordinates": [117.256417, 31.819757]}, "properties": {"name": "爱生堡幼教", "category": "kindergarten", "sub_category": "141204|141400"}}, {"type": "Feature", "geometry": {"type": "Point", "coordinates": [117.353723, 31.932957]}, "properties": {"name": "合肥幼教集团北岗花园幼儿园", "category": "kindergarten", "sub_category": "141204"}}, {"type": "Feature", "geometry": {"type": "Point", "coordinates": [117.533737, 32.128783]}, "properties": {"name": "杨店学校-杨店中心幼儿园", "category": "kindergarten", "sub_category": "141204"}}, {"type": "Feature", "geometry": {"type": "Point", "coordinates": [117.10269, 31.769313]}, "properties": {"name": "肥西县华南城幼儿园", "category": "kindergarten", "sub_category": "141204"}}, {"type": "Feature", "geometry": {"type": "Point", "coordinates": [117.513983, 31.588187]}, "properties": {"name": "爱生堡云水湾幼儿园", "category": "kindergarten", "sub_category": "141204"}}, {"type": "Feature", "geometry": {"type": "Point", "coordinates": [117.230555, 31.773603]}, "properties": {"name": "尚泽幼儿园", "category": "kindergarten", "sub_category": "141204"}}, {"type": "Feature", "geometry": {"type": "Point", "coordinates": [117.484974, 31.882137]}, "properties": {"name": "新希望幼儿园", "category": "kindergarten", "sub_category": "141204"}}, {"type": "Feature", "geometry": {"type": "Point", "coordinates": [117.283504, 31.354336]}, "properties": {"name": "童萌慧幼儿园", "category": "kindergarten", "sub_category": "141204"}}, {"type": "Feature", "geometry": {"type": "Point", "coordinates": [117.288204, 31.150336]}, "properties": {"name": "梦溪幼儿园", "category": "kindergarten", "sub_category": "141204"}}, {"type": "Feature", "geometry": {"type": "Point", "coordinates": [117.184208, 31.142019]}, "properties": {"name": "乐桥镇幼儿园", "category": "kindergarten", "sub_category": "141204"}}, {"type": "Feature", "geometry": {"type": "Point", "coordinates": [117.301836, 31.24698]}, "properties": {"name": "贝贝幼儿园(农圣路)", "category": "kindergarten", "sub_category": "141204"}}, {"type": "Feature", "geometry": {"type": "Point", "coordinates": [117.581805, 31.626601]}, "properties": {"name": "巢湖市黄麓幼儿园", "category": "kindergarten", "sub_category": "141204"}}, {"type": "Feature", "geometry": {"type": "Point", "coordinates": [117.275941, 31.731894]}, "properties": {"name": "合肥滨湖康康幼儿园", "category": "kindergarten", "sub_category": "141204"}}, {"type": "Feature", "geometry": {"type": "Point", "coordinates": [117.292425, 31.842221]}, "properties": {"name": "合肥工业大学幼儿园", "category": "kindergarten", "sub_category": "141204"}}, {"type": "Feature", "geometry": {"type": "Point", "coordinates": [117.473076, 31.886384]}, "properties": {"name": "肥东店埠镇青春幼儿园", "category": "kindergarten", "sub_category": "141204"}}, {"type": "Feature", "geometry": {"type": "Point", "coordinates": [117.426527, 32.147956]}, "properties": {"name": "肥东县白龙镇中心幼儿园", "category": "kindergarten", "sub_category": "141204"}}, {"type": "Feature", "geometry": {"type": "Point", "coordinates": [117.161203, 31.627502]}, "properties": {"name": "小火炬幼儿园", "category": "kindergarten", "sub_category": "141204"}}, {"type": "Feature", "geometry": {"type": "Point", "coordinates": [117.214536, 32.195132]}, "properties": {"name": "金童幼儿园", "category": "kindergarten", "sub_category": "141204"}}, {"type": "Feature", "geometry": {"type": "Point", "coordinates": [117.476885, 31.884379]}, "properties": {"name": "亲亲幼儿园(浮槎山路)", "category": "kindergarten", "sub_category": "141204"}}, {"type": "Feature", "geometry": {"type": "Point", "coordinates": [116.799248, 31.657298]}, "properties": {"name": "金牛育才幼儿园", "category": "kindergarten", "sub_category": "141204"}}, {"type": "Feature", "geometry": {"type": "Point", "coordinates": [117.206807, 31.748619]}, "properties": {"name": "合肥海恒教育紫云路幼儿园", "category": "kindergarten", "sub_category": "141204"}}, {"type": "Feature", "geometry": {"type": "Point", "coordinates": [117.237485, 31.866864]}, "properties": {"name": "欣喜苔自然学园", "category": "kindergarten", "sub_category": "141204|141400"}}, {"type": "Feature", "geometry": {"type": "Point", "coordinates": [117.302033, 31.892276]}, "properties": {"name": "瑶海幼教", "category": "kindergarten", "sub_category": "141204"}}, {"type": "Feature", "geometry": {"type": "Point", "coordinates": [117.180375, 31.698803]}, "properties": {"name": "肥西师范幼教中心站下路幼儿园", "category": "kindergarten", "sub_category": "141204"}}, {"type": "Feature", "geometry": {"type": "Point", "coordinates": [117.46108, 31.87477]}, "properties": {"name": "快乐宝贝幼儿园·和顺园", "category": "kindergarten", "sub_category": "141204"}}, {"type": "Feature", "geometry": {"type": "Point", "coordinates": [117.476482, 31.80693]}, "properties": {"name": "肥东县撮镇幼教集团先锋园", "category": "kindergarten", "sub_category": "141204"}}, {"type": "Feature", "geometry": {"type": "Point", "coordinates": [117.465362, 31.816635]}, "properties": {"name": "肥东县撮镇幼教集团和谐园", "category": "kindergarten", "sub_category": "141204"}}, {"type": "Feature", "geometry": {"type": "Point", "coordinates": [117.190184, 31.807642]}, "properties": {"name": "美诚教育", "category": "kindergarten", "sub_category": "141204|141400"}}, {"type": "Feature", "geometry": {"type": "Point", "coordinates": [117.202801, 31.801438]}, "properties": {"name": "肥西爱生堡幼儿园", "category": "kindergarten", "sub_category": "141204|141400"}}, {"type": "Feature", "geometry": {"type": "Point", "coordinates": [117.442964, 31.891097]}, "properties": {"name": "合肥星星幼教(丽水云天分园)", "category": "kindergarten", "sub_category": "141204"}}, {"type": "Feature", "geometry": {"type": "Point", "coordinates": [117.266756, 31.748933]}, "properties": {"name": "亿童幼教", "category": "kindergarten", "sub_category": "141204"}}, {"type": "Feature", "geometry": {"type": "Point", "coordinates": [117.311581, 31.868198]}, "properties": {"name": "Q狮育儿早托中心•爱博尔幼儿园", "category": "kindergarten", "sub_category": "141204"}}, {"type": "Feature", "geometry": {"type": "Point", "coordinates": [117.286875, 31.904653]}, "properties": {"name": "中铁四公司幼儿园", "category": "kindergarten", "sub_category": "141204"}}, {"type": "Feature", "geometry": {"type": "Point", "coordinates": [117.245904, 32.000028]}, "properties": {"name": "天辰幼儿园", "category": "kindergarten", "sub_category": "141204"}}, {"type": "Feature", "geometry": {"type": "Point", "coordinates": [117.451066, 31.824085]}, "properties": {"name": "肥东县撮镇幼教集团总园", "category": "kindergarten", "sub_category": "141204"}}, {"type": "Feature", "geometry": {"type": "Point", "coordinates": [117.395082, 31.921056]}, "properties": {"name": "合肥新鑫幼教毓秀雅苑幼儿园", "category": "kindergarten", "sub_category": "141204"}}, {"type": "Feature", "geometry": {"type": "Point", "coordinates": [117.180391, 31.706987]}, "properties": {"name": "肥西师范幼教中心灯塔幼儿园", "category": "kindergarten", "sub_category": "141204"}}, {"type": "Feature", "geometry": {"type": "Point", "coordinates": [117.404766, 31.933339]}, "properties": {"name": "合肥新鑫幼教同德苑幼儿园", "category": "kindergarten", "sub_category": "141204"}}, {"type": "Feature", "geometry": {"type": "Point", "coordinates": [117.273377, 31.763512]}, "properties": {"name": "合肥幼教集团水木园幼儿园", "category": "kindergarten", "sub_category": "141204"}}, {"type": "Feature", "geometry": {"type": "Point", "coordinates": [117.37014, 31.943665]}, "properties": {"name": "合肥幼教集团少荃湖名苑幼儿园", "category": "kindergarten", "sub_category": "141204"}}, {"type": "Feature", "geometry": {"type": "Point", "coordinates": [117.12116, 31.845681]}, "properties": {"name": "合肥创和幼教高新区皖水路幼儿园", "category": "kindergarten", "sub_category": "141204"}}, {"type": "Feature", "geometry": {"type": "Point", "coordinates": [117.196465, 31.793718]}, "properties": {"name": "合肥幼教集团融创创瑾园幼儿园", "category": "kindergarten", "sub_category": "141204"}}, {"type": "Feature", "geometry": {"type": "Point", "coordinates": [117.388669, 31.900891]}, "properties": {"name": "合肥幼教集团依云华府幼儿园", "category": "kindergarten", "sub_category": "141204"}}, {"type": "Feature", "geometry": {"type": "Point", "coordinates": [117.33927, 31.904985]}, "properties": {"name": "合肥幼教集团世纪荣廷幼儿园", "category": "kindergarten", "sub_category": "141204"}}, {"type": "Feature", "geometry": {"type": "Point", "coordinates": [117.152455, 31.831392]}, "properties": {"name": "合肥必爱课幼儿园", "category": "kindergarten", "sub_category": "141204"}}, {"type": "Feature", "geometry": {"type": "Point", "coordinates": [117.163287, 31.826022]}, "properties": {"name": "合肥幼教集团高新区第一幼儿园", "category": "kindergarten", "sub_category": "141204"}}, {"type": "Feature", "geometry": {"type": "Point", "coordinates": [117.440529, 31.884517]}, "properties": {"name": "合肥幼教集团肥东锦源春天幼儿园", "category": "kindergarten", "sub_category": "141204"}}, {"type": "Feature", "geometry": {"type": "Point", "coordinates": [117.287393, 31.222153]}, "properties": {"name": "庐江县新智慧艺术学校", "category": "kindergarten", "sub_category": "141204"}}, {"type": "Feature", "geometry": {"type": "Point", "coordinates": [117.344599, 31.872221]}, "properties": {"name": "华贝幼教", "category": "kindergarten", "sub_category": "141204"}}, {"type": "Feature", "geometry": {"type": "Point", "coordinates": [117.209628, 31.811946]}, "properties": {"name": "伊顿幼儿园(合肥御龙湾校园)", "category": "kindergarten", "sub_category": "141204"}}, {"type": "Feature", "geometry": {"type": "Point", "coordinates": [117.198902, 31.854591]}, "properties": {"name": "睿趣疯狂机器人科技中心(花园城中心)", "category": "kindergarten", "sub_category": "141204|141400|070000"}}, {"type": "Feature", "geometry": {"type": "Point", "coordinates": [117.867278, 31.61292]}, "properties": {"name": "红黄蓝亲子园(龟山路园区)", "category": "kindergarten", "sub_category": "141204"}}, {"type": "Feature", "geometry": {"type": "Point", "coordinates": [117.258305, 31.869263]}, "properties": {"name": "红黄蓝(合肥翠竹园幼儿园)", "category": "kindergarten", "sub_category": "141204"}}, {"type": "Feature", "geometry": {"type": "Point", "coordinates": [117.2074, 31.785311]}, "properties": {"name": "合肥润安公学幼儿园", "category": "kindergarten", "sub_category": "141204|141400"}}, {"type": "Feature", "geometry": {"type": "Point", "coordinates": [117.207364, 31.816364]}, "properties": {"name": "童乐轩幼儿园", "category": "kindergarten", "sub_category": "141204|141400"}}, {"type": "Feature", "geometry": {"type": "Point", "coordinates": [117.320045, 31.890074]}, "properties": {"name": "西湖花园幼儿园-皖红幼教", "category": "kindergarten", "sub_category": "141204"}}, {"type": "Feature", "geometry": {"type": "Point", "coordinates": [117.292256, 31.859707]}, "properties": {"name": "安庆路幼儿园教育集团早教指导中心", "category": "kindergarten", "sub_category": "141204|141400"}}, {"type": "Feature", "geometry": {"type": "Point", "coordinates": [117.278423, 31.259217]}, "properties": {"name": "红黄蓝幼儿园(安徽庐江园)", "category": "kindergarten", "sub_category": "141204|141400"}}, {"type": "Feature", "geometry": {"type": "Point", "coordinates": [117.189448, 31.691432]}, "properties": {"name": "合肥创和幼教集团乐平幼儿园", "category": "kindergarten", "sub_category": "141204"}}, {"type": "Feature", "geometry": {"type": "Point", "coordinates": [117.165336, 31.860802]}, "properties": {"name": "合肥市少年宫香槟小镇幼儿园", "category": "kindergarten", "sub_category": "141204"}}, {"type": "Feature", "geometry": {"type": "Point", "coordinates": [117.273695, 31.875407]}, "properties": {"name": "合肥创和幼教沿河路幼儿园", "category": "kindergarten", "sub_category": "141204"}}, {"type": "Feature", "geometry": {"type": "Point", "coordinates": [117.246875, 31.851125]}, "properties": {"name": "合肥三味蒙特梭利国际幼儿园", "category": "kindergarten", "sub_category": "141204|141400"}}, {"type": "Feature", "geometry": {"type": "Point", "coordinates": [117.443829, 31.879794]}, "properties": {"name": "碧桂园童乐幼儿园", "category": "kindergarten", "sub_category": "141204|141400"}}, {"type": "Feature", "geometry": {"type": "Point", "coordinates": [117.208298, 31.804842]}, "properties": {"name": "合肥金色摇篮融侨天骏幼儿园", "category": "kindergarten", "sub_category": "141204"}}, {"type": "Feature", "geometry": {"type": "Point", "coordinates": [117.277543, 31.749574]}, "properties": {"name": "绿地滨湖印象幼儿园", "category": "kindergarten", "sub_category": "141204"}}, {"type": "Feature", "geometry": {"type": "Point", "coordinates": [117.194265, 31.833193]}, "properties": {"name": "贝乐·澜溪镇国际全托幼儿园", "category": "kindergarten", "sub_category": "141204"}}, {"type": "Feature", "geometry": {"type": "Point", "coordinates": [117.291427, 31.835842]}, "properties": {"name": "合肥青年幼儿园", "category": "kindergarten", "sub_category": "141204"}}, {"type": "Feature", "geometry": {"type": "Point", "coordinates": [117.352779, 31.886648]}, "properties": {"name": "合肥林旭原创幼儿园", "category": "kindergarten", "sub_category": "141204"}}, {"type": "Feature", "geometry": {"type": "Point", "coordinates": [117.255288, 31.867178]}, "properties": {"name": "合肥奥林奕阳幼儿园", "category": "kindergarten", "sub_category": "141204"}}, {"type": "Feature", "geometry": {"type": "Point", "coordinates": [117.323177, 31.256022]}, "properties": {"name": "庐江县幼教集团钻石湾幼儿园", "category": "kindergarten", "sub_category": "141204"}}, {"type": "Feature", "geometry": {"type": "Point", "coordinates": [117.400139, 31.929738]}, "properties": {"name": "合肥幼教集团同福苑幼儿园", "category": "kindergarten", "sub_category": "141204"}}, {"type": "Feature", "geometry": {"type": "Point", "coordinates": [117.315615, 31.940025]}, "properties": {"name": "合肥幼教集团新店西苑幼儿园", "category": "kindergarten", "sub_category": "141204"}}, {"type": "Feature", "geometry": {"type": "Point", "coordinates": [117.182789, 31.695083]}, "properties": {"name": "肥西师范幼教中心云霄路幼儿园", "category": "kindergarten", "sub_category": "141204"}}, {"type": "Feature", "geometry": {"type": "Point", "coordinates": [117.201403, 31.793541]}, "properties": {"name": "合肥幼教集团创颐园幼儿园", "category": "kindergarten", "sub_category": "141204"}}, {"type": "Feature", "geometry": {"type": "Point", "coordinates": [117.467023, 31.837443]}, "properties": {"name": "肥东县东城幼教集团天悦府幼儿园", "category": "kindergarten", "sub_category": "141204"}}, {"type": "Feature", "geometry": {"type": "Point", "coordinates": [117.477428, 31.837941]}, "properties": {"name": "肥东县三和幼教集团东城家园幼儿园(一期)", "category": "kindergarten", "sub_category": "141204"}}, {"type": "Feature", "geometry": {"type": "Point", "coordinates": [117.299328, 31.925097]}, "properties": {"name": "合肥幼教集团熙岸雅轩幼儿园", "category": "kindergarten", "sub_category": "141204"}}, {"type": "Feature", "geometry": {"type": "Point", "coordinates": [117.181737, 31.727742]}, "properties": {"name": "上派镇中心幼儿园南郢分园", "category": "kindergarten", "sub_category": "141204"}}, {"type": "Feature", "geometry": {"type": "Point", "coordinates": [117.318049, 31.8645]}, "properties": {"name": "史蒂芬森·紫云府幼儿园", "category": "kindergarten", "sub_category": "141204"}}, {"type": "Feature", "geometry": {"type": "Point", "coordinates": [117.179426, 32.084231]}, "properties": {"name": "高塘星星幼儿园", "category": "kindergarten", "sub_category": "141204"}}, {"type": "Feature", "geometry": {"type": "Point", "coordinates": [117.315078, 31.7931]}, "properties": {"name": "乐高乐托育园", "category": "kindergarten", "sub_category": "141204"}}, {"type": "Feature", "geometry": {"type": "Point", "coordinates": [117.315721, 31.900014]}, "properties": {"name": "合肥幼教集团尚品御园幼儿园", "category": "kindergarten", "sub_category": "141204"}}, {"type": "Feature", "geometry": {"type": "Point", "coordinates": [117.399042, 31.859596]}, "properties": {"name": "宝贝金摇篮", "category": "kindergarten", "sub_category": "141204"}}, {"type": "Feature", "geometry": {"type": "Point", "coordinates": [117.212229, 31.867385]}, "properties": {"name": "上海伊凡幼教金色池塘幼儿园", "category": "kindergarten", "sub_category": "141204"}}, {"type": "Feature", "geometry": {"type": "Point", "coordinates": [117.19385, 31.757689]}, "properties": {"name": "合肥幼教集团世茂首府幼儿园", "category": "kindergarten", "sub_category": "141204"}}, {"type": "Feature", "geometry": {"type": "Point", "coordinates": [117.175086, 31.740389]}, "properties": {"name": "肥西幼教集团绿地幼儿园", "category": "kindergarten", "sub_category": "141204"}}, {"type": "Feature", "geometry": {"type": "Point", "coordinates": [117.20721, 31.809158]}, "properties": {"name": "合肥市第八中学(匡河校区)", "category": "school_senior", "sub_category": "141202"}}, {"type": "Feature", "geometry": {"type": "Point", "coordinates": [117.105526, 31.832464]}, "properties": {"name": "合肥市第七中学", "category": "school_senior", "sub_category": "141202"}}, {"type": "Feature", "geometry": {"type": "Point", "coordinates": [117.25382, 31.757896]}, "properties": {"name": "合肥一六八中学始信路校区", "category": "school_senior", "sub_category": "141202"}}, {"type": "Feature", "geometry": {"type": "Point", "coordinates": [117.392903, 31.861988]}, "properties": {"name": "合肥市第十中学", "category": "school_senior", "sub_category": "141202"}}, {"type": "Feature", "geometry": {"type": "Point", "coordinates": [117.346531, 31.73618]}, "properties": {"name": "合肥市第四中学", "category": "school_senior", "sub_category": "141202"}}, {"type": "Feature", "geometry": {"type": "Point", "coordinates": [117.264496, 31.927176]}, "properties": {"name": "合肥市第六中学菱湖校区", "category": "school_senior", "sub_category": "141202"}}, {"type": "Feature", "geometry": {"type": "Point", "coordinates": [117.036127, 31.8379]}, "properties": {"name": "合肥市第八中学(运河新城校区)", "category": "school_senior", "sub_category": "141202"}}, {"type": "Feature", "geometry": {"type": "Point", "coordinates": [117.281637, 31.736258]}, "properties": {"name": "合肥一中", "category": "school_senior", "sub_category": "141202"}}, {"type": "Feature", "geometry": {"type": "Point", "coordinates": [117.354834, 31.814703]}, "properties": {"name": "合肥市第一中学淝河校区", "category": "school_senior", "sub_category": "141202"}}, {"type": "Feature", "geometry": {"type": "Point", "coordinates": [117.369707, 31.845698]}, "properties": {"name": "合肥一中瑶海校区", "category": "school_senior", "sub_category": "141202"}}, {"type": "Feature", "geometry": {"type": "Point", "coordinates": [117.173944, 31.741734]}, "properties": {"name": "安徽肥西实验高级中学", "category": "school_senior", "sub_category": "141202"}}, {"type": "Feature", "geometry": {"type": "Point", "coordinates": [117.401285, 31.923193]}, "properties": {"name": "合肥市第九中学(新站校区)", "category": "school_senior", "sub_category": "141202"}}, {"type": "Feature", "geometry": {"type": "Point", "coordinates": [117.024526, 31.985696]}, "properties": {"name": "合肥市第六中学(新桥校区)", "category": "school_senior", "sub_category": "141202|170200"}}, {"type": "Feature", "geometry": {"type": "Point", "coordinates": [117.278089, 31.843484]}, "properties": {"name": "合肥市第二中学", "category": "school_senior", "sub_category": "141202"}}, {"type": "Feature", "geometry": {"type": "Point", "coordinates": [117.291411, 31.86851]}, "properties": {"name": "合肥市第三中学", "category": "school_senior", "sub_category": "141202"}}, {"type": "Feature", "geometry": {"type": "Point", "coordinates": [117.308083, 31.742528]}, "properties": {"name": "合肥滨湖寿春中学", "category": "school_senior", "sub_category": "141202"}}, {"type": "Feature", "geometry": {"type": "Point", "coordinates": [117.322287, 31.866767]}, "properties": {"name": "合肥市第五中学(长江校区)", "category": "school_senior", "sub_category": "141202"}}, {"type": "Feature", "geometry": {"type": "Point", "coordinates": [117.169737, 31.855522]}, "properties": {"name": "合肥市第三十五中学", "category": "school_senior", "sub_category": "141202"}}, {"type": "Feature", "geometry": {"type": "Point", "coordinates": [117.239249, 31.739911]}, "properties": {"name": "合肥锦绣中学", "category": "school_senior", "sub_category": "141202"}}, {"type": "Feature", "geometry": {"type": "Point", "coordinates": [117.312078, 31.875679]}, "properties": {"name": "合肥市第十一中学", "category": "school_senior", "sub_category": "141202"}}, {"type": "Feature", "geometry": {"type": "Point", "coordinates": [117.295123, 31.821458]}, "properties": {"name": "合肥市第一中学教育集团(包河分校)", "category": "school_senior", "sub_category": "141202"}}, {"type": "Feature", "geometry": {"type": "Point", "coordinates": [117.187949, 31.699551]}, "properties": {"name": "合肥八中教育集团铭传高级中学", "category": "school_senior", "sub_category": "141202"}}, {"type": "Feature", "geometry": {"type": "Point", "coordinates": [117.477792, 31.841751]}, "properties": {"name": "安徽省肥东第一中学", "category": "school_senior", "sub_category": "141202"}}, {"type": "Feature", "geometry": {"type": "Point", "coordinates": [117.334804, 31.939464]}, "properties": {"name": "合肥一六八陶冲湖中学", "category": "school_senior", "sub_category": "141202|141203"}}, {"type": "Feature", "geometry": {"type": "Point", "coordinates": [117.164613, 31.717751]}, "properties": {"name": "安徽省肥西中学", "category": "school_senior", "sub_category": "141202"}}, {"type": "Feature", "geometry": {"type": "Point", "coordinates": [117.27115, 31.857891]}, "properties": {"name": "合肥市第一中学(长江路校区)", "category": "school_senior", "sub_category": "141202"}}, {"type": "Feature", "geometry": {"type": "Point", "coordinates": [117.255015, 31.814153]}, "properties": {"name": "合肥市第二十八中学", "category": "school_senior", "sub_category": "141202"}}, {"type": "Feature", "geometry": {"type": "Point", "coordinates": [117.48438, 31.933062]}, "properties": {"name": "肥东圣泉中学", "category": "school_senior", "sub_category": "141202"}}, {"type": "Feature", "geometry": {"type": "Point", "coordinates": [117.395596, 31.922488]}, "properties": {"name": "合肥皖智高级中学(磨店校区)", "category": "school_senior", "sub_category": "141202"}}, {"type": "Feature", "geometry": {"type": "Point", "coordinates": [117.23906, 32.046064]}, "properties": {"name": "合肥市第一中学教育集团(北城分校)", "category": "school_senior", "sub_category": "141202"}}, {"type": "Feature", "geometry": {"type": "Point", "coordinates": [117.245404, 31.831521]}, "properties": {"name": "合肥市第十七中学", "category": "school_senior", "sub_category": "141202"}}, {"type": "Feature", "geometry": {"type": "Point", "coordinates": [117.293021, 31.861243]}, "properties": {"name": "合肥市第九中学(四牌楼校区)", "category": "school_senior", "sub_category": "141202"}}, {"type": "Feature", "geometry": {"type": "Point", "coordinates": [117.283988, 31.869303]}, "properties": {"name": "合肥市第六中学百花井校区", "category": "school_senior", "sub_category": "141202"}}, {"type": "Feature", "geometry": {"type": "Point", "coordinates": [117.325791, 31.975726]}, "properties": {"name": "合肥卓越中学", "category": "school_senior", "sub_category": "141202"}}, {"type": "Feature", "geometry": {"type": "Point", "coordinates": [117.290542, 31.842834]}, "properties": {"name": "合肥工业大学附属中学", "category": "school_senior", "sub_category": "141202"}}, {"type": "Feature", "geometry": {"type": "Point", "coordinates": [117.11965, 31.856203]}, "properties": {"name": "合肥八一学校", "category": "school_senior", "sub_category": "141202|141203"}}, {"type": "Feature", "geometry": {"type": "Point", "coordinates": [117.262721, 31.223867]}, "properties": {"name": "安徽省庐江第二中学", "category": "school_senior", "sub_category": "141202"}}, {"type": "Feature", "geometry": {"type": "Point", "coordinates": [117.322594, 31.855971]}, "properties": {"name": "合肥市第五中学(和平校区)", "category": "school_senior", "sub_category": "141202"}}, {"type": "Feature", "geometry": {"type": "Point", "coordinates": [117.165938, 32.446116]}, "properties": {"name": "长丰县第一中学", "category": "school_senior", "sub_category": "141202"}}, {"type": "Feature", "geometry": {"type": "Point", "coordinates": [117.481461, 31.822945]}, "properties": {"name": "肥东尚真中学", "category": "school_senior", "sub_category": "141202"}}, {"type": "Feature", "geometry": {"type": "Point", "coordinates": [117.352297, 31.939556]}, "properties": {"name": "康桥学校合肥校区", "category": "school_senior", "sub_category": "141202"}}, {"type": "Feature", "geometry": {"type": "Point", "coordinates": [117.338802, 31.937482]}, "properties": {"name": "合肥新鑫幼教阅湖登科幼儿园", "category": "kindergarten", "sub_category": "141204"}}, {"type": "Feature", "geometry": {"type": "Point", "coordinates": [117.137399, 31.842014]}, "properties": {"name": "合肥高新创新实验中学", "category": "school_senior", "sub_category": "141202"}}, {"type": "Feature", "geometry": {"type": "Point", "coordinates": [117.447295, 31.906979]}, "properties": {"name": "合肥一中肥东分校", "category": "school_senior", "sub_category": "141202"}}, {"type": "Feature", "geometry": {"type": "Point", "coordinates": [117.323775, 31.947481]}, "properties": {"name": "合肥中汇实验学校", "category": "school_senior", "sub_category": "141202"}}, {"type": "Feature", "geometry": {"type": "Point", "coordinates": [117.22248, 31.788263]}, "properties": {"name": "合肥皖智高复补习学校", "category": "school_senior", "sub_category": "141202"}}, {"type": "Feature", "geometry": {"type": "Point", "coordinates": [117.262097, 31.881739]}, "properties": {"name": "合肥市庐阳高级中学(亳州路校区)", "category": "school_senior", "sub_category": "141202"}}, {"type": "Feature", "geometry": {"type": "Point", "coordinates": [117.182186, 31.142968]}, "properties": {"name": "乐桥中学", "category": "school_senior", "sub_category": "141202"}}, {"type": "Feature", "geometry": {"type": "Point", "coordinates": [117.320973, 31.248409]}, "properties": {"name": "安徽省庐江中学", "category": "school_senior", "sub_category": "141202"}}, {"type": "Feature", "geometry": {"type": "Point", "coordinates": [117.885481, 31.595624]}, "properties": {"name": "安徽省巢湖市第一中学", "category": "school_senior", "sub_category": "141202"}}, {"type": "Feature", "geometry": {"type": "Point", "coordinates": [117.457066, 31.877041]}, "properties": {"name": "肥东县城关中学", "category": "school_senior", "sub_category": "141202"}}, {"type": "Feature", "geometry": {"type": "Point", "coordinates": [117.157363, 31.704528]}, "properties": {"name": "合肥八中铭传高中教育集团初中部", "category": "school_senior", "sub_category": "141202"}}, {"type": "Feature", "geometry": {"type": "Point", "coordinates": [117.017169, 31.752625]}, "properties": {"name": "合肥市第七中学教育集团紫蓬分校", "category": "school_senior", "sub_category": "141202"}}, {"type": "Feature", "geometry": {"type": "Point", "coordinates": [117.07651, 31.848823]}, "properties": {"name": "合肥百花中学", "category": "school_senior", "sub_category": "141202"}}, {"type": "Feature", "geometry": {"type": "Point", "coordinates": [117.269496, 31.907275]}, "properties": {"name": "合肥市庐阳中学(淮北路校区)", "category": "school_senior", "sub_category": "141202"}}, {"type": "Feature", "geometry": {"type": "Point", "coordinates": [117.245304, 32.060345]}, "properties": {"name": "新华高级中学", "category": "school_senior", "sub_category": "141202"}}, {"type": "Feature", "geometry": {"type": "Point", "coordinates": [117.022647, 31.840461]}, "properties": {"name": "合肥八中教育集团蜀山分校小庙中学", "category": "school_senior", "sub_category": "141202"}}, {"type": "Feature", "geometry": {"type": "Point", "coordinates": [117.108107, 31.667682]}, "properties": {"name": "安徽省肥西第三中学新校区", "category": "school_senior", "sub_category": "141202"}}, {"type": "Feature", "geometry": {"type": "Point", "coordinates": [117.475647, 31.888417]}, "properties": {"name": "肥东县第四中学", "category": "school_senior", "sub_category": "141202"}}, {"type": "Feature", "geometry": {"type": "Point", "coordinates": [117.871191, 31.618999]}, "properties": {"name": "巢湖市第四中学", "category": "school_senior", "sub_category": "141202"}}, {"type": "Feature", "geometry": {"type": "Point", "coordinates": [117.611563, 31.415755]}, "properties": {"name": "巢湖市槐林中学", "category": "school_senior", "sub_category": "141202"}}, {"type": "Feature", "geometry": {"type": "Point", "coordinates": [117.842926, 31.604687]}, "properties": {"name": "巢湖市第二中学高中部(新校区)", "category": "school_senior", "sub_category": "141202"}}, {"type": "Feature", "geometry": {"type": "Point", "coordinates": [117.137106, 31.814814]}, "properties": {"name": "合肥高新中嘉学校", "category": "school_senior", "sub_category": "141202"}}, {"type": "Feature", "geometry": {"type": "Point", "coordinates": [117.098365, 31.323275]}, "properties": {"name": "安徽省庐江汤池中学", "category": "school_senior", "sub_category": "141202"}}, {"type": "Feature", "geometry": {"type": "Point", "coordinates": [117.466225, 31.893914]}, "properties": {"name": "安徽省肥东县凯悦中学", "category": "school_senior", "sub_category": "141202"}}, {"type": "Feature", "geometry": {"type": "Point", "coordinates": [117.450725, 31.870018]}, "properties": {"name": "肥东县第六中学(中学部)", "category": "school_senior", "sub_category": "141202"}}, {"type": "Feature", "geometry": {"type": "Point", "coordinates": [117.277225, 31.760738]}, "properties": {"name": "清华附中合肥学校", "category": "school_senior", "sub_category": "141202"}}, {"type": "Feature", "geometry": {"type": "Point", "coordinates": [117.324417, 31.793151]}, "properties": {"name": "合肥包河大地中学", "category": "school_senior", "sub_category": "141202"}}, {"type": "Feature", "geometry": {"type": "Point", "coordinates": [117.210038, 31.768412]}, "properties": {"name": "合肥八中铭传高中教育集团翡翠湖初级中学", "category": "school_senior", "sub_category": "141202"}}, {"type": "Feature", "geometry": {"type": "Point", "coordinates": [117.225694, 31.766648]}, "properties": {"name": "合肥八中教育集团铭传高中初中部翡翠湖初级中学(东校区)", "category": "school_senior", "sub_category": "141202"}}, {"type": "Feature", "geometry": {"type": "Point", "coordinates": [117.452019, 31.893165]}, "properties": {"name": "安徽省肥东第三中学总部", "category": "school_senior", "sub_category": "141202"}}, {"type": "Feature", "geometry": {"type": "Point", "coordinates": [117.169976, 31.866784]}, "properties": {"name": "合肥安生学校", "category": "school_senior", "sub_category": "141202"}}, {"type": "Feature", "geometry": {"type": "Point", "coordinates": [117.179151, 31.776734]}, "properties": {"name": "合肥一六八玫瑰园学校(集贤校区)", "category": "school_senior", "sub_category": "141202"}}, {"type": "Feature", "geometry": {"type": "Point", "coordinates": [117.380569, 31.469669]}, "properties": {"name": "安徽省庐江白山中学", "category": "school_senior", "sub_category": "141202"}}, {"type": "Feature", "geometry": {"type": "Point", "coordinates": [117.478234, 31.892269]}, "properties": {"name": "安徽省肥东县圣泉中学", "category": "school_senior", "sub_category": "141202"}}, {"type": "Feature", "geometry": {"type": "Point", "coordinates": [117.260222, 31.967541]}, "properties": {"name": "合肥双凤高级中学", "category": "school_senior", "sub_category": "141202"}}, {"type": "Feature", "geometry": {"type": "Point", "coordinates": [117.316329, 31.856039]}, "properties": {"name": "合肥育英高级中学", "category": "school_senior", "sub_category": "141202"}}, {"type": "Feature", "geometry": {"type": "Point", "coordinates": [117.226509, 31.793727]}, "properties": {"name": "合肥市五十中学天鹅湖教育集团奥体校区", "category": "school_senior", "sub_category": "141202"}}, {"type": "Feature", "geometry": {"type": "Point", "coordinates": [117.875039, 31.591662]}, "properties": {"name": "巢湖市第七中学", "category": "school_senior", "sub_category": "141202"}}, {"type": "Feature", "geometry": {"type": "Point", "coordinates": [117.894191, 31.577768]}, "properties": {"name": "安徽巢湖春晖学校", "category": "school_senior", "sub_category": "141202"}}, {"type": "Feature", "geometry": {"type": "Point", "coordinates": [117.638567, 31.701513]}, "properties": {"name": "烔炀中学", "category": "school_senior", "sub_category": "141202"}}, {"type": "Feature", "geometry": {"type": "Point", "coordinates": [117.158286, 32.484477]}, "properties": {"name": "长丰县第二中学北校区", "category": "school_senior", "sub_category": "141202"}}, {"type": "Feature", "geometry": {"type": "Point", "coordinates": [117.15152, 32.482238]}, "properties": {"name": "长丰县实验高级中学", "category": "school_senior", "sub_category": "141202"}}, {"type": "Feature", "geometry": {"type": "Point", "coordinates": [117.174948, 31.724087]}, "properties": {"name": "安徽师范大学附属肥西第二中学", "category": "school_senior", "sub_category": "141202"}}, {"type": "Feature", "geometry": {"type": "Point", "coordinates": [117.287444, 31.235217]}, "properties": {"name": "安徽省庐江第四中学(文明校区)", "category": "school_senior", "sub_category": "141202"}}, {"type": "Feature", "geometry": {"type": "Point", "coordinates": [117.50162, 31.394642]}, "properties": {"name": "庐江盛桥中学", "category": "school_senior", "sub_category": "141202"}}, {"type": "Feature", "geometry": {"type": "Point", "coordinates": [117.393051, 31.868159]}, "properties": {"name": "合肥大志高级中学", "category": "school_senior", "sub_category": "141202"}}, {"type": "Feature", "geometry": {"type": "Point", "coordinates": [117.208935, 31.825458]}, "properties": {"name": "合肥高新火炬中学", "category": "school_senior", "sub_category": "141202"}}, {"type": "Feature", "geometry": {"type": "Point", "coordinates": [117.378236, 31.838828]}, "properties": {"name": "合肥市第三十八中学瑶海湾校区(南区)", "category": "school_senior", "sub_category": "141202"}}, {"type": "Feature", "geometry": {"type": "Point", "coordinates": [117.839521, 31.57837]}, "properties": {"name": "巢湖市第六中学", "category": "school_senior", "sub_category": "141202"}}, {"type": "Feature", "geometry": {"type": "Point", "coordinates": [117.447504, 31.821978]}, "properties": {"name": "肥东瑶岗高级中学", "category": "school_senior", "sub_category": "141202"}}, {"type": "Feature", "geometry": {"type": "Point", "coordinates": [117.27702, 31.261332]}, "properties": {"name": "安徽省庐江第五中学", "category": "school_senior", "sub_category": "141202"}}, {"type": "Feature", "geometry": {"type": "Point", "coordinates": [117.25941, 31.977619]}, "properties": {"name": "合肥厚德中学", "category": "school_senior", "sub_category": "141202"}}, {"type": "Feature", "geometry": {"type": "Point", "coordinates": [117.447976, 31.893756]}, "properties": {"name": "肥东为民学校", "category": "school_senior", "sub_category": "141202"}}, {"type": "Feature", "geometry": {"type": "Point", "coordinates": [117.327441, 31.089369]}, "properties": {"name": "安徽省庐江泥河中学", "category": "school_senior", "sub_category": "141202"}}, {"type": "Feature", "geometry": {"type": "Point", "coordinates": [117.151491, 31.71115]}, "properties": {"name": "合肥长江中学", "category": "school_senior", "sub_category": "141202"}}, {"type": "Feature", "geometry": {"type": "Point", "coordinates": [117.243283, 31.520577]}, "properties": {"name": "安徽省肥西三河中学", "category": "school_senior", "sub_category": "141202"}}, {"type": "Feature", "geometry": {"type": "Point", "coordinates": [117.878741, 31.607377]}, "properties": {"name": "巢湖市第三中学", "category": "school_senior", "sub_category": "141202"}}, {"type": "Feature", "geometry": {"type": "Point", "coordinates": [117.296043, 31.832844]}, "properties": {"name": "合肥市阳光中学", "category": "school_senior", "sub_category": "141202"}}, {"type": "Feature", "geometry": {"type": "Point", "coordinates": [117.846939, 31.56569]}, "properties": {"name": "私立斯辰学校", "category": "school_senior", "sub_category": "141202"}}, {"type": "Feature", "geometry": {"type": "Point", "coordinates": [117.330909, 31.95587]}, "properties": {"name": "合肥新站高新区未来中学", "category": "school_senior", "sub_category": "141202"}}, {"type": "Feature", "geometry": {"type": "Point", "coordinates": [117.19896, 32.046467]}, "properties": {"name": "长丰县乐达高考复读学校", "category": "school_senior", "sub_category": "141202"}}, {"type": "Feature", "geometry": {"type": "Point", "coordinates": [117.557724, 31.996369]}, "properties": {"name": "梁园中学", "category": "school_senior", "sub_category": "141202"}}, {"type": "Feature", "geometry": {"type": "Point", "coordinates": [117.275517, 31.419483]}, "properties": {"name": "庐江县兴华学校", "category": "school_senior", "sub_category": "141202"}}, {"type": "Feature", "geometry": {"type": "Point", "coordinates": [117.287432, 31.869333]}, "properties": {"name": "合肥百花中学", "category": "school_senior", "sub_category": "141202"}}, {"type": "Feature", "geometry": {"type": "Point", "coordinates": [117.057844, 31.636027]}, "properties": {"name": "安徽省肥西花岗中学", "category": "school_senior", "sub_category": "141202"}}, {"type": "Feature", "geometry": {"type": "Point", "coordinates": [117.293519, 31.22912]}, "properties": {"name": "庐城镇达观天下幼儿园", "category": "kindergarten", "sub_category": "141204"}}, {"type": "Feature", "geometry": {"type": "Point", "coordinates": [117.178419, 31.710201]}, "properties": {"name": "合肥大地学校(寄宿部)", "category": "school_senior", "sub_category": "141202"}}, {"type": "Feature", "geometry": {"type": "Point", "coordinates": [117.244713, 31.814464]}, "properties": {"name": "合肥陶然居幼儿园", "category": "kindergarten", "sub_category": "141204"}}, {"type": "Feature", "geometry": {"type": "Point", "coordinates": [117.632021, 31.84804]}, "properties": {"name": "王铁中学", "category": "school_senior", "sub_category": "141202"}}, {"type": "Feature", "geometry": {"type": "Point", "coordinates": [116.944755, 31.937698]}, "properties": {"name": "合肥一六八新桥教育集团高刘中学", "category": "school_senior", "sub_category": "141202"}}, {"type": "Feature", "geometry": {"type": "Point", "coordinates": [116.798745, 31.653755]}, "properties": {"name": "肥西金牛中学", "category": "school_senior", "sub_category": "141202"}}, {"type": "Feature", "geometry": {"type": "Point", "coordinates": [117.462776, 31.219244]}, "properties": {"name": "安徽省庐江白湖中学", "category": "school_senior", "sub_category": "141202"}}, {"type": "Feature", "geometry": {"type": "Point", "coordinates": [117.407732, 31.933951]}, "properties": {"name": "合肥市第三十八中学教育集团磨店分校", "category": "school_senior", "sub_category": "141202"}}, {"type": "Feature", "geometry": {"type": "Point", "coordinates": [117.379361, 31.877072]}, "properties": {"name": "合肥兴国学校", "category": "school_senior", "sub_category": "141202"}}, {"type": "Feature", "geometry": {"type": "Point", "coordinates": [116.889528, 31.620816]}, "properties": {"name": "肥西山南中学", "category": "school_senior", "sub_category": "141202"}}, {"type": "Feature", "geometry": {"type": "Point", "coordinates": [117.307463, 31.988603]}, "properties": {"name": "合肥鸿顺学校", "category": "school_senior", "sub_category": "141202"}}, {"type": "Feature", "geometry": {"type": "Point", "coordinates": [117.256397, 31.799781]}, "properties": {"name": "合肥市第四十八中学龙川中学", "category": "school_senior", "sub_category": "141202"}}, {"type": "Feature", "geometry": {"type": "Point", "coordinates": [117.220385, 32.319815]}, "properties": {"name": "小天地幼儿园", "category": "kindergarten", "sub_category": "141204"}}, {"type": "Feature", "geometry": {"type": "Point", "coordinates": [117.385794, 31.964852]}, "properties": {"name": "合肥市第四十二中学教育集团合肥市荃湖中学", "category": "school_senior", "sub_category": "141202"}}, {"type": "Feature", "geometry": {"type": "Point", "coordinates": [117.898854, 31.618588]}, "properties": {"name": "巢湖市第三中学半汤校区", "category": "school_senior", "sub_category": "141202"}}, {"type": "Feature", "geometry": {"type": "Point", "coordinates": [117.310503, 31.094775]}, "properties": {"name": "庐南高级中学", "category": "school_senior", "sub_category": "141202"}}, {"type": "Feature", "geometry": {"type": "Point", "coordinates": [117.262847, 31.250522]}, "properties": {"name": "安徽省庐江高新实验学校", "category": "school_senior", "sub_category": "141202"}}, {"type": "Feature", "geometry": {"type": "Point", "coordinates": [116.85919, 31.793581]}, "properties": {"name": "合肥八中铭传高中教育集团官亭校区", "category": "school_senior", "sub_category": "141202"}}, {"type": "Feature", "geometry": {"type": "Point", "coordinates": [117.866441, 31.599784]}, "properties": {"name": "巢湖市巢城中学", "category": "school_senior", "sub_category": "141202"}}, {"type": "Feature", "geometry": {"type": "Point", "coordinates": [117.306444, 31.242932]}, "properties": {"name": "安徽省庐江第四中学城东校区", "category": "school_senior", "sub_category": "141202"}}, {"type": "Feature", "geometry": {"type": "Point", "coordinates": [116.816876, 31.746001]}, "properties": {"name": "合肥八中铭传高中教育集团铭传校区初中部", "category": "school_senior", "sub_category": "141202"}}, {"type": "Feature", "geometry": {"type": "Point", "coordinates": [117.311359, 31.871441]}, "properties": {"name": "合肥市第十一中学(南区)", "category": "school_senior", "sub_category": "141202"}}, {"type": "Feature", "geometry": {"type": "Point", "coordinates": [117.127817, 32.345043]}, "properties": {"name": "庄墓中学", "category": "school_senior", "sub_category": "141202"}}, {"type": "Feature", "geometry": {"type": "Point", "coordinates": [117.075536, 32.080105]}, "properties": {"name": "长丰县吴山初级中学", "category": "school_senior", "sub_category": "141202"}}, {"type": "Feature", "geometry": {"type": "Point", "coordinates": [117.812561, 31.8736]}, "properties": {"name": "巢湖市黄山中学", "category": "school_senior", "sub_category": "141202"}}, {"type": "Feature", "geometry": {"type": "Point", "coordinates": [117.829901, 31.5767]}, "properties": {"name": "巢湖七中碧桂园校区", "category": "school_senior", "sub_category": "141202"}}, {"type": "Feature", "geometry": {"type": "Point", "coordinates": [117.864041, 31.590536]}, "properties": {"name": "巢湖市老骥高中", "category": "school_senior", "sub_category": "141202"}}, {"type": "Feature", "geometry": {"type": "Point", "coordinates": [117.178405, 31.858288]}, "properties": {"name": "剑桥高中", "category": "school_senior", "sub_category": "141202"}}, {"type": "Feature", "geometry": {"type": "Point", "coordinates": [117.156775, 32.46398]}, "properties": {"name": "黄冈学校", "category": "school_senior", "sub_category": "141202"}}, {"type": "Feature", "geometry": {"type": "Point", "coordinates": [117.747948, 31.779757]}, "properties": {"name": "柘皋中学", "category": "school_senior", "sub_category": "141202"}}, {"type": "Feature", "geometry": {"type": "Point", "coordinates": [117.432909, 31.111902]}, "properties": {"name": "安徽省庐江矾山中学", "category": "school_senior", "sub_category": "141202"}}, {"type": "Feature", "geometry": {"type": "Point", "coordinates": [117.266623, 31.24991]}, "properties": {"name": "安徽省庐江第八中学", "category": "school_senior", "sub_category": "141202"}}, {"type": "Feature", "geometry": {"type": "Point", "coordinates": [117.479375, 31.844625]}, "properties": {"name": "肥东一中新区", "category": "school_senior", "sub_category": "141202"}}, {"type": "Feature", "geometry": {"type": "Point", "coordinates": [117.188339, 31.569917]}, "properties": {"name": "合肥八中铭传高中教育集团丰乐校区", "category": "school_senior", "sub_category": "141202"}}, {"type": "Feature", "geometry": {"type": "Point", "coordinates": [117.567984, 31.897943]}, "properties": {"name": "肥东县龙城学校", "category": "school_senior", "sub_category": "141202"}}, {"type": "Feature", "geometry": {"type": "Point", "coordinates": [117.395642, 31.892329]}, "properties": {"name": "南亚理工学校综合高中部", "category": "school_senior", "sub_category": "141202"}}, {"type": "Feature", "geometry": {"type": "Point", "coordinates": [117.610821, 31.423289]}, "properties": {"name": "槐林幼儿园", "category": "kindergarten", "sub_category": "141204"}}, {"type": "Feature", "geometry": {"type": "Point", "coordinates": [117.386815, 32.335679]}, "properties": {"name": "长丰县隆兴中学", "category": "school_senior", "sub_category": "141202"}}, {"type": "Feature", "geometry": {"type": "Point", "coordinates": [117.244763, 31.805092]}, "properties": {"name": "合肥西苑中学南校", "category": "school_senior", "sub_category": "141202"}}, {"type": "Feature", "geometry": {"type": "Point", "coordinates": [117.228924, 31.842569]}, "properties": {"name": "合肥世纪星幼儿园", "category": "kindergarten", "sub_category": "141204"}}, {"type": "Feature", "geometry": {"type": "Point", "coordinates": [117.069114, 31.830834]}, "properties": {"name": "合肥市运河高中(合肥九中讯飞小镇校区)", "category": "school_senior", "sub_category": "141202"}}, {"type": "Feature", "geometry": {"type": "Point", "coordinates": [117.23908, 31.797934]}, "properties": {"name": "合肥市第八中学教育集团蜀山分校", "category": "school_senior", "sub_category": "141202"}}, {"type": "Feature", "geometry": {"type": "Point", "coordinates": [117.214205, 31.772208]}, "properties": {"name": "童话名苑幼儿园", "category": "kindergarten", "sub_category": "141204"}}, {"type": "Feature", "geometry": {"type": "Point", "coordinates": [117.383625, 31.912325]}, "properties": {"name": "安徽万通技师学院高中部", "category": "school_senior", "sub_category": "141206|141202"}}, {"type": "Feature", "geometry": {"type": "Point", "coordinates": [117.452789, 31.434586]}, "properties": {"name": "庐江县许桥中学", "category": "school_senior", "sub_category": "141202"}}, {"type": "Feature", "geometry": {"type": "Point", "coordinates": [117.27155, 31.771667]}, "properties": {"name": "合肥实验高中(建设中)", "category": "school_senior", "sub_category": "141202"}}, {"type": "Feature", "geometry": {"type": "Point", "coordinates": [117.255625, 31.702372]}, "properties": {"name": "合肥市滨湖高中(建设中)", "category": "school_senior", "sub_category": "141202"}}, {"type": "Feature", "geometry": {"type": "Point", "coordinates": [117.322308, 31.853164]}, "properties": {"name": "城市宝业幼儿园", "category": "kindergarten", "sub_category": "141204"}}, {"type": "Feature", "geometry": {"type": "Point", "coordinates": [117.264624, 31.861958]}, "properties": {"name": "合肥市琥珀第一幼儿园", "category": "kindergarten", "sub_category": "141204"}}, {"type": "Feature", "geometry": {"type": "Point", "coordinates": [117.265785, 31.225369]}, "properties": {"name": "庐江县幼儿教育集团磙桥幼儿园", "category": "kindergarten", "sub_category": "141204"}}, {"type": "Feature", "geometry": {"type": "Point", "coordinates": [117.223015, 32.18243]}, "properties": {"name": "长丰县下塘镇中心幼儿园金店雅苑分园", "category": "kindergarten", "sub_category": "141204"}}, {"type": "Feature", "geometry": {"type": "Point", "coordinates": [117.316751, 31.832352]}, "properties": {"name": "派乐多玫瑰绅城幼儿园", "category": "kindergarten", "sub_category": "141204"}}, {"type": "Feature", "geometry": {"type": "Point", "coordinates": [117.2709, 31.804519]}, "properties": {"name": "合肥紫竹苑幼儿园", "category": "kindergarten", "sub_category": "141204"}}, {"type": "Feature", "geometry": {"type": "Point", "coordinates": [117.267042, 32.007874]}, "properties": {"name": "一心幼儿园", "category": "kindergarten", "sub_category": "141204"}}, {"type": "Feature", "geometry": {"type": "Point", "coordinates": [117.301968, 31.845369]}, "properties": {"name": "国贸公寓幼儿园", "category": "kindergarten", "sub_category": "141204"}}, {"type": "Feature", "geometry": {"type": "Point", "coordinates": [117.365274, 31.840706]}, "properties": {"name": "裕东景园幼儿园", "category": "kindergarten", "sub_category": "141204"}}, {"type": "Feature", "geometry": {"type": "Point", "coordinates": [117.580004, 31.323146]}, "properties": {"name": "阳光幼儿园", "category": "kindergarten", "sub_category": "141204"}}, {"type": "Feature", "geometry": {"type": "Point", "coordinates": [117.224024, 31.853262]}, "properties": {"name": "安徽一建幼儿园", "category": "kindergarten", "sub_category": "141204"}}, {"type": "Feature", "geometry": {"type": "Point", "coordinates": [117.254948, 31.771658]}, "properties": {"name": "东华园幼儿园", "category": "kindergarten", "sub_category": "141204"}}, {"type": "Feature", "geometry": {"type": "Point", "coordinates": [117.344195, 31.857336]}, "properties": {"name": "合钢第四幼儿园", "category": "kindergarten", "sub_category": "141204"}}, {"type": "Feature", "geometry": {"type": "Point", "coordinates": [117.295568, 31.811897]}, "properties": {"name": "安徽省委机关幼儿园金桂苑分园", "category": "kindergarten", "sub_category": "141204"}}, {"type": "Feature", "geometry": {"type": "Point", "coordinates": [117.274683, 32.323802]}, "properties": {"name": "柘塘育苗幼儿园", "category": "kindergarten", "sub_category": "141204"}}, {"type": "Feature", "geometry": {"type": "Point", "coordinates": [117.260728, 31.560021]}, "properties": {"name": "清平幼儿园", "category": "kindergarten", "sub_category": "141204"}}, {"type": "Feature", "geometry": {"type": "Point", "coordinates": [117.420846, 32.00391]}, "properties": {"name": "肥东县众兴乡中心幼儿园", "category": "kindergarten", "sub_category": "141204"}}, {"type": "Feature", "geometry": {"type": "Point", "coordinates": [117.247991, 32.106113]}, "properties": {"name": "罗集幼儿园", "category": "kindergarten", "sub_category": "141204"}}, {"type": "Feature", "geometry": {"type": "Point", "coordinates": [117.88775, 31.623816]}, "properties": {"name": "巢湖市恒大帝景幼儿园", "category": "kindergarten", "sub_category": "141204"}}, {"type": "Feature", "geometry": {"type": "Point", "coordinates": [117.275304, 31.725938]}, "properties": {"name": "童享时光合肥市林芝路幼儿园", "category": "kindergarten", "sub_category": "141204"}}, {"type": "Feature", "geometry": {"type": "Point", "coordinates": [117.346318, 31.773784]}, "properties": {"name": "南丽湾幼儿园", "category": "kindergarten", "sub_category": "141204"}}, {"type": "Feature", "geometry": {"type": "Point", "coordinates": [117.280214, 31.718897]}, "properties": {"name": "杭州路幼儿园", "category": "kindergarten", "sub_category": "141204"}}, {"type": "Feature", "geometry": {"type": "Point", "coordinates": [117.294975, 31.718974]}, "properties": {"name": "合肥萌托乐园托幼中心", "category": "kindergarten", "sub_category": "141204"}}, {"type": "Feature", "geometry": {"type": "Point", "coordinates": [117.183664, 31.713688]}, "properties": {"name": "肥西县直属机关幼儿园(派河分园)", "category": "kindergarten", "sub_category": "141204"}}, {"type": "Feature", "geometry": {"type": "Point", "coordinates": [117.183276, 31.750545]}, "properties": {"name": "原树提香幼儿园", "category": "kindergarten", "sub_category": "141204"}}, {"type": "Feature", "geometry": {"type": "Point", "coordinates": [117.219633, 31.799966]}, "properties": {"name": "北大附属实验学校幼儿园", "category": "kindergarten", "sub_category": "141204"}}, {"type": "Feature", "geometry": {"type": "Point", "coordinates": [117.375782, 31.841952]}, "properties": {"name": "合肥市大兴幼儿园", "category": "kindergarten", "sub_category": "141204"}}, {"type": "Feature", "geometry": {"type": "Point", "coordinates": [117.304619, 31.236362]}, "properties": {"name": "稚童年代幼儿园", "category": "kindergarten", "sub_category": "141204"}}, {"type": "Feature", "geometry": {"type": "Point", "coordinates": [117.851476, 31.609444]}, "properties": {"name": "秀庭景苑七色花幼儿园", "category": "kindergarten", "sub_category": "141204"}}, {"type": "Feature", "geometry": {"type": "Point", "coordinates": [117.30048, 31.236792]}, "properties": {"name": "海纳国际幼儿园", "category": "kindergarten", "sub_category": "141204"}}, {"type": "Feature", "geometry": {"type": "Point", "coordinates": [117.246584, 31.515239]}, "properties": {"name": "肥西三河小英才幼儿园", "category": "kindergarten", "sub_category": "141204"}}, {"type": "Feature", "geometry": {"type": "Point", "coordinates": [117.187152, 31.735772]}, "properties": {"name": "肥西县直属机关幼儿园(滨河分园)", "category": "kindergarten", "sub_category": "141204"}}, {"type": "Feature", "geometry": {"type": "Point", "coordinates": [117.315261, 31.855386]}, "properties": {"name": "合肥林旭鼎元府邸幼儿园", "category": "kindergarten", "sub_category": "141204"}}, {"type": "Feature", "geometry": {"type": "Point", "coordinates": [117.285117, 31.859121]}, "properties": {"name": "安徽省人民政府机关幼儿园(红星路)", "category": "kindergarten", "sub_category": "141204"}}, {"type": "Feature", "geometry": {"type": "Point", "coordinates": [117.256851, 31.825963]}, "properties": {"name": "印象西湖幼儿园", "category": "kindergarten", "sub_category": "141204"}}, {"type": "Feature", "geometry": {"type": "Point", "coordinates": [117.912948, 31.628814]}, "properties": {"name": "香港美心国际聚龙湾幼儿园", "category": "kindergarten", "sub_category": "141204"}}, {"type": "Feature", "geometry": {"type": "Point", "coordinates": [117.271651, 32.040162]}, "properties": {"name": "安徽大学幼儿教育集团", "category": "kindergarten", "sub_category": "141204"}}, {"type": "Feature", "geometry": {"type": "Point", "coordinates": [117.224889, 31.798672]}, "properties": {"name": "栢悦幼儿园", "category": "kindergarten", "sub_category": "141204"}}, {"type": "Feature", "geometry": {"type": "Point", "coordinates": [117.256278, 31.781962]}, "properties": {"name": "海恒枣庙幼儿园", "category": "kindergarten", "sub_category": "141204"}}, {"type": "Feature", "geometry": {"type": "Point", "coordinates": [117.219126, 31.865419]}, "properties": {"name": "民主幼儿园(樊洼路)", "category": "kindergarten", "sub_category": "141204"}}, {"type": "Feature", "geometry": {"type": "Point", "coordinates": [117.289667, 31.871402]}, "properties": {"name": "四湾菜市场", "category": "market_food", "sub_category": "060705|060703|060400"}}, {"type": "Feature", "geometry": {"type": "Point", "coordinates": [117.257936, 31.904799]}, "properties": {"name": "合肥中菜市", "category": "market_food", "sub_category": "060703|060706"}}, {"type": "Feature", "geometry": {"type": "Point", "coordinates": [117.258198, 31.904792]}, "properties": {"name": "老王羊肉(羊肉批发)", "category": "market_food", "sub_category": "060703"}}, {"type": "Feature", "geometry": {"type": "Point", "coordinates": [117.297482, 31.736239]}, "properties": {"name": "万国农贸菜市场", "category": "market_food", "sub_category": "060703"}}, {"type": "Feature", "geometry": {"type": "Point", "coordinates": [117.423066, 31.869602]}, "properties": {"name": "徽商集团肥东大市场农副产品批发园区", "category": "market_food", "sub_category": "060703"}}, {"type": "Feature", "geometry": {"type": "Point", "coordinates": [117.424508, 31.869863]}, "properties": {"name": "徽商大地家禽批发市场", "category": "market_food", "sub_category": "060703"}}, {"type": "Feature", "geometry": {"type": "Point", "coordinates": [117.386823, 31.837657]}, "properties": {"name": "百大周谷堆大兴农产品批发市场", "category": "market_food", "sub_category": "060703"}}, {"type": "Feature", "geometry": {"type": "Point", "coordinates": [117.260795, 31.776695]}, "properties": {"name": "海恒菜市场", "category": "market_food", "sub_category": "060703|060705"}}, {"type": "Feature", "geometry": {"type": "Point", "coordinates": [117.217762, 31.777124]}, "properties": {"name": "廿埠菜市场", "category": "market_food", "sub_category": "060703"}}, {"type": "Feature", "geometry": {"type": "Point", "coordinates": [117.313614, 31.853114]}, "properties": {"name": "繁昌路菜市场", "category": "market_food", "sub_category": "060703"}}, {"type": "Feature", "geometry": {"type": "Point", "coordinates": [117.388859, 31.840535]}, "properties": {"name": "青禾纪食品供应链", "category": "market_food", "sub_category": "060703"}}, {"type": "Feature", "geometry": {"type": "Point", "coordinates": [117.254089, 32.011861]}, "properties": {"name": "三阳泰农贸市场", "category": "market_food", "sub_category": "060703"}}, {"type": "Feature", "geometry": {"type": "Point", "coordinates": [117.321947, 31.890359]}, "properties": {"name": "新站中心集贸市场", "category": "market_food", "sub_category": "060703|060705"}}, {"type": "Feature", "geometry": {"type": "Point", "coordinates": [117.270724, 31.809965]}, "properties": {"name": "吴大塘农副产品批发", "category": "market_food", "sub_category": "060703"}}, {"type": "Feature", "geometry": {"type": "Point", "coordinates": [117.096618, 31.764265]}, "properties": {"name": "副食品小商品市场", "category": "market_food", "sub_category": "060703|060701"}}, {"type": "Feature", "geometry": {"type": "Point", "coordinates": [117.147765, 31.770416]}, "properties": {"name": "顺和家园农贸市场", "category": "market_food", "sub_category": "060703"}}, {"type": "Feature", "geometry": {"type": "Point", "coordinates": [116.935279, 31.932759]}, "properties": {"name": "高刘农贸市场", "category": "market_food", "sub_category": "060703"}}, {"type": "Feature", "geometry": {"type": "Point", "coordinates": [117.27104, 31.770262]}, "properties": {"name": "康利农贸市场", "category": "market_food", "sub_category": "060705|060703"}}, {"type": "Feature", "geometry": {"type": "Point", "coordinates": [117.38511, 31.838971]}, "properties": {"name": "百大·周谷堆副食品交易中心", "category": "market_food", "sub_category": "060703"}}, {"type": "Feature", "geometry": {"type": "Point", "coordinates": [117.209425, 31.752739]}, "properties": {"name": "方兴菜市场", "category": "market_food", "sub_category": "060703"}}, {"type": "Feature", "geometry": {"type": "Point", "coordinates": [117.175144, 31.552859]}, "properties": {"name": "丰乐农贸市场", "category": "market_food", "sub_category": "060703"}}, {"type": "Feature", "geometry": {"type": "Point", "coordinates": [117.316111, 31.873111]}, "properties": {"name": "凤阳路菜市场", "category": "market_food", "sub_category": "060703"}}, {"type": "Feature", "geometry": {"type": "Point", "coordinates": [117.256332, 31.729016]}, "properties": {"name": "卧云菜市场", "category": "market_food", "sub_category": "060703|060705"}}, {"type": "Feature", "geometry": {"type": "Point", "coordinates": [117.763829, 31.663893]}, "properties": {"name": "中垾农贸市场", "category": "market_food", "sub_category": "060703"}}, {"type": "Feature", "geometry": {"type": "Point", "coordinates": [117.333234, 31.875656]}, "properties": {"name": "汪塘菜市场(秋实园店)", "category": "market_food", "sub_category": "060705|060703"}}, {"type": "Feature", "geometry": {"type": "Point", "coordinates": [117.275361, 31.719669]}, "properties": {"name": "欣园菜市场", "category": "market_food", "sub_category": "060703|060200"}}, {"type": "Feature", "geometry": {"type": "Point", "coordinates": [117.330519, 31.853788]}, "properties": {"name": "茂林路菜市场", "category": "market_food", "sub_category": "060703|060705"}}, {"type": "Feature", "geometry": {"type": "Point", "coordinates": [117.244098, 31.82006]}, "properties": {"name": "绿怡居农贸市场", "category": "market_food", "sub_category": "060703"}}, {"type": "Feature", "geometry": {"type": "Point", "coordinates": [117.250375, 31.977894]}, "properties": {"name": "凤梅菜市场", "category": "market_food", "sub_category": "060705|060703"}}, {"type": "Feature", "geometry": {"type": "Point", "coordinates": [117.537805, 31.370927]}, "properties": {"name": "沐集镇农贸市场", "category": "market_food", "sub_category": "060703"}}, {"type": "Feature", "geometry": {"type": "Point", "coordinates": [117.277517, 31.698104]}, "properties": {"name": "滨湖顺园农贸市场", "category": "market_food", "sub_category": "060703"}}, {"type": "Feature", "geometry": {"type": "Point", "coordinates": [117.903992, 31.62481]}, "properties": {"name": "岠嶂综合农贸市场", "category": "market_food", "sub_category": "060703"}}, {"type": "Feature", "geometry": {"type": "Point", "coordinates": [117.876419, 31.610282]}, "properties": {"name": "向阳路综合农贸市场", "category": "market_food", "sub_category": "060703|060705"}}, {"type": "Feature", "geometry": {"type": "Point", "coordinates": [117.234515, 31.804136]}, "properties": {"name": "嘉和苑菜市场", "category": "market_food", "sub_category": "060703|060705"}}, {"type": "Feature", "geometry": {"type": "Point", "coordinates": [117.2766, 31.729594]}, "properties": {"name": "惠园菜市场", "category": "market_food", "sub_category": "060705|060703"}}, {"type": "Feature", "geometry": {"type": "Point", "coordinates": [117.311211, 31.840729]}, "properties": {"name": "文昌新村菜市场", "category": "market_food", "sub_category": "060703"}}, {"type": "Feature", "geometry": {"type": "Point", "coordinates": [117.244044, 31.820618]}, "properties": {"name": "绿怡居农贸市场-东区", "category": "market_food", "sub_category": "060703"}}, {"type": "Feature", "geometry": {"type": "Point", "coordinates": [117.248507, 31.83064]}, "properties": {"name": "绿缘菜市场(常青棉织厂住宅楼店)", "category": "market_food", "sub_category": "060704|060703|060705"}}, {"type": "Feature", "geometry": {"type": "Point", "coordinates": [117.872805, 31.608514]}, "properties": {"name": "巢湖市凤凰山农副产品综合市场", "category": "market_food", "sub_category": "060703"}}, {"type": "Feature", "geometry": {"type": "Point", "coordinates": [117.024865, 31.754841]}, "properties": {"name": "紫蓬镇紫蓬农贸市场", "category": "market_food", "sub_category": "060703"}}, {"type": "Feature", "geometry": {"type": "Point", "coordinates": [117.25002, 31.873015]}, "properties": {"name": "肥滨农贸市场", "category": "market_food", "sub_category": "060703|060705"}}, {"type": "Feature", "geometry": {"type": "Point", "coordinates": [117.339355, 31.896013]}, "properties": {"name": "方桥农贸市场(晨阳·世纪城店)", "category": "market_food", "sub_category": "060703"}}, {"type": "Feature", "geometry": {"type": "Point", "coordinates": [117.848257, 31.609549]}, "properties": {"name": "巢湖市(城西)农副产品综合批发交易中心", "category": "market_food", "sub_category": "060703"}}, {"type": "Feature", "geometry": {"type": "Point", "coordinates": [117.757898, 31.773751]}, "properties": {"name": "柘皋农贸市场", "category": "market_food", "sub_category": "060703"}}, {"type": "Feature", "geometry": {"type": "Point", "coordinates": [117.280257, 31.720349]}, "properties": {"name": "耍酷生鲜批发部(中铁·滨湖名邸店)", "category": "market_food", "sub_category": "060703"}}, {"type": "Feature", "geometry": {"type": "Point", "coordinates": [117.304953, 31.924091]}, "properties": {"name": "胖达生鲜超级批发行(华润熙云府店)", "category": "market_food", "sub_category": "060703"}}, {"type": "Feature", "geometry": {"type": "Point", "coordinates": [117.37135, 31.78083]}, "properties": {"name": "合肥晓星农副产品综合市场", "category": "market_food", "sub_category": "060703"}}, {"type": "Feature", "geometry": {"type": "Point", "coordinates": [117.466249, 31.886222]}, "properties": {"name": "中苑菜市场", "category": "market_food", "sub_category": "060705|060703"}}, {"type": "Feature", "geometry": {"type": "Point", "coordinates": [117.473822, 31.88708]}, "properties": {"name": "青春菜市场", "category": "market_food", "sub_category": "060703|060705"}}, {"type": "Feature", "geometry": {"type": "Point", "coordinates": [117.097088, 31.662377]}, "properties": {"name": "董岗农副产品交易市场", "category": "market_food", "sub_category": "060703"}}, {"type": "Feature", "geometry": {"type": "Point", "coordinates": [117.263943, 31.936492]}, "properties": {"name": "瑞阳公馆农贸市场", "category": "market_food", "sub_category": "060703"}}, {"type": "Feature", "geometry": {"type": "Point", "coordinates": [116.751625, 31.779525]}, "properties": {"name": "金桥农贸市场", "category": "market_food", "sub_category": "060703"}}, {"type": "Feature", "geometry": {"type": "Point", "coordinates": [117.271193, 31.258703]}, "properties": {"name": "三里农贸市场", "category": "market_food", "sub_category": "060703"}}, {"type": "Feature", "geometry": {"type": "Point", "coordinates": [117.289701, 31.87058]}, "properties": {"name": "束记四湾酱猪手", "category": "market_food", "sub_category": "060703|060705"}}, {"type": "Feature", "geometry": {"type": "Point", "coordinates": [117.185003, 31.734936]}, "properties": {"name": "滨河菜市场(好又多购物广场店)", "category": "market_food", "sub_category": "060703|060705"}}, {"type": "Feature", "geometry": {"type": "Point", "coordinates": [117.207221, 31.857736]}, "properties": {"name": "阳光农贸市场", "category": "market_food", "sub_category": "060705|060703"}}, {"type": "Feature", "geometry": {"type": "Point", "coordinates": [117.305725, 31.819633]}, "properties": {"name": "包河区南苑公益性农贸市场(珠光南苑东区店)", "category": "market_food", "sub_category": "060705|060703"}}, {"type": "Feature", "geometry": {"type": "Point", "coordinates": [117.17098, 31.781558]}, "properties": {"name": "禹洲天玺农贸市场", "category": "market_food", "sub_category": "060703"}}, {"type": "Feature", "geometry": {"type": "Point", "coordinates": [117.26101, 31.708802]}, "properties": {"name": "菊园农贸市场", "category": "market_food", "sub_category": "060703"}}, {"type": "Feature", "geometry": {"type": "Point", "coordinates": [117.09976, 31.328224]}, "properties": {"name": "汤池农贸市场(东大街农贸市场店)", "category": "market_food", "sub_category": "060703"}}, {"type": "Feature", "geometry": {"type": "Point", "coordinates": [117.176326, 31.732359]}, "properties": {"name": "大市场切面店", "category": "market_food", "sub_category": "060703|061210"}}, {"type": "Feature", "geometry": {"type": "Point", "coordinates": [117.428939, 32.148983]}, "properties": {"name": "白龙镇农贸市场", "category": "market_food", "sub_category": "060703"}}, {"type": "Feature", "geometry": {"type": "Point", "coordinates": [117.198945, 31.850087]}, "properties": {"name": "城市领鲜(城市风景店)", "category": "market_food", "sub_category": "060703|060200"}}, {"type": "Feature", "geometry": {"type": "Point", "coordinates": [117.611453, 31.42385]}, "properties": {"name": "槐林农贸市场", "category": "market_food", "sub_category": "060703"}}, {"type": "Feature", "geometry": {"type": "Point", "coordinates": [117.129831, 31.832849]}, "properties": {"name": "6+1生鲜批发超市(祥源店)", "category": "market_food", "sub_category": "060703"}}, {"type": "Feature", "geometry": {"type": "Point", "coordinates": [117.321623, 31.085803]}, "properties": {"name": "泥河菜市场", "category": "market_food", "sub_category": "060703"}}, {"type": "Feature", "geometry": {"type": "Point", "coordinates": [117.421679, 31.885468]}, "properties": {"name": "6+1生鲜批发超市(文一名都店)", "category": "market_food", "sub_category": "060703"}}, {"type": "Feature", "geometry": {"type": "Point", "coordinates": [117.243835, 31.820811]}, "properties": {"name": "老酒坊粮食酒", "category": "market_food", "sub_category": "060703|061210"}}, {"type": "Feature", "geometry": {"type": "Point", "coordinates": [117.29169, 31.250445]}, "properties": {"name": "城北农贸市场", "category": "market_food", "sub_category": "060703"}}, {"type": "Feature", "geometry": {"type": "Point", "coordinates": [117.155875, 31.422575]}, "properties": {"name": "郭河农贸市场", "category": "market_food", "sub_category": "060703"}}, {"type": "Feature", "geometry": {"type": "Point", "coordinates": [117.29327, 31.239367]}, "properties": {"name": "老张猪油批发零售", "category": "market_food", "sub_category": "060703"}}, {"type": "Feature", "geometry": {"type": "Point", "coordinates": [117.247658, 31.513454]}, "properties": {"name": "旺河苑农贸市场", "category": "market_food", "sub_category": "060703"}}, {"type": "Feature", "geometry": {"type": "Point", "coordinates": [117.209904, 32.19726]}, "properties": {"name": "下塘粮贸市场", "category": "market_food", "sub_category": "060703"}}, {"type": "Feature", "geometry": {"type": "Point", "coordinates": [117.261057, 32.009906]}, "properties": {"name": "文明路农贸市场", "category": "market_food", "sub_category": "060703"}}, {"type": "Feature", "geometry": {"type": "Point", "coordinates": [117.171328, 31.739994]}, "properties": {"name": "6+1生鲜批发超市(金星和园店)", "category": "market_food", "sub_category": "060703"}}, {"type": "Feature", "geometry": {"type": "Point", "coordinates": [117.151095, 31.722418]}, "properties": {"name": "方岗农贸市场(万加广场店)", "category": "market_food", "sub_category": "060703"}}, {"type": "Feature", "geometry": {"type": "Point", "coordinates": [117.180689, 31.713241]}, "properties": {"name": "6+1生鲜批发超市(张郢店)", "category": "market_food", "sub_category": "060703"}}, {"type": "Feature", "geometry": {"type": "Point", "coordinates": [117.384461, 31.837645]}, "properties": {"name": "合肥市顺心禽蛋批发经营部", "category": "market_food", "sub_category": "060703"}}, {"type": "Feature", "geometry": {"type": "Point", "coordinates": [117.819938, 31.876241]}, "properties": {"name": "苏湾镇农贸市场", "category": "market_food", "sub_category": "060703"}}, {"type": "Feature", "geometry": {"type": "Point", "coordinates": [117.282713, 31.255115]}, "properties": {"name": "磙塘农贸市场(华兴·尚城店)", "category": "market_food", "sub_category": "060703"}}, {"type": "Feature", "geometry": {"type": "Point", "coordinates": [117.319803, 31.243297]}, "properties": {"name": "晨光农贸", "category": "market_food", "sub_category": "060703"}}, {"type": "Feature", "geometry": {"type": "Point", "coordinates": [117.225131, 31.848903]}, "properties": {"name": "兴胜农场", "category": "market_food", "sub_category": "060703|170400"}}, {"type": "Feature", "geometry": {"type": "Point", "coordinates": [117.419081, 32.001247]}, "properties": {"name": "众兴农贸市场", "category": "market_food", "sub_category": "060703"}}, {"type": "Feature", "geometry": {"type": "Point", "coordinates": [117.35952, 31.889292]}, "properties": {"name": "勤居苑菜市场(西区店)", "category": "market_food", "sub_category": "060705|060703"}}, {"type": "Feature", "geometry": {"type": "Point", "coordinates": [117.266894, 31.827081]}, "properties": {"name": "郑义粮油批发部", "category": "market_food", "sub_category": "060703"}}, {"type": "Feature", "geometry": {"type": "Point", "coordinates": [117.332193, 31.77505]}, "properties": {"name": "合肥龙振黄豆批发部", "category": "market_food", "sub_category": "060703"}}, {"type": "Feature", "geometry": {"type": "Point", "coordinates": [117.238046, 32.008041]}, "properties": {"name": "6+1生鲜批发超市(禄徽苑店)", "category": "market_food", "sub_category": "060703"}}, {"type": "Feature", "geometry": {"type": "Point", "coordinates": [117.634011, 31.684265]}, "properties": {"name": "烔炀农副产品综合市场", "category": "market_food", "sub_category": "060703"}}, {"type": "Feature", "geometry": {"type": "Point", "coordinates": [117.271377, 31.424061]}, "properties": {"name": "石头镇农贸市场", "category": "market_food", "sub_category": "060703"}}, {"type": "Feature", "geometry": {"type": "Point", "coordinates": [117.872089, 31.634973]}, "properties": {"name": "皖维东区农贸市场", "category": "market_food", "sub_category": "060703"}}, {"type": "Feature", "geometry": {"type": "Point", "coordinates": [117.383142, 32.081302]}, "properties": {"name": "元疃农贸市场", "category": "market_food", "sub_category": "060703"}}, {"type": "Feature", "geometry": {"type": "Point", "coordinates": [116.833745, 31.901197]}, "properties": {"name": "高店街道农贸市场", "category": "market_food", "sub_category": "060703"}}, {"type": "Feature", "geometry": {"type": "Point", "coordinates": [117.272111, 31.923808]}, "properties": {"name": "北苑农贸市场(荣城花园北苑店)", "category": "market_food", "sub_category": "060703|060705"}}, {"type": "Feature", "geometry": {"type": "Point", "coordinates": [117.321529, 31.905291]}, "properties": {"name": "6+1生鲜批发超市(兴华苑店)", "category": "market_food", "sub_category": "060703"}}, {"type": "Feature", "geometry": {"type": "Point", "coordinates": [117.306025, 31.820025]}, "properties": {"name": "南苑蔬果店", "category": "market_food", "sub_category": "060703|060705"}}, {"type": "Feature", "geometry": {"type": "Point", "coordinates": [117.281126, 31.838495]}, "properties": {"name": "都市牧场鲜奶(桐城南路店)", "category": "market_food", "sub_category": "060703"}}, {"type": "Feature", "geometry": {"type": "Point", "coordinates": [117.319749, 31.243424]}, "properties": {"name": "城东农贸市场", "category": "market_food", "sub_category": "060703"}}, {"type": "Feature", "geometry": {"type": "Point", "coordinates": [117.28176, 31.857542]}, "properties": {"name": "攀华农副产品", "category": "market_food", "sub_category": "060703"}}, {"type": "Feature", "geometry": {"type": "Point", "coordinates": [117.305989, 31.905859]}, "properties": {"name": "合肥新站区七里塘农副产品服务中心", "category": "market_food", "sub_category": "060703"}}, {"type": "Feature", "geometry": {"type": "Point", "coordinates": [117.44993, 31.88757]}, "properties": {"name": "生鲜集市(生活家广场店)", "category": "market_food", "sub_category": "060703"}}, {"type": "Feature", "geometry": {"type": "Point", "coordinates": [117.280088, 31.894856]}, "properties": {"name": "合肥润穗米业粮油批发(祥源·上城国际店)", "category": "market_food", "sub_category": "060703"}}, {"type": "Feature", "geometry": {"type": "Point", "coordinates": [117.285776, 31.287194]}, "properties": {"name": "文龙食品批发商行", "category": "market_food", "sub_category": "060703|060200"}}, {"type": "Feature", "geometry": {"type": "Point", "coordinates": [117.247732, 31.830218]}, "properties": {"name": "谊品批发部(望江苑店)", "category": "market_food", "sub_category": "060703|060200"}}, {"type": "Feature", "geometry": {"type": "Point", "coordinates": [117.461518, 31.884601]}, "properties": {"name": "6+1生鲜批发超市(和平花园店)", "category": "market_food", "sub_category": "060703"}}, {"type": "Feature", "geometry": {"type": "Point", "coordinates": [117.321452, 31.903179]}, "properties": {"name": "兴华智慧农贸市场(武里山路店)", "category": "market_food", "sub_category": "060703"}}, {"type": "Feature", "geometry": {"type": "Point", "coordinates": [117.385891, 32.087817]}, "properties": {"name": "王芳冷冻批发", "category": "market_food", "sub_category": "060703"}}, {"type": "Feature", "geometry": {"type": "Point", "coordinates": [117.163485, 31.780245]}, "properties": {"name": "耍酷生鲜批发部(信地华地城店)", "category": "market_food", "sub_category": "060703"}}, {"type": "Feature", "geometry": {"type": "Point", "coordinates": [117.263889, 31.867771]}, "properties": {"name": "都市牧场奶牛养殖场直销店(琥珀山庄店)", "category": "market_food", "sub_category": "060703"}}, {"type": "Feature", "geometry": {"type": "Point", "coordinates": [117.376154, 31.83875]}, "properties": {"name": "6+1生鲜批发超市(大兴新居店)", "category": "market_food", "sub_category": "060703"}}, {"type": "Feature", "geometry": {"type": "Point", "coordinates": [117.32973, 31.87293]}, "properties": {"name": "谊品批发部(鸿运园店)", "category": "market_food", "sub_category": "060703|060200"}}, {"type": "Feature", "geometry": {"type": "Point", "coordinates": [117.579778, 31.624759]}, "properties": {"name": "无为土猪肉黑猪肉甲鱼批发", "category": "market_food", "sub_category": "060703"}}, {"type": "Feature", "geometry": {"type": "Point", "coordinates": [117.269038, 31.50223]}, "properties": {"name": "同大镇中心农贸市场", "category": "market_food", "sub_category": "060703"}}, {"type": "Feature", "geometry": {"type": "Point", "coordinates": [117.218297, 31.775379]}, "properties": {"name": "探海路农贸市场", "category": "market_food", "sub_category": "060703"}}, {"type": "Feature", "geometry": {"type": "Point", "coordinates": [117.880017, 31.601188]}, "properties": {"name": "光明菜市场", "category": "market_food", "sub_category": "060703"}}, {"type": "Feature", "geometry": {"type": "Point", "coordinates": [117.345469, 31.845699]}, "properties": {"name": "岱山湖黑土猪肉批发店", "category": "market_food", "sub_category": "060703"}}, {"type": "Feature", "geometry": {"type": "Point", "coordinates": [117.530925, 32.124125]}, "properties": {"name": "杨店农贸市场", "category": "market_food", "sub_category": "060703"}}, {"type": "Feature", "geometry": {"type": "Point", "coordinates": [117.387336, 31.843317]}, "properties": {"name": "王立红猪肉批发零售经营部", "category": "market_food", "sub_category": "060703"}}, {"type": "Feature", "geometry": {"type": "Point", "coordinates": [117.391352, 31.839027]}, "properties": {"name": "合肥市瑶海区温凯豆制品批发部", "category": "market_food", "sub_category": "060703"}}, {"type": "Feature", "geometry": {"type": "Point", "coordinates": [117.315316, 31.898741]}, "properties": {"name": "老周干牛羊肉批发店", "category": "market_food", "sub_category": "060703"}}, {"type": "Feature", "geometry": {"type": "Point", "coordinates": [117.287099, 31.867109]}, "properties": {"name": "都市牧场(寿春六巷店)", "category": "market_food", "sub_category": "060703|050000"}}, {"type": "Feature", "geometry": {"type": "Point", "coordinates": [117.314299, 31.856811]}, "properties": {"name": "都市牧场天天鲜奶(和平路店)", "category": "market_food", "sub_category": "060703"}}, {"type": "Feature", "geometry": {"type": "Point", "coordinates": [117.885744, 31.602347]}, "properties": {"name": "都市牧场(巢湖世纪新都店)", "category": "market_food", "sub_category": "060703"}}, {"type": "Feature", "geometry": {"type": "Point", "coordinates": [117.260123, 31.903241]}, "properties": {"name": "合肥市惠富粮油批发部(天然轩小区店)", "category": "market_food", "sub_category": "060703"}}, {"type": "Feature", "geometry": {"type": "Point", "coordinates": [117.322901, 31.872738]}, "properties": {"name": "蒋记鸡蛋批发", "category": "market_food", "sub_category": "060703"}}, {"type": "Feature", "geometry": {"type": "Point", "coordinates": [117.315662, 31.859642]}, "properties": {"name": "都市牧场(丰大住宅店)", "category": "market_food", "sub_category": "060703"}}, {"type": "Feature", "geometry": {"type": "Point", "coordinates": [117.634185, 31.685632]}, "properties": {"name": "詹记粮油批发部", "category": "market_food", "sub_category": "060703"}}, {"type": "Feature", "geometry": {"type": "Point", "coordinates": [117.366785, 31.80016]}, "properties": {"name": "小洋蛋品禽蛋批发", "category": "market_food", "sub_category": "060703"}}, {"type": "Feature", "geometry": {"type": "Point", "coordinates": [117.125446, 31.990611]}, "properties": {"name": "老街粮油批发部", "category": "market_food", "sub_category": "060703"}}, {"type": "Feature", "geometry": {"type": "Point", "coordinates": [117.217626, 31.776898]}, "properties": {"name": "海森调味副食批发部", "category": "market_food", "sub_category": "060703"}}, {"type": "Feature", "geometry": {"type": "Point", "coordinates": [116.878265, 31.779227]}, "properties": {"name": "老吴粮油面批发超市", "category": "market_food", "sub_category": "060703|061200"}}, {"type": "Feature", "geometry": {"type": "Point", "coordinates": [117.155696, 31.722505]}, "properties": {"name": "蛋鲜达禽蛋批发", "category": "market_food", "sub_category": "060703"}}, {"type": "Feature", "geometry": {"type": "Point", "coordinates": [117.422913, 31.87031]}, "properties": {"name": "王伟清真专业牛羊肉批发", "category": "market_food", "sub_category": "060703"}}, {"type": "Feature", "geometry": {"type": "Point", "coordinates": [117.252259, 31.855275]}, "properties": {"name": "全兴干货批发部", "category": "market_food", "sub_category": "060703"}}, {"type": "Feature", "geometry": {"type": "Point", "coordinates": [117.336013, 31.800812]}, "properties": {"name": "凤阳鸡场鸡蛋直销(包河区鸡蛋直销处)", "category": "market_food", "sub_category": "060703"}}, {"type": "Feature", "geometry": {"type": "Point", "coordinates": [117.28707, 31.246153]}, "properties": {"name": "爱生鲜文昌店鱼丰养殖特色农货店", "category": "market_food", "sub_category": "060703"}}, {"type": "Feature", "geometry": {"type": "Point", "coordinates": [117.383043, 31.837973]}, "properties": {"name": "王高干货副食品批发配送", "category": "market_food", "sub_category": "060703"}}, {"type": "Feature", "geometry": {"type": "Point", "coordinates": [117.287819, 31.82162]}, "properties": {"name": "金寨土鸡蛋批发商行", "category": "market_food", "sub_category": "060703"}}, {"type": "Feature", "geometry": {"type": "Point", "coordinates": [117.019093, 31.846064]}, "properties": {"name": "吴俊冷冻批发部", "category": "market_food", "sub_category": "060703"}}, {"type": "Feature", "geometry": {"type": "Point", "coordinates": [117.260277, 31.830111]}, "properties": {"name": "亲亲宝贝喜蛋张大姐禽蛋批发(望江西路店)", "category": "market_food", "sub_category": "060703"}}, {"type": "Feature", "geometry": {"type": "Point", "coordinates": [117.389823, 31.839763]}, "properties": {"name": "合肥壹只羊牛羊肉批发商行", "category": "market_food", "sub_category": "060703"}}, {"type": "Feature", "geometry": {"type": "Point", "coordinates": [117.161771, 31.708783]}, "properties": {"name": "勇源鸡蛋批发(四十埠家园店)", "category": "market_food", "sub_category": "060703"}}, {"type": "Feature", "geometry": {"type": "Point", "coordinates": [117.182225, 31.140475]}, "properties": {"name": "乐桥农贸市场", "category": "market_food", "sub_category": "060703"}}, {"type": "Feature", "geometry": {"type": "Point", "coordinates": [117.212968, 31.804295]}, "properties": {"name": "艺馨生态农场 有机产品专卖店", "category": "market_food", "sub_category": "060703"}}, {"type": "Feature", "geometry": {"type": "Point", "coordinates": [117.159625, 31.708125]}, "properties": {"name": "谢谢生鲜批发超市", "category": "market_food", "sub_category": "060703"}}, {"type": "Feature", "geometry": {"type": "Point", "coordinates": [117.129886, 31.854097]}, "properties": {"name": "马记土猪肉", "category": "market_food", "sub_category": "060703"}}, {"type": "Feature", "geometry": {"type": "Point", "coordinates": [117.848818, 31.610173]}, "properties": {"name": "西门批发市场", "category": "market_food", "sub_category": "060703"}}, {"type": "Feature", "geometry": {"type": "Point", "coordinates": [117.36949, 31.864157]}, "properties": {"name": "马岗吴记调味品批发", "category": "market_food", "sub_category": "060703"}}, {"type": "Feature", "geometry": {"type": "Point", "coordinates": [117.225034, 31.849762]}, "properties": {"name": "皖北牛羊肉批发", "category": "market_food", "sub_category": "060703"}}, {"type": "Feature", "geometry": {"type": "Point", "coordinates": [117.849388, 31.610046]}, "properties": {"name": "金豆子豆芽批发", "category": "market_food", "sub_category": "060703"}}, {"type": "Feature", "geometry": {"type": "Point", "coordinates": [117.165007, 31.815615]}, "properties": {"name": "同心冷冻食品批发", "category": "market_food", "sub_category": "060703"}}, {"type": "Feature", "geometry": {"type": "Point", "coordinates": [117.421998, 31.86988]}, "properties": {"name": "徽商大地农副产品批发市场有限公司家禽销售区", "category": "market_food", "sub_category": "060703"}}, {"type": "Feature", "geometry": {"type": "Point", "coordinates": [117.263105, 32.003372]}, "properties": {"name": "屏源粮油批发部", "category": "market_food", "sub_category": "060703"}}, {"type": "Feature", "geometry": {"type": "Point", "coordinates": [116.892459, 31.852875]}, "properties": {"name": "长镇村农贸市场", "category": "market_food", "sub_category": "060703"}}, {"type": "Feature", "geometry": {"type": "Point", "coordinates": [117.3851, 31.838889]}, "properties": {"name": "合肥迎客福粮油食品批发", "category": "market_food", "sub_category": "060703"}}, {"type": "Feature", "geometry": {"type": "Point", "coordinates": [117.097914, 31.76629]}, "properties": {"name": "甘达粮油商贸一次性用品批发", "category": "market_food", "sub_category": "060703"}}, {"type": "Feature", "geometry": {"type": "Point", "coordinates": [117.420752, 31.871491]}, "properties": {"name": "安徽徽商一筐生鲜农副产品服务有限公司", "category": "market_food", "sub_category": "060703"}}, {"type": "Feature", "geometry": {"type": "Point", "coordinates": [117.386381, 31.941222]}, "properties": {"name": "食客汇冻品批发配送", "category": "market_food", "sub_category": "060703"}}, {"type": "Feature", "geometry": {"type": "Point", "coordinates": [117.386535, 31.843756]}, "properties": {"name": "艳华牛羊肉批发部", "category": "market_food", "sub_category": "060703"}}, {"type": "Feature", "geometry": {"type": "Point", "coordinates": [117.146602, 32.132124]}, "properties": {"name": "陶楼农贸市场", "category": "market_food", "sub_category": "060703"}}, {"type": "Feature", "geometry": {"type": "Point", "coordinates": [117.306185, 31.905995]}, "properties": {"name": "犇鑫冷冻食品批发", "category": "market_food", "sub_category": "060703"}}, {"type": "Feature", "geometry": {"type": "Point", "coordinates": [117.185031, 31.952472]}, "properties": {"name": "正良粮油鸡蛋批发部", "category": "market_food", "sub_category": "060703"}}, {"type": "Feature", "geometry": {"type": "Point", "coordinates": [117.211709, 32.19479]}, "properties": {"name": "汪飞冷冻批发商行", "category": "market_food", "sub_category": "060703"}}, {"type": "Feature", "geometry": {"type": "Point", "coordinates": [117.255433, 32.00708]}, "properties": {"name": "批发零售精品土鸡蛋(军港新村南区店)", "category": "market_food", "sub_category": "060703"}}, {"type": "Feature", "geometry": {"type": "Point", "coordinates": [117.258243, 31.951984]}, "properties": {"name": "菜园生鲜", "category": "market_food", "sub_category": "060703"}}, {"type": "Feature", "geometry": {"type": "Point", "coordinates": [117.213867, 31.772]}, "properties": {"name": "合肥徽康禽蛋批发商行(童话名苑店)", "category": "market_food", "sub_category": "060703"}}, {"type": "Feature", "geometry": {"type": "Point", "coordinates": [117.259029, 31.965356]}, "properties": {"name": "诚信禽蛋批发", "category": "market_food", "sub_category": "060703"}}, {"type": "Feature", "geometry": {"type": "Point", "coordinates": [117.266588, 31.827202]}, "properties": {"name": "鑫嵘冷冻批发部", "category": "market_food", "sub_category": "060703"}}, {"type": "Feature", "geometry": {"type": "Point", "coordinates": [117.29761, 31.736803]}, "properties": {"name": "兴开干货粮油批发", "category": "market_food", "sub_category": "060703"}}, {"type": "Feature", "geometry": {"type": "Point", "coordinates": [117.429245, 31.100781]}, "properties": {"name": "矾山农贸市场", "category": "market_food", "sub_category": "060703"}}, {"type": "Feature", "geometry": {"type": "Point", "coordinates": [117.15963, 31.709756]}, "properties": {"name": "畅达冷冻批发部(泰来·尚品农贸市场店)", "category": "market_food", "sub_category": "060703"}}, {"type": "Feature", "geometry": {"type": "Point", "coordinates": [117.389077, 31.840164]}, "properties": {"name": "瑞瑞冷冻面点批发部", "category": "market_food", "sub_category": "060703"}}, {"type": "Feature", "geometry": {"type": "Point", "coordinates": [117.209385, 31.92711]}, "properties": {"name": "谊品批发部", "category": "market_food", "sub_category": "060703|060200"}}, {"type": "Feature", "geometry": {"type": "Point", "coordinates": [117.422019, 31.871864]}, "properties": {"name": "戴四蔬菜批发配送", "category": "market_food", "sub_category": "060703"}}, {"type": "Feature", "geometry": {"type": "Point", "coordinates": [117.09832, 31.763402]}, "properties": {"name": "康辉禽蛋批发", "category": "market_food", "sub_category": "060703"}}, {"type": "Feature", "geometry": {"type": "Point", "coordinates": [117.352855, 31.737379]}, "properties": {"name": "兴武粮油干货调味品批发部(滨湖润园南区店)", "category": "market_food", "sub_category": "060703"}}, {"type": "Feature", "geometry": {"type": "Point", "coordinates": [117.277415, 31.832059]}, "properties": {"name": "都市牧场(南园新村店)", "category": "market_food", "sub_category": "060703"}}, {"type": "Feature", "geometry": {"type": "Point", "coordinates": [117.240188, 32.001623]}, "properties": {"name": "康民农副产品(北城世纪城庆徽苑店)", "category": "market_food", "sub_category": "060703"}}, {"type": "Feature", "geometry": {"type": "Point", "coordinates": [117.306011, 31.242991]}, "properties": {"name": "城东粮店", "category": "market_food", "sub_category": "060703"}}, {"type": "Feature", "geometry": {"type": "Point", "coordinates": [117.20065, 31.785671]}, "properties": {"name": "良来粮油批发(桃花镇染坊社区南苑店)", "category": "market_food", "sub_category": "060703"}}, {"type": "Feature", "geometry": {"type": "Point", "coordinates": [117.317964, 31.837993]}, "properties": {"name": "郑贺民干货批发部(合肥坝上街新市场店)", "category": "market_food", "sub_category": "060703"}}, {"type": "Feature", "geometry": {"type": "Point", "coordinates": [117.266732, 31.827048]}, "properties": {"name": "郑向上干货批发店", "category": "market_food", "sub_category": "060703"}}, {"type": "Feature", "geometry": {"type": "Point", "coordinates": [117.148216, 31.770353]}, "properties": {"name": "老刘鸡蛋批发零售", "category": "market_food", "sub_category": "060703"}}, {"type": "Feature", "geometry": {"type": "Point", "coordinates": [117.297734, 31.735597]}, "properties": {"name": "徽蕴食品批发", "category": "market_food", "sub_category": "060703"}}, {"type": "Feature", "geometry": {"type": "Point", "coordinates": [117.27081, 31.810268]}, "properties": {"name": "大名府小磨香油芝麻酱批发零售", "category": "market_food", "sub_category": "060703"}}, {"type": "Feature", "geometry": {"type": "Point", "coordinates": [117.258156, 31.90452]}, "properties": {"name": "沈记冻品商城(新中菜市店)", "category": "market_food", "sub_category": "060703"}}, {"type": "Feature", "geometry": {"type": "Point", "coordinates": [117.470819, 31.877692]}, "properties": {"name": "城关粮油超市", "category": "market_food", "sub_category": "060703"}}, {"type": "Feature", "geometry": {"type": "Point", "coordinates": [116.946474, 31.589054]}, "properties": {"name": "柿树家园农贸市场", "category": "market_food", "sub_category": "060703"}}, {"type": "Feature", "geometry": {"type": "Point", "coordinates": [117.291794, 31.250685]}, "properties": {"name": "顺兴粮油批发部", "category": "market_food", "sub_category": "060703"}}, {"type": "Feature", "geometry": {"type": "Point", "coordinates": [117.567328, 31.899285]}, "properties": {"name": "龙城农贸市场", "category": "market_food", "sub_category": "060703"}}, {"type": "Feature", "geometry": {"type": "Point", "coordinates": [117.171296, 32.475925]}, "properties": {"name": "城东鸡蛋批发", "category": "market_food", "sub_category": "060703"}}, {"type": "Feature", "geometry": {"type": "Point", "coordinates": [117.071535, 32.068669]}, "properties": {"name": "大师兄农场农产品直营店", "category": "market_food", "sub_category": "060703"}}, {"type": "Feature", "geometry": {"type": "Point", "coordinates": [117.287656, 31.012911]}, "properties": {"name": "罗昌集农贸市场", "category": "market_food", "sub_category": "060703"}}, {"type": "Feature", "geometry": {"type": "Point", "coordinates": [117.869967, 31.615278]}, "properties": {"name": "巢湖市如意长江农贸市场", "category": "market_food", "sub_category": "060703"}}, {"type": "Feature", "geometry": {"type": "Point", "coordinates": [117.324336, 31.850386]}, "properties": {"name": "宝业农贸市场(宝业·城市绿苑店)", "category": "market_food", "sub_category": "060703"}}, {"type": "Feature", "geometry": {"type": "Point", "coordinates": [117.763597, 31.922389]}, "properties": {"name": "巢湖市栏杆集镇赵集农贸市场", "category": "market_food", "sub_category": "060703"}}, {"type": "Feature", "geometry": {"type": "Point", "coordinates": [117.12985, 31.854105]}, "properties": {"name": "老周粮油调味干货批发", "category": "market_food", "sub_category": "060703"}}, {"type": "Feature", "geometry": {"type": "Point", "coordinates": [117.281525, 31.850225]}, "properties": {"name": "祖名豆腐桐城路菜市场店", "category": "market_food", "sub_category": "060703"}}, {"type": "Feature", "geometry": {"type": "Point", "coordinates": [117.29384, 31.864372]}, "properties": {"name": "淮河路步行街", "category": "street_pedestrian", "sub_category": "061001"}}, {"type": "Feature", "geometry": {"type": "Point", "coordinates": [117.258933, 31.778537]}, "properties": {"name": "海恒步行街", "category": "street_pedestrian", "sub_category": "061001"}}, {"type": "Feature", "geometry": {"type": "Point", "coordinates": [117.272892, 31.844759]}, "properties": {"name": "合肥绩溪路商业步行街", "category": "street_pedestrian", "sub_category": "061001"}}, {"type": "Feature", "geometry": {"type": "Point", "coordinates": [117.286212, 31.849798]}, "properties": {"name": "徽州大道商业步行街", "category": "street_pedestrian", "sub_category": "061001"}}, {"type": "Feature", "geometry": {"type": "Point", "coordinates": [117.319841, 31.878911]}, "properties": {"name": "信地城市广场步行街", "category": "street_pedestrian", "sub_category": "061001|190301"}}, {"type": "Feature", "geometry": {"type": "Point", "coordinates": [117.209359, 32.196901]}, "properties": {"name": "下塘步行街", "category": "street_pedestrian", "sub_category": "061001"}}, {"type": "Feature", "geometry": {"type": "Point", "coordinates": [117.281869, 31.850221]}, "properties": {"name": "合肥香港商业步行街(三星钻石大厦西南)", "category": "street_pedestrian", "sub_category": "061001"}}, {"type": "Feature", "geometry": {"type": "Point", "coordinates": [117.336076, 31.876603]}, "properties": {"name": "合家福商业街(临泉东路店)", "category": "street_pedestrian", "sub_category": "061001"}}, {"type": "Feature", "geometry": {"type": "Point", "coordinates": [117.287683, 31.863575]}, "properties": {"name": "绿都步行街(绿都商城店)", "category": "street_pedestrian", "sub_category": "061001"}}, {"type": "Feature", "geometry": {"type": "Point", "coordinates": [117.231542, 31.807406]}, "properties": {"name": "天鹅湖步行街(保利MALL店)", "category": "street_pedestrian", "sub_category": "061001"}}, {"type": "Feature", "geometry": {"type": "Point", "coordinates": [117.088436, 32.197907]}, "properties": {"name": "杨庙步行街", "category": "street_pedestrian", "sub_category": "061001"}}, {"type": "Feature", "geometry": {"type": "Point", "coordinates": [117.302425, 31.855925]}, "properties": {"name": "万达广场室内步行街(包河金街店)", "category": "street_pedestrian", "sub_category": "061001"}}, {"type": "Feature", "geometry": {"type": "Point", "coordinates": [117.303096, 31.704543]}, "properties": {"name": "融创茂室内步行街", "category": "street_pedestrian", "sub_category": "061001"}}, {"type": "Feature", "geometry": {"type": "Point", "coordinates": [117.207185, 31.791831]}, "properties": {"name": "室外步行街(港澳广场店)", "category": "street_pedestrian", "sub_category": "061001"}}, {"type": "Feature", "geometry": {"type": "Point", "coordinates": [117.260675, 31.956873]}, "properties": {"name": "恒泰·城果一期步行街", "category": "street_pedestrian", "sub_category": "061001"}}, {"type": "Feature", "geometry": {"type": "Point", "coordinates": [117.208125, 31.791198]}, "properties": {"name": "港澳广场室外步行街1(港澳广场C区店)", "category": "street_pedestrian", "sub_category": "061001"}}, {"type": "Feature", "geometry": {"type": "Point", "coordinates": [116.892099, 31.80614]}, "properties": {"name": "驿城步行街", "category": "street_pedestrian", "sub_category": "061001"}}, {"type": "Feature", "geometry": {"type": "Point", "coordinates": [117.292347, 31.242979]}, "properties": {"name": "庐江·中心城步行街(庐江中心城店)", "category": "street_pedestrian", "sub_category": "061001"}}, {"type": "Feature", "geometry": {"type": "Point", "coordinates": [117.320576, 31.879933]}, "properties": {"name": "信地步行街乐行市集", "category": "street_pedestrian", "sub_category": "061001"}}, {"type": "Feature", "geometry": {"type": "Point", "coordinates": [117.278555, 31.860554]}, "properties": {"name": "女人街便民服务巷", "category": "street_pedestrian", "sub_category": "061001"}}, {"type": "Feature", "geometry": {"type": "Point", "coordinates": [117.365888, 31.868743]}, "properties": {"name": "时埠里", "category": "street_pedestrian", "sub_category": "061001|120000"}}, {"type": "Feature", "geometry": {"type": "Point", "coordinates": [117.264734, 31.834264]}, "properties": {"name": "科大后街", "category": "street_pedestrian", "sub_category": "061001"}}, {"type": "Feature", "geometry": {"type": "Point", "coordinates": [117.173869, 31.853961]}, "properties": {"name": "西城·衣食汇商业街(西城山水居店)", "category": "street_pedestrian", "sub_category": "061001"}}, {"type": "Feature", "geometry": {"type": "Point", "coordinates": [117.278149, 31.853924]}, "properties": {"name": "新月光广场", "category": "street_pedestrian", "sub_category": "061001"}}, {"type": "Feature", "geometry": {"type": "Point", "coordinates": [117.63585, 31.681886]}, "properties": {"name": "烔炀老街", "category": "street_pedestrian", "sub_category": "061001"}}, {"type": "Feature", "geometry": {"type": "Point", "coordinates": [117.220675, 31.818925]}, "properties": {"name": "天鹅湖金街(天鹅湖万达店)", "category": "street_pedestrian", "sub_category": "061001"}}, {"type": "Feature", "geometry": {"type": "Point", "coordinates": [117.015658, 31.692094]}, "properties": {"name": "吴山口老街", "category": "street_pedestrian", "sub_category": "061001"}}, {"type": "Feature", "geometry": {"type": "Point", "coordinates": [117.464526, 31.687049]}, "properties": {"name": "长临河老街(暂停营业)", "category": "street_pedestrian", "sub_category": "061001"}}, {"type": "Feature", "geometry": {"type": "Point", "coordinates": [117.274458, 31.718838]}, "properties": {"name": "合肥幼专包河欣星实验幼儿园", "category": "kindergarten", "sub_category": "141204"}}, {"type": "Feature", "geometry": {"type": "Point", "coordinates": [117.269352, 31.847128]}, "properties": {"name": "安徽医科大学第一附属医院幼儿园", "category": "kindergarten", "sub_category": "141204"}}, {"type": "Feature", "geometry": {"type": "Point", "coordinates": [117.732852, 31.520573]}, "properties": {"name": "巢湖市春芽幼儿园", "category": "kindergarten", "sub_category": "141204"}}, {"type": "Feature", "geometry": {"type": "Point", "coordinates": [117.493959, 31.591438]}, "properties": {"name": "巢湖市中庙碧桂园幼儿园", "category": "kindergarten", "sub_category": "141204"}}, {"type": "Feature", "geometry": {"type": "Point", "coordinates": [117.29597, 31.843905]}, "properties": {"name": "合肥工业大学屯溪路校区", "category": "school_college", "sub_category": "141201"}}, {"type": "Feature", "geometry": {"type": "Point", "coordinates": [117.256799, 31.862445]}, "properties": {"name": "安徽农业大学", "category": "school_college", "sub_category": "141201"}}, {"type": "Feature", "geometry": {"type": "Point", "coordinates": [117.20346, 31.77014]}, "properties": {"name": "合肥工业大学(翡翠湖校区)", "category": "school_college", "sub_category": "141201"}}, {"type": "Feature", "geometry": {"type": "Point", "coordinates": [117.263337, 31.848812]}, "properties": {"name": "安徽医科大学", "category": "school_college", "sub_category": "141201"}}, {"type": "Feature", "geometry": {"type": "Point", "coordinates": [117.18439, 31.826712]}, "properties": {"name": "安徽新华学院", "category": "school_college", "sub_category": "141201"}}, {"type": "Feature", "geometry": {"type": "Point", "coordinates": [117.254528, 31.844829]}, "properties": {"name": "安徽大学龙河校区", "category": "school_college", "sub_category": "141201"}}, {"type": "Feature", "geometry": {"type": "Point", "coordinates": [117.289691, 31.771812]}, "properties": {"name": "安徽中科庚玖医院", "category": "school_college", "sub_category": "141201"}}, {"type": "Feature", "geometry": {"type": "Point", "coordinates": [117.228556, 31.75039]}, "properties": {"name": "合肥师范学院锦绣校区", "category": "school_college", "sub_category": "141201"}}, {"type": "Feature", "geometry": {"type": "Point", "coordinates": [117.223461, 31.744052]}, "properties": {"name": "安徽建筑大学紫云路校区", "category": "school_college", "sub_category": "141201"}}, {"type": "Feature", "geometry": {"type": "Point", "coordinates": [117.381145, 31.928715]}, "properties": {"name": "安徽职业技术大学", "category": "school_college", "sub_category": "141201"}}, {"type": "Feature", "geometry": {"type": "Point", "coordinates": [117.394474, 31.933522]}, "properties": {"name": "合肥经济学院(高教基地校区)", "category": "school_college", "sub_category": "141201"}}, {"type": "Feature", "geometry": {"type": "Point", "coordinates": [117.391227, 31.938122]}, "properties": {"name": "安徽中医药大学(少荃湖校区)", "category": "school_college", "sub_category": "141201"}}, {"type": "Feature", "geometry": {"type": "Point", "coordinates": [117.129457, 31.818395]}, "properties": {"name": "中国科学技术大学(高新校区)", "category": "school_college", "sub_category": "141201"}}, {"type": "Feature", "geometry": {"type": "Point", "coordinates": [117.42671, 31.824884]}, "properties": {"name": "安徽水利水电职业技术学院", "category": "school_college", "sub_category": "141201"}}, {"type": "Feature", "geometry": {"type": "Point", "coordinates": [117.255642, 31.838186]}, "properties": {"name": "中国科学技术大学(西校区)", "category": "school_college", "sub_category": "141201"}}, {"type": "Feature", "geometry": {"type": "Point", "coordinates": [117.931036, 31.647211]}, "properties": {"name": "巢湖学院", "category": "school_college", "sub_category": "141201"}}, {"type": "Feature", "geometry": {"type": "Point", "coordinates": [117.175578, 31.755895]}, "properties": {"name": "合肥财经职业学院", "category": "school_college", "sub_category": "141201"}}, {"type": "Feature", "geometry": {"type": "Point", "coordinates": [117.392435, 31.928696]}, "properties": {"name": "安徽城市管理职业学院(淮海路)", "category": "school_college", "sub_category": "141201"}}, {"type": "Feature", "geometry": {"type": "Point", "coordinates": [117.125022, 31.676255]}, "properties": {"name": "安徽医科大学新医科中心(新校区)", "category": "school_college", "sub_category": "141201"}}, {"type": "Feature", "geometry": {"type": "Point", "coordinates": [117.197824, 31.754937]}, "properties": {"name": "安徽三联学院", "category": "school_college", "sub_category": "141201"}}, {"type": "Feature", "geometry": {"type": "Point", "coordinates": [117.261057, 31.959892]}, "properties": {"name": "安徽工商职业学院(双凤校区)", "category": "school_college", "sub_category": "141201"}}, {"type": "Feature", "geometry": {"type": "Point", "coordinates": [117.023882, 31.738826]}, "properties": {"name": "安徽外国语学院", "category": "school_college", "sub_category": "141201"}}, {"type": "Feature", "geometry": {"type": "Point", "coordinates": [117.019194, 31.743191]}, "properties": {"name": "安徽文达信息工程学院", "category": "school_college", "sub_category": "141201"}}, {"type": "Feature", "geometry": {"type": "Point", "coordinates": [117.257927, 31.723545]}, "properties": {"name": "安徽审计职业学院(方兴校区)", "category": "school_college", "sub_category": "141201"}}, {"type": "Feature", "geometry": {"type": "Point", "coordinates": [117.269463, 31.987804]}, "properties": {"name": "安徽国际商务职业学院", "category": "school_college", "sub_category": "141201"}}, {"type": "Feature", "geometry": {"type": "Point", "coordinates": [117.173287, 31.758848]}, "properties": {"name": "合肥信息技术职业学院", "category": "school_college", "sub_category": "141201"}}, {"type": "Feature", "geometry": {"type": "Point", "coordinates": [117.328849, 31.817273]}, "properties": {"name": "安徽工业经济职业技术学院(东区)", "category": "school_college", "sub_category": "141201"}}, {"type": "Feature", "geometry": {"type": "Point", "coordinates": [117.366581, 31.929713]}, "properties": {"name": "安徽艺术学院", "category": "school_college", "sub_category": "141201"}}, {"type": "Feature", "geometry": {"type": "Point", "coordinates": [117.232757, 31.848875]}, "properties": {"name": "安徽邮电职业技术学院", "category": "school_college", "sub_category": "141201"}}, {"type": "Feature", "geometry": {"type": "Point", "coordinates": [117.351642, 31.770279]}, "properties": {"name": "安徽体育运动职业技术学院", "category": "school_college", "sub_category": "141201"}}, {"type": "Feature", "geometry": {"type": "Point", "coordinates": [117.224075, 31.876291]}, "properties": {"name": "安徽警官职业学院(西校区)", "category": "school_college", "sub_category": "141201"}}, {"type": "Feature", "geometry": {"type": "Point", "coordinates": [117.39674, 31.905287]}, "properties": {"name": "合肥职业技术学院(汇心湖校区)", "category": "school_college", "sub_category": "141201"}}, {"type": "Feature", "geometry": {"type": "Point", "coordinates": [117.58173, 31.600118]}, "properties": {"name": "安徽公安学院", "category": "school_college", "sub_category": "141201"}}, {"type": "Feature", "geometry": {"type": "Point", "coordinates": [117.505815, 31.866151]}, "properties": {"name": "合肥理工学校", "category": "school_college", "sub_category": "141201"}}, {"type": "Feature", "geometry": {"type": "Point", "coordinates": [117.254807, 31.812355]}, "properties": {"name": "安徽建筑大学北校区", "category": "school_college", "sub_category": "141201"}}, {"type": "Feature", "geometry": {"type": "Point", "coordinates": [117.272785, 31.746186]}, "properties": {"name": "安徽合肥机电技师学院(新校区)", "category": "school_college", "sub_category": "141201"}}, {"type": "Feature", "geometry": {"type": "Point", "coordinates": [117.287239, 31.970967]}, "properties": {"name": "安徽理工大学(合肥校区)", "category": "school_college", "sub_category": "141201"}}, {"type": "Feature", "geometry": {"type": "Point", "coordinates": [117.272257, 31.738936]}, "properties": {"name": "安徽汽车职业技术学院", "category": "school_college", "sub_category": "141201"}}, {"type": "Feature", "geometry": {"type": "Point", "coordinates": [117.391199, 31.906219]}, "properties": {"name": "安徽合肥技师学院", "category": "school_college", "sub_category": "141201"}}, {"type": "Feature", "geometry": {"type": "Point", "coordinates": [117.394976, 31.917271]}, "properties": {"name": "安徽粮食工程职业学院", "category": "school_college", "sub_category": "141201"}}, {"type": "Feature", "geometry": {"type": "Point", "coordinates": [117.031414, 31.750166]}, "properties": {"name": "徽商职业学院", "category": "school_college", "sub_category": "141201"}}, {"type": "Feature", "geometry": {"type": "Point", "coordinates": [117.263015, 31.838829]}, "properties": {"name": "中国科学技术大学(中区)", "category": "school_college", "sub_category": "141201"}}, {"type": "Feature", "geometry": {"type": "Point", "coordinates": [117.214449, 31.775658]}, "properties": {"name": "安徽艺术职业学院丹霞校区", "category": "school_college", "sub_category": "141201"}}, {"type": "Feature", "geometry": {"type": "Point", "coordinates": [117.596804, 31.607157]}, "properties": {"name": "合肥城市学院滨湖校区", "category": "school_college", "sub_category": "141201"}}, {"type": "Feature", "geometry": {"type": "Point", "coordinates": [117.564509, 31.600149]}, "properties": {"name": "合肥理工学院", "category": "school_college", "sub_category": "141201"}}, {"type": "Feature", "geometry": {"type": "Point", "coordinates": [117.372457, 31.929187]}, "properties": {"name": "安徽广播影视职业技术学院", "category": "school_college", "sub_category": "141201"}}, {"type": "Feature", "geometry": {"type": "Point", "coordinates": [117.173346, 31.973916]}, "properties": {"name": "合肥城市学院(北城校区)", "category": "school_college", "sub_category": "141201"}}, {"type": "Feature", "geometry": {"type": "Point", "coordinates": [117.212829, 31.793293]}, "properties": {"name": "安徽医科大学(南校区)", "category": "school_college", "sub_category": "141201"}}, {"type": "Feature", "geometry": {"type": "Point", "coordinates": [117.248479, 31.864705]}, "properties": {"name": "安徽大学江淮学院(史河校区)", "category": "school_college", "sub_category": "141201"}}, {"type": "Feature", "geometry": {"type": "Point", "coordinates": [117.18534, 31.73956]}, "properties": {"name": "安徽省肥西师范学校", "category": "school_college", "sub_category": "141201"}}, {"type": "Feature", "geometry": {"type": "Point", "coordinates": [117.546129, 31.657055]}, "properties": {"name": "安徽省黄麓师范学校", "category": "school_college", "sub_category": "141201"}}, {"type": "Feature", "geometry": {"type": "Point", "coordinates": [117.300594, 31.814015]}, "properties": {"name": "安徽电气工程职业技术学院", "category": "school_college", "sub_category": "141201"}}, {"type": "Feature", "geometry": {"type": "Point", "coordinates": [117.282274, 31.826566]}, "properties": {"name": "省委党校(安徽行政学院)南校区", "category": "school_college", "sub_category": "141201"}}, {"type": "Feature", "geometry": {"type": "Point", "coordinates": [117.296554, 31.824495]}, "properties": {"name": "安徽交通职业技术学院(南区)", "category": "school_college", "sub_category": "141201"}}, {"type": "Feature", "geometry": {"type": "Point", "coordinates": [117.268545, 31.843123]}, "properties": {"name": "中国科学技术大学(北校区)", "category": "school_college", "sub_category": "141201"}}, {"type": "Feature", "geometry": {"type": "Point", "coordinates": [117.279687, 31.896825]}, "properties": {"name": "安徽工商职业学院庐阳校区", "category": "school_college", "sub_category": "141201"}}, {"type": "Feature", "geometry": {"type": "Point", "coordinates": [117.247756, 31.871142]}, "properties": {"name": "安徽警官职业学院东校区", "category": "school_college", "sub_category": "141201|141206"}}, {"type": "Feature", "geometry": {"type": "Point", "coordinates": [117.274864, 31.854614]}, "properties": {"name": "合肥师范学院(三孝口校区)", "category": "school_college", "sub_category": "141201"}}, {"type": "Feature", "geometry": {"type": "Point", "coordinates": [117.281161, 31.872215]}, "properties": {"name": "合肥工业大学(六安路校区)", "category": "school_college", "sub_category": "141201"}}, {"type": "Feature", "geometry": {"type": "Point", "coordinates": [117.396247, 31.928024]}, "properties": {"name": "安徽特殊教育职业学院", "category": "school_college", "sub_category": "141201"}}, {"type": "Feature", "geometry": {"type": "Point", "coordinates": [117.383822, 31.922808]}, "properties": {"name": "安徽职业技术大学(东南校区)", "category": "school_college", "sub_category": "141201"}}, {"type": "Feature", "geometry": {"type": "Point", "coordinates": [117.278876, 31.848884]}, "properties": {"name": "安徽第二医学院(芜湖路校区)", "category": "school_college", "sub_category": "141201"}}, {"type": "Feature", "geometry": {"type": "Point", "coordinates": [117.37365, 31.91517]}, "properties": {"name": "安徽农业工程职业技术学院", "category": "school_college", "sub_category": "141201"}}, {"type": "Feature", "geometry": {"type": "Point", "coordinates": [117.231843, 31.854752]}, "properties": {"name": "安徽粮食工程职业学院(西区)", "category": "school_college", "sub_category": "141201"}}, {"type": "Feature", "geometry": {"type": "Point", "coordinates": [117.309521, 31.816743]}, "properties": {"name": "安徽经济管理学院(东区)", "category": "school_college", "sub_category": "141201"}}, {"type": "Feature", "geometry": {"type": "Point", "coordinates": [117.435959, 31.791862]}, "properties": {"name": "安徽合肥医药卫生学校", "category": "school_college", "sub_category": "141206|141201"}}, {"type": "Feature", "geometry": {"type": "Point", "coordinates": [117.297489, 31.832302]}, "properties": {"name": "安徽社会主义学院", "category": "school_college", "sub_category": "141201"}}, {"type": "Feature", "geometry": {"type": "Point", "coordinates": [117.243427, 31.862736]}, "properties": {"name": "安徽中医药大学(西区)", "category": "school_college", "sub_category": "141201"}}, {"type": "Feature", "geometry": {"type": "Point", "coordinates": [117.316334, 31.898678]}, "properties": {"name": "安徽神学院", "category": "school_college", "sub_category": "141201"}}, {"type": "Feature", "geometry": {"type": "Point", "coordinates": [117.23892, 31.883591]}, "properties": {"name": "合肥滨湖职业技术学院(北区)", "category": "school_college", "sub_category": "141201"}}, {"type": "Feature", "geometry": {"type": "Point", "coordinates": [117.185562, 31.765905]}, "properties": {"name": "安徽大学(磬苑校区)", "category": "school_college", "sub_category": "141201"}}, {"type": "Feature", "geometry": {"type": "Point", "coordinates": [117.269603, 31.836854]}, "properties": {"name": "中国科学技术大学(本部东校区)", "category": "school_college", "sub_category": "141201"}}, {"type": "Feature", "geometry": {"type": "Point", "coordinates": [117.243241, 31.777714]}, "properties": {"name": "安徽新闻出版职业技术学院", "category": "school_college", "sub_category": "141201"}}, {"type": "Feature", "geometry": {"type": "Point", "coordinates": [117.588132, 31.608967]}, "properties": {"name": "合肥师范学院滨湖校区", "category": "school_college", "sub_category": "141201"}}, {"type": "Feature", "geometry": {"type": "Point", "coordinates": [117.382763, 31.913547]}, "properties": {"name": "安徽万通技师学院", "category": "school_college", "sub_category": "141201|141206"}}, {"type": "Feature", "geometry": {"type": "Point", "coordinates": [117.295088, 31.838251]}, "properties": {"name": "安徽开放大学(九华山路校区)", "category": "school_college", "sub_category": "141201"}}, {"type": "Feature", "geometry": {"type": "Point", "coordinates": [117.377939, 31.920257]}, "properties": {"name": "合肥幼儿师范高等专科学校", "category": "school_college", "sub_category": "141201"}}, {"type": "Feature", "geometry": {"type": "Point", "coordinates": [117.251903, 31.878269]}, "properties": {"name": "安徽中澳科技职业学院(庐阳校区)", "category": "school_college", "sub_category": "141201"}}, {"type": "Feature", "geometry": {"type": "Point", "coordinates": [117.202567, 31.858006]}, "properties": {"name": "合肥通用职业技术学院", "category": "school_college", "sub_category": "141201"}}, {"type": "Feature", "geometry": {"type": "Point", "coordinates": [117.051992, 31.832748]}, "properties": {"name": "安徽医科大学临床医学院", "category": "school_college", "sub_category": "141201"}}, {"type": "Feature", "geometry": {"type": "Point", "coordinates": [117.031141, 31.746658]}, "properties": {"name": "合肥科技职业学院", "category": "school_college", "sub_category": "141201"}}, {"type": "Feature", "geometry": {"type": "Point", "coordinates": [117.253187, 31.722963]}, "properties": {"name": "合肥滨湖职业技术学院南区", "category": "school_college", "sub_category": "141201"}}, {"type": "Feature", "geometry": {"type": "Point", "coordinates": [117.281617, 31.821766]}, "properties": {"name": "中国科学技术大学(南校区)", "category": "school_college", "sub_category": "141201"}}, {"type": "Feature", "geometry": {"type": "Point", "coordinates": [117.376173, 31.923291]}, "properties": {"name": "安徽职业技术大学能源动力与安全学院", "category": "school_college", "sub_category": "141201"}}, {"type": "Feature", "geometry": {"type": "Point", "coordinates": [117.110619, 31.749096]}, "properties": {"name": "安徽大学未来学院(建设中)", "category": "school_college", "sub_category": "141201"}}, {"type": "Feature", "geometry": {"type": "Point", "coordinates": [117.212768, 31.771088]}, "properties": {"name": "合肥经济学院(经开区校区)", "category": "school_college", "sub_category": "141201"}}, {"type": "Feature", "geometry": {"type": "Point", "coordinates": [117.259293, 31.858558]}, "properties": {"name": "安徽农业大学机械与车辆工程学院(智能制造学院)", "category": "school_college", "sub_category": "141201"}}, {"type": "Feature", "geometry": {"type": "Point", "coordinates": [117.251622, 31.869268]}, "properties": {"name": "合肥乐农新村小学奥林校区", "category": "school_college", "sub_category": "141203|141201|170200"}}, {"type": "Feature", "geometry": {"type": "Point", "coordinates": [117.879463, 31.609989]}, "properties": {"name": "合肥市行政学院", "category": "school_college", "sub_category": "141201"}}, {"type": "Feature", "geometry": {"type": "Point", "coordinates": [117.202125, 31.763025]}, "properties": {"name": "合肥大学城", "category": "school_college", "sub_category": "141201"}}, {"type": "Feature", "geometry": {"type": "Point", "coordinates": [117.296775, 31.848503]}, "properties": {"name": "省艺校", "category": "school_college", "sub_category": "141201"}}, {"type": "Feature", "geometry": {"type": "Point", "coordinates": [117.133125, 31.831675]}, "properties": {"name": "高新银泰校区", "category": "school_college", "sub_category": "141206|141201"}}, {"type": "Feature", "geometry": {"type": "Point", "coordinates": [117.186904, 31.772036]}, "properties": {"name": "安徽大学磬苑校区数学科学学院", "category": "school_college", "sub_category": "141201"}}, {"type": "Feature", "geometry": {"type": "Point", "coordinates": [117.374734, 31.918314]}, "properties": {"name": "安徽新华电脑专修学院(东区)", "category": "school_college", "sub_category": "141201"}}, {"type": "Feature", "geometry": {"type": "Point", "coordinates": [117.203581, 31.924557]}, "properties": {"name": "安徽农业大学教学示范基地", "category": "school_college", "sub_category": "141201"}}, {"type": "Feature", "geometry": {"type": "Point", "coordinates": [117.290875, 31.850973]}, "properties": {"name": "合肥教院", "category": "school_college", "sub_category": "141201"}}, {"type": "Feature", "geometry": {"type": "Point", "coordinates": [117.16177, 31.905256]}, "properties": {"name": "中国科学技术大学研究生院科学岛分院", "category": "school_college", "sub_category": "141201"}}, {"type": "Feature", "geometry": {"type": "Point", "coordinates": [117.583625, 31.605475]}, "properties": {"name": "安徽公安学院(北区)", "category": "school_college", "sub_category": "141201"}}, {"type": "Feature", "geometry": {"type": "Point", "coordinates": [117.200975, 31.751325]}, "properties": {"name": "合肥三联学院", "category": "school_college", "sub_category": "141201"}}, {"type": "Feature", "geometry": {"type": "Point", "coordinates": [117.19369, 31.828389]}, "properties": {"name": "安徽电气工程职业技术学院(红枫路校区)", "category": "school_college", "sub_category": "141201"}}, {"type": "Feature", "geometry": {"type": "Point", "coordinates": [117.19761, 31.749954]}, "properties": {"name": "安徽绿海商务职业学院-商务楼", "category": "school_college", "sub_category": "141201"}}, {"type": "Feature", "geometry": {"type": "Point", "coordinates": [117.302732, 31.81117]}, "properties": {"name": "安徽建工技师学院", "category": "school_college", "sub_category": "141201"}}, {"type": "Feature", "geometry": {"type": "Point", "coordinates": [117.27494, 31.932744]}, "properties": {"name": "安徽理工大学合肥校区庐阳区校园", "category": "school_college", "sub_category": "141201"}}, {"type": "Feature", "geometry": {"type": "Point", "coordinates": [117.26286, 31.858107]}, "properties": {"name": "安徽农业大学林学与园林学院", "category": "school_college", "sub_category": "141201"}}, {"type": "Feature", "geometry": {"type": "Point", "coordinates": [117.359275, 31.864625]}, "properties": {"name": "铁路工程学院", "category": "school_college", "sub_category": "141201"}}, {"type": "Feature", "geometry": {"type": "Point", "coordinates": [117.124125, 31.673375]}, "properties": {"name": "安徽医科大学新医科中心基础医学院", "category": "school_college", "sub_category": "141201"}}, {"type": "Feature", "geometry": {"type": "Point", "coordinates": [117.185138, 31.820723]}, "properties": {"name": "安徽新华学院科技学院", "category": "school_college", "sub_category": "141201"}}, {"type": "Feature", "geometry": {"type": "Point", "coordinates": [117.188285, 31.75887]}, "properties": {"name": "安徽大学磬苑校区人工智能学院", "category": "school_college", "sub_category": "141201"}}, {"type": "Feature", "geometry": {"type": "Point", "coordinates": [117.235159, 31.7694]}, "properties": {"name": "安徽汽车职业技术学院莲花校区", "category": "school_college", "sub_category": "141201"}}, {"type": "Feature", "geometry": {"type": "Point", "coordinates": [117.180825, 31.767633]}, "properties": {"name": "安大-文创中心", "category": "school_college", "sub_category": "141201"}}, {"type": "Feature", "geometry": {"type": "Point", "coordinates": [117.380038, 31.924599]}, "properties": {"name": "安徽职业技术大学南区", "category": "school_college", "sub_category": "141201"}}, {"type": "Feature", "geometry": {"type": "Point", "coordinates": [117.020925, 31.737675]}, "properties": {"name": "文达学院", "category": "school_college", "sub_category": "141400|141201"}}, {"type": "Feature", "geometry": {"type": "Point", "coordinates": [117.248825, 31.813976]}, "properties": {"name": "中国科学技术大学东校区临床医学院", "category": "school_college", "sub_category": "141201"}}, {"type": "Feature", "geometry": {"type": "Point", "coordinates": [117.170362, 31.959986]}, "properties": {"name": "长丰社区教育学院", "category": "school_college", "sub_category": "141201"}}, {"type": "Feature", "geometry": {"type": "Point", "coordinates": [117.312839, 31.795793]}, "properties": {"name": "合肥工业经济学校", "category": "school_college", "sub_category": "141201"}}, {"type": "Feature", "geometry": {"type": "Point", "coordinates": [117.241325, 31.801525]}, "properties": {"name": "合肥职业技术学院大学生创新创业中心", "category": "school_college", "sub_category": "141201"}}, {"type": "Feature", "geometry": {"type": "Point", "coordinates": [117.149345, 31.706953]}, "properties": {"name": "肥西县疾病预防控制中心", "category": "hospital", "sub_category": "090500"}}, {"type": "Feature", "geometry": {"type": "Point", "coordinates": [117.149723, 31.714117]}, "properties": {"name": "马杨根内科诊所", "category": "hospital", "sub_category": "090300"}}, {"type": "Feature", "geometry": {"type": "Point", "coordinates": [117.104856, 31.730382]}, "properties": {"name": "中心卫生院谢塘卫生室", "category": "hospital", "sub_category": "090300"}}, {"type": "Feature", "geometry": {"type": "Point", "coordinates": [117.108646, 31.76294]}, "properties": {"name": "肥西经开区华南城门诊部", "category": "hospital", "sub_category": "090300"}}, {"type": "Feature", "geometry": {"type": "Point", "coordinates": [117.105371, 31.765707]}, "properties": {"name": "乐雅口腔(肥西院)", "category": "hospital", "sub_category": "090202"}}, {"type": "Feature", "geometry": {"type": "Point", "coordinates": [117.148101, 31.783454]}, "properties": {"name": "魏万杰口腔诊所", "category": "hospital", "sub_category": "090202"}}, {"type": "Feature", "geometry": {"type": "Point", "coordinates": [117.148403, 31.770492]}, "properties": {"name": "栗新内科诊所", "category": "hospital", "sub_category": "090300"}}, {"type": "Feature", "geometry": {"type": "Point", "coordinates": [117.113722, 31.779618]}, "properties": {"name": "紫蓬镇卫生院泗洲卫生室", "category": "hospital", "sub_category": "090300"}}, {"type": "Feature", "geometry": {"type": "Point", "coordinates": [117.149315, 31.778717]}, "properties": {"name": "海德公馆中西医结合门诊部", "category": "hospital", "sub_category": "090300"}}, {"type": "Feature", "geometry": {"type": "Point", "coordinates": [117.143874, 31.768427]}, "properties": {"name": "顺和社区卫生服务站", "category": "hospital", "sub_category": "090102"}}, {"type": "Feature", "geometry": {"type": "Point", "coordinates": [117.137131, 31.846555]}, "properties": {"name": "安徽医科大学第一附属医院高新院区", "category": "hospital", "sub_category": "090101"}}, {"type": "Feature", "geometry": {"type": "Point", "coordinates": [117.105871, 31.829241]}, "properties": {"name": "瑞特曼口腔(总院)", "category": "hospital", "sub_category": "090202"}}, {"type": "Feature", "geometry": {"type": "Point", "coordinates": [117.13925, 31.819461]}, "properties": {"name": "合肥高新区长宁社区卫生服务中心", "category": "hospital", "sub_category": "090102"}}, {"type": "Feature", "geometry": {"type": "Point", "coordinates": [117.130449, 31.835636]}, "properties": {"name": "广瑞医疗·科新综合门诊部", "category": "hospital", "sub_category": "090300"}}, {"type": "Feature", "geometry": {"type": "Point", "coordinates": [117.11776, 31.824468]}, "properties": {"name": "合肥离子医学中心", "category": "hospital", "sub_category": "090101"}}, {"type": "Feature", "geometry": {"type": "Point", "coordinates": [117.118674, 31.847678]}, "properties": {"name": "合肥高新区长宁社区永和卫生服务站", "category": "hospital", "sub_category": "090102"}}, {"type": "Feature", "geometry": {"type": "Point", "coordinates": [117.134906, 31.834156]}, "properties": {"name": "健雅口腔", "category": "hospital", "sub_category": "090202"}}, {"type": "Feature", "geometry": {"type": "Point", "coordinates": [117.113502, 31.845423]}, "properties": {"name": "倍新口腔(高新店)", "category": "hospital", "sub_category": "090202"}}, {"type": "Feature", "geometry": {"type": "Point", "coordinates": [117.116613, 31.818051]}, "properties": {"name": "合肥高新区慧康中西医结合门诊部", "category": "hospital", "sub_category": "090300"}}, {"type": "Feature", "geometry": {"type": "Point", "coordinates": [117.123277, 31.844545]}, "properties": {"name": "娅斯杰口腔诊所", "category": "hospital", "sub_category": "090202"}}, {"type": "Feature", "geometry": {"type": "Point", "coordinates": [117.112494, 31.835997]}, "properties": {"name": "合肥高新区佑康内科诊所", "category": "hospital", "sub_category": "090300"}}, {"type": "Feature", "geometry": {"type": "Point", "coordinates": [117.138156, 31.831714]}, "properties": {"name": "安徽牙客医药科技有限公司", "category": "hospital", "sub_category": "090202"}}, {"type": "Feature", "geometry": {"type": "Point", "coordinates": [117.138395, 31.806961]}, "properties": {"name": "之循中医诊所", "category": "hospital", "sub_category": "090300"}}, {"type": "Feature", "geometry": {"type": "Point", "coordinates": [117.123307, 31.847861]}, "properties": {"name": "合肥高新区向旸( yang)诊所", "category": "hospital", "sub_category": "090300"}}, {"type": "Feature", "geometry": {"type": "Point", "coordinates": [117.116202, 31.841253]}, "properties": {"name": "美特尔医疗美容(暂停营业)", "category": "hospital", "sub_category": "090201"}}, {"type": "Feature", "geometry": {"type": "Point", "coordinates": [117.119233, 31.851941]}, "properties": {"name": "合肥市妇幼保健院(西院)", "category": "hospital", "sub_category": "090200"}}, {"type": "Feature", "geometry": {"type": "Point", "coordinates": [117.136538, 31.854793]}, "properties": {"name": "合肥高新区南岗社区卫生服务中心", "category": "hospital", "sub_category": "090102"}}, {"type": "Feature", "geometry": {"type": "Point", "coordinates": [117.129303, 31.85408]}, "properties": {"name": "飞橙医美(高新院区)", "category": "hospital", "sub_category": "090201"}}, {"type": "Feature", "geometry": {"type": "Point", "coordinates": [117.111803, 31.854694]}, "properties": {"name": "新诚内科诊所", "category": "hospital", "sub_category": "090300"}}, {"type": "Feature", "geometry": {"type": "Point", "coordinates": [117.148062, 31.87624]}, "properties": {"name": "雅牙口腔", "category": "hospital", "sub_category": "090202"}}, {"type": "Feature", "geometry": {"type": "Point", "coordinates": [117.126064, 31.926308]}, "properties": {"name": "合肥市庐阳区三十岗乡卫生院", "category": "hospital", "sub_category": "090102|090300"}}, {"type": "Feature", "geometry": {"type": "Point", "coordinates": [117.140962, 31.92345]}, "properties": {"name": "庐阳区三十岗乡东瞿村卫生室", "category": "hospital", "sub_category": "090300"}}, {"type": "Feature", "geometry": {"type": "Point", "coordinates": [117.120537, 31.994874]}, "properties": {"name": "岗集中心卫生院土山分院", "category": "hospital", "sub_category": "090102"}}, {"type": "Feature", "geometry": {"type": "Point", "coordinates": [117.170293, 31.745298]}, "properties": {"name": "安徽医科大学第一附属医院南区", "category": "hospital", "sub_category": "090101"}}, {"type": "Feature", "geometry": {"type": "Point", "coordinates": [117.177494, 31.700116]}, "properties": {"name": "肥西县中医院(新区)", "category": "hospital", "sub_category": "090100"}}, {"type": "Feature", "geometry": {"type": "Point", "coordinates": [117.17128, 31.719481]}, "properties": {"name": "肥西爱牙口腔(水晶城店)", "category": "hospital", "sub_category": "090202"}}, {"type": "Feature", "geometry": {"type": "Point", "coordinates": [117.16342, 31.726364]}, "properties": {"name": "合肥佳德口腔·补牙·拔牙(万派店)", "category": "hospital", "sub_category": "090202"}}, {"type": "Feature", "geometry": {"type": "Point", "coordinates": [117.177775, 31.733675]}, "properties": {"name": "肥西县上派镇中心卫生院", "category": "hospital", "sub_category": "090102"}}, {"type": "Feature", "geometry": {"type": "Point", "coordinates": [117.184937, 31.734939]}, "properties": {"name": "合肥新港医院", "category": "hospital", "sub_category": "090100"}}, {"type": "Feature", "geometry": {"type": "Point", "coordinates": [117.164425, 31.720125]}, "properties": {"name": "雅淮口腔(肥西店)", "category": "hospital", "sub_category": "090202"}}, {"type": "Feature", "geometry": {"type": "Point", "coordinates": [117.179725, 31.740025]}, "properties": {"name": "华新口腔", "category": "hospital", "sub_category": "090202"}}, {"type": "Feature", "geometry": {"type": "Point", "coordinates": [117.190102, 31.737274]}, "properties": {"name": "合肥经开临湖联宝诊所", "category": "hospital", "sub_category": "090300"}}, {"type": "Feature", "geometry": {"type": "Point", "coordinates": [117.161263, 31.706442]}, "properties": {"name": "肥西仁康医院", "category": "hospital", "sub_category": "090100"}}, {"type": "Feature", "geometry": {"type": "Point", "coordinates": [117.163274, 31.734028]}, "properties": {"name": "周明内科诊所", "category": "hospital", "sub_category": "090300"}}, {"type": "Feature", "geometry": {"type": "Point", "coordinates": [117.151176, 31.709571]}, "properties": {"name": "肥西巢湖西路综合门诊部", "category": "hospital", "sub_category": "090300"}}, {"type": "Feature", "geometry": {"type": "Point", "coordinates": [117.183438, 31.730436]}, "properties": {"name": "益齿口腔门诊部", "category": "hospital", "sub_category": "090202"}}, {"type": "Feature", "geometry": {"type": "Point", "coordinates": [117.181141, 31.714504]}, "properties": {"name": "乐洁口腔门诊部", "category": "hospital", "sub_category": "090202"}}, {"type": "Feature", "geometry": {"type": "Point", "coordinates": [117.152398, 31.736612]}, "properties": {"name": "齿美口腔门诊部", "category": "hospital", "sub_category": "090202"}}, {"type": "Feature", "geometry": {"type": "Point", "coordinates": [117.170324, 31.740866]}, "properties": {"name": "方燕中西医结合诊所", "category": "hospital", "sub_category": "090300"}}, {"type": "Feature", "geometry": {"type": "Point", "coordinates": [117.166701, 31.709471]}, "properties": {"name": "肥西县上派镇古埂社区卫生服务站", "category": "hospital", "sub_category": "090102|090300"}}, {"type": "Feature", "geometry": {"type": "Point", "coordinates": [117.154177, 31.707501]}, "properties": {"name": "肥西立胜中医(综合)诊所", "category": "hospital", "sub_category": "090300"}}, {"type": "Feature", "geometry": {"type": "Point", "coordinates": [117.155966, 31.717178]}, "properties": {"name": "肥西鲁立春内科诊所", "category": "hospital", "sub_category": "090300|090200"}}, {"type": "Feature", "geometry": {"type": "Point", "coordinates": [117.152984, 31.72122]}, "properties": {"name": "肥西爱和综合门诊部", "category": "hospital", "sub_category": "090300"}}, {"type": "Feature", "geometry": {"type": "Point", "coordinates": [117.188645, 31.705252]}, "properties": {"name": "肥西国滨康安普通专科门诊部", "category": "hospital", "sub_category": "090300"}}, {"type": "Feature", "geometry": {"type": "Point", "coordinates": [117.160324, 31.700452]}, "properties": {"name": "肥西李仁应内科诊所", "category": "hospital", "sub_category": "090300"}}, {"type": "Feature", "geometry": {"type": "Point", "coordinates": [117.170361, 31.727038]}, "properties": {"name": "周中内科诊所", "category": "hospital", "sub_category": "090300"}}, {"type": "Feature", "geometry": {"type": "Point", "coordinates": [117.178865, 31.708655]}, "properties": {"name": "赵龙生内科诊所", "category": "hospital", "sub_category": "090300"}}, {"type": "Feature", "geometry": {"type": "Point", "coordinates": [117.151233, 31.718016]}, "properties": {"name": "肥西县上派镇爱和社区卫生服务站", "category": "hospital", "sub_category": "090102"}}, {"type": "Feature", "geometry": {"type": "Point", "coordinates": [117.154493, 31.702293]}, "properties": {"name": "肥西翰林水岸门诊部", "category": "hospital", "sub_category": "090300"}}, {"type": "Feature", "geometry": {"type": "Point", "coordinates": [117.159489, 31.71166]}, "properties": {"name": "钱江门诊部", "category": "hospital", "sub_category": "090300"}}, {"type": "Feature", "geometry": {"type": "Point", "coordinates": [117.198647, 31.74922]}, "properties": {"name": "安徽绿海商务学院医务室", "category": "hospital", "sub_category": "090300"}}, {"type": "Feature", "geometry": {"type": "Point", "coordinates": [117.169997, 31.78183]}, "properties": {"name": "广瑞医疗·新园中医综合医院", "category": "hospital", "sub_category": "090202"}}, {"type": "Feature", "geometry": {"type": "Point", "coordinates": [117.199787, 31.788235]}, "properties": {"name": "合肥经济技术开发区芙蓉社区卫生服务中心", "category": "hospital", "sub_category": "090102"}}, {"type": "Feature", "geometry": {"type": "Point", "coordinates": [117.196289, 31.78373]}, "properties": {"name": "安徽省疾病预防控制中心(繁华大道)", "category": "hospital", "sub_category": "090500"}}, {"type": "Feature", "geometry": {"type": "Point", "coordinates": [117.189999, 31.783566]}, "properties": {"name": "文锋口腔门诊部", "category": "hospital", "sub_category": "090202"}}, {"type": "Feature", "geometry": {"type": "Point", "coordinates": [117.160535, 31.799589]}, "properties": {"name": "杜胜中医诊所", "category": "hospital", "sub_category": "090300"}}, {"type": "Feature", "geometry": {"type": "Point", "coordinates": [117.156014, 31.798933]}, "properties": {"name": "汪超中医诊所", "category": "hospital", "sub_category": "090300"}}, {"type": "Feature", "geometry": {"type": "Point", "coordinates": [117.152072, 31.78179]}, "properties": {"name": "于洁口腔诊所", "category": "hospital", "sub_category": "090202"}}, {"type": "Feature", "geometry": {"type": "Point", "coordinates": [117.1945, 31.779667]}, "properties": {"name": "颐德口腔", "category": "hospital", "sub_category": "090202"}}, {"type": "Feature", "geometry": {"type": "Point", "coordinates": [117.163698, 31.799447]}, "properties": {"name": "中恒中医诊所", "category": "hospital", "sub_category": "090300"}}, {"type": "Feature", "geometry": {"type": "Point", "coordinates": [117.196751, 31.751937]}, "properties": {"name": "安徽三联学院南区校医院", "category": "hospital", "sub_category": "090100"}}, {"type": "Feature", "geometry": {"type": "Point", "coordinates": [117.163408, 31.780258]}, "properties": {"name": "肥西艾美口腔门诊部", "category": "hospital", "sub_category": "090202"}}, {"type": "Feature", "geometry": {"type": "Point", "coordinates": [117.159016, 31.791415]}, "properties": {"name": "张峰内科诊所", "category": "hospital", "sub_category": "090300"}}, {"type": "Feature", "geometry": {"type": "Point", "coordinates": [117.181727, 31.772086]}, "properties": {"name": "芍药堂中医诊所", "category": "hospital", "sub_category": "090300"}}, {"type": "Feature", "geometry": {"type": "Point", "coordinates": [117.18855, 31.754641]}, "properties": {"name": "肥西华仁中西医结合门诊部", "category": "hospital", "sub_category": "090300"}}, {"type": "Feature", "geometry": {"type": "Point", "coordinates": [117.180028, 31.767707]}, "properties": {"name": "安徽大学磬苑校区医院", "category": "hospital", "sub_category": "090300"}}, {"type": "Feature", "geometry": {"type": "Point", "coordinates": [117.175532, 31.785173]}, "properties": {"name": "张传辉中西医结合诊所", "category": "hospital", "sub_category": "090300"}}, {"type": "Feature", "geometry": {"type": "Point", "coordinates": [117.193869, 31.758904]}, "properties": {"name": "康临中西医结合门诊部", "category": "hospital", "sub_category": "090300"}}, {"type": "Feature", "geometry": {"type": "Point", "coordinates": [117.166741, 31.796918]}, "properties": {"name": "肥西刘殿友内科诊所", "category": "hospital", "sub_category": "090300"}}, {"type": "Feature", "geometry": {"type": "Point", "coordinates": [117.182847, 31.751057]}, "properties": {"name": "陈修阳内科诊所", "category": "hospital", "sub_category": "090200|090300"}}, {"type": "Feature", "geometry": {"type": "Point", "coordinates": [117.151872, 31.774149]}, "properties": {"name": "旭初综合门诊部", "category": "hospital", "sub_category": "090300"}}, {"type": "Feature", "geometry": {"type": "Point", "coordinates": [117.18531, 31.798686]}, "properties": {"name": "玖方口腔", "category": "hospital", "sub_category": "090202"}}, {"type": "Feature", "geometry": {"type": "Point", "coordinates": [117.183823, 31.774946]}, "properties": {"name": "快民门诊连锁-九龙园中西医结合门诊部", "category": "hospital", "sub_category": "090300"}}, {"type": "Feature", "geometry": {"type": "Point", "coordinates": [117.190636, 31.779735]}, "properties": {"name": "玫瑰园中西医结合门诊部", "category": "hospital", "sub_category": "090300"}}, {"type": "Feature", "geometry": {"type": "Point", "coordinates": [117.152463, 31.829593]}, "properties": {"name": "安徽医科大学康视眼科医院", "category": "hospital", "sub_category": "090203"}}, {"type": "Feature", "geometry": {"type": "Point", "coordinates": [117.166118, 31.827561]}, "properties": {"name": "高新区蜀南庭苑社区卫生服务中心", "category": "hospital", "sub_category": "090102"}}, {"type": "Feature", "geometry": {"type": "Point", "coordinates": [117.194522, 31.835441]}, "properties": {"name": "禾丽西婵医疗美容门诊部", "category": "hospital", "sub_category": "090201"}}, {"type": "Feature", "geometry": {"type": "Point", "coordinates": [117.161362, 31.807834]}, "properties": {"name": "合肥高新区江河社区卫生服务中心", "category": "hospital", "sub_category": "090102"}}, {"type": "Feature", "geometry": {"type": "Point", "coordinates": [117.156816, 31.822146]}, "properties": {"name": "佳乐口腔", "category": "hospital", "sub_category": "090202"}}, {"type": "Feature", "geometry": {"type": "Point", "coordinates": [117.188039, 31.80669]}, "properties": {"name": "亚文口腔", "category": "hospital", "sub_category": "090202"}}, {"type": "Feature", "geometry": {"type": "Point", "coordinates": [117.199758, 31.845281]}, "properties": {"name": "合肥高新区梦园门诊部", "category": "hospital", "sub_category": "090300"}}, {"type": "Feature", "geometry": {"type": "Point", "coordinates": [117.193223, 31.814729]}, "properties": {"name": "臻美口腔门诊部", "category": "hospital", "sub_category": "090202"}}, {"type": "Feature", "geometry": {"type": "Point", "coordinates": [117.16282, 31.828357]}, "properties": {"name": "蜀南健雅口腔诊所", "category": "hospital", "sub_category": "090300"}}, {"type": "Feature", "geometry": {"type": "Point", "coordinates": [117.197854, 31.83973]}, "properties": {"name": "平衡中医诊所", "category": "hospital", "sub_category": "090300"}}, {"type": "Feature", "geometry": {"type": "Point", "coordinates": [117.179239, 31.816914]}, "properties": {"name": "御康口腔", "category": "hospital", "sub_category": "090202"}}, {"type": "Feature", "geometry": {"type": "Point", "coordinates": [117.195758, 31.832478]}, "properties": {"name": "澜溪诊所", "category": "hospital", "sub_category": "090300"}}, {"type": "Feature", "geometry": {"type": "Point", "coordinates": [117.168502, 31.815606]}, "properties": {"name": "康安诊所", "category": "hospital", "sub_category": "090300"}}, {"type": "Feature", "geometry": {"type": "Point", "coordinates": [117.182282, 31.80265]}, "properties": {"name": "倪永华内科诊所", "category": "hospital", "sub_category": "090200"}}, {"type": "Feature", "geometry": {"type": "Point", "coordinates": [117.162612, 31.803766]}, "properties": {"name": "名郡口腔门诊", "category": "hospital", "sub_category": "090202"}}, {"type": "Feature", "geometry": {"type": "Point", "coordinates": [117.195537, 31.848035]}, "properties": {"name": "合肥高新区纪素群中医诊所", "category": "hospital", "sub_category": "090300"}}, {"type": "Feature", "geometry": {"type": "Point", "coordinates": [117.156752, 31.861872]}, "properties": {"name": "中国科学院合肥肿瘤医院", "category": "hospital", "sub_category": "090207"}}, {"type": "Feature", "geometry": {"type": "Point", "coordinates": [117.171113, 31.857503]}, "properties": {"name": "蜀山区社区卫生服务中心", "category": "hospital", "sub_category": "090102"}}, {"type": "Feature", "geometry": {"type": "Point", "coordinates": [117.199552, 31.853747]}, "properties": {"name": "小氧医美•玉颜店", "category": "hospital", "sub_category": "090201"}}, {"type": "Feature", "geometry": {"type": "Point", "coordinates": [117.154432, 31.85265]}, "properties": {"name": "广瑞医疗·悦山综合门诊部", "category": "hospital", "sub_category": "090300"}}, {"type": "Feature", "geometry": {"type": "Point", "coordinates": [117.181131, 31.860948]}, "properties": {"name": "合肥蜀山国康门诊", "category": "hospital", "sub_category": "090300"}}, {"type": "Feature", "geometry": {"type": "Point", "coordinates": [117.180019, 31.864508]}, "properties": {"name": "广瑞医疗·玉镜综合门诊部", "category": "hospital", "sub_category": "090300"}}, {"type": "Feature", "geometry": {"type": "Point", "coordinates": [117.150629, 31.868186]}, "properties": {"name": "顺泰口腔诊所", "category": "hospital", "sub_category": "090202"}}, {"type": "Feature", "geometry": {"type": "Point", "coordinates": [117.190116, 31.854557]}, "properties": {"name": "徽雅口腔门诊部", "category": "hospital", "sub_category": "090202"}}, {"type": "Feature", "geometry": {"type": "Point", "coordinates": [117.1667, 31.851962]}, "properties": {"name": "沃亚口腔", "category": "hospital", "sub_category": "090202"}}, {"type": "Feature", "geometry": {"type": "Point", "coordinates": [117.176327, 31.856798]}, "properties": {"name": "安岐堂中医诊所", "category": "hospital", "sub_category": "090300"}}, {"type": "Feature", "geometry": {"type": "Point", "coordinates": [117.168017, 31.861437]}, "properties": {"name": "康昱医疗蜀山内科诊所", "category": "hospital", "sub_category": "090202|090300"}}, {"type": "Feature", "geometry": {"type": "Point", "coordinates": [117.168128, 31.854949]}, "properties": {"name": "文博口腔门诊部", "category": "hospital", "sub_category": "090202"}}, {"type": "Feature", "geometry": {"type": "Point", "coordinates": [117.189283, 31.857963]}, "properties": {"name": "合肥蜀山爱雅仕口腔门诊部", "category": "hospital", "sub_category": "090202"}}, {"type": "Feature", "geometry": {"type": "Point", "coordinates": [117.16564, 31.858955]}, "properties": {"name": "健洁口腔门诊部", "category": "hospital", "sub_category": "090202"}}, {"type": "Feature", "geometry": {"type": "Point", "coordinates": [117.151054, 31.874102]}, "properties": {"name": "悠然居内科诊所", "category": "hospital", "sub_category": "090300"}}, {"type": "Feature", "geometry": {"type": "Point", "coordinates": [117.172012, 31.864105]}, "properties": {"name": "科学家园医疗卫生服务站", "category": "hospital", "sub_category": "090102"}}, {"type": "Feature", "geometry": {"type": "Point", "coordinates": [117.185862, 31.854056]}, "properties": {"name": "杨治军中西医结合诊所", "category": "hospital", "sub_category": "090300"}}, {"type": "Feature", "geometry": {"type": "Point", "coordinates": [117.186831, 31.946338]}, "properties": {"name": "岗集中心卫生院", "category": "hospital", "sub_category": "090102"}}, {"type": "Feature", "geometry": {"type": "Point", "coordinates": [117.159475, 31.908225]}, "properties": {"name": "中国科学院合肥物质科学研究院交叉科研楼健康所", "category": "hospital", "sub_category": "090300"}}, {"type": "Feature", "geometry": {"type": "Point", "coordinates": [117.197032, 31.941308]}, "properties": {"name": "长丰县岗集镇金岗村卫生室", "category": "hospital", "sub_category": "090102"}}, {"type": "Feature", "geometry": {"type": "Point", "coordinates": [117.190954, 31.952769]}, "properties": {"name": "品雅口腔诊所", "category": "hospital", "sub_category": "090202"}}, {"type": "Feature", "geometry": {"type": "Point", "coordinates": [117.194875, 31.957116]}, "properties": {"name": "长丰金湖内科诊所", "category": "hospital", "sub_category": "090300"}}, {"type": "Feature", "geometry": {"type": "Point", "coordinates": [117.187366, 31.954487]}, "properties": {"name": "康民内科诊所", "category": "hospital", "sub_category": "090300"}}, {"type": "Feature", "geometry": {"type": "Point", "coordinates": [117.157425, 31.966425]}, "properties": {"name": "长丰众仁内科诊所", "category": "hospital", "sub_category": "090300"}}, {"type": "Feature", "geometry": {"type": "Point", "coordinates": [117.1741, 31.971227]}, "properties": {"name": "三十埠卫生室", "category": "hospital", "sub_category": "090300"}}, {"type": "Feature", "geometry": {"type": "Point", "coordinates": [117.19414, 31.951478]}, "properties": {"name": "丁贞龙内科诊所", "category": "hospital", "sub_category": "090300"}}, {"type": "Feature", "geometry": {"type": "Point", "coordinates": [117.23193, 31.743663]}, "properties": {"name": "广瑞医疗·锦绣综合门诊部", "category": "hospital", "sub_category": "090300"}}, {"type": "Feature", "geometry": {"type": "Point", "coordinates": [117.245114, 31.709555]}, "properties": {"name": "临湖社区卫生服务中心", "category": "hospital", "sub_category": "090102"}}, {"type": "Feature", "geometry": {"type": "Point", "coordinates": [117.241233, 31.739859]}, "properties": {"name": "合肥市经开区广健诊所", "category": "hospital", "sub_category": "090300"}}, {"type": "Feature", "geometry": {"type": "Point", "coordinates": [117.208936, 31.747934]}, "properties": {"name": "合肥经开区方兴诊所", "category": "hospital", "sub_category": "090300"}}, {"type": "Feature", "geometry": {"type": "Point", "coordinates": [117.219849, 31.747427]}, "properties": {"name": "合肥杏仁内科诊所", "category": "hospital", "sub_category": "090300|090200"}}, {"type": "Feature", "geometry": {"type": "Point", "coordinates": [117.204591, 31.749788]}, "properties": {"name": "肥西康健综合门诊部", "category": "hospital", "sub_category": "090300"}}, {"type": "Feature", "geometry": {"type": "Point", "coordinates": [117.240007, 31.710005]}, "properties": {"name": "周朋飞口腔诊所", "category": "hospital", "sub_category": "090202"}}, {"type": "Feature", "geometry": {"type": "Point", "coordinates": [117.235368, 31.729626]}, "properties": {"name": "美菱医务室", "category": "hospital", "sub_category": "090300"}}, {"type": "Feature", "geometry": {"type": "Point", "coordinates": [117.21241, 31.790188]}, "properties": {"name": "安徽医科大学第二附属医院", "category": "hospital", "sub_category": "090101"}}, {"type": "Feature", "geometry": {"type": "Point", "coordinates": [117.239897, 31.781185]}, "properties": {"name": "合肥经开普仁外科医院", "category": "hospital", "sub_category": "090200"}}, {"type": "Feature", "geometry": {"type": "Point", "coordinates": [117.236794, 31.782143]}, "properties": {"name": "莲花社区卫生服务中心", "category": "hospital", "sub_category": "090102"}}, {"type": "Feature", "geometry": {"type": "Point", "coordinates": [117.228089, 31.771906]}, "properties": {"name": "瑞康骨科住院部", "category": "hospital", "sub_category": "090206|090100"}}, {"type": "Feature", "geometry": {"type": "Point", "coordinates": [117.230847, 31.775103]}, "properties": {"name": "广瑞医疗·明珠中西医门诊部", "category": "hospital", "sub_category": "090300"}}, {"type": "Feature", "geometry": {"type": "Point", "coordinates": [117.211335, 31.781767]}, "properties": {"name": "合肥经济技术开发区韩宫整形外科门诊部", "category": "hospital", "sub_category": "090201"}}, {"type": "Feature", "geometry": {"type": "Point", "coordinates": [117.223628, 31.776741]}, "properties": {"name": "瑞康骨科医院", "category": "hospital", "sub_category": "090206|090100"}}, {"type": "Feature", "geometry": {"type": "Point", "coordinates": [117.232809, 31.783384]}, "properties": {"name": "元坤堂中医诊所", "category": "hospital", "sub_category": "090300"}}, {"type": "Feature", "geometry": {"type": "Point", "coordinates": [117.200926, 31.761933]}, "properties": {"name": "翡翠医院", "category": "hospital", "sub_category": "090100"}}, {"type": "Feature", "geometry": {"type": "Point", "coordinates": [117.229562, 31.799728]}, "properties": {"name": "合肥蜀山安妮薇尔医疗美容门诊部(万象城店)", "category": "hospital", "sub_category": "090201|071100"}}, {"type": "Feature", "geometry": {"type": "Point", "coordinates": [117.226255, 31.78526]}, "properties": {"name": "安徽第二医学院附属口腔医院(省属公立医院)", "category": "hospital", "sub_category": "090202"}}, {"type": "Feature", "geometry": {"type": "Point", "coordinates": [117.238294, 31.754527]}, "properties": {"name": "合肥华凌股份有限公司", "category": "hospital", "sub_category": "090300"}}, {"type": "Feature", "geometry": {"type": "Point", "coordinates": [117.242961, 31.796681]}, "properties": {"name": "赫拉·HERA医疗美容", "category": "hospital", "sub_category": "090201"}}, {"type": "Feature", "geometry": {"type": "Point", "coordinates": [117.206196, 31.780309]}, "properties": {"name": "诺尔德口腔", "category": "hospital", "sub_category": "090202"}}, {"type": "Feature", "geometry": {"type": "Point", "coordinates": [117.221537, 31.767591]}, "properties": {"name": "苹果小镇综合门诊部", "category": "hospital", "sub_category": "090300"}}, {"type": "Feature", "geometry": {"type": "Point", "coordinates": [117.21919, 31.788398]}, "properties": {"name": "莲花朝霞社区卫生服务站", "category": "hospital", "sub_category": "090102"}}, {"type": "Feature", "geometry": {"type": "Point", "coordinates": [117.213758, 31.76777]}, "properties": {"name": "肥西倍齿康口腔门诊部", "category": "hospital", "sub_category": "090202"}}, {"type": "Feature", "geometry": {"type": "Point", "coordinates": [117.200075, 31.77465]}, "properties": {"name": "合肥经开区翡翠公园惠民诊所", "category": "hospital", "sub_category": "090300"}}, {"type": "Feature", "geometry": {"type": "Point", "coordinates": [117.220178, 31.799948]}, "properties": {"name": "青悦医疗美容(颐园世家北门店)", "category": "hospital", "sub_category": "090201"}}, {"type": "Feature", "geometry": {"type": "Point", "coordinates": [117.210288, 31.772772]}, "properties": {"name": "禾佳安康中医诊所", "category": "hospital", "sub_category": "090300"}}, {"type": "Feature", "geometry": {"type": "Point", "coordinates": [117.205887, 31.758339]}, "properties": {"name": "合肥经开区翟恩明内科诊所", "category": "hospital", "sub_category": "090300"}}, {"type": "Feature", "geometry": {"type": "Point", "coordinates": [117.209193, 31.775835]}, "properties": {"name": "天时中西医结合诊所", "category": "hospital", "sub_category": "090300"}}, {"type": "Feature", "geometry": {"type": "Point", "coordinates": [117.230747, 31.762479]}, "properties": {"name": "丁春红诊所", "category": "hospital", "sub_category": "090300"}}, {"type": "Feature", "geometry": {"type": "Point", "coordinates": [117.201675, 31.781698]}, "properties": {"name": "合肥经开区健民门诊部", "category": "hospital", "sub_category": "090300"}}, {"type": "Feature", "geometry": {"type": "Point", "coordinates": [117.222964, 31.796315]}, "properties": {"name": "小美医生(宋都·西湖花苑天风苑店)", "category": "hospital", "sub_category": "090300"}}, {"type": "Feature", "geometry": {"type": "Point", "coordinates": [117.218386, 31.764912]}, "properties": {"name": "肥西县桃花工业园社区卫生服务中心", "category": "hospital", "sub_category": "090102"}}, {"type": "Feature", "geometry": {"type": "Point", "coordinates": [117.224798, 31.782264]}, "properties": {"name": "合肥经济技术开发区公共卫生服务中心", "category": "hospital", "sub_category": "090102"}}, {"type": "Feature", "geometry": {"type": "Point", "coordinates": [117.226988, 31.759313]}, "properties": {"name": "合肥经开区红莲园中西医结合门诊", "category": "hospital", "sub_category": "090300"}}, {"type": "Feature", "geometry": {"type": "Point", "coordinates": [117.232008, 31.778554]}, "properties": {"name": "青沐口腔", "category": "hospital", "sub_category": "090300"}}, {"type": "Feature", "geometry": {"type": "Point", "coordinates": [117.204041, 31.773117]}, "properties": {"name": "合肥工业大学翡翠湖校区医院", "category": "hospital", "sub_category": "090300"}}, {"type": "Feature", "geometry": {"type": "Point", "coordinates": [117.230891, 31.758342]}, "properties": {"name": "合肥经济技术开发区庐州口腔诊所", "category": "hospital", "sub_category": "090202"}}, {"type": "Feature", "geometry": {"type": "Point", "coordinates": [117.202341, 31.753296]}, "properties": {"name": "合肥经济技术开发区桃源中西医结合诊所", "category": "hospital", "sub_category": "090300"}}, {"type": "Feature", "geometry": {"type": "Point", "coordinates": [117.212059, 31.761208]}, "properties": {"name": "孙良昌内科诊所", "category": "hospital", "sub_category": "090300"}}, {"type": "Feature", "geometry": {"type": "Point", "coordinates": [117.235761, 31.796652]}, "properties": {"name": "唯美丽人医疗美容", "category": "hospital", "sub_category": "090201"}}, {"type": "Feature", "geometry": {"type": "Point", "coordinates": [117.231695, 31.793825]}, "properties": {"name": "正视力爱眼中心(浅水湾店)", "category": "hospital", "sub_category": "090203"}}, {"type": "Feature", "geometry": {"type": "Point", "coordinates": [117.2494, 31.814395]}, "properties": {"name": "中国科学技术大学附属第一医院(南区)", "category": "hospital", "sub_category": "090101|090200"}}, {"type": "Feature", "geometry": {"type": "Point", "coordinates": [117.234088, 31.831342]}, "properties": {"name": "合肥爱尔眼科医院", "category": "hospital", "sub_category": "090203"}}, {"type": "Feature", "geometry": {"type": "Point", "coordinates": [117.234125, 31.818825]}, "properties": {"name": "瑞慈体检(蜀山店)", "category": "hospital", "sub_category": "090100"}}, {"type": "Feature", "geometry": {"type": "Point", "coordinates": [117.234498, 31.814362]}, "properties": {"name": "合肥美奥口腔·种植矫正中心(政务院)", "category": "hospital", "sub_category": "090202"}}, {"type": "Feature", "geometry": {"type": "Point", "coordinates": [117.227575, 31.832311]}, "properties": {"name": "安徽维多利亚整形外科医院", "category": "hospital", "sub_category": "090201"}}, {"type": "Feature", "geometry": {"type": "Point", "coordinates": [117.231951, 31.840499]}, "properties": {"name": "合肥佳德口腔·儿牙·正畸(新华店)", "category": "hospital", "sub_category": "090202"}}, {"type": "Feature", "geometry": {"type": "Point", "coordinates": [117.227823, 31.841168]}, "properties": {"name": "合肥淮大皮肤病医院", "category": "hospital", "sub_category": "090200"}}, {"type": "Feature", "geometry": {"type": "Point", "coordinates": [117.241286, 31.8408]}, "properties": {"name": "合肥天使儿童医院", "category": "hospital", "sub_category": "090200"}}, {"type": "Feature", "geometry": {"type": "Point", "coordinates": [117.229433, 31.807583]}, "properties": {"name": "合肥蜀山新地崔劲松医疗美容门诊部", "category": "hospital", "sub_category": "090201"}}, {"type": "Feature", "geometry": {"type": "Point", "coordinates": [117.22347, 31.825733]}, "properties": {"name": "合肥蓝天贝杰口腔医院(政务区分院)", "category": "hospital", "sub_category": "090202"}}, {"type": "Feature", "geometry": {"type": "Point", "coordinates": [117.24065, 31.821548]}, "properties": {"name": "蜀山区荷叶地街道社区卫生服务中心", "category": "hospital", "sub_category": "090102"}}, {"type": "Feature", "geometry": {"type": "Point", "coordinates": [117.247685, 31.846312]}, "properties": {"name": "蜀山区西园街道社区卫生服务中心", "category": "hospital", "sub_category": "090102"}}, {"type": "Feature", "geometry": {"type": "Point", "coordinates": [117.222584, 31.804429]}, "properties": {"name": "安徽天鹅湖口腔医院", "category": "hospital", "sub_category": "090202"}}, {"type": "Feature", "geometry": {"type": "Point", "coordinates": [117.201219, 31.816715]}, "properties": {"name": "雍禾植发(合肥分院)", "category": "hospital", "sub_category": "090201"}}, {"type": "Feature", "geometry": {"type": "Point", "coordinates": [117.219495, 31.821902]}, "properties": {"name": "笔架山街道社区卫生服务中心", "category": "hospital", "sub_category": "090102"}}, {"type": "Feature", "geometry": {"type": "Point", "coordinates": [117.215123, 31.84731]}, "properties": {"name": "合肥光明医院", "category": "hospital", "sub_category": "090100"}}, {"type": "Feature", "geometry": {"type": "Point", "coordinates": [117.205035, 31.817779]}, "properties": {"name": "高新区兴园社区卫生服务中心", "category": "hospital", "sub_category": "090102"}}, {"type": "Feature", "geometry": {"type": "Point", "coordinates": [117.249371, 31.819451]}, "properties": {"name": "星范医疗美容", "category": "hospital", "sub_category": "090201"}}, {"type": "Feature", "geometry": {"type": "Point", "coordinates": [117.225099, 31.845399]}, "properties": {"name": "飞橙医美(蜀山1912院区)", "category": "hospital", "sub_category": "090201"}}, {"type": "Feature", "geometry": {"type": "Point", "coordinates": [117.246199, 31.828393]}, "properties": {"name": "合肥安中中医医院", "category": "hospital", "sub_category": "090100"}}, {"type": "Feature", "geometry": {"type": "Point", "coordinates": [117.203732, 31.81157]}, "properties": {"name": "广瑞医疗·学林轩综合门诊部", "category": "hospital", "sub_category": "090300"}}, {"type": "Feature", "geometry": {"type": "Point", "coordinates": [117.21172, 31.835513]}, "properties": {"name": "安徽金色童年儿童医院", "category": "hospital", "sub_category": "090200|090100"}}, {"type": "Feature", "geometry": {"type": "Point", "coordinates": [117.221715, 31.816033]}, "properties": {"name": "安徽省口腔医院政务区门诊部", "category": "hospital", "sub_category": "090300"}}, {"type": "Feature", "geometry": {"type": "Point", "coordinates": [117.240301, 31.827287]}, "properties": {"name": "蜀山区南七街道社区卫生服务中心", "category": "hospital", "sub_category": "090102"}}, {"type": "Feature", "geometry": {"type": "Point", "coordinates": [117.21499, 31.80684]}, "properties": {"name": "丽齿口腔(蜀山店)", "category": "hospital", "sub_category": "090202"}}, {"type": "Feature", "geometry": {"type": "Point", "coordinates": [117.208454, 31.818386]}, "properties": {"name": "美特尔口腔医院", "category": "hospital", "sub_category": "090202"}}, {"type": "Feature", "geometry": {"type": "Point", "coordinates": [117.228602, 31.823926]}, "properties": {"name": "芙萝拉医疗美容", "category": "hospital", "sub_category": "090201"}}, {"type": "Feature", "geometry": {"type": "Point", "coordinates": [117.206318, 31.831334]}, "properties": {"name": "合肥高新花容医疗美容", "category": "hospital", "sub_category": "090201"}}, {"type": "Feature", "geometry": {"type": "Point", "coordinates": [117.213193, 31.810966]}, "properties": {"name": "問安堂中医诊所", "category": "hospital", "sub_category": "090300"}}, {"type": "Feature", "geometry": {"type": "Point", "coordinates": [117.238969, 31.809834]}, "properties": {"name": "合肥舒特口腔门诊部", "category": "hospital", "sub_category": "090202"}}, {"type": "Feature", "geometry": {"type": "Point", "coordinates": [117.237126, 31.845495]}, "properties": {"name": "合肥宸贝口腔门诊部", "category": "hospital", "sub_category": "090202"}}, {"type": "Feature", "geometry": {"type": "Point", "coordinates": [117.246355, 31.833502]}, "properties": {"name": "严明口腔门诊部", "category": "hospital", "sub_category": "090202"}}, {"type": "Feature", "geometry": {"type": "Point", "coordinates": [117.238649, 31.803747]}, "properties": {"name": "嘉和苑社区卫生服务站", "category": "hospital", "sub_category": "090102"}}, {"type": "Feature", "geometry": {"type": "Point", "coordinates": [117.243893, 31.81948]}, "properties": {"name": "李艳内科诊所", "category": "hospital", "sub_category": "090300"}}, {"type": "Feature", "geometry": {"type": "Point", "coordinates": [117.208694, 31.805993]}, "properties": {"name": "蜀山区笔架山街道翠庭园社区卫生服务站", "category": "hospital", "sub_category": "090102"}}, {"type": "Feature", "geometry": {"type": "Point", "coordinates": [117.219957, 31.826034]}, "properties": {"name": "汇林阁诊所", "category": "hospital", "sub_category": "090300"}}, {"type": "Feature", "geometry": {"type": "Point", "coordinates": [117.20441, 31.841071]}, "properties": {"name": "合肥高新区春语医疗美容门诊部", "category": "hospital", "sub_category": "090201"}}, {"type": "Feature", "geometry": {"type": "Point", "coordinates": [117.212948, 31.832119]}, "properties": {"name": "合肥高新区仁术诊所", "category": "hospital", "sub_category": "090300"}}, {"type": "Feature", "geometry": {"type": "Point", "coordinates": [117.237742, 31.835222]}, "properties": {"name": "蜀山祝欢口腔诊所", "category": "hospital", "sub_category": "090202"}}, {"type": "Feature", "geometry": {"type": "Point", "coordinates": [117.230851, 31.846052]}, "properties": {"name": "西园街道汉嘉社区卫生服务站", "category": "hospital", "sub_category": "090102"}}, {"type": "Feature", "geometry": {"type": "Point", "coordinates": [117.243879, 31.830444]}, "properties": {"name": "鑫建口腔门诊部", "category": "hospital", "sub_category": "090202"}}, {"type": "Feature", "geometry": {"type": "Point", "coordinates": [117.210694, 31.803251]}, "properties": {"name": "蜀山诊所", "category": "hospital", "sub_category": "090300"}}, {"type": "Feature", "geometry": {"type": "Point", "coordinates": [117.248749, 31.830129]}, "properties": {"name": "金环诊所", "category": "hospital", "sub_category": "090300"}}, {"type": "Feature", "geometry": {"type": "Point", "coordinates": [117.217997, 31.833036]}, "properties": {"name": "瑞健内科诊所", "category": "hospital", "sub_category": "090300"}}, {"type": "Feature", "geometry": {"type": "Point", "coordinates": [117.210123, 31.824551]}, "properties": {"name": "捷艾口腔门诊部", "category": "hospital", "sub_category": "090202"}}, {"type": "Feature", "geometry": {"type": "Point", "coordinates": [117.237598, 31.839965]}, "properties": {"name": "润安堂中医诊所", "category": "hospital", "sub_category": "090300"}}, {"type": "Feature", "geometry": {"type": "Point", "coordinates": [117.211754, 31.870949]}, "properties": {"name": "中国科学技术大学附属第一医院(西区)", "category": "hospital", "sub_category": "090207"}}, {"type": "Feature", "geometry": {"type": "Point", "coordinates": [117.24737, 31.853909]}, "properties": {"name": "中国人民解放军联勤保障部队第九〇一医院", "category": "hospital", "sub_category": "090101"}}, {"type": "Feature", "geometry": {"type": "Point", "coordinates": [117.214558, 31.861758]}, "properties": {"name": "合肥民众医院", "category": "hospital", "sub_category": "090200"}}, {"type": "Feature", "geometry": {"type": "Point", "coordinates": [117.24365, 31.862681]}, "properties": {"name": "上海中医药大学附属曙光医院安徽医院", "category": "hospital", "sub_category": "090101"}}, {"type": "Feature", "geometry": {"type": "Point", "coordinates": [117.240809, 31.857128]}, "properties": {"name": "合肥蓝天贝杰口腔(蜀山院区)", "category": "hospital", "sub_category": "090202"}}, {"type": "Feature", "geometry": {"type": "Point", "coordinates": [117.209934, 31.851674]}, "properties": {"name": "合肥高新心血管病医院", "category": "hospital", "sub_category": "090205"}}, {"type": "Feature", "geometry": {"type": "Point", "coordinates": [117.232444, 31.85143]}, "properties": {"name": "长征微创医院妇科", "category": "hospital", "sub_category": "090200"}}, {"type": "Feature", "geometry": {"type": "Point", "coordinates": [117.204051, 31.853465]}, "properties": {"name": "合肥瑞特曼口腔医院(高新院)", "category": "hospital", "sub_category": "090202"}}, {"type": "Feature", "geometry": {"type": "Point", "coordinates": [117.234112, 31.869193]}, "properties": {"name": "蜀山区五里墩街道社区卫生服务中心", "category": "hospital", "sub_category": "090102"}}, {"type": "Feature", "geometry": {"type": "Point", "coordinates": [117.245508, 31.879178]}, "properties": {"name": "合肥煜美人医疗美容", "category": "hospital", "sub_category": "090201"}}, {"type": "Feature", "geometry": {"type": "Point", "coordinates": [117.232596, 31.890728]}, "properties": {"name": "四里河街道社区卫生服务中心", "category": "hospital", "sub_category": "090102"}}, {"type": "Feature", "geometry": {"type": "Point", "coordinates": [117.243854, 31.871697]}, "properties": {"name": "瑞拉口腔", "category": "hospital", "sub_category": "090202"}}, {"type": "Feature", "geometry": {"type": "Point", "coordinates": [117.2324, 31.899978]}, "properties": {"name": "合肥同研口腔门诊部", "category": "hospital", "sub_category": "090202"}}, {"type": "Feature", "geometry": {"type": "Point", "coordinates": [117.208013, 31.865863]}, "properties": {"name": "合肥京东方医院蜀山门诊部", "category": "hospital", "sub_category": "090300"}}, {"type": "Feature", "geometry": {"type": "Point", "coordinates": [117.235679, 31.862848]}, "properties": {"name": "胡氏宗医中医诊所", "category": "hospital", "sub_category": "090300"}}, {"type": "Feature", "geometry": {"type": "Point", "coordinates": [117.211113, 31.8554]}, "properties": {"name": "合肥高新心血管病医院老区", "category": "hospital", "sub_category": "090205"}}, {"type": "Feature", "geometry": {"type": "Point", "coordinates": [117.220182, 31.890074]}, "properties": {"name": "铂悦府口腔", "category": "hospital", "sub_category": "090202"}}, {"type": "Feature", "geometry": {"type": "Point", "coordinates": [117.240933, 31.850671]}, "properties": {"name": "益牙堂口腔门诊部", "category": "hospital", "sub_category": "090202"}}, {"type": "Feature", "geometry": {"type": "Point", "coordinates": [117.222965, 31.859082]}, "properties": {"name": "合肥蜀山欣欣口腔门诊部", "category": "hospital", "sub_category": "090202"}}, {"type": "Feature", "geometry": {"type": "Point", "coordinates": [117.248633, 31.881875]}, "properties": {"name": "合肥庐阳区安齐口腔诊所", "category": "hospital", "sub_category": "090202"}}, {"type": "Feature", "geometry": {"type": "Point", "coordinates": [117.239922, 31.887304]}, "properties": {"name": "四里河门诊部", "category": "hospital", "sub_category": "090300"}}, {"type": "Feature", "geometry": {"type": "Point", "coordinates": [117.215614, 31.899856]}, "properties": {"name": "合肥博极医院", "category": "hospital", "sub_category": "090100"}}, {"type": "Feature", "geometry": {"type": "Point", "coordinates": [117.207918, 31.858188]}, "properties": {"name": "井岗镇蜀山经济开发区阳光社区卫生服务站", "category": "hospital", "sub_category": "090102"}}, {"type": "Feature", "geometry": {"type": "Point", "coordinates": [117.23271, 31.86491]}, "properties": {"name": "合肥蜀山上池口腔门诊部", "category": "hospital", "sub_category": "090202"}}, {"type": "Feature", "geometry": {"type": "Point", "coordinates": [117.212963, 31.894706]}, "properties": {"name": "安徽庐州医院四季青分院", "category": "hospital", "sub_category": "090100"}}, {"type": "Feature", "geometry": {"type": "Point", "coordinates": [117.218315, 31.894911]}, "properties": {"name": "元善堂中医诊所", "category": "hospital", "sub_category": "090300"}}, {"type": "Feature", "geometry": {"type": "Point", "coordinates": [117.241043, 31.890535]}, "properties": {"name": "王医生诊所(紫桐街)", "category": "hospital", "sub_category": "090300"}}, {"type": "Feature", "geometry": {"type": "Point", "coordinates": [117.248224, 31.872129]}, "properties": {"name": "康苑诊所(清溪路)", "category": "hospital", "sub_category": "090300"}}, {"type": "Feature", "geometry": {"type": "Point", "coordinates": [117.221811, 31.853284]}, "properties": {"name": "爱佳口腔", "category": "hospital", "sub_category": "090202"}}, {"type": "Feature", "geometry": {"type": "Point", "coordinates": [117.237385, 31.867662]}, "properties": {"name": "陶奇内科诊所", "category": "hospital", "sub_category": "090300"}}, {"type": "Feature", "geometry": {"type": "Point", "coordinates": [117.248366, 31.899128]}, "properties": {"name": "康爱德诊所", "category": "hospital", "sub_category": "090300"}}, {"type": "Feature", "geometry": {"type": "Point", "coordinates": [117.206458, 31.934695]}, "properties": {"name": "康渊庐州印诊所", "category": "hospital", "sub_category": "090300"}}, {"type": "Feature", "geometry": {"type": "Point", "coordinates": [117.243391, 31.902389]}, "properties": {"name": "中铁宁雅口腔诊所(中铁广园店)", "category": "hospital", "sub_category": "090202"}}, {"type": "Feature", "geometry": {"type": "Point", "coordinates": [117.211324, 31.927755]}, "properties": {"name": "刘一生口腔诊所", "category": "hospital", "sub_category": "090202"}}, {"type": "Feature", "geometry": {"type": "Point", "coordinates": [117.205908, 31.926981]}, "properties": {"name": "庐阳区大杨镇十张村卫生室", "category": "hospital", "sub_category": "090300"}}, {"type": "Feature", "geometry": {"type": "Point", "coordinates": [117.21626, 31.91431]}, "properties": {"name": "慈佑内科诊所", "category": "hospital", "sub_category": "090300"}}, {"type": "Feature", "geometry": {"type": "Point", "coordinates": [117.246713, 31.996208]}, "properties": {"name": "长丰金源医院", "category": "hospital", "sub_category": "090100"}}, {"type": "Feature", "geometry": {"type": "Point", "coordinates": [117.249852, 31.978087]}, "properties": {"name": "长丰康民口腔", "category": "hospital", "sub_category": "090202"}}, {"type": "Feature", "geometry": {"type": "Point", "coordinates": [117.236534, 31.957291]}, "properties": {"name": "长丰县岗集镇龙岗村卫生室", "category": "hospital", "sub_category": "090300"}}, {"type": "Feature", "geometry": {"type": "Point", "coordinates": [117.241309, 31.99935]}, "properties": {"name": "邓白宇中医诊所", "category": "hospital", "sub_category": "090300"}}, {"type": "Feature", "geometry": {"type": "Point", "coordinates": [117.21561, 31.980516]}, "properties": {"name": "长丰县岗集镇新庄村卫生室", "category": "hospital", "sub_category": "090300"}}, {"type": "Feature", "geometry": {"type": "Point", "coordinates": [117.240311, 31.99405]}, "properties": {"name": "长丰北城内科诊所", "category": "hospital", "sub_category": "090300"}}, {"type": "Feature", "geometry": {"type": "Point", "coordinates": [117.234875, 31.978425]}, "properties": {"name": "众康健康门诊部", "category": "hospital", "sub_category": "090300"}}, {"type": "Feature", "geometry": {"type": "Point", "coordinates": [117.230425, 31.958375]}, "properties": {"name": "康瑞内科诊所", "category": "hospital", "sub_category": "090300"}}, {"type": "Feature", "geometry": {"type": "Point", "coordinates": [117.289054, 31.739214]}, "properties": {"name": "合肥市第一人民医院滨湖院区", "category": "hospital", "sub_category": "090101"}}, {"type": "Feature", "geometry": {"type": "Point", "coordinates": [117.267363, 31.714549]}, "properties": {"name": "合肥市口腔医院滨湖院区(总院)", "category": "hospital", "sub_category": "090202"}}, {"type": "Feature", "geometry": {"type": "Point", "coordinates": [117.299293, 31.700401]}, "properties": {"name": "广瑞医疗·揽湖苑综合门诊部", "category": "hospital", "sub_category": "090300"}}, {"type": "Feature", "geometry": {"type": "Point", "coordinates": [117.270937, 31.720072]}, "properties": {"name": "包河区烟墩街道社区卫生服务中心", "category": "hospital", "sub_category": "090102"}}, {"type": "Feature", "geometry": {"type": "Point", "coordinates": [117.28292, 31.744387]}, "properties": {"name": "凯润医疗", "category": "hospital", "sub_category": "090201"}}, {"type": "Feature", "geometry": {"type": "Point", "coordinates": [117.278203, 31.728218]}, "properties": {"name": "合肥市口腔医院", "category": "hospital", "sub_category": "090202"}}, {"type": "Feature", "geometry": {"type": "Point", "coordinates": [117.299407, 31.731856]}, "properties": {"name": "亦术医美", "category": "hospital", "sub_category": "090201"}}, {"type": "Feature", "geometry": {"type": "Point", "coordinates": [117.281436, 31.717189]}, "properties": {"name": "合肥链爱医疗美容门诊部", "category": "hospital", "sub_category": "090201"}}, {"type": "Feature", "geometry": {"type": "Point", "coordinates": [117.299354, 31.706978]}, "properties": {"name": "万年埠街道社区卫生服务中心", "category": "hospital", "sub_category": "090102"}}, {"type": "Feature", "geometry": {"type": "Point", "coordinates": [117.287829, 31.747576]}, "properties": {"name": "纪泽堂中医诊所", "category": "hospital", "sub_category": "090300"}}, {"type": "Feature", "geometry": {"type": "Point", "coordinates": [117.265399, 31.747457]}, "properties": {"name": "合肥东南中医院", "category": "hospital", "sub_category": "090100"}}, {"type": "Feature", "geometry": {"type": "Point", "coordinates": [117.271931, 31.709442]}, "properties": {"name": "合肥佳锦口腔诊所", "category": "hospital", "sub_category": "090202"}}, {"type": "Feature", "geometry": {"type": "Point", "coordinates": [117.291357, 31.747651]}, "properties": {"name": "合肥嘉乐综合门诊部", "category": "hospital", "sub_category": "090300"}}, {"type": "Feature", "geometry": {"type": "Point", "coordinates": [117.277264, 31.749336]}, "properties": {"name": "合肥经开区杏义堂中医诊所", "category": "hospital", "sub_category": "090300"}}, {"type": "Feature", "geometry": {"type": "Point", "coordinates": [117.270703, 31.747621]}, "properties": {"name": "倍美口腔(经开区口腔分门诊部)", "category": "hospital", "sub_category": "090202"}}, {"type": "Feature", "geometry": {"type": "Point", "coordinates": [117.254011, 31.729792]}, "properties": {"name": "卧云恒美口腔", "category": "hospital", "sub_category": "090202"}}, {"type": "Feature", "geometry": {"type": "Point", "coordinates": [117.296686, 31.713557]}, "properties": {"name": "恒瑞齿科", "category": "hospital", "sub_category": "090202"}}, {"type": "Feature", "geometry": {"type": "Point", "coordinates": [117.276976, 31.711537]}, "properties": {"name": "致德内科诊所", "category": "hospital", "sub_category": "090300"}}, {"type": "Feature", "geometry": {"type": "Point", "coordinates": [117.261795, 31.705568]}, "properties": {"name": "滨语黄永金诊所", "category": "hospital", "sub_category": "090300"}}, {"type": "Feature", "geometry": {"type": "Point", "coordinates": [117.270482, 31.741647]}, "properties": {"name": "合肥经开区同康专科门诊部", "category": "hospital", "sub_category": "090300"}}, {"type": "Feature", "geometry": {"type": "Point", "coordinates": [117.277377, 31.733282]}, "properties": {"name": "烟墩街道滨湖家园社区卫生服务站", "category": "hospital", "sub_category": "090102"}}, {"type": "Feature", "geometry": {"type": "Point", "coordinates": [117.285171, 31.718967]}, "properties": {"name": "合肥国宾综合门诊部", "category": "hospital", "sub_category": "090300"}}, {"type": "Feature", "geometry": {"type": "Point", "coordinates": [117.275315, 31.720885]}, "properties": {"name": "沃德口腔门诊部", "category": "hospital", "sub_category": "090202"}}, {"type": "Feature", "geometry": {"type": "Point", "coordinates": [117.250057, 31.710707]}, "properties": {"name": "合肥经开区怡宁综合门诊部", "category": "hospital", "sub_category": "090300"}}, {"type": "Feature", "geometry": {"type": "Point", "coordinates": [117.289232, 31.701216]}, "properties": {"name": "昌荣内科诊所", "category": "hospital", "sub_category": "090300"}}, {"type": "Feature", "geometry": {"type": "Point", "coordinates": [117.299798, 31.720423]}, "properties": {"name": "合肥好德诊所", "category": "hospital", "sub_category": "090300"}}, {"type": "Feature", "geometry": {"type": "Point", "coordinates": [117.263088, 31.709829]}, "properties": {"name": "合肥民康内科诊所", "category": "hospital", "sub_category": "090300"}}, {"type": "Feature", "geometry": {"type": "Point", "coordinates": [117.269739, 31.706772]}, "properties": {"name": "合肥花度蜜美医疗美容诊所有限公司", "category": "hospital", "sub_category": "090201"}}, {"type": "Feature", "geometry": {"type": "Point", "coordinates": [117.254801, 31.704148]}, "properties": {"name": "合肥全心诊所", "category": "hospital", "sub_category": "090300"}}, {"type": "Feature", "geometry": {"type": "Point", "coordinates": [117.283727, 31.791961]}, "properties": {"name": "安徽省立医院感染病院区", "category": "hospital", "sub_category": "090211|090100"}}, {"type": "Feature", "geometry": {"type": "Point", "coordinates": [117.269428, 31.766574]}, "properties": {"name": "海恒社区卫生服务中心", "category": "hospital", "sub_category": "090102"}}, {"type": "Feature", "geometry": {"type": "Point", "coordinates": [117.258445, 31.775134]}, "properties": {"name": "YOVIS牙卫士·种植牙·矫正(经开院)", "category": "hospital", "sub_category": "090202"}}, {"type": "Feature", "geometry": {"type": "Point", "coordinates": [117.264475, 31.774325]}, "properties": {"name": "广瑞医疗·海恒中西医结合门诊部", "category": "hospital", "sub_category": "090300"}}, {"type": "Feature", "geometry": {"type": "Point", "coordinates": [117.290414, 31.771465]}, "properties": {"name": "安徽中科庚玖医院门诊", "category": "hospital", "sub_category": "090100"}}, {"type": "Feature", "geometry": {"type": "Point", "coordinates": [117.250471, 31.782164]}, "properties": {"name": "安徽省君康医院", "category": "hospital", "sub_category": "090100"}}, {"type": "Feature", "geometry": {"type": "Point", "coordinates": [117.274648, 31.762014]}, "properties": {"name": "合肥经开区启辰口腔门诊部", "category": "hospital", "sub_category": "090202"}}, {"type": "Feature", "geometry": {"type": "Point", "coordinates": [117.263898, 31.786285]}, "properties": {"name": "合肥启康诊所", "category": "hospital", "sub_category": "090300"}}, {"type": "Feature", "geometry": {"type": "Point", "coordinates": [117.257304, 31.782953]}, "properties": {"name": "经开区海恒社区习友卫生服务站", "category": "hospital", "sub_category": "090102"}}, {"type": "Feature", "geometry": {"type": "Point", "coordinates": [117.272997, 31.78929]}, "properties": {"name": "丫丫口腔(名邦繁华里店)", "category": "hospital", "sub_category": "090202"}}, {"type": "Feature", "geometry": {"type": "Point", "coordinates": [117.253744, 31.770263]}, "properties": {"name": "合肥经开区东华综合门诊部", "category": "hospital", "sub_category": "090300"}}, {"type": "Feature", "geometry": {"type": "Point", "coordinates": [117.266207, 31.778932]}, "properties": {"name": "合肥市经开区恒正诊所", "category": "hospital", "sub_category": "090300"}}, {"type": "Feature", "geometry": {"type": "Point", "coordinates": [117.285388, 31.779553]}, "properties": {"name": "徽众康美丹诊所", "category": "hospital", "sub_category": "090300"}}, {"type": "Feature", "geometry": {"type": "Point", "coordinates": [117.260563, 31.798382]}, "properties": {"name": "合肥九秉堂中西医结合诊所", "category": "hospital", "sub_category": "090300"}}, {"type": "Feature", "geometry": {"type": "Point", "coordinates": [117.277475, 31.768701]}, "properties": {"name": "花都独秀口腔", "category": "hospital", "sub_category": "090202"}}, {"type": "Feature", "geometry": {"type": "Point", "coordinates": [117.25558, 31.798713]}, "properties": {"name": "合肥医正堂立群诊所", "category": "hospital", "sub_category": "090300"}}, {"type": "Feature", "geometry": {"type": "Point", "coordinates": [117.25074, 31.756665]}, "properties": {"name": "合肥市经济技术开发区永康诊所", "category": "hospital", "sub_category": "090300"}}, {"type": "Feature", "geometry": {"type": "Point", "coordinates": [117.264335, 31.797781]}, "properties": {"name": "欧雅医疗美容诊所", "category": "hospital", "sub_category": "090201"}}, {"type": "Feature", "geometry": {"type": "Point", "coordinates": [117.25085, 31.753174]}, "properties": {"name": "合肥大学校医院", "category": "hospital", "sub_category": "090100"}}, {"type": "Feature", "geometry": {"type": "Point", "coordinates": [117.267662, 31.847151]}, "properties": {"name": "安徽医科大学第一附属医院绩溪路院区", "category": "hospital", "sub_category": "090101"}}, {"type": "Feature", "geometry": {"type": "Point", "coordinates": [117.280216, 31.82701]}, "properties": {"name": "安徽省儿童医院本院", "category": "hospital", "sub_category": "090200"}}, {"type": "Feature", "geometry": {"type": "Point", "coordinates": [117.263342, 31.843824]}, "properties": {"name": "合肥市第四人民医院", "category": "hospital", "sub_category": "090210"}}, {"type": "Feature", "geometry": {"type": "Point", "coordinates": [117.268335, 31.841357]}, "properties": {"name": "合肥长淮中医医院", "category": "hospital", "sub_category": "090100"}}, {"type": "Feature", "geometry": {"type": "Point", "coordinates": [117.2661, 31.833286]}, "properties": {"name": "中国科学技术大学校医院-科大眼科", "category": "hospital", "sub_category": "090203"}}, {"type": "Feature", "geometry": {"type": "Point", "coordinates": [117.268234, 31.804844]}, "properties": {"name": "安徽爱尔眼科医院(安徽总院)", "category": "hospital", "sub_category": "090203"}}, {"type": "Feature", "geometry": {"type": "Point", "coordinates": [117.273485, 31.840457]}, "properties": {"name": "安徽省第二人民医院(南区)-体检中心", "category": "hospital", "sub_category": "090203"}}, {"type": "Feature", "geometry": {"type": "Point", "coordinates": [117.269148, 31.832362]}, "properties": {"name": "合肥视宁眼科医院", "category": "hospital", "sub_category": "090203"}}, {"type": "Feature", "geometry": {"type": "Point", "coordinates": [117.25205, 31.8471]}, "properties": {"name": "合肥新安口腔医院", "category": "hospital", "sub_category": "090202"}}, {"type": "Feature", "geometry": {"type": "Point", "coordinates": [117.251065, 31.837851]}, "properties": {"name": "国医堂(合作化南路店)", "category": "hospital", "sub_category": "090601|090300"}}, {"type": "Feature", "geometry": {"type": "Point", "coordinates": [117.284994, 31.837047]}, "properties": {"name": "合肥友好医院", "category": "hospital", "sub_category": "090200"}}, {"type": "Feature", "geometry": {"type": "Point", "coordinates": [117.286755, 31.814734]}, "properties": {"name": "合肥阳光消化病医院(包河院区)", "category": "hospital", "sub_category": "090200"}}, {"type": "Feature", "geometry": {"type": "Point", "coordinates": [117.257749, 31.809259]}, "properties": {"name": "广瑞医疗·锦城综合门诊部", "category": "hospital", "sub_category": "090300"}}, {"type": "Feature", "geometry": {"type": "Point", "coordinates": [117.26879, 31.811973]}, "properties": {"name": "合肥佳冠口腔医院", "category": "hospital", "sub_category": "090202"}}, {"type": "Feature", "geometry": {"type": "Point", "coordinates": [117.279895, 31.81479]}, "properties": {"name": "江淮汽车集团医院", "category": "hospital", "sub_category": "090100"}}, {"type": "Feature", "geometry": {"type": "Point", "coordinates": [117.274193, 31.828842]}, "properties": {"name": "国药中铁中心医院", "category": "hospital", "sub_category": "090100"}}, {"type": "Feature", "geometry": {"type": "Point", "coordinates": [117.291575, 31.827986]}, "properties": {"name": "合肥腋秀腋臭专科", "category": "hospital", "sub_category": "090200"}}, {"type": "Feature", "geometry": {"type": "Point", "coordinates": [117.297396, 31.814971]}, "properties": {"name": "诗蔓医疗美容", "category": "hospital", "sub_category": "090201"}}, {"type": "Feature", "geometry": {"type": "Point", "coordinates": [117.282749, 31.848373]}, "properties": {"name": "安徽医科大学第一附属医院北区(屯溪路院区)(老院区)", "category": "hospital", "sub_category": "090100"}}, {"type": "Feature", "geometry": {"type": "Point", "coordinates": [117.294128, 31.806351]}, "properties": {"name": "舟越口腔(望湖院区)", "category": "hospital", "sub_category": "090202"}}, {"type": "Feature", "geometry": {"type": "Point", "coordinates": [117.26641, 31.801118]}, "properties": {"name": "明医堂", "category": "hospital", "sub_category": "090300"}}, {"type": "Feature", "geometry": {"type": "Point", "coordinates": [117.289819, 31.838914]}, "properties": {"name": "安徽省口腔医院包河区门诊部", "category": "hospital", "sub_category": "090202"}}, {"type": "Feature", "geometry": {"type": "Point", "coordinates": [117.277862, 31.846968]}, "properties": {"name": "高第植发", "category": "hospital", "sub_category": "090201"}}, {"type": "Feature", "geometry": {"type": "Point", "coordinates": [117.291485, 31.834825]}, "properties": {"name": "宣乐口腔(宁国路分院)", "category": "hospital", "sub_category": "090202"}}, {"type": "Feature", "geometry": {"type": "Point", "coordinates": [117.297814, 31.822063]}, "properties": {"name": "同安街道社区卫生服务中心", "category": "hospital", "sub_category": "090102"}}, {"type": "Feature", "geometry": {"type": "Point", "coordinates": [117.253309, 31.830337]}, "properties": {"name": "稻香村街道社区卫生服务中心", "category": "hospital", "sub_category": "090102"}}, {"type": "Feature", "geometry": {"type": "Point", "coordinates": [117.280575, 31.835075]}, "properties": {"name": "静媄整形", "category": "hospital", "sub_category": "090201"}}, {"type": "Feature", "geometry": {"type": "Point", "coordinates": [117.28655, 31.849747]}, "properties": {"name": "恒爱中医馆(香港街店)", "category": "hospital", "sub_category": "090300"}}, {"type": "Feature", "geometry": {"type": "Point", "coordinates": [117.263444, 31.805048]}, "properties": {"name": "一安综合门诊", "category": "hospital", "sub_category": "090300"}}, {"type": "Feature", "geometry": {"type": "Point", "coordinates": [117.284746, 31.833752]}, "properties": {"name": "芜湖路街道友谊社区卫生服务站", "category": "hospital", "sub_category": "090102"}}, {"type": "Feature", "geometry": {"type": "Point", "coordinates": [117.271822, 31.803713]}, "properties": {"name": "合肥一笑口腔门诊部", "category": "hospital", "sub_category": "090202"}}, {"type": "Feature", "geometry": {"type": "Point", "coordinates": [117.259653, 31.829266]}, "properties": {"name": "凯恩口腔", "category": "hospital", "sub_category": "090202|090300"}}, {"type": "Feature", "geometry": {"type": "Point", "coordinates": [117.286345, 31.82161]}, "properties": {"name": "博洁雅口腔", "category": "hospital", "sub_category": "090202"}}, {"type": "Feature", "geometry": {"type": "Point", "coordinates": [117.277969, 31.832517]}, "properties": {"name": "天虹口腔门诊部", "category": "hospital", "sub_category": "090202"}}, {"type": "Feature", "geometry": {"type": "Point", "coordinates": [117.25386, 31.818444]}, "properties": {"name": "继康诊所(乌江路店)", "category": "hospital", "sub_category": "090300"}}, {"type": "Feature", "geometry": {"type": "Point", "coordinates": [117.276168, 31.820891]}, "properties": {"name": "康诺尔口腔诊所", "category": "hospital", "sub_category": "090202"}}, {"type": "Feature", "geometry": {"type": "Point", "coordinates": [117.298687, 31.843383]}, "properties": {"name": "合肥工业大学屯溪路校区校医院", "category": "hospital", "sub_category": "090300"}}, {"type": "Feature", "geometry": {"type": "Point", "coordinates": [117.298624, 31.811659]}, "properties": {"name": "袁医生德雅口腔诊所", "category": "hospital", "sub_category": "090202"}}, {"type": "Feature", "geometry": {"type": "Point", "coordinates": [117.289557, 31.832345]}, "properties": {"name": "合肥致信康中医诊所", "category": "hospital", "sub_category": "090300"}}, {"type": "Feature", "geometry": {"type": "Point", "coordinates": [117.258792, 31.834232]}, "properties": {"name": "稻香村街道门诊部口腔", "category": "hospital", "sub_category": "090300"}}, {"type": "Feature", "geometry": {"type": "Point", "coordinates": [117.290493, 31.857692]}, "properties": {"name": "中国科学技术大学附属第一医院(安徽省立医院)", "category": "hospital", "sub_category": "090101"}}, {"type": "Feature", "geometry": {"type": "Point", "coordinates": [117.260208, 31.85348]}, "properties": {"name": "安徽中医药大学第一附属医院", "category": "hospital", "sub_category": "090101"}}, {"type": "Feature", "geometry": {"type": "Point", "coordinates": [117.282201, 31.861398]}, "properties": {"name": "合肥市口腔医院", "category": "hospital", "sub_category": "090202"}}, {"type": "Feature", "geometry": {"type": "Point", "coordinates": [117.281214, 31.869337]}, "properties": {"name": "安徽省针灸医院", "category": "hospital", "sub_category": "090200"}}, {"type": "Feature", "geometry": {"type": "Point", "coordinates": [117.281924, 31.880123]}, "properties": {"name": "合肥白领安琪儿妇产医院", "category": "hospital", "sub_category": "090200"}}, {"type": "Feature", "geometry": {"type": "Point", "coordinates": [117.273428, 31.879687]}, "properties": {"name": "合肥美奥口腔·种植矫正中心(庐阳院)", "category": "hospital", "sub_category": "090202"}}, {"type": "Feature", "geometry": {"type": "Point", "coordinates": [117.258736, 31.874406]}, "properties": {"name": "武警医院安徽省总队医院北区", "category": "hospital", "sub_category": "090101"}}, {"type": "Feature", "geometry": {"type": "Point", "coordinates": [117.272481, 31.887195]}, "properties": {"name": "庐阳区海棠街道社区卫生服务中心", "category": "hospital", "sub_category": "090102"}}, {"type": "Feature", "geometry": {"type": "Point", "coordinates": [117.278651, 31.88623]}, "properties": {"name": "合肥佳德口腔·美白·贴面(庐阳店)", "category": "hospital", "sub_category": "090202"}}, {"type": "Feature", "geometry": {"type": "Point", "coordinates": [117.274584, 31.860766]}, "properties": {"name": "安徽恒美整形美容集团有限公司三孝口医疗美容门诊部", "category": "hospital", "sub_category": "090201"}}, {"type": "Feature", "geometry": {"type": "Point", "coordinates": [117.278485, 31.891263]}, "properties": {"name": "合肥众好肛肠医院", "category": "hospital", "sub_category": "090100"}}, {"type": "Feature", "geometry": {"type": "Point", "coordinates": [117.270661, 31.893798]}, "properties": {"name": "合肥慧视眼科医院", "category": "hospital", "sub_category": "090203"}}, {"type": "Feature", "geometry": {"type": "Point", "coordinates": [117.253568, 31.855686]}, "properties": {"name": "安徽省儿童医院西区", "category": "hospital", "sub_category": "090200"}}, {"type": "Feature", "geometry": {"type": "Point", "coordinates": [117.286775, 31.891772]}, "properties": {"name": "麦缇丝口腔·种植牙·矫正", "category": "hospital", "sub_category": "090202"}}, {"type": "Feature", "geometry": {"type": "Point", "coordinates": [117.274948, 31.871499]}, "properties": {"name": "合肥市庐阳区牙病防治所(阜南路门诊)", "category": "hospital", "sub_category": "090202"}}, {"type": "Feature", "geometry": {"type": "Point", "coordinates": [117.287569, 31.88841]}, "properties": {"name": "庐阳区杏林街道社区卫生服务中心", "category": "hospital", "sub_category": "090102"}}, {"type": "Feature", "geometry": {"type": "Point", "coordinates": [117.257691, 31.886157]}, "properties": {"name": "安徽医科大学附属口腔医院庐阳区门诊部", "category": "hospital", "sub_category": "090202"}}, {"type": "Feature", "geometry": {"type": "Point", "coordinates": [117.299673, 31.857173]}, "properties": {"name": "合肥大药房(芜湖路店)", "category": "hospital", "sub_category": "090601|090300"}}, {"type": "Feature", "geometry": {"type": "Point", "coordinates": [117.292112, 31.862746]}, "properties": {"name": "新氧青春诊所(合肥银泰中心店)", "category": "hospital", "sub_category": "090300"}}, {"type": "Feature", "geometry": {"type": "Point", "coordinates": [117.299897, 31.876003]}, "properties": {"name": "华医馆(润芝堂中医)·推拿正骨·疼痛康复", "category": "hospital", "sub_category": "090300"}}, {"type": "Feature", "geometry": {"type": "Point", "coordinates": [117.291411, 31.881457]}, "properties": {"name": "合肥瑶海板桥医院", "category": "hospital", "sub_category": "090102|090200"}}, {"type": "Feature", "geometry": {"type": "Point", "coordinates": [117.266631, 31.877035]}, "properties": {"name": "亳州路街道社区卫生服务中心", "category": "hospital", "sub_category": "090102"}}, {"type": "Feature", "geometry": {"type": "Point", "coordinates": [117.287548, 31.86672]}, "properties": {"name": "逍遥津街道社区卫生服务中心", "category": "hospital", "sub_category": "090102"}}, {"type": "Feature", "geometry": {"type": "Point", "coordinates": [117.2564, 31.882367]}, "properties": {"name": "金谷医院", "category": "hospital", "sub_category": "090100"}}, {"type": "Feature", "geometry": {"type": "Point", "coordinates": [117.271156, 31.874812]}, "properties": {"name": "创新医馆", "category": "hospital", "sub_category": "090601|090300"}}, {"type": "Feature", "geometry": {"type": "Point", "coordinates": [117.25936, 31.878335]}, "properties": {"name": "纯颜医疗美容", "category": "hospital", "sub_category": "090201"}}, {"type": "Feature", "geometry": {"type": "Point", "coordinates": [117.251019, 31.860277]}, "properties": {"name": "蜀山区琥珀街道社区卫生服务中心(新址)", "category": "hospital", "sub_category": "090102"}}, {"type": "Feature", "geometry": {"type": "Point", "coordinates": [117.293791, 31.892829]}, "properties": {"name": "瑶海区嘉山路街道社区卫生服务中心", "category": "hospital", "sub_category": "090102"}}, {"type": "Feature", "geometry": {"type": "Point", "coordinates": [117.283716, 31.893032]}, "properties": {"name": "徽齿口腔·种植·正畸美学中心(庐阳店)", "category": "hospital", "sub_category": "090202"}}, {"type": "Feature", "geometry": {"type": "Point", "coordinates": [117.289992, 31.870115]}, "properties": {"name": "逍遥津中医馆", "category": "hospital", "sub_category": "090300"}}, {"type": "Feature", "geometry": {"type": "Point", "coordinates": [117.292097, 31.873992]}, "properties": {"name": "合肥·庐阳王峥中医(刺血)诊所", "category": "hospital", "sub_category": "090300"}}, {"type": "Feature", "geometry": {"type": "Point", "coordinates": [117.255926, 31.871139]}, "properties": {"name": "蜀山区琥珀街道奥林花园社区卫生服务站", "category": "hospital", "sub_category": "090102"}}, {"type": "Feature", "geometry": {"type": "Point", "coordinates": [117.274411, 31.896788]}, "properties": {"name": "都视萌鹰眼科", "category": "hospital", "sub_category": "090203"}}, {"type": "Feature", "geometry": {"type": "Point", "coordinates": [117.263828, 31.858034]}, "properties": {"name": "忆美口腔(三里庵店)", "category": "hospital", "sub_category": "090202"}}, {"type": "Feature", "geometry": {"type": "Point", "coordinates": [117.255414, 31.898544]}, "properties": {"name": "合肥市庐阳区妇幼保健计划生育服务中心", "category": "hospital", "sub_category": "090200"}}, {"type": "Feature", "geometry": {"type": "Point", "coordinates": [117.27902, 31.857009]}, "properties": {"name": "玉荣堂中医诊所(庐江路店)", "category": "hospital", "sub_category": "090300"}}, {"type": "Feature", "geometry": {"type": "Point", "coordinates": [117.277092, 31.851878]}, "properties": {"name": "武警医院(南区)(暂停营业)", "category": "hospital", "sub_category": "090101"}}, {"type": "Feature", "geometry": {"type": "Point", "coordinates": [117.264265, 31.88982]}, "properties": {"name": "康渊诊所", "category": "hospital", "sub_category": "090300"}}, {"type": "Feature", "geometry": {"type": "Point", "coordinates": [117.280464, 31.876613]}, "properties": {"name": "五河路中西医结合诊所", "category": "hospital", "sub_category": "090300"}}, {"type": "Feature", "geometry": {"type": "Point", "coordinates": [117.296695, 31.865413]}, "properties": {"name": "悦康口腔", "category": "hospital", "sub_category": "090202"}}, {"type": "Feature", "geometry": {"type": "Point", "coordinates": [117.270377, 31.87944]}, "properties": {"name": "杨严花妇科诊所", "category": "hospital", "sub_category": "090209"}}, {"type": "Feature", "geometry": {"type": "Point", "coordinates": [117.296346, 31.879817]}, "properties": {"name": "昇曜堂台湾中医诊所", "category": "hospital", "sub_category": "090300"}}, {"type": "Feature", "geometry": {"type": "Point", "coordinates": [117.260148, 31.946297]}, "properties": {"name": "安徽医科大学临床医学院附属华安脑科医院", "category": "hospital", "sub_category": "090208"}}, {"type": "Feature", "geometry": {"type": "Point", "coordinates": [117.27523, 31.935931]}, "properties": {"name": "合肥佰惠医院", "category": "hospital", "sub_category": "090100"}}, {"type": "Feature", "geometry": {"type": "Point", "coordinates": [117.283791, 31.923298]}, "properties": {"name": "安徽东南外科医院", "category": "hospital", "sub_category": "090200"}}, {"type": "Feature", "geometry": {"type": "Point", "coordinates": [117.272302, 31.91229]}, "properties": {"name": "庐阳区林店街道社区卫生服务中心", "category": "hospital", "sub_category": "090102"}}, {"type": "Feature", "geometry": {"type": "Point", "coordinates": [117.28231, 31.918984]}, "properties": {"name": "卓越口腔(庐阳经开)", "category": "hospital", "sub_category": "090202"}}, {"type": "Feature", "geometry": {"type": "Point", "coordinates": [117.265397, 31.93753]}, "properties": {"name": "新民医院", "category": "hospital", "sub_category": "090100"}}, {"type": "Feature", "geometry": {"type": "Point", "coordinates": [117.283997, 31.902316]}, "properties": {"name": "国药中铁中心医院(阜阳北路院区)", "category": "hospital", "sub_category": "090100"}}, {"type": "Feature", "geometry": {"type": "Point", "coordinates": [117.26294, 31.90061]}, "properties": {"name": "合肥体育医院", "category": "hospital", "sub_category": "090100"}}, {"type": "Feature", "geometry": {"type": "Point", "coordinates": [117.276335, 31.913161]}, "properties": {"name": "高良举口腔诊所", "category": "hospital", "sub_category": "090202"}}, {"type": "Feature", "geometry": {"type": "Point", "coordinates": [117.286953, 31.90737]}, "properties": {"name": "康来门诊部", "category": "hospital", "sub_category": "090300"}}, {"type": "Feature", "geometry": {"type": "Point", "coordinates": [117.269011, 31.90205]}, "properties": {"name": "合肥庐樾杏花综合门诊部", "category": "hospital", "sub_category": "090300"}}, {"type": "Feature", "geometry": {"type": "Point", "coordinates": [117.271738, 31.921558]}, "properties": {"name": "耀远路内科诊所", "category": "hospital", "sub_category": "090300"}}, {"type": "Feature", "geometry": {"type": "Point", "coordinates": [117.278653, 31.900263]}, "properties": {"name": "宗先锦内科诊所", "category": "hospital", "sub_category": "090300"}}, {"type": "Feature", "geometry": {"type": "Point", "coordinates": [117.280534, 31.906047]}, "properties": {"name": "姚树忠内科诊所", "category": "hospital", "sub_category": "090300"}}, {"type": "Feature", "geometry": {"type": "Point", "coordinates": [117.295443, 31.939039]}, "properties": {"name": "孙岗社区卫生服务站", "category": "hospital", "sub_category": "090102"}}, {"type": "Feature", "geometry": {"type": "Point", "coordinates": [117.280523, 31.946204]}, "properties": {"name": "惠康诊所", "category": "hospital", "sub_category": "090300"}}, {"type": "Feature", "geometry": {"type": "Point", "coordinates": [117.275284, 31.905557]}, "properties": {"name": "淑然嘉园诊所", "category": "hospital", "sub_category": "090300"}}, {"type": "Feature", "geometry": {"type": "Point", "coordinates": [117.272412, 31.938647]}, "properties": {"name": "邵树强口腔诊所", "category": "hospital", "sub_category": "090202"}}, {"type": "Feature", "geometry": {"type": "Point", "coordinates": [117.267064, 31.917625]}, "properties": {"name": "李大鹏内科诊所", "category": "hospital", "sub_category": "090300"}}, {"type": "Feature", "geometry": {"type": "Point", "coordinates": [117.263547, 31.941622]}, "properties": {"name": "和昌一诺内科诊所", "category": "hospital", "sub_category": "090300"}}, {"type": "Feature", "geometry": {"type": "Point", "coordinates": [117.288389, 31.901395]}, "properties": {"name": "合肥凤仙草中医诊所", "category": "hospital", "sub_category": "090300"}}, {"type": "Feature", "geometry": {"type": "Point", "coordinates": [117.259047, 31.986819]}, "properties": {"name": "安徽省中医院北区", "category": "hospital", "sub_category": "090100"}}, {"type": "Feature", "geometry": {"type": "Point", "coordinates": [117.265529, 31.974569]}, "properties": {"name": "长丰县双凤工业区医院", "category": "hospital", "sub_category": "090100"}}, {"type": "Feature", "geometry": {"type": "Point", "coordinates": [117.262042, 31.950645]}, "properties": {"name": "合肥庐州医院", "category": "hospital", "sub_category": "090100"}}, {"type": "Feature", "geometry": {"type": "Point", "coordinates": [117.285171, 31.975669]}, "properties": {"name": "长丰凤霞医院", "category": "hospital", "sub_category": "090100"}}, {"type": "Feature", "geometry": {"type": "Point", "coordinates": [117.256578, 31.965457]}, "properties": {"name": "贝壳口腔(恒泰悦城店)", "category": "hospital", "sub_category": "090202"}}, {"type": "Feature", "geometry": {"type": "Point", "coordinates": [117.26663, 31.961797]}, "properties": {"name": "尚博口腔门诊部(北城新区金大地店)", "category": "hospital", "sub_category": "090202"}}, {"type": "Feature", "geometry": {"type": "Point", "coordinates": [117.260237, 31.970693]}, "properties": {"name": "金海社区卫生服务站", "category": "hospital", "sub_category": "090102"}}, {"type": "Feature", "geometry": {"type": "Point", "coordinates": [117.263243, 31.967656]}, "properties": {"name": "安直北城口腔诊所", "category": "hospital", "sub_category": "090202"}}, {"type": "Feature", "geometry": {"type": "Point", "coordinates": [117.280184, 31.976886]}, "properties": {"name": "凤霞社区卫生服务站", "category": "hospital", "sub_category": "090102"}}, {"type": "Feature", "geometry": {"type": "Point", "coordinates": [117.292679, 31.988563]}, "properties": {"name": "大陆洪塘社区卫生服务站", "category": "hospital", "sub_category": "090102"}}, {"type": "Feature", "geometry": {"type": "Point", "coordinates": [117.250086, 31.997052]}, "properties": {"name": "长丰龚传伦内科诊所", "category": "hospital", "sub_category": "090300"}}, {"type": "Feature", "geometry": {"type": "Point", "coordinates": [117.250285, 31.971666]}, "properties": {"name": "长丰传勇内科诊所", "category": "hospital", "sub_category": "090300"}}, {"type": "Feature", "geometry": {"type": "Point", "coordinates": [117.257482, 31.992558]}, "properties": {"name": "长丰信洪内科诊所", "category": "hospital", "sub_category": "090300"}}, {"type": "Feature", "geometry": {"type": "Point", "coordinates": [117.299286, 31.951691]}, "properties": {"name": "长丰兰亭内科诊所", "category": "hospital", "sub_category": "090300"}}, {"type": "Feature", "geometry": {"type": "Point", "coordinates": [117.26381, 31.9636]}, "properties": {"name": "长丰峰宁诊所", "category": "hospital", "sub_category": "090300"}}, {"type": "Feature", "geometry": {"type": "Point", "coordinates": [117.252522, 31.989539]}, "properties": {"name": "琥珀源口腔门诊部", "category": "hospital", "sub_category": "090202"}}, {"type": "Feature", "geometry": {"type": "Point", "coordinates": [117.268471, 31.990458]}, "properties": {"name": "合肥市长丰县双凤开发区万里社区卫生服务站", "category": "hospital", "sub_category": "090300"}}, {"type": "Feature", "geometry": {"type": "Point", "coordinates": [117.255541, 31.989962]}, "properties": {"name": "博瑞康医疗·御景嘉苑门诊部", "category": "hospital", "sub_category": "090300"}}, {"type": "Feature", "geometry": {"type": "Point", "coordinates": [117.263212, 31.981078]}, "properties": {"name": "愿康内科诊所", "category": "hospital", "sub_category": "090300"}}, {"type": "Feature", "geometry": {"type": "Point", "coordinates": [117.288846, 31.972209]}, "properties": {"name": "安徽理工大学(合肥校区)医务室", "category": "hospital", "sub_category": "090300"}}, {"type": "Feature", "geometry": {"type": "Point", "coordinates": [117.306746, 31.717588]}, "properties": {"name": "合肥市包河区美欧口腔门诊部", "category": "hospital", "sub_category": "090202"}}, {"type": "Feature", "geometry": {"type": "Point", "coordinates": [117.324272, 31.737119]}, "properties": {"name": "中国科学技术大学附属第一医院安徽省立医院滨湖医疗保健中心", "category": "hospital", "sub_category": "090100"}}, {"type": "Feature", "geometry": {"type": "Point", "coordinates": [117.315842, 31.741728]}, "properties": {"name": "合肥市毓舫综合门诊部-狂犬病暴露预防处置中心", "category": "hospital", "sub_category": "090300"}}, {"type": "Feature", "geometry": {"type": "Point", "coordinates": [117.310476, 31.742779]}, "properties": {"name": "包河区方兴社区医院", "category": "hospital", "sub_category": "090102"}}, {"type": "Feature", "geometry": {"type": "Point", "coordinates": [117.311175, 31.719999]}, "properties": {"name": "宣乐口腔(津门水街店)", "category": "hospital", "sub_category": "090202"}}, {"type": "Feature", "geometry": {"type": "Point", "coordinates": [117.30938, 31.746937]}, "properties": {"name": "倍美口腔", "category": "hospital", "sub_category": "090202"}}, {"type": "Feature", "geometry": {"type": "Point", "coordinates": [117.315396, 31.717785]}, "properties": {"name": "合肥昱徽口腔诊所", "category": "hospital", "sub_category": "090202"}}, {"type": "Feature", "geometry": {"type": "Point", "coordinates": [117.314893, 31.710454]}, "properties": {"name": "合肥包河悦康中西医结合门诊部", "category": "hospital", "sub_category": "090300"}}, {"type": "Feature", "geometry": {"type": "Point", "coordinates": [117.300174, 31.749981]}, "properties": {"name": "合肥张学伟中医诊所", "category": "hospital", "sub_category": "090300"}}, {"type": "Feature", "geometry": {"type": "Point", "coordinates": [117.340344, 31.740219]}, "properties": {"name": "合肥紫云口腔门诊部", "category": "hospital", "sub_category": "090202"}}, {"type": "Feature", "geometry": {"type": "Point", "coordinates": [117.318297, 31.716131]}, "properties": {"name": "合肥塘溪津门诊所", "category": "hospital", "sub_category": "090300"}}, {"type": "Feature", "geometry": {"type": "Point", "coordinates": [117.335775, 31.745325]}, "properties": {"name": "合肥久迎内科诊所", "category": "hospital", "sub_category": "090300"}}, {"type": "Feature", "geometry": {"type": "Point", "coordinates": [117.303369, 31.705552]}, "properties": {"name": "陈茂森内科诊所", "category": "hospital", "sub_category": "090300"}}, {"type": "Feature", "geometry": {"type": "Point", "coordinates": [117.310384, 31.714138]}, "properties": {"name": "合肥慕颜医疗美容", "category": "hospital", "sub_category": "090201"}}, {"type": "Feature", "geometry": {"type": "Point", "coordinates": [117.30096, 31.753512]}, "properties": {"name": "东方怡人医疗整形美容", "category": "hospital", "sub_category": "090201"}}, {"type": "Feature", "geometry": {"type": "Point", "coordinates": [117.327223, 31.799195]}, "properties": {"name": "合肥市包河区骆岗街道社区卫生服务中心", "category": "hospital", "sub_category": "090102"}}, {"type": "Feature", "geometry": {"type": "Point", "coordinates": [117.328952, 31.783782]}, "properties": {"name": "合肥卓越义齿制作有限公司", "category": "hospital", "sub_category": "090202"}}, {"type": "Feature", "geometry": {"type": "Point", "coordinates": [117.332642, 31.787342]}, "properties": {"name": "国药亚美整复外科医院", "category": "hospital", "sub_category": "090201"}}, {"type": "Feature", "geometry": {"type": "Point", "coordinates": [117.335197, 31.795056]}, "properties": {"name": "卢茂正诊所", "category": "hospital", "sub_category": "090300"}}, {"type": "Feature", "geometry": {"type": "Point", "coordinates": [117.302773, 31.794798]}, "properties": {"name": "名流健康体检", "category": "hospital", "sub_category": "090300"}}, {"type": "Feature", "geometry": {"type": "Point", "coordinates": [117.326625, 31.795875]}, "properties": {"name": "仁炳堂中医诊所", "category": "hospital", "sub_category": "090300"}}, {"type": "Feature", "geometry": {"type": "Point", "coordinates": [117.315471, 31.795415]}, "properties": {"name": "贝齿口腔门诊部", "category": "hospital", "sub_category": "090202"}}, {"type": "Feature", "geometry": {"type": "Point", "coordinates": [117.344083, 31.772483]}, "properties": {"name": "合肥康平综合门诊部", "category": "hospital", "sub_category": "090300"}}, {"type": "Feature", "geometry": {"type": "Point", "coordinates": [117.318144, 31.789695]}, "properties": {"name": "合肥包河众和中西医结合门诊部", "category": "hospital", "sub_category": "090300"}}, {"type": "Feature", "geometry": {"type": "Point", "coordinates": [117.318458, 31.778172]}, "properties": {"name": "太素阁中医诊所", "category": "hospital", "sub_category": "090300"}}, {"type": "Feature", "geometry": {"type": "Point", "coordinates": [117.340909, 31.770398]}, "properties": {"name": "张登刚诊所", "category": "hospital", "sub_category": "090300"}}, {"type": "Feature", "geometry": {"type": "Point", "coordinates": [117.330455, 31.795058]}, "properties": {"name": "茂基中西医结合门诊部", "category": "hospital", "sub_category": "090300"}}, {"type": "Feature", "geometry": {"type": "Point", "coordinates": [117.32069, 31.773513]}, "properties": {"name": "合肥城邦中西医结合门诊部", "category": "hospital", "sub_category": "090202|090300"}}, {"type": "Feature", "geometry": {"type": "Point", "coordinates": [117.328868, 31.769176]}, "properties": {"name": "合肥朗玥口腔诊所", "category": "hospital", "sub_category": "090202"}}, {"type": "Feature", "geometry": {"type": "Point", "coordinates": [117.334938, 31.766399]}, "properties": {"name": "合肥逸康内科诊所", "category": "hospital", "sub_category": "090300"}}, {"type": "Feature", "geometry": {"type": "Point", "coordinates": [117.339426, 31.778676]}, "properties": {"name": "合肥淮仁堂中医诊所", "category": "hospital", "sub_category": "090300"}}, {"type": "Feature", "geometry": {"type": "Point", "coordinates": [117.316505, 31.784417]}, "properties": {"name": "沁安医疗美容", "category": "hospital", "sub_category": "090201"}}, {"type": "Feature", "geometry": {"type": "Point", "coordinates": [117.327203, 31.753154]}, "properties": {"name": "中国科学技术大学附属第一医院(滨湖院区)(建设中)", "category": "hospital", "sub_category": "090101"}}, {"type": "Feature", "geometry": {"type": "Point", "coordinates": [117.333651, 31.814341]}, "properties": {"name": "合肥市中医院", "category": "hospital", "sub_category": "090100"}}, {"type": "Feature", "geometry": {"type": "Point", "coordinates": [117.304759, 31.829214]}, "properties": {"name": "合肥长庚医院", "category": "hospital", "sub_category": "090200"}}, {"type": "Feature", "geometry": {"type": "Point", "coordinates": [117.300552, 31.839184]}, "properties": {"name": "合肥壹加壹美容医院", "category": "hospital", "sub_category": "090201"}}, {"type": "Feature", "geometry": {"type": "Point", "coordinates": [117.339495, 31.849296]}, "properties": {"name": "安徽省妇女儿童医学中心东区", "category": "hospital", "sub_category": "090100"}}, {"type": "Feature", "geometry": {"type": "Point", "coordinates": [117.30128, 31.845083]}, "properties": {"name": "合肥天佑白癜风医院", "category": "hospital", "sub_category": "090200"}}, {"type": "Feature", "geometry": {"type": "Point", "coordinates": [117.318638, 31.814696]}, "properties": {"name": "合肥建安中医院", "category": "hospital", "sub_category": "090100"}}, {"type": "Feature", "geometry": {"type": "Point", "coordinates": [117.315845, 31.810242]}, "properties": {"name": "合肥市淝河镇社区卫生服务中心", "category": "hospital", "sub_category": "090100"}}, {"type": "Feature", "geometry": {"type": "Point", "coordinates": [117.34871, 31.84376]}, "properties": {"name": "红光街道卫生服务中心", "category": "hospital", "sub_category": "090102"}}, {"type": "Feature", "geometry": {"type": "Point", "coordinates": [117.308902, 31.825046]}, "properties": {"name": "合肥三晖口腔门诊部", "category": "hospital", "sub_category": "090202"}}, {"type": "Feature", "geometry": {"type": "Point", "coordinates": [117.314277, 31.848418]}, "properties": {"name": "大麦微针植发·全国连锁(合肥分院)", "category": "hospital", "sub_category": "090201"}}, {"type": "Feature", "geometry": {"type": "Point", "coordinates": [117.306268, 31.811094]}, "properties": {"name": "张小熊轻医美Z&BEAR(包河万象汇店)", "category": "hospital", "sub_category": "090201"}}, {"type": "Feature", "geometry": {"type": "Point", "coordinates": [117.325512, 31.848597]}, "properties": {"name": "合肥瑶海新齿口腔诊所", "category": "hospital", "sub_category": "090202"}}, {"type": "Feature", "geometry": {"type": "Point", "coordinates": [117.341778, 31.840699]}, "properties": {"name": "合肥瑶海仁贤内科诊所", "category": "hospital", "sub_category": "090300"}}, {"type": "Feature", "geometry": {"type": "Point", "coordinates": [117.302131, 31.833598]}, "properties": {"name": "新雅口腔", "category": "hospital", "sub_category": "090202"}}, {"type": "Feature", "geometry": {"type": "Point", "coordinates": [117.336519, 31.801136]}, "properties": {"name": "李旭东中医骨伤科诊所", "category": "hospital", "sub_category": "090206|090300"}}, {"type": "Feature", "geometry": {"type": "Point", "coordinates": [117.345167, 31.845031]}, "properties": {"name": "刘泽口腔诊所", "category": "hospital", "sub_category": "090202"}}, {"type": "Feature", "geometry": {"type": "Point", "coordinates": [117.323164, 31.829091]}, "properties": {"name": "陈志态内科诊所", "category": "hospital", "sub_category": "090300"}}, {"type": "Feature", "geometry": {"type": "Point", "coordinates": [117.302606, 31.806872]}, "properties": {"name": "望湖街道滨湖春天社区卫生服务站", "category": "hospital", "sub_category": "090102"}}, {"type": "Feature", "geometry": {"type": "Point", "coordinates": [117.342911, 31.828351]}, "properties": {"name": "淝河镇卫乡村卫生站", "category": "hospital", "sub_category": "090300"}}, {"type": "Feature", "geometry": {"type": "Point", "coordinates": [117.332579, 31.80843]}, "properties": {"name": "合肥包河诚康内科诊所", "category": "hospital", "sub_category": "090300"}}, {"type": "Feature", "geometry": {"type": "Point", "coordinates": [117.301075, 31.815375]}, "properties": {"name": "合肥佳境萌鹰眼科诊所", "category": "hospital", "sub_category": "090203"}}, {"type": "Feature", "geometry": {"type": "Point", "coordinates": [117.310875, 31.807075]}, "properties": {"name": "合肥凝颐堂中西医结合诊所", "category": "hospital", "sub_category": "090300"}}, {"type": "Feature", "geometry": {"type": "Point", "coordinates": [117.30513, 31.844377]}, "properties": {"name": "同安街道周谷堆社区卫生服务站", "category": "hospital", "sub_category": "090102"}}, {"type": "Feature", "geometry": {"type": "Point", "coordinates": [117.324836, 31.813788]}, "properties": {"name": "绣颜医疗美容医院", "category": "hospital", "sub_category": "090201"}}, {"type": "Feature", "geometry": {"type": "Point", "coordinates": [117.319628, 31.802709]}, "properties": {"name": "合肥袁氏口腔诊所", "category": "hospital", "sub_category": "090202"}}, {"type": "Feature", "geometry": {"type": "Point", "coordinates": [117.320006, 31.848284]}, "properties": {"name": "合肥瑶海胡成武诊所", "category": "hospital", "sub_category": "090300"}}, {"type": "Feature", "geometry": {"type": "Point", "coordinates": [117.324223, 31.841013]}, "properties": {"name": "望湖街道五里庙社区卫生服务站", "category": "hospital", "sub_category": "090102"}}, {"type": "Feature", "geometry": {"type": "Point", "coordinates": [117.306093, 31.896048]}, "properties": {"name": "安徽省第二人民医院主院区", "category": "hospital", "sub_category": "090101"}}, {"type": "Feature", "geometry": {"type": "Point", "coordinates": [117.314407, 31.873593]}, "properties": {"name": "合肥中山医院(综合诊疗中心)", "category": "hospital", "sub_category": "090200"}}, {"type": "Feature", "geometry": {"type": "Point", "coordinates": [117.301226, 31.864761]}, "properties": {"name": "茀莱堡口腔医院-舒适化种植牙·矫正", "category": "hospital", "sub_category": "090202"}}, {"type": "Feature", "geometry": {"type": "Point", "coordinates": [117.318423, 31.856642]}, "properties": {"name": "合肥市第二人民医院和平路院区", "category": "hospital", "sub_category": "090101"}}, {"type": "Feature", "geometry": {"type": "Point", "coordinates": [117.301101, 31.854462]}, "properties": {"name": "合肥佳德口腔·矫正·种植(包河店)", "category": "hospital", "sub_category": "090202"}}, {"type": "Feature", "geometry": {"type": "Point", "coordinates": [117.303188, 31.885427]}, "properties": {"name": "合肥蓝天贝杰口腔(瑶海院区)", "category": "hospital", "sub_category": "090202"}}, {"type": "Feature", "geometry": {"type": "Point", "coordinates": [117.305921, 31.866112]}, "properties": {"name": "合肥喜得儿生殖健康医院", "category": "hospital", "sub_category": "090200"}}, {"type": "Feature", "geometry": {"type": "Point", "coordinates": [117.347248, 31.879078]}, "properties": {"name": "瑶海区方庙街道社区卫生服务中心", "category": "hospital", "sub_category": "090102"}}, {"type": "Feature", "geometry": {"type": "Point", "coordinates": [117.320181, 31.899811]}, "properties": {"name": "广瑞医疗·天街综合门诊部", "category": "hospital", "sub_category": "090300"}}, {"type": "Feature", "geometry": {"type": "Point", "coordinates": [117.33656, 31.898935]}, "properties": {"name": "安徽医科大学济民肿瘤医学中心", "category": "hospital", "sub_category": "090207"}}, {"type": "Feature", "geometry": {"type": "Point", "coordinates": [117.334508, 31.872566]}, "properties": {"name": "合肥瑶海乐善嘉中医诊所", "category": "hospital", "sub_category": "090300"}}, {"type": "Feature", "geometry": {"type": "Point", "coordinates": [117.329465, 31.87369]}, "properties": {"name": "合肥同行康复医院", "category": "hospital", "sub_category": "090100"}}, {"type": "Feature", "geometry": {"type": "Point", "coordinates": [117.337812, 31.876552]}, "properties": {"name": "朱文口腔", "category": "hospital", "sub_category": "090202"}}, {"type": "Feature", "geometry": {"type": "Point", "coordinates": [117.342994, 31.890884]}, "properties": {"name": "合肥康中医院", "category": "hospital", "sub_category": "090100"}}, {"type": "Feature", "geometry": {"type": "Point", "coordinates": [117.309492, 31.857566]}, "properties": {"name": "合肥现代妇产医院", "category": "hospital", "sub_category": "090200"}}, {"type": "Feature", "geometry": {"type": "Point", "coordinates": [117.325122, 31.867305]}, "properties": {"name": "铜陵路街道社区卫生服务中心", "category": "hospital", "sub_category": "090102"}}, {"type": "Feature", "geometry": {"type": "Point", "coordinates": [117.322927, 31.887538]}, "properties": {"name": "凯婷医疗美容医院", "category": "hospital", "sub_category": "090201"}}, {"type": "Feature", "geometry": {"type": "Point", "coordinates": [117.342255, 31.867386]}, "properties": {"name": "瑶海区七里站街道社区卫生服务中心", "category": "hospital", "sub_category": "090102"}}, {"type": "Feature", "geometry": {"type": "Point", "coordinates": [117.343162, 31.876449]}, "properties": {"name": "皖美口腔", "category": "hospital", "sub_category": "090202"}}, {"type": "Feature", "geometry": {"type": "Point", "coordinates": [117.326054, 31.855059]}, "properties": {"name": "和平路街道社区卫生服务中心", "category": "hospital", "sub_category": "090102"}}, {"type": "Feature", "geometry": {"type": "Point", "coordinates": [117.306618, 31.89989]}, "properties": {"name": "上海交通大学医学院附属仁济医院安徽医院", "category": "hospital", "sub_category": "090100"}}, {"type": "Feature", "geometry": {"type": "Point", "coordinates": [117.315536, 31.898981]}, "properties": {"name": "南星口腔(合肥总院)", "category": "hospital", "sub_category": "090202"}}, {"type": "Feature", "geometry": {"type": "Point", "coordinates": [117.323653, 31.894486]}, "properties": {"name": "如玉口腔门诊部", "category": "hospital", "sub_category": "090202"}}, {"type": "Feature", "geometry": {"type": "Point", "coordinates": [117.348446, 31.871301]}, "properties": {"name": "合肥瑶海杏林春综合门诊部", "category": "hospital", "sub_category": "090300"}}, {"type": "Feature", "geometry": {"type": "Point", "coordinates": [117.327454, 31.87672]}, "properties": {"name": "合肥瑶海佳秀口腔门诊部", "category": "hospital", "sub_category": "090202"}}, {"type": "Feature", "geometry": {"type": "Point", "coordinates": [117.330381, 31.896238]}, "properties": {"name": "合肥新站高新区正源中医诊所", "category": "hospital", "sub_category": "090300"}}, {"type": "Feature", "geometry": {"type": "Point", "coordinates": [117.30671, 31.871917]}, "properties": {"name": "年减时代医疗美容", "category": "hospital", "sub_category": "090201"}}, {"type": "Feature", "geometry": {"type": "Point", "coordinates": [117.310981, 31.869804]}, "properties": {"name": "安徽省第二人民医院临淮路院区", "category": "hospital", "sub_category": "090101"}}, {"type": "Feature", "geometry": {"type": "Point", "coordinates": [117.305698, 31.878331]}, "properties": {"name": "合肥瑶海易和堂中医门诊", "category": "hospital", "sub_category": "090300"}}, {"type": "Feature", "geometry": {"type": "Point", "coordinates": [117.333266, 31.854202]}, "properties": {"name": "和平口腔诊所", "category": "hospital", "sub_category": "090202"}}, {"type": "Feature", "geometry": {"type": "Point", "coordinates": [117.316281, 31.888871]}, "properties": {"name": "合肥瑶海香元内科诊所", "category": "hospital", "sub_category": "090300"}}, {"type": "Feature", "geometry": {"type": "Point", "coordinates": [117.311109, 31.860421]}, "properties": {"name": "合肥瑶海康恩综合门诊部", "category": "hospital", "sub_category": "090300"}}, {"type": "Feature", "geometry": {"type": "Point", "coordinates": [117.323598, 31.87285]}, "properties": {"name": "蒋劲松内科诊所", "category": "hospital", "sub_category": "090300"}}, {"type": "Feature", "geometry": {"type": "Point", "coordinates": [117.307616, 31.863375]}, "properties": {"name": "坝上街口腔门诊部", "category": "hospital", "sub_category": "090202"}}, {"type": "Feature", "geometry": {"type": "Point", "coordinates": [117.349753, 31.867728]}, "properties": {"name": "合肥瑶海谈善苍诊所", "category": "hospital", "sub_category": "090300"}}, {"type": "Feature", "geometry": {"type": "Point", "coordinates": [117.344218, 31.872951]}, "properties": {"name": "合肥瑶海润泽口腔门诊部", "category": "hospital", "sub_category": "090202"}}, {"type": "Feature", "geometry": {"type": "Point", "coordinates": [117.309822, 31.88701]}, "properties": {"name": "郑凯妇科诊所", "category": "hospital", "sub_category": "090209"}}, {"type": "Feature", "geometry": {"type": "Point", "coordinates": [117.345536, 31.935398]}, "properties": {"name": "安徽医科大学第一附属医院北区", "category": "hospital", "sub_category": "090100"}}, {"type": "Feature", "geometry": {"type": "Point", "coordinates": [117.306168, 31.92398]}, "properties": {"name": "广瑞医疗·淮合综合门诊部", "category": "hospital", "sub_category": "090300"}}, {"type": "Feature", "geometry": {"type": "Point", "coordinates": [117.343604, 31.921793]}, "properties": {"name": "涵美医疗整形医院", "category": "hospital", "sub_category": "090201"}}, {"type": "Feature", "geometry": {"type": "Point", "coordinates": [117.3236, 31.918904]}, "properties": {"name": "华中综合门诊部", "category": "hospital", "sub_category": "090300"}}, {"type": "Feature", "geometry": {"type": "Point", "coordinates": [117.333501, 31.941261]}, "properties": {"name": "民爱内科诊所", "category": "hospital", "sub_category": "090300"}}, {"type": "Feature", "geometry": {"type": "Point", "coordinates": [117.329203, 31.939086]}, "properties": {"name": "合肥新站高新区博瑞康门诊部", "category": "hospital", "sub_category": "090300"}}, {"type": "Feature", "geometry": {"type": "Point", "coordinates": [117.346721, 31.925257]}, "properties": {"name": "翠柏口腔诊所", "category": "hospital", "sub_category": "090300"}}, {"type": "Feature", "geometry": {"type": "Point", "coordinates": [117.32677, 31.945066]}, "properties": {"name": "新站站北社区新店村卫生所", "category": "hospital", "sub_category": "090300"}}, {"type": "Feature", "geometry": {"type": "Point", "coordinates": [117.343091, 31.943405]}, "properties": {"name": "极地内科诊所", "category": "hospital", "sub_category": "090300"}}, {"type": "Feature", "geometry": {"type": "Point", "coordinates": [117.339755, 31.905686]}, "properties": {"name": "合肥新站区民康中西医结合门诊部", "category": "hospital", "sub_category": "090300"}}, {"type": "Feature", "geometry": {"type": "Point", "coordinates": [117.345579, 31.931093]}, "properties": {"name": "邦民诊所", "category": "hospital", "sub_category": "090300"}}, {"type": "Feature", "geometry": {"type": "Point", "coordinates": [117.32586, 31.902636]}, "properties": {"name": "合肥新站区新华苑中西医结合门诊部", "category": "hospital", "sub_category": "090300"}}, {"type": "Feature", "geometry": {"type": "Point", "coordinates": [117.321595, 31.90545]}, "properties": {"name": "山云堂中医诊所", "category": "hospital", "sub_category": "090300"}}, {"type": "Feature", "geometry": {"type": "Point", "coordinates": [117.305864, 31.904964]}, "properties": {"name": "新站高新区良宁中西医结合门诊部", "category": "hospital", "sub_category": "090300"}}, {"type": "Feature", "geometry": {"type": "Point", "coordinates": [117.313324, 31.904724]}, "properties": {"name": "合肥新站区医仁综合门诊部", "category": "hospital", "sub_category": "090300"}}, {"type": "Feature", "geometry": {"type": "Point", "coordinates": [117.316642, 31.939624]}, "properties": {"name": "华中眼科诊所", "category": "hospital", "sub_category": "090203"}}, {"type": "Feature", "geometry": {"type": "Point", "coordinates": [117.328575, 31.935475]}, "properties": {"name": "百医宁安和内科诊所", "category": "hospital", "sub_category": "090300"}}, {"type": "Feature", "geometry": {"type": "Point", "coordinates": [117.33358, 31.988517]}, "properties": {"name": "三十头村卫生室", "category": "hospital", "sub_category": "090102|090300"}}, {"type": "Feature", "geometry": {"type": "Point", "coordinates": [117.329609, 31.975951]}, "properties": {"name": "合肥新站高新区杜乔口腔门诊部", "category": "hospital", "sub_category": "090202"}}, {"type": "Feature", "geometry": {"type": "Point", "coordinates": [117.329554, 31.981695]}, "properties": {"name": "瓦岗村卫生室", "category": "hospital", "sub_category": "090300"}}, {"type": "Feature", "geometry": {"type": "Point", "coordinates": [117.33254, 31.977145]}, "properties": {"name": "合肥如预中西医结合诊所", "category": "hospital", "sub_category": "090300"}}, {"type": "Feature", "geometry": {"type": "Point", "coordinates": [117.311875, 31.984325]}, "properties": {"name": "合肥市儿童福利院卫生所", "category": "hospital", "sub_category": "090300"}}, {"type": "Feature", "geometry": {"type": "Point", "coordinates": [117.352347, 31.738063]}, "properties": {"name": "义城街道社区卫生服务中心", "category": "hospital", "sub_category": "090102"}}, {"type": "Feature", "geometry": {"type": "Point", "coordinates": [117.352075, 31.743875]}, "properties": {"name": "万康综合门诊部", "category": "hospital", "sub_category": "090300"}}, {"type": "Feature", "geometry": {"type": "Point", "coordinates": [117.37232, 31.776929]}, "properties": {"name": "合肥市包河区大圩卫生院", "category": "hospital", "sub_category": "090102"}}, {"type": "Feature", "geometry": {"type": "Point", "coordinates": [117.360258, 31.798912]}, "properties": {"name": "淝河镇黄镇村卫生站", "category": "hospital", "sub_category": "090300"}}, {"type": "Feature", "geometry": {"type": "Point", "coordinates": [117.361187, 31.786047]}, "properties": {"name": "合肥郁安中西医结合门诊部", "category": "hospital", "sub_category": "090300"}}, {"type": "Feature", "geometry": {"type": "Point", "coordinates": [117.370893, 31.780896]}, "properties": {"name": "牛云梅口腔诊所", "category": "hospital", "sub_category": "090202"}}, {"type": "Feature", "geometry": {"type": "Point", "coordinates": [117.374406, 31.839543]}, "properties": {"name": "瑶海区大兴镇社区卫生服务中心", "category": "hospital", "sub_category": "090102"}}, {"type": "Feature", "geometry": {"type": "Point", "coordinates": [117.351125, 31.847975]}, "properties": {"name": "郑卢扶阳堂·扶康养生馆", "category": "hospital", "sub_category": "090300"}}, {"type": "Feature", "geometry": {"type": "Point", "coordinates": [117.3838, 31.839153]}, "properties": {"name": "合肥瑶海贝辰口腔门诊部", "category": "hospital", "sub_category": "090202"}}, {"type": "Feature", "geometry": {"type": "Point", "coordinates": [117.385989, 31.832305]}, "properties": {"name": "合肥瑶海刘斌内科诊所", "category": "hospital", "sub_category": "090300"}}, {"type": "Feature", "geometry": {"type": "Point", "coordinates": [117.365529, 31.840546]}, "properties": {"name": "兴集内科诊所", "category": "hospital", "sub_category": "090300"}}, {"type": "Feature", "geometry": {"type": "Point", "coordinates": [117.399971, 31.830057]}, "properties": {"name": "撮镇唐安社区卫生室", "category": "hospital", "sub_category": "090300"}}, {"type": "Feature", "geometry": {"type": "Point", "coordinates": [117.359581, 31.813936]}, "properties": {"name": "淝河镇关镇村卫生室", "category": "hospital", "sub_category": "090102"}}, {"type": "Feature", "geometry": {"type": "Point", "coordinates": [117.384922, 31.822501]}, "properties": {"name": "撮镇镇建华社区卫生室", "category": "hospital", "sub_category": "090300"}}, {"type": "Feature", "geometry": {"type": "Point", "coordinates": [117.399503, 31.840693]}, "properties": {"name": "合肥瑶海一良内科诊所", "category": "hospital", "sub_category": "090300"}}, {"type": "Feature", "geometry": {"type": "Point", "coordinates": [117.351684, 31.835606]}, "properties": {"name": "合肥市儿童医院新区(建设中)", "category": "hospital", "sub_category": "090200"}}, {"type": "Feature", "geometry": {"type": "Point", "coordinates": [117.362339, 31.853976]}, "properties": {"name": "合肥市第二人民医院广德路院区", "category": "hospital", "sub_category": "090101"}}, {"type": "Feature", "geometry": {"type": "Point", "coordinates": [117.358473, 31.891345]}, "properties": {"name": "合肥新海妇产医院", "category": "hospital", "sub_category": "090209"}}, {"type": "Feature", "geometry": {"type": "Point", "coordinates": [117.37718, 31.855564]}, "properties": {"name": "安徽静安中西医结合医院", "category": "hospital", "sub_category": "090100"}}, {"type": "Feature", "geometry": {"type": "Point", "coordinates": [117.35181, 31.894199]}, "properties": {"name": "合肥长兴康复医院", "category": "hospital", "sub_category": "090100|090200"}}, {"type": "Feature", "geometry": {"type": "Point", "coordinates": [117.378625, 31.875075]}, "properties": {"name": "瑶海区龙岗开发区第二社区卫生服务中心", "category": "hospital", "sub_category": "090102"}}, {"type": "Feature", "geometry": {"type": "Point", "coordinates": [117.350875, 31.878475]}, "properties": {"name": "合肥瑶海丽齿口腔门诊部", "category": "hospital", "sub_category": "090202"}}, {"type": "Feature", "geometry": {"type": "Point", "coordinates": [117.358442, 31.881315]}, "properties": {"name": "仁德医院", "category": "hospital", "sub_category": "090100"}}, {"type": "Feature", "geometry": {"type": "Point", "coordinates": [117.371345, 31.860038]}, "properties": {"name": "瑶海新安江路综合门诊部(体外碎石)", "category": "hospital", "sub_category": "090300"}}, {"type": "Feature", "geometry": {"type": "Point", "coordinates": [117.358996, 31.856146]}, "properties": {"name": "合肥市瑶海区疾病预防控制中心", "category": "hospital", "sub_category": "090500"}}, {"type": "Feature", "geometry": {"type": "Point", "coordinates": [117.394047, 31.868333]}, "properties": {"name": "乐雅口腔(长江东路店)", "category": "hospital", "sub_category": "090202"}}, {"type": "Feature", "geometry": {"type": "Point", "coordinates": [117.390875, 31.897675]}, "properties": {"name": "健祥内科诊所", "category": "hospital", "sub_category": "090300"}}, {"type": "Feature", "geometry": {"type": "Point", "coordinates": [117.386718, 31.875729]}, "properties": {"name": "合肥瑶海云皓口腔门诊部", "category": "hospital", "sub_category": "090202"}}, {"type": "Feature", "geometry": {"type": "Point", "coordinates": [117.366766, 31.86331]}, "properties": {"name": "宋晖内科诊所", "category": "hospital", "sub_category": "090300"}}, {"type": "Feature", "geometry": {"type": "Point", "coordinates": [117.399724, 31.852935]}, "properties": {"name": "鲁朝玉诊所", "category": "hospital", "sub_category": "090300"}}, {"type": "Feature", "geometry": {"type": "Point", "coordinates": [117.397574, 31.889855]}, "properties": {"name": "仁泰诊所", "category": "hospital", "sub_category": "090300"}}, {"type": "Feature", "geometry": {"type": "Point", "coordinates": [117.393825, 31.874325]}, "properties": {"name": "慧众医疗合肥瑶海临泉东路门诊部", "category": "hospital", "sub_category": "090300"}}, {"type": "Feature", "geometry": {"type": "Point", "coordinates": [117.388617, 31.866088]}, "properties": {"name": "合肥瑶海仁信内科诊所", "category": "hospital", "sub_category": "090300"}}, {"type": "Feature", "geometry": {"type": "Point", "coordinates": [117.363773, 31.878452]}, "properties": {"name": "泊菲特口腔门诊", "category": "hospital", "sub_category": "090202"}}, {"type": "Feature", "geometry": {"type": "Point", "coordinates": [117.370982, 31.86777]}, "properties": {"name": "合肥瑶海维民康门诊部", "category": "hospital", "sub_category": "090300"}}, {"type": "Feature", "geometry": {"type": "Point", "coordinates": [117.38915, 31.870295]}, "properties": {"name": "许氏正骨(王岗店)", "category": "hospital", "sub_category": "090206"}}, {"type": "Feature", "geometry": {"type": "Point", "coordinates": [117.374104, 31.882415]}, "properties": {"name": "合肥亚太口腔", "category": "hospital", "sub_category": "090202"}}, {"type": "Feature", "geometry": {"type": "Point", "coordinates": [117.377383, 31.868864]}, "properties": {"name": "洁爱口腔门诊部", "category": "hospital", "sub_category": "090202"}}, {"type": "Feature", "geometry": {"type": "Point", "coordinates": [117.364165, 31.868386]}, "properties": {"name": "合肥瑶海周长胜中医诊所", "category": "hospital", "sub_category": "090300"}}, {"type": "Feature", "geometry": {"type": "Point", "coordinates": [117.356063, 31.869008]}, "properties": {"name": "合肥瑶海七里站街道恒通社区卫生服务站", "category": "hospital", "sub_category": "090102"}}, {"type": "Feature", "geometry": {"type": "Point", "coordinates": [117.359416, 31.887959]}, "properties": {"name": "贺德权诊所", "category": "hospital", "sub_category": "090300"}}, {"type": "Feature", "geometry": {"type": "Point", "coordinates": [117.354034, 31.858414]}, "properties": {"name": "大兴镇漕冲社区卫生服务站", "category": "hospital", "sub_category": "090102"}}, {"type": "Feature", "geometry": {"type": "Point", "coordinates": [117.352027, 31.886194]}, "properties": {"name": "合肥新站仁诺内科诊所", "category": "hospital", "sub_category": "090300"}}, {"type": "Feature", "geometry": {"type": "Point", "coordinates": [117.378314, 31.86396]}, "properties": {"name": "合肥瑶海张宁徽内科诊所", "category": "hospital", "sub_category": "090300"}}, {"type": "Feature", "geometry": {"type": "Point", "coordinates": [117.397125, 31.874575]}, "properties": {"name": "仟医堂中医诊所", "category": "hospital", "sub_category": "090300"}}, {"type": "Feature", "geometry": {"type": "Point", "coordinates": [117.378744, 31.882473]}, "properties": {"name": "侬侬妇幼", "category": "hospital", "sub_category": "090200"}}, {"type": "Feature", "geometry": {"type": "Point", "coordinates": [117.38392, 31.878681]}, "properties": {"name": "仁慈中西医结合诊所", "category": "hospital", "sub_category": "090300"}}, {"type": "Feature", "geometry": {"type": "Point", "coordinates": [117.383775, 31.872851]}, "properties": {"name": "王岗第一卫生室", "category": "hospital", "sub_category": "090300"}}, {"type": "Feature", "geometry": {"type": "Point", "coordinates": [117.399714, 31.866247]}, "properties": {"name": "仁道内科诊所", "category": "hospital", "sub_category": "090300"}}, {"type": "Feature", "geometry": {"type": "Point", "coordinates": [117.356748, 31.885366]}, "properties": {"name": "合肥芳华中西医门诊", "category": "hospital", "sub_category": "090300"}}, {"type": "Feature", "geometry": {"type": "Point", "coordinates": [117.351459, 31.864449]}, "properties": {"name": "合肥瑶海陆采云内科诊所", "category": "hospital", "sub_category": "090300"}}, {"type": "Feature", "geometry": {"type": "Point", "coordinates": [117.369486, 31.878744]}, "properties": {"name": "合肥瑶海侯士诚口腔诊所", "category": "hospital", "sub_category": "090202"}}, {"type": "Feature", "geometry": {"type": "Point", "coordinates": [117.362142, 31.889886]}, "properties": {"name": "合肥九久夕阳红医院", "category": "hospital", "sub_category": "090100"}}, {"type": "Feature", "geometry": {"type": "Point", "coordinates": [117.392154, 31.879507]}, "properties": {"name": "合肥瑶海仁爱内科诊所", "category": "hospital", "sub_category": "090300"}}, {"type": "Feature", "geometry": {"type": "Point", "coordinates": [117.399501, 31.860045]}, "properties": {"name": "星安江综合门诊部", "category": "hospital", "sub_category": "090300"}}, {"type": "Feature", "geometry": {"type": "Point", "coordinates": [117.395167, 31.857876]}, "properties": {"name": "肥东袁化杰诊所(优步大道)", "category": "hospital", "sub_category": "090300"}}, {"type": "Feature", "geometry": {"type": "Point", "coordinates": [117.394159, 31.891069]}, "properties": {"name": "合肥瑶海保民堂诊所", "category": "hospital", "sub_category": "090300"}}, {"type": "Feature", "geometry": {"type": "Point", "coordinates": [117.378378, 31.946086]}, "properties": {"name": "合肥京东方医院", "category": "hospital", "sub_category": "090100"}}, {"type": "Feature", "geometry": {"type": "Point", "coordinates": [117.371171, 31.904915]}, "properties": {"name": "合肥新站高新技术产业开发区磨店乡卫生院", "category": "hospital", "sub_category": "090102"}}, {"type": "Feature", "geometry": {"type": "Point", "coordinates": [117.375646, 31.903496]}, "properties": {"name": "牙博士口腔门诊部(合郢花园店)", "category": "hospital", "sub_category": "090202"}}, {"type": "Feature", "geometry": {"type": "Point", "coordinates": [117.377575, 31.934258]}, "properties": {"name": "新站高新区心博口腔门诊部", "category": "hospital", "sub_category": "090202"}}, {"type": "Feature", "geometry": {"type": "Point", "coordinates": [117.372949, 31.924286]}, "properties": {"name": "合肥新站区康而平内科诊所", "category": "hospital", "sub_category": "090300"}}, {"type": "Feature", "geometry": {"type": "Point", "coordinates": [117.368575, 31.922775]}, "properties": {"name": "合肥新站区玉屹中医诊所中医理疗", "category": "hospital", "sub_category": "090300"}}, {"type": "Feature", "geometry": {"type": "Point", "coordinates": [117.356703, 31.943016]}, "properties": {"name": "铭池内科诊所", "category": "hospital", "sub_category": "090300"}}, {"type": "Feature", "geometry": {"type": "Point", "coordinates": [117.394209, 31.920894]}, "properties": {"name": "仁责诊所", "category": "hospital", "sub_category": "090300"}}, {"type": "Feature", "geometry": {"type": "Point", "coordinates": [117.394665, 31.900126]}, "properties": {"name": "君仁诊所", "category": "hospital", "sub_category": "090300"}}, {"type": "Feature", "geometry": {"type": "Point", "coordinates": [117.365002, 31.924257]}, "properties": {"name": "合肥新站高新区黄京内科门诊", "category": "hospital", "sub_category": "090300"}}, {"type": "Feature", "geometry": {"type": "Point", "coordinates": [117.356009, 31.938808]}, "properties": {"name": "铭汇内科诊所", "category": "hospital", "sub_category": "090300"}}, {"type": "Feature", "geometry": {"type": "Point", "coordinates": [117.390597, 31.922335]}, "properties": {"name": "新站高新技术产业开发区八联卫生室", "category": "hospital", "sub_category": "090300"}}, {"type": "Feature", "geometry": {"type": "Point", "coordinates": [117.374803, 31.944154]}, "properties": {"name": "见康中西医结合诊所", "category": "hospital", "sub_category": "090300"}}, {"type": "Feature", "geometry": {"type": "Point", "coordinates": [117.397928, 31.927902]}, "properties": {"name": "合肥康华康复医院住院部", "category": "hospital", "sub_category": "090100"}}, {"type": "Feature", "geometry": {"type": "Point", "coordinates": [117.353811, 31.933245]}, "properties": {"name": "合肥新站高新区涵一内科诊所", "category": "hospital", "sub_category": "090300"}}, {"type": "Feature", "geometry": {"type": "Point", "coordinates": [117.352971, 31.942074]}, "properties": {"name": "美牙仕口腔(招商奥体店)", "category": "hospital", "sub_category": "090202"}}, {"type": "Feature", "geometry": {"type": "Point", "coordinates": [117.378608, 31.931041]}, "properties": {"name": "安徽职业技术大学卫生所", "category": "hospital", "sub_category": "090300"}}, {"type": "Feature", "geometry": {"type": "Point", "coordinates": [117.387455, 31.900904]}, "properties": {"name": "杏瑞林内科诊所", "category": "hospital", "sub_category": "090300"}}, {"type": "Feature", "geometry": {"type": "Point", "coordinates": [117.398357, 31.938384]}, "properties": {"name": "安徽省针灸医院新院区(建设中)", "category": "hospital", "sub_category": "090100"}}, {"type": "Feature", "geometry": {"type": "Point", "coordinates": [117.356025, 31.951375]}, "properties": {"name": "善梅内科诊所", "category": "hospital", "sub_category": "090300"}}, {"type": "Feature", "geometry": {"type": "Point", "coordinates": [117.421289, 31.836273]}, "properties": {"name": "肥东县撮镇镇中心卫生院龙塘分院", "category": "hospital", "sub_category": "090102"}}, {"type": "Feature", "geometry": {"type": "Point", "coordinates": [117.435599, 31.822561]}, "properties": {"name": "肥东丁海峰口腔诊所", "category": "hospital", "sub_category": "090202"}}, {"type": "Feature", "geometry": {"type": "Point", "coordinates": [117.431397, 31.826632]}, "properties": {"name": "方丽霞中医", "category": "hospital", "sub_category": "090300"}}, {"type": "Feature", "geometry": {"type": "Point", "coordinates": [117.436471, 31.806169]}, "properties": {"name": "撮镇镇华光村卫生室", "category": "hospital", "sub_category": "090300"}}, {"type": "Feature", "geometry": {"type": "Point", "coordinates": [117.416229, 31.845733]}, "properties": {"name": "肥东县守仁内科诊所", "category": "hospital", "sub_category": "090300"}}, {"type": "Feature", "geometry": {"type": "Point", "coordinates": [117.416128, 31.831717]}, "properties": {"name": "好社医诊所(大运城连锁店)", "category": "hospital", "sub_category": "090300"}}, {"type": "Feature", "geometry": {"type": "Point", "coordinates": [117.408201, 31.829241]}, "properties": {"name": "好社医诊所", "category": "hospital", "sub_category": "090300"}}, {"type": "Feature", "geometry": {"type": "Point", "coordinates": [117.439241, 31.890261]}, "properties": {"name": "肥东安贞医院", "category": "hospital", "sub_category": "090100"}}, {"type": "Feature", "geometry": {"type": "Point", "coordinates": [117.444611, 31.871117]}, "properties": {"name": "肥东盛世口腔门诊部", "category": "hospital", "sub_category": "090202"}}, {"type": "Feature", "geometry": {"type": "Point", "coordinates": [117.443362, 31.884415]}, "properties": {"name": "城关医院", "category": "hospital", "sub_category": "090100"}}, {"type": "Feature", "geometry": {"type": "Point", "coordinates": [117.446425, 31.877375]}, "properties": {"name": "冉冉口腔门诊部", "category": "hospital", "sub_category": "090202"}}, {"type": "Feature", "geometry": {"type": "Point", "coordinates": [117.414725, 31.885252]}, "properties": {"name": "合肥立心精神医院", "category": "hospital", "sub_category": "090210"}}, {"type": "Feature", "geometry": {"type": "Point", "coordinates": [117.422922, 31.881572]}, "properties": {"name": "肥东笑开颜口腔门诊部", "category": "hospital", "sub_category": "090202"}}, {"type": "Feature", "geometry": {"type": "Point", "coordinates": [117.438565, 31.873943]}, "properties": {"name": "肥东鲁传洲诊所", "category": "hospital", "sub_category": "090300"}}, {"type": "Feature", "geometry": {"type": "Point", "coordinates": [117.445607, 31.887795]}, "properties": {"name": "博爱口腔门诊部", "category": "hospital", "sub_category": "090202"}}, {"type": "Feature", "geometry": {"type": "Point", "coordinates": [117.441705, 31.892245]}, "properties": {"name": "合肥路安堂诊所", "category": "hospital", "sub_category": "090300"}}, {"type": "Feature", "geometry": {"type": "Point", "coordinates": [117.439712, 31.879659]}, "properties": {"name": "美宜佳口腔·种植矫正中心·儿童口腔", "category": "hospital", "sub_category": "090202"}}, {"type": "Feature", "geometry": {"type": "Point", "coordinates": [117.438813, 31.86949]}, "properties": {"name": "肥东杨冰玲诊所", "category": "hospital", "sub_category": "090300"}}, {"type": "Feature", "geometry": {"type": "Point", "coordinates": [117.445213, 31.865474]}, "properties": {"name": "爱心医院", "category": "hospital", "sub_category": "090100"}}, {"type": "Feature", "geometry": {"type": "Point", "coordinates": [117.448595, 31.873603]}, "properties": {"name": "齿之美口腔门诊部", "category": "hospital", "sub_category": "090202"}}, {"type": "Feature", "geometry": {"type": "Point", "coordinates": [117.415362, 31.874154]}, "properties": {"name": "肥东经济开发区三十埠社区卫生室", "category": "hospital", "sub_category": "090300"}}, {"type": "Feature", "geometry": {"type": "Point", "coordinates": [117.42501, 31.875216]}, "properties": {"name": "肥东胡中堂中医诊所", "category": "hospital", "sub_category": "090300"}}, {"type": "Feature", "geometry": {"type": "Point", "coordinates": [117.435308, 31.881035]}, "properties": {"name": "肥东经济开发区李医生诊所", "category": "hospital", "sub_category": "090300"}}, {"type": "Feature", "geometry": {"type": "Point", "coordinates": [117.422466, 31.890354]}, "properties": {"name": "邻家医诊所", "category": "hospital", "sub_category": "090300"}}, {"type": "Feature", "geometry": {"type": "Point", "coordinates": [117.406697, 31.850779]}, "properties": {"name": "撮镇镇大费社区卫生室", "category": "hospital", "sub_category": "090300"}}, {"type": "Feature", "geometry": {"type": "Point", "coordinates": [117.44932, 31.864578]}, "properties": {"name": "新安妇产楼", "category": "hospital", "sub_category": "090209"}}, {"type": "Feature", "geometry": {"type": "Point", "coordinates": [117.407648, 31.916245]}, "properties": {"name": "合肥市口腔医院东区", "category": "hospital", "sub_category": "090202"}}, {"type": "Feature", "geometry": {"type": "Point", "coordinates": [117.403475, 31.933575]}, "properties": {"name": "安杨口腔诊所", "category": "hospital", "sub_category": "090202"}}, {"type": "Feature", "geometry": {"type": "Point", "coordinates": [117.411764, 31.991257]}, "properties": {"name": "花灯卫生室", "category": "hospital", "sub_category": "090300"}}, {"type": "Feature", "geometry": {"type": "Point", "coordinates": [117.468387, 31.749675]}, "properties": {"name": "肥东长乐乡卫生院", "category": "hospital", "sub_category": "090102"}}, {"type": "Feature", "geometry": {"type": "Point", "coordinates": [117.467699, 31.710472]}, "properties": {"name": "罗店社区卫生室", "category": "hospital", "sub_category": "090300"}}, {"type": "Feature", "geometry": {"type": "Point", "coordinates": [117.493653, 31.796664]}, "properties": {"name": "肥东博仁综合门诊部", "category": "hospital", "sub_category": "090300"}}, {"type": "Feature", "geometry": {"type": "Point", "coordinates": [117.474073, 31.847438]}, "properties": {"name": "肥东县人民医院", "category": "hospital", "sub_category": "090100"}}, {"type": "Feature", "geometry": {"type": "Point", "coordinates": [117.483129, 31.821141]}, "properties": {"name": "肥东陈传林口腔门诊部", "category": "hospital", "sub_category": "090202"}}, {"type": "Feature", "geometry": {"type": "Point", "coordinates": [117.469625, 31.817175]}, "properties": {"name": "肥东县撮镇镇中心卫生院", "category": "hospital", "sub_category": "090102"}}, {"type": "Feature", "geometry": {"type": "Point", "coordinates": [117.483575, 31.809075]}, "properties": {"name": "肥东钱中明骨伤科诊所", "category": "hospital", "sub_category": "090206|090300"}}, {"type": "Feature", "geometry": {"type": "Point", "coordinates": [117.463824, 31.819735]}, "properties": {"name": "肥东毕玮中西医结合诊所", "category": "hospital", "sub_category": "090300"}}, {"type": "Feature", "geometry": {"type": "Point", "coordinates": [117.469255, 31.847948]}, "properties": {"name": "杏林堂中医馆", "category": "hospital", "sub_category": "090300"}}, {"type": "Feature", "geometry": {"type": "Point", "coordinates": [117.487348, 31.814402]}, "properties": {"name": "肥东一禾口腔门诊部", "category": "hospital", "sub_category": "090300"}}, {"type": "Feature", "geometry": {"type": "Point", "coordinates": [117.485798, 31.819763]}, "properties": {"name": "肥东县朱林富诊所", "category": "hospital", "sub_category": "090300"}}, {"type": "Feature", "geometry": {"type": "Point", "coordinates": [117.47687, 31.822373]}, "properties": {"name": "肥东张小玲内科诊所", "category": "hospital", "sub_category": "090300"}}, {"type": "Feature", "geometry": {"type": "Point", "coordinates": [117.450579, 31.822082]}, "properties": {"name": "窦氏祖医堂传承工作室", "category": "hospital", "sub_category": "090300"}}, {"type": "Feature", "geometry": {"type": "Point", "coordinates": [117.473063, 31.839004]}, "properties": {"name": "肥东陈典苍诊所", "category": "hospital", "sub_category": "090300"}}, {"type": "Feature", "geometry": {"type": "Point", "coordinates": [117.488563, 31.804582]}, "properties": {"name": "肥东县撮镇镇振兴村卫生室", "category": "hospital", "sub_category": "090300"}}, {"type": "Feature", "geometry": {"type": "Point", "coordinates": [117.490525, 31.827975]}, "properties": {"name": "龙集社区卫生室", "category": "hospital", "sub_category": "090300"}}, {"type": "Feature", "geometry": {"type": "Point", "coordinates": [117.469862, 31.813381]}, "properties": {"name": "肥东县第五人民医院(建设中)", "category": "hospital", "sub_category": "090100"}}, {"type": "Feature", "geometry": {"type": "Point", "coordinates": [117.477304, 31.890311]}, "properties": {"name": "肥东县中医院", "category": "hospital", "sub_category": "090100"}}, {"type": "Feature", "geometry": {"type": "Point", "coordinates": [117.482415, 31.895243]}, "properties": {"name": "肥东县妇幼保健院", "category": "hospital", "sub_category": "090200"}}, {"type": "Feature", "geometry": {"type": "Point", "coordinates": [117.491892, 31.889774]}, "properties": {"name": "肥东县疾病预防控制中心", "category": "hospital", "sub_category": "090500"}}, {"type": "Feature", "geometry": {"type": "Point", "coordinates": [117.460914, 31.874084]}, "properties": {"name": "肥东泰佳口腔门诊部", "category": "hospital", "sub_category": "090202"}}, {"type": "Feature", "geometry": {"type": "Point", "coordinates": [117.454213, 31.881608]}, "properties": {"name": "肥东东泰医院", "category": "hospital", "sub_category": "090100"}}, {"type": "Feature", "geometry": {"type": "Point", "coordinates": [117.454307, 31.889268]}, "properties": {"name": "肥东胡大郢综合门诊部", "category": "hospital", "sub_category": "090300"}}, {"type": "Feature", "geometry": {"type": "Point", "coordinates": [117.47045, 31.886971]}, "properties": {"name": "云松牙科诊所", "category": "hospital", "sub_category": "090202"}}, {"type": "Feature", "geometry": {"type": "Point", "coordinates": [117.473824, 31.853124]}, "properties": {"name": "合肥尔东口腔门诊部", "category": "hospital", "sub_category": "090202"}}, {"type": "Feature", "geometry": {"type": "Point", "coordinates": [117.482911, 31.882759]}, "properties": {"name": "盛佳盛世口腔(石塘路院)", "category": "hospital", "sub_category": "090202"}}, {"type": "Feature", "geometry": {"type": "Point", "coordinates": [117.470834, 31.879319]}, "properties": {"name": "肥东康慈综合门诊部", "category": "hospital", "sub_category": "090300"}}, {"type": "Feature", "geometry": {"type": "Point", "coordinates": [117.4876, 31.876805]}, "properties": {"name": "王其德针灸专科诊所", "category": "hospital", "sub_category": "090300"}}, {"type": "Feature", "geometry": {"type": "Point", "coordinates": [117.47885, 31.885421]}, "properties": {"name": "蓝军诊所", "category": "hospital", "sub_category": "090300"}}, {"type": "Feature", "geometry": {"type": "Point", "coordinates": [117.497031, 31.86018]}, "properties": {"name": "肥东孙超诊所", "category": "hospital", "sub_category": "090300"}}, {"type": "Feature", "geometry": {"type": "Point", "coordinates": [117.477609, 31.85664]}, "properties": {"name": "肥东杨海东诊所", "category": "hospital", "sub_category": "090300"}}, {"type": "Feature", "geometry": {"type": "Point", "coordinates": [117.48371, 31.887046]}, "properties": {"name": "兴牧畜禽防治所", "category": "hospital", "sub_category": "090500"}}, {"type": "Feature", "geometry": {"type": "Point", "coordinates": [117.467708, 31.880732]}, "properties": {"name": "肥东李文富诊所", "category": "hospital", "sub_category": "090300"}}, {"type": "Feature", "geometry": {"type": "Point", "coordinates": [117.480175, 31.871275]}, "properties": {"name": "肥东店埠镇排头卫生室", "category": "hospital", "sub_category": "090300"}}, {"type": "Feature", "geometry": {"type": "Point", "coordinates": [117.461827, 31.888509]}, "properties": {"name": "完绍凤诊所", "category": "hospital", "sub_category": "090300"}}, {"type": "Feature", "geometry": {"type": "Point", "coordinates": [117.492164, 31.872651]}, "properties": {"name": "肥东县店埠镇中心卫生院", "category": "hospital", "sub_category": "090102"}}, {"type": "Feature", "geometry": {"type": "Point", "coordinates": [117.473175, 31.873725]}, "properties": {"name": "薛华金中医诊所", "category": "hospital", "sub_category": "090300"}}, {"type": "Feature", "geometry": {"type": "Point", "coordinates": [117.459475, 31.895075]}, "properties": {"name": "店埠镇安乐社区卫生室", "category": "hospital", "sub_category": "090300"}}, {"type": "Feature", "geometry": {"type": "Point", "coordinates": [117.480691, 31.935803]}, "properties": {"name": "肥东县牌坊回族满族乡赵坊民族社区卫生室", "category": "hospital", "sub_category": "090300"}}, {"type": "Feature", "geometry": {"type": "Point", "coordinates": [117.481155, 31.951999]}, "properties": {"name": "肥东县牌坊回族满族乡卫生院", "category": "hospital", "sub_category": "090102"}}, {"type": "Feature", "geometry": {"type": "Point", "coordinates": [117.481475, 31.967175]}, "properties": {"name": "肥东县牌坊回族满族乡兴一村卫生室", "category": "hospital", "sub_category": "090300"}}, {"type": "Feature", "geometry": {"type": "Point", "coordinates": [117.506967, 31.727978]}, "properties": {"name": "竹塘口腔诊所", "category": "hospital", "sub_category": "090202"}}, {"type": "Feature", "geometry": {"type": "Point", "coordinates": [117.522947, 31.735358]}, "properties": {"name": "桥头集镇卫生院(复兴社区医疗延伸点)", "category": "hospital", "sub_category": "090102"}}, {"type": "Feature", "geometry": {"type": "Point", "coordinates": [117.549694, 31.751726]}, "properties": {"name": "肥东县桥头集镇卫生院", "category": "hospital", "sub_category": "090102"}}, {"type": "Feature", "geometry": {"type": "Point", "coordinates": [117.530944, 31.788593]}, "properties": {"name": "桥头集镇卫生院(山王集社区医疗延伸点)", "category": "hospital", "sub_category": "090102"}}, {"type": "Feature", "geometry": {"type": "Point", "coordinates": [117.547175, 31.805475]}, "properties": {"name": "肥东县桥头集镇梅山社区卫生室", "category": "hospital", "sub_category": "090300"}}, {"type": "Feature", "geometry": {"type": "Point", "coordinates": [117.533543, 31.839723]}, "properties": {"name": "店埠镇群力社区卫生室", "category": "hospital", "sub_category": "090300"}}, {"type": "Feature", "geometry": {"type": "Point", "coordinates": [117.501322, 31.860226]}, "properties": {"name": "店埠镇双桥社区卫生室", "category": "hospital", "sub_category": "090300"}}, {"type": "Feature", "geometry": {"type": "Point", "coordinates": [117.532578, 31.855608]}, "properties": {"name": "店埠镇半店村卫生室", "category": "hospital", "sub_category": "090300"}}, {"type": "Feature", "geometry": {"type": "Point", "coordinates": [117.546925, 31.881475]}, "properties": {"name": "肥东县店埠镇杨坝社区卫生室", "category": "hospital", "sub_category": "090300"}}, {"type": "Feature", "geometry": {"type": "Point", "coordinates": [117.523551, 31.947883]}, "properties": {"name": "肥东县梁园镇中心卫生院路口分院", "category": "hospital", "sub_category": "090102"}}, {"type": "Feature", "geometry": {"type": "Point", "coordinates": [117.534075, 31.963725]}, "properties": {"name": "民主社区卫生室", "category": "hospital", "sub_category": "090300"}}]}