{
"type": "FeatureCollection",
"name": "hefei_roads_sample",
"crs": { "type": "name", "properties": { "name": "urn:ogc:def:crs:OGC:1.3:CRS84" } },
"features": [
{ "type": "Feature", "properties": { "id": 72126, "u": 13823617874, "v": 13823570991, "highway": "service", "name": null, "length": 15.978823964126484 }, "geometry": { "type": "LineString", "coordinates": [ [ 117.4057406, 31.7233686 ], [ 117.405708, 31.7232276 ] ] } },
{ "type": "Feature", "properties": { "id": 1362, "u": 1085512402, "v": 251189246, "highway": "motorway", "name": "合肥绕城高速", "length": 2689.6256803091392 }, "geometry": { "type": "LineString", "coordinates": [ [ 117.3036656, 31.7994933 ], [ 117.3045389, 31.7996056 ], [ 117.3054725, 31.7997574 ], [ 117.3089816, 31.8002687 ], [ 117.3121678, 31.8009036 ], [ 117.3168759, 31.8019442 ], [ 117.3179766, 31.8021535 ], [ 117.3202634, 31.8025883 ], [ 117.3279648, 31.8037734 ], [ 117.3315672, 31.8041655 ] ] } },
{ "type": "Feature", "properties": { "id": 26161, "u": 5010614425, "v": 251191215, "highway": "motorway", "name": "合肥绕城高速", "length": 1219.0810863163292 }, "geometry": { "type": "LineString", "coordinates": [ [ 117.1801626, 31.81455 ], [ 117.1810785, 31.8142467 ], [ 117.1837372, 31.8131817 ], [ 117.1854474, 31.8124555 ], [ 117.1877027, 31.8114721 ], [ 117.1915049, 31.8093755 ] ] } },
{ "type": "Feature", "properties": { "id": 11262, "u": 3290375169, "v": 267118113, "highway": "tertiary", "name": "淮河路", "length": 5.2476925552613878 }, "geometry": { "type": "LineString", "coordinates": [ [ 117.2839001, 31.8663811 ], [ 117.2838452, 31.8663884 ] ] } },
{ "type": "Feature", "properties": { "id": 13661, "u": 3558679118, "v": 267118113, "highway": "secondary", "name": "宿州路", "length": 96.628202000431742 }, "geometry": { "type": "LineString", "coordinates": [ [ 117.2839315, 31.8672543 ], [ 117.2838788, 31.866719 ], [ 117.2838452, 31.8663884 ] ] } },
{ "type": "Feature", "properties": { "id": 26166, "u": 5010614473, "v": 251191215, "highway": "motorway_link", "name": null, "length": 1241.2307147451963 }, "geometry": { "type": "LineString", "coordinates": [ [ 117.1886426, 31.8116712 ], [ 117.1873449, 31.8124787 ], [ 117.1866657, 31.812992 ], [ 117.1864528, 31.8130897 ], [ 117.1862292, 31.8131874 ], [ 117.1859811, 31.8132619 ], [ 117.1857545, 31.8132817 ], [ 117.1853656, 31.8132119 ], [ 117.1851153, 31.8131175 ], [ 117.1849253, 31.8129996 ], [ 117.1848217, 31.8129053 ], [ 117.1847442, 31.8127227 ], [ 117.184707, 31.8125109 ], [ 117.1847315, 31.8122703 ], [ 117.1847783, 31.8120289 ], [ 117.1849749, 31.8117774 ], [ 117.1852182, 31.8115906 ], [ 117.1855539, 31.8114168 ], [ 117.1858814, 31.8112914 ], [ 117.1867478, 31.8110268 ], [ 117.1878605, 31.8108073 ], [ 117.1884548, 31.810661 ], [ 117.18912, 31.8104185 ], [ 117.1896988, 31.8101612 ], [ 117.1915049, 31.8093755 ] ] } },
{ "type": "Feature", "properties": { "id": 8, "u": 251191520, "v": 251191316, "highway": "motorway_link", "name": null, "length": 1186.5294464119806 }, "geometry": { "type": "LineString", "coordinates": [ [ 117.2619025, 31.7947833 ], [ 117.2668302, 31.7956204 ], [ 117.2671544, 31.7956615 ], [ 117.2676719, 31.7956776 ], [ 117.2686112, 31.7955698 ], [ 117.2696787, 31.7953183 ], [ 117.2707578, 31.794877 ], [ 117.2717405, 31.7942907 ], [ 117.2724586, 31.7936746 ], [ 117.2731804, 31.7928494 ] ] } },
{ "type": "Feature", "properties": { "id": 86929, "u": 13996704849, "v": 267120608, "highway": "tertiary", "name": null, "length": 125.13314935731223 }, "geometry": { "type": "LineString", "coordinates": [ [ 117.1883417, 31.7911573 ], [ 117.1888967, 31.7901356 ] ] } },
{ "type": "Feature", "properties": { "id": 193, "u": 430360651, "v": 251191316, "highway": "motorway_link", "name": "京台高速", "length": 1432.0689045301506 }, "geometry": { "type": "LineString", "coordinates": [ [ 117.2826067, 31.7978749 ], [ 117.2807251, 31.7978454 ], [ 117.2798605, 31.7978483 ], [ 117.2793031, 31.7978681 ], [ 117.2783968, 31.7979554 ], [ 117.2776486, 31.798059 ], [ 117.2766063, 31.7982524 ], [ 117.276072, 31.7982782 ], [ 117.2756498, 31.7982404 ], [ 117.2749455, 31.7980993 ], [ 117.2746403, 31.797976 ], [ 117.2740095, 31.7976963 ], [ 117.2736783, 31.7974768 ], [ 117.2733431, 31.7971622 ], [ 117.273081, 31.7968711 ], [ 117.2728227, 31.79654 ], [ 117.2726061, 31.7961181 ], [ 117.2724479, 31.7956739 ], [ 117.2724024, 31.7954148 ], [ 117.2723642, 31.7950917 ], [ 117.2723963, 31.7946654 ], [ 117.2726914, 31.7938082 ], [ 117.2731804, 31.7928494 ] ] } },
{ "type": "Feature", "properties": { "id": 6352, "u": 3032214929, "v": 251191503, "highway": "motorway", "name": [ "京台高速", "合安高速" ], "length": 8732.8966603057324 }, "geometry": { "type": "LineString", "coordinates": [ [ 117.2562592, 31.7173083 ], [ 117.2572445, 31.7183566 ], [ 117.2583324, 31.7195623 ], [ 117.2592867, 31.7206246 ], [ 117.2611703, 31.7229343 ], [ 117.2625234, 31.724788 ], [ 117.2634177, 31.7260924 ], [ 117.2642006, 31.7273552 ], [ 117.2651919, 31.729123 ], [ 117.2658527, 31.730343 ], [ 117.2671397, 31.7328564 ], [ 117.269543, 31.7378925 ], [ 117.270615, 31.7400151 ], [ 117.2716342, 31.7423965 ], [ 117.2719936, 31.743318 ], [ 117.2730129, 31.7461327 ], [ 117.2735117, 31.7478206 ], [ 117.2739892, 31.7494446 ], [ 117.274472, 31.7516524 ], [ 117.2745685, 31.7520857 ], [ 117.2750889, 31.7548637 ], [ 117.275282, 31.7570987 ], [ 117.2754905, 31.7593487 ], [ 117.2755338, 31.7599254 ], [ 117.2756137, 31.7622417 ], [ 117.2756058, 31.7643368 ], [ 117.2755951, 31.7671498 ], [ 117.2755773, 31.7677273 ], [ 117.2755176, 31.7747415 ], [ 117.2755116, 31.775453 ], [ 117.2755011, 31.7766828 ], [ 117.2755019, 31.7771356 ], [ 117.275492, 31.7782056 ], [ 117.2754586, 31.7809219 ], [ 117.2753339, 31.7836572 ], [ 117.2752511, 31.7844704 ], [ 117.2752056, 31.7850576 ], [ 117.2751542, 31.7857217 ], [ 117.2751345, 31.7859767 ], [ 117.2749522, 31.7874271 ], [ 117.274623, 31.7891301 ], [ 117.274217, 31.7920425 ] ] } },
{ "type": "Feature", "properties": { "id": 5, "u": 251191503, "v": 251191510, "highway": "motorway_link", "name": "京台高速", "length": 952.6840689183482 }, "geometry": { "type": "LineString", "coordinates": [ [ 117.274217, 31.7920425 ], [ 117.2740735, 31.793188 ], [ 117.274171, 31.7943322 ], [ 117.2745439, 31.7952467 ], [ 117.275212, 31.7960885 ], [ 117.2756301, 31.7964806 ], [ 117.2761232, 31.7967685 ], [ 117.2767479, 31.7969609 ], [ 117.2798603, 31.7974084 ] ] } },
{ "type": "Feature", "properties": { "id": 9, "u": 251191520, "v": 251191510, "highway": "motorway", "name": "合肥绕城高速", "length": 1725.6586681812587 }, "geometry": { "type": "LineString", "coordinates": [ [ 117.2619025, 31.7947833 ], [ 117.2640346, 31.7952669 ], [ 117.2667088, 31.7958242 ], [ 117.2673239, 31.7959509 ], [ 117.2687913, 31.7962093 ], [ 117.2701684, 31.7964505 ], [ 117.2713833, 31.7966249 ], [ 117.2742365, 31.7969762 ], [ 117.2798603, 31.7974084 ] ] } },
{ "type": "Feature", "properties": { "id": 1531, "u": 1232318125, "v": 251191520, "highway": "motorway", "name": "合肥绕城高速", "length": 2360.6650542991492 }, "geometry": { "type": "LineString", "coordinates": [ [ 117.2374506, 31.791055 ], [ 117.2395701, 31.7910623 ], [ 117.2402567, 31.7910853 ], [ 117.2409203, 31.7911048 ], [ 117.2422452, 31.7911568 ], [ 117.2462436, 31.7914561 ], [ 117.2479115, 31.7916811 ], [ 117.2485582, 31.7917684 ], [ 117.2489466, 31.7918208 ], [ 117.2515135, 31.7922481 ], [ 117.2550187, 31.7929654 ], [ 117.2612526, 31.7946301 ], [ 117.2619025, 31.7947833 ] ] } },
{ "type": "Feature", "properties": { "id": 25896, "u": 5009145337, "v": 267117919, "highway": "primary", "name": "金寨路", "length": 23.071949212810559 }, "geometry": { "type": "LineString", "coordinates": [ [ 117.2702253, 31.8631387 ], [ 117.2703213, 31.8633295 ] ] } },
{ "type": "Feature", "properties": { "id": 27394, "u": 5017457598, "v": 267117919, "highway": "trunk", "name": "长江中路", "length": 425.23408027580297 }, "geometry": { "type": "LineString", "coordinates": [ [ 117.2747744, 31.8638737 ], [ 117.2740993, 31.8638394 ], [ 117.2737328, 31.8638043 ], [ 117.2729823, 31.8637141 ], [ 117.2729265, 31.8637074 ], [ 117.2717943, 31.8635619 ], [ 117.2703213, 31.8633295 ] ] } },
{ "type": "Feature", "properties": { "id": 14781, "u": 3656296259, "v": 267117933, "highway": "primary", "name": "长江东路", "length": 7.7535562191013137 }, "geometry": { "type": "LineString", "coordinates": [ [ 117.3146936, 31.8697125 ], [ 117.3147757, 31.8697134 ] ] } },
{ "type": "Feature", "properties": { "id": 36604, "u": 7639824160, "v": 267117933, "highway": "tertiary", "name": "来安路", "length": 288.95615814280279 }, "geometry": { "type": "LineString", "coordinates": [ [ 117.3146774, 31.8671161 ], [ 117.3146951, 31.8675957 ], [ 117.3147757, 31.8697134 ] ] } },
{ "type": "Feature", "properties": { "id": 8006, "u": 3112191136, "v": 267117939, "highway": "tertiary", "name": "定远路", "length": 13.777189485707147 }, "geometry": { "type": "LineString", "coordinates": [ [ 117.3220704, 31.8697276 ], [ 117.3220701, 31.8696574 ], [ 117.3220698, 31.8696037 ] ] } },
{ "type": "Feature", "properties": { "id": 13377, "u": 3512388762, "v": 267117939, "highway": "primary", "name": "长江东路", "length": 143.59524951862522 }, "geometry": { "type": "LineString", "coordinates": [ [ 117.3205495, 31.8696298 ], [ 117.3220698, 31.8696037 ] ] } },
{ "type": "Feature", "properties": { "id": 36658, "u": 7654277655, "v": 267117940, "highway": "primary", "name": "长江东路", "length": 177.79941355382897 }, "geometry": { "type": "LineString", "coordinates": [ [ 117.324331, 31.8696124 ], [ 117.3250093, 31.8696252 ], [ 117.3256233, 31.8696367 ], [ 117.3262135, 31.8696377 ] ] } },
{ "type": "Feature", "properties": { "id": 36660, "u": 7654509624, "v": 267117940, "highway": "tertiary", "name": "香店路", "length": 592.82230747247934 }, "geometry": { "type": "LineString", "coordinates": [ [ 117.3271309, 31.8652296 ], [ 117.3263907, 31.8649838 ], [ 117.3263627, 31.8655247 ], [ 117.3262411, 31.8689574 ], [ 117.3262135, 31.8696377 ] ] } },
{ "type": "Feature", "properties": { "id": 25904, "u": 5009265886, "v": 267117952, "highway": "trunk", "name": "长江中路", "length": 12.773150650970472 }, "geometry": { "type": "LineString", "coordinates": [ [ 117.2814018, 31.8634682 ], [ 117.2815358, 31.8634526 ] ] } },
{ "type": "Feature", "properties": { "id": 41349, "u": 8237046332, "v": 267117952, "highway": "primary", "name": "徽州大道", "length": 7.2862969363378891 }, "geometry": { "type": "LineString", "coordinates": [ [ 117.2815281, 31.8633874 ], [ 117.2815358, 31.8634526 ] ] } },
{ "type": "Feature", "properties": { "id": 1963, "u": 1450908568, "v": 267117959, "highway": "trunk", "name": "长江西路", "length": 164.06264886164098 }, "geometry": { "type": "LineString", "coordinates": [ [ 117.2432184, 31.8540996 ], [ 117.2433295, 31.8541307 ], [ 117.2443016, 31.8544024 ], [ 117.2443798, 31.8544243 ], [ 117.2444326, 31.8544456 ], [ 117.2448503, 31.8546008 ] ] } },
{ "type": "Feature", "properties": { "id": 38944, "u": 7816906960, "v": 267117959, "highway": "trunk_link", "name": null, "length": 23.296506793661592 }, "geometry": { "type": "LineString", "coordinates": [ [ 117.2448423, 31.8548102 ], [ 117.2448503, 31.8546008 ] ] } },
{ "type": "Feature", "properties": { "id": 16746, "u": 3887818718, "v": 267117960, "highway": "trunk", "name": "长江中路", "length": 167.49952150774905 }, "geometry": { "type": "LineString", "coordinates": [ [ 117.2764111, 31.8637669 ], [ 117.2768083, 31.8637639 ], [ 117.2781846, 31.8637486 ] ] } },
{ "type": "Feature", "properties": { "id": 18868, "u": 4265487098, "v": 267117960, "highway": "tertiary", "name": "舒城路", "length": 8.196281746889774 }, "geometry": { "type": "LineString", "coordinates": [ [ 117.2781948, 31.8636754 ], [ 117.2781846, 31.8637486 ] ] } },
{ "type": "Feature", "properties": { "id": 17003, "u": 4012924657, "v": 267118054, "highway": "trunk_link", "name": null, "length": 102.41589661623173 }, "geometry": { "type": "LineString", "coordinates": [ [ 117.2069427, 31.8277429 ], [ 117.2070075, 31.8286623 ] ] } },
{ "type": "Feature", "properties": { "id": 38557, "u": 7792465418, "v": 267118054, "highway": "trunk", "name": "西二环路", "length": 483.55622932471442 }, "geometry": { "type": "LineString", "coordinates": [ [ 117.2060505, 31.8244155 ], [ 117.2060058, 31.8248104 ], [ 117.2060192, 31.8249609 ], [ 117.2060474, 31.8252771 ], [ 117.206163, 31.8257272 ], [ 117.2061912, 31.8258083 ], [ 117.2062663, 31.8260239 ], [ 117.206322, 31.8262048 ], [ 117.2067676, 31.8276293 ], [ 117.2070075, 31.8286623 ] ] } },
{ "type": "Feature", "properties": { "id": 1976, "u": 1551629649, "v": 267118087, "highway": "primary", "name": "长江东路", "length": 22.541818653943416 }, "geometry": { "type": "LineString", "coordinates": [ [ 117.3324445, 31.869672 ], [ 117.3326831, 31.8696659 ] ] } },
{ "type": "Feature", "properties": { "id": 25942, "u": 5009266243, "v": 267118087, "highway": "primary", "name": "当涂路", "length": 438.67719273840987 }, "geometry": { "type": "LineString", "coordinates": [ [ 117.332765, 31.8657214 ], [ 117.332717, 31.8680337 ], [ 117.3326831, 31.8696659 ] ] } },
{ "type": "Feature", "properties": { "id": 19, "u": 267117952, "v": 267118121, "highway": "trunk", "name": "长江中路", "length": 175.66621740259393 }, "geometry": { "type": "LineString", "coordinates": [ [ 117.2815358, 31.8634526 ], [ 117.2817344, 31.8634401 ], [ 117.2833941, 31.8633852 ] ] } },
{ "type": "Feature", "properties": { "id": 3334, "u": 2533653114, "v": 267118121, "highway": "secondary", "name": "宿州路", "length": 19.648440067322564 }, "geometry": { "type": "LineString", "coordinates": [ [ 117.2834151, 31.863561 ], [ 117.2833941, 31.8633852 ] ] } },
{ "type": "Feature", "properties": { "id": 4610, "u": 2733381421, "v": 267118131, "highway": "trunk_link", "name": null, "length": 117.45175085086498 }, "geometry": { "type": "LineString", "coordinates": [ [ 117.2547307, 31.8537437 ], [ 117.2538922, 31.8538497 ], [ 117.2535007, 31.8538992 ] ] } },
{ "type": "Feature", "properties": { "id": 1558, "u": 1233250819, "v": 267118140, "highway": "trunk", "name": "梅山桥", "length": 77.300108256047508 }, "geometry": { "type": "LineString", "coordinates": [ [ 117.2578529, 31.8532033 ], [ 117.2570528, 31.8533496 ] ] } },
{ "type": "Feature", "properties": { "id": 33397, "u": 6660432759, "v": 267118865, "highway": "trunk", "name": [ "西一环四里河高架", "西一环路" ], "length": 509.55904826344323 }, "geometry": { "type": "LineString", "coordinates": [ [ 117.2450237, 31.8718609 ], [ 117.2450111, 31.8724443 ], [ 117.2449249, 31.8764427 ] ] } },
{ "type": "Feature", "properties": { "id": 14341, "u": 3630303215, "v": 267119960, "highway": "tertiary", "name": "北含山路", "length": 98.470457990842917 }, "geometry": { "type": "LineString", "coordinates": [ [ 117.2873041, 31.865402 ], [ 117.2871243, 31.8662743 ] ] } },
{ "type": "Feature", "properties": { "id": 6951, "u": 3087893528, "v": 267119572, "highway": "trunk", "name": [ "北一环四里河高架", "北一环路" ], "length": 676.93552598402187 }, "geometry": { "type": "LineString", "coordinates": [ [ 117.2497028, 31.8802009 ], [ 117.24928, 31.8799799 ], [ 117.2485955, 31.8795422 ], [ 117.2482758, 31.8793378 ], [ 117.2470521, 31.8786129 ], [ 117.2458813, 31.8780122 ], [ 117.2455113, 31.8777981 ], [ 117.2451536, 31.8774909 ], [ 117.2449747, 31.8771663 ], [ 117.2448446, 31.8767313 ], [ 117.244791, 31.8761824 ] ] } },
{ "type": "Feature", "properties": { "id": 54411, "u": 11684829485, "v": 267119572, "highway": "trunk", "name": [ "四里河路四里河高架", "四里河路" ], "length": 585.29195993442897 }, "geometry": { "type": "LineString", "coordinates": [ [ 117.2426778, 31.8807873 ], [ 117.2436827, 31.8801528 ], [ 117.2442105, 31.8795778 ], [ 117.2444673, 31.8791653 ], [ 117.2445819, 31.8787549 ], [ 117.2446845, 31.8783101 ], [ 117.2447337, 31.8773933 ], [ 117.244791, 31.8761824 ] ] } },
{ "type": "Feature", "properties": { "id": 11023, "u": 3290374994, "v": 267119691, "highway": "primary", "name": "潜山路", "length": 562.56375700536466 }, "geometry": { "type": "LineString", "coordinates": [ [ 117.2255199, 31.8547422 ], [ 117.2254902, 31.8561194 ], [ 117.2254715, 31.8569854 ], [ 117.225452, 31.8578871 ], [ 117.2254107, 31.8598006 ] ] } },
{ "type": "Feature", "properties": { "id": 11121, "u": 3290375071, "v": 267119691, "highway": "tertiary", "name": "淠河路", "length": 14.869125558342771 }, "geometry": { "type": "LineString", "coordinates": [ [ 117.2252568, 31.8598288 ], [ 117.2254107, 31.8598006 ] ] } },
{ "type": "Feature", "properties": { "id": 27568, "u": 5019259483, "v": 267119694, "highway": "secondary", "name": "宁国南路", "length": 15.085157181626261 }, "geometry": { "type": "LineString", "coordinates": [ [ 117.286511, 31.8342467 ], [ 117.2865159, 31.8341111 ] ] } },
{ "type": "Feature", "properties": { "id": 27624, "u": 5019259528, "v": 267119694, "highway": "secondary", "name": "太湖路", "length": 229.55832569218444 }, "geometry": { "type": "LineString", "coordinates": [ [ 117.284086, 31.8341285 ], [ 117.2865159, 31.8341111 ] ] } },
{ "type": "Feature", "properties": { "id": 11329, "u": 3290375227, "v": 267119695, "highway": "primary", "name": "潜山路", "length": 11.891295014703617 }, "geometry": { "type": "LineString", "coordinates": [ [ 117.2326409, 31.8744118 ], [ 117.2327138, 31.874499 ] ] } },
{ "type": "Feature", "properties": { "id": 42658, "u": 8534456290, "v": 267119695, "highway": "primary", "name": "清溪路", "length": 321.74477115292399 }, "geometry": { "type": "LineString", "coordinates": [ [ 117.236104, 31.8742495 ], [ 117.2343572, 31.8743367 ], [ 117.2335519, 31.8743735 ], [ 117.2327138, 31.874499 ] ] } },
{ "type": "Feature", "properties": { "id": 6872, "u": 3087767702, "v": 267119697, "highway": "primary", "name": "黄山路", "length": 33.416206164251889 }, "geometry": { "type": "LineString", "coordinates": [ [ 117.2159327, 31.8425912 ], [ 117.2162864, 31.8425967 ] ] } },
{ "type": "Feature", "properties": { "id": 10843, "u": 3290374854, "v": 267119697, "highway": "primary", "name": "怀宁路", "length": 23.885692069542376 }, "geometry": { "type": "LineString", "coordinates": [ [ 117.2162887, 31.8428115 ], [ 117.2162864, 31.8425967 ] ] } },
{ "type": "Feature", "properties": { "id": 45, "u": 267119697, "v": 267119698, "highway": "primary", "name": "黄山路", "length": 18.477483559233622 }, "geometry": { "type": "LineString", "coordinates": [ [ 117.2162864, 31.8425967 ], [ 117.2164819, 31.8426023 ] ] } },
{ "type": "Feature", "properties": { "id": 27398, "u": 5017457609, "v": 267119698, "highway": "primary", "name": "怀宁路", "length": 24.034545404774438 }, "geometry": { "type": "LineString", "coordinates": [ [ 117.2164913, 31.8423863 ], [ 117.2164819, 31.8426023 ] ] } },
{ "type": "Feature", "properties": { "id": 1611, "u": 1235815943, "v": 267119700, "highway": "primary", "name": "潜山路", "length": 17.226653395917644 }, "geometry": { "type": "LineString", "coordinates": [ [ 117.2270999, 31.800394 ], [ 117.2270665, 31.8002417 ] ] } },
{ "type": "Feature", "properties": { "id": 32061, "u": 6536818024, "v": 267119700, "highway": "primary", "name": "习友路", "length": 65.610828240994934 }, "geometry": { "type": "LineString", "coordinates": [ [ 117.2263726, 31.8002225 ], [ 117.2270665, 31.8002417 ] ] } },
{ "type": "Feature", "properties": { "id": 7317, "u": 3105580173, "v": 267119711, "highway": "secondary", "name": "霍山路", "length": 82.242990595355565 }, "geometry": { "type": "LineString", "coordinates": [ [ 117.2549263, 31.8656006 ], [ 117.255667, 31.8652116 ] ] } },
{ "type": "Feature", "properties": { "id": 11239, "u": 3290375153, "v": 267119711, "highway": "secondary", "name": "长丰路", "length": 6.5384246379609534 }, "geometry": { "type": "LineString", "coordinates": [ [ 117.2557002, 31.8652632 ], [ 117.255667, 31.8652116 ] ] } },
{ "type": "Feature", "properties": { "id": 62186, "u": 13387787586, "v": 267119760, "highway": "tertiary_link", "name": null, "length": 28.559384804290399 }, "geometry": { "type": "LineString", "coordinates": [ [ 117.2642112, 31.8688286 ], [ 117.2644097, 31.868862 ], [ 117.2645075, 31.86888 ] ] } },
{ "type": "Feature", "properties": { "id": 62198, "u": 13387806258, "v": 267119760, "highway": "tertiary", "name": "淮河西路", "length": 150.61191130395974 }, "geometry": { "type": "LineString", "coordinates": [ [ 117.2660058, 31.8684475 ], [ 117.2659384, 31.8684564 ], [ 117.265651, 31.8684975 ], [ 117.2654423, 31.8685308 ], [ 117.265374, 31.8685467 ], [ 117.2652657, 31.8685785 ], [ 117.2650986, 31.8686366 ], [ 117.2645075, 31.86888 ] ] } },
{ "type": "Feature", "properties": { "id": 7010, "u": 3087944999, "v": 267119860, "highway": "primary", "name": "寿春路", "length": 7.6562227671159526 }, "geometry": { "type": "LineString", "coordinates": [ [ 117.280655, 31.8695759 ], [ 117.2805762, 31.8695921 ] ] } },
{ "type": "Feature", "properties": { "id": 11301, "u": 3290375208, "v": 267119860, "highway": "primary", "name": "阜阳路", "length": 280.30577749573524 }, "geometry": { "type": "LineString", "coordinates": [ [ 117.2811959, 31.8720574 ], [ 117.2810272, 31.8713861 ], [ 117.280883, 31.8708126 ], [ 117.2807799, 31.8704025 ], [ 117.2805762, 31.8695921 ] ] } },
{ "type": "Feature", "properties": { "id": 11030, "u": 3290374999, "v": 267119864, "highway": "primary", "name": "徽州大道", "length": 28.920187572809581 }, "geometry": { "type": "LineString", "coordinates": [ [ 117.2804908, 31.8547825 ], [ 117.280454, 31.8545243 ] ] } },
{ "type": "Feature", "properties": { "id": 36089, "u": 7524938849, "v": 267119867, "highway": "tertiary", "name": "青阳路", "length": 226.99442458606796 }, "geometry": { "type": "LineString", "coordinates": [ [ 117.23621, 31.8624505 ], [ 117.2362101, 31.8624931 ], [ 117.2362163, 31.8644919 ] ] } },
{ "type": "Feature", "properties": { "id": 42680, "u": 8534456312, "v": 267119867, "highway": "secondary", "name": "史河路", "length": 11.763715242241753 }, "geometry": { "type": "LineString", "coordinates": [ [ 117.2360921, 31.8644838 ], [ 117.2362163, 31.8644919 ] ] } },
{ "type": "Feature", "properties": { "id": 9528, "u": 3265019983, "v": 267119886, "highway": "tertiary", "name": "金牛路", "length": 597.43782046858496 }, "geometry": { "type": "LineString", "coordinates": [ [ 117.2285927, 31.8539301 ], [ 117.228725, 31.8544682 ], [ 117.2287568, 31.854717 ], [ 117.2287597, 31.8547809 ], [ 117.2287573, 31.8548978 ], [ 117.2287383, 31.8550762 ], [ 117.2286939, 31.8554938 ], [ 117.2286439, 31.8557527 ], [ 117.2285953, 31.8561309 ], [ 117.2285947, 31.856268 ], [ 117.2286002, 31.8563792 ], [ 117.2286134, 31.8564934 ], [ 117.2286489, 31.8566511 ], [ 117.2286723, 31.8567674 ], [ 117.2287131, 31.8568927 ], [ 117.2287385, 31.8569704 ], [ 117.228929, 31.8577582 ], [ 117.2290669, 31.8583042 ], [ 117.2293092, 31.8592171 ] ] } },
{ "type": "Feature", "properties": { "id": 42712, "u": 8534462569, "v": 267119886, "highway": "tertiary", "name": "淠河路", "length": 5.2478398149573255 }, "geometry": { "type": "LineString", "coordinates": [ [ 117.2292545, 31.8592254 ], [ 117.2293092, 31.8592171 ] ] } },
{ "type": "Feature", "properties": { "id": 10978, "u": 3290374965, "v": 267119888, "highway": "tertiary", "name": "青阳路", "length": 621.2432881455195 }, "geometry": { "type": "LineString", "coordinates": [ [ 117.2361772, 31.8532964 ], [ 117.2361821, 31.8544455 ], [ 117.2361846, 31.855028 ], [ 117.2361885, 31.8559269 ], [ 117.2361851, 31.8562627 ], [ 117.2361966, 31.8578361 ], [ 117.2362011, 31.8588833 ] ] } },
{ "type": "Feature", "properties": { "id": 42673, "u": 8534456307, "v": 267119888, "highway": "tertiary", "name": "淠河路", "length": 9.184827915491514 }, "geometry": { "type": "LineString", "coordinates": [ [ 117.2361039, 31.858886 ], [ 117.2362011, 31.8588833 ] ] } },
{ "type": "Feature", "properties": { "id": 7083, "u": 3105109918, "v": 267119934, "highway": "trunk", "name": "长江中路", "length": 138.31505749281359 }, "geometry": { "type": "LineString", "coordinates": [ [ 117.2715242, 31.8633452 ], [ 117.2719038, 31.863412 ], [ 117.2725432, 31.8635039 ], [ 117.2729669, 31.8635579 ] ] } },
{ "type": "Feature", "properties": { "id": 25536, "u": 5004138257, "v": 267119934, "highway": "residential", "name": "人民巷", "length": 12.838528123830544 }, "geometry": { "type": "LineString", "coordinates": [ [ 117.2729912, 31.8634443 ], [ 117.2729669, 31.8635579 ] ] } },
{ "type": "Feature", "properties": { "id": 1037, "u": 1042322990, "v": 267119938, "highway": "tertiary", "name": "长江东路", "length": 310.41235419202735 }, "geometry": { "type": "LineString", "coordinates": [ [ 117.2952274, 31.8660964 ], [ 117.296364, 31.8661201 ], [ 117.2966312, 31.8661288 ], [ 117.2972601, 31.8661493 ], [ 117.2978118, 31.8662309 ], [ 117.2980966, 31.866273 ], [ 117.2984938, 31.8663367 ] ] } },
{ "type": "Feature", "properties": { "id": 11267, "u": 3290375171, "v": 267119938, "highway": "tertiary", "name": "滁州路", "length": 16.823743916439039 }, "geometry": { "type": "LineString", "coordinates": [ [ 117.2984395, 31.8664808 ], [ 117.2984938, 31.8663367 ] ] } },
{ "type": "Feature", "properties": { "id": 18407, "u": 4223371758, "v": 267119938, "highway": "primary", "name": "寿春东路", "length": 296.99005647121254 }, "geometry": { "type": "LineString", "coordinates": [ [ 117.2955009, 31.867157 ], [ 117.2984938, 31.8663367 ] ] } },
{ "type": "Feature", "properties": { "id": 14163, "u": 3592238064, "v": 267119943, "highway": "tertiary", "name": "滨河路", "length": 9.6057808176493484 }, "geometry": { "type": "LineString", "coordinates": [ [ 117.3004108, 31.8614142 ], [ 117.3003788, 31.8614962 ] ] } },
{ "type": "Feature", "properties": { "id": 17076, "u": 4048844316, "v": 267119943, "highway": "primary", "name": "芜湖路", "length": 6.1640781575999801 }, "geometry": { "type": "LineString", "coordinates": [ [ 117.3004415, 31.8615116 ], [ 117.3003788, 31.8614962 ] ] } },
{ "type": "Feature", "properties": { "id": 25973, "u": 5009540129, "v": 267119943, "highway": "tertiary", "name": "滁州路", "length": 275.14387708088628 }, "geometry": { "type": "LineString", "coordinates": [ [ 117.2991202, 31.863722 ], [ 117.2991818, 31.8635205 ], [ 117.3002394, 31.8617835 ], [ 117.3003788, 31.8614962 ] ] } },
{ "type": "Feature", "properties": { "id": 11216, "u": 3290375133, "v": 267119944, "highway": "tertiary", "name": "滁州路", "length": 11.575652694846115 }, "geometry": { "type": "LineString", "coordinates": [ [ 117.2990543, 31.8639289 ], [ 117.299084, 31.8638279 ] ] } },
{ "type": "Feature", "properties": { "id": 18413, "u": 4223371774, "v": 267119944, "highway": [ "primary", "trunk" ], "name": [ "长江东大街", "长江路桥", "长江中路" ], "length": 265.59535603187402 }, "geometry": { "type": "LineString", "coordinates": [ [ 117.2963464, 31.8637435 ], [ 117.2968752, 31.8636073 ], [ 117.2969577, 31.8635942 ], [ 117.2973138, 31.8635375 ], [ 117.2975631, 31.8635269 ], [ 117.2978696, 31.8635629 ], [ 117.2988989, 31.8637745 ], [ 117.299084, 31.8638279 ] ] } },
{ "type": "Feature", "properties": { "id": 18565, "u": 4224947871, "v": 267119960, "highway": "pedestrian", "name": "淮河路步行街", "length": 60.743098526859299 }, "geometry": { "type": "LineString", "coordinates": [ [ 117.2864854, 31.8662111 ], [ 117.2871243, 31.8662743 ] ] } },
{ "type": "Feature", "properties": { "id": 24068, "u": 4885361887, "v": 267119960, "highway": "pedestrian", "name": "淮河路步行街", "length": 103.33277040544317 }, "geometry": { "type": "LineString", "coordinates": [ [ 117.2881856, 31.8665005 ], [ 117.2876045, 31.8663767 ], [ 117.2871243, 31.8662743 ] ] } },
{ "type": "Feature", "properties": { "id": 18543, "u": 4224947856, "v": 267119965, "highway": "pedestrian", "name": null, "length": 91.03279229548906 }, "geometry": { "type": "LineString", "coordinates": [ [ 117.28977, 31.8661091 ], [ 117.2896548, 31.8661443 ], [ 117.2895448, 31.8662152 ], [ 117.289417, 31.8663349 ], [ 117.2893465, 31.8665136 ], [ 117.2892808, 31.8667546 ] ] } },
{ "type": "Feature", "properties": { "id": 19601, "u": 4470874541, "v": 267119965, "highway": "pedestrian", "name": "逍遥津路", "length": 53.512965974924867 }, "geometry": { "type": "LineString", "coordinates": [ [ 117.2893627, 31.8672308 ], [ 117.2892808, 31.8667546 ] ] } },
{ "type": "Feature", "properties": { "id": 24065, "u": 4885361887, "v": 267119965, "highway": "pedestrian", "name": "淮河路步行街", "length": 107.21593415652976 }, "geometry": { "type": "LineString", "coordinates": [ [ 117.2881856, 31.8665005 ], [ 117.2892808, 31.8667546 ] ] } },
{ "type": "Feature", "properties": { "id": 30536, "u": 5543935948, "v": 267119965, "highway": "pedestrian", "name": "淮河路步行街", "length": 69.780388102266627 }, "geometry": { "type": "LineString", "coordinates": [ [ 117.2900005, 31.8666124 ], [ 117.2892808, 31.8667546 ] ] } },
{ "type": "Feature", "properties": { "id": 7452, "u": 3106341170, "v": 267119967, "highway": "tertiary", "name": "石台路", "length": 15.546620302865433 }, "geometry": { "type": "LineString", "coordinates": [ [ 117.2321697, 31.8336551 ], [ 117.2321788, 31.8335155 ] ] } },
{ "type": "Feature", "properties": { "id": 60544, "u": 12843155498, "v": 267119967, "highway": "primary", "name": "望江西路", "length": 27.206850400801798 }, "geometry": { "type": "LineString", "coordinates": [ [ 117.2318935, 31.8335489 ], [ 117.2321788, 31.8335155 ] ] } },
{ "type": "Feature", "properties": { "id": 7506, "u": 3111097791, "v": 267119999, "highway": "service", "name": null, "length": 63.195416199071481 }, "geometry": { "type": "LineString", "coordinates": [ [ 117.3065585, 31.8557373 ], [ 117.3063961, 31.8556388 ], [ 117.3062973, 31.8555282 ], [ 117.3062487, 31.8552715 ] ] } },
{ "type": "Feature", "properties": { "id": 7511, "u": 3111098951, "v": 267119999, "highway": "primary", "name": "明光路", "length": 20.689288482950865 }, "geometry": { "type": "LineString", "coordinates": [ [ 117.306173, 31.8554461 ], [ 117.3062487, 31.8552715 ] ] } },
{ "type": "Feature", "properties": { "id": 26367, "u": 5010871938, "v": 267120381, "highway": "tertiary", "name": "陈村路", "length": 19.11589345707366 }, "geometry": { "type": "LineString", "coordinates": [ [ 117.2319476, 31.8474547 ], [ 117.2319501, 31.8472828 ] ] } },
{ "type": "Feature", "properties": { "id": 59158, "u": 12243068660, "v": 267120381, "highway": "tertiary", "name": "贵池路", "length": 581.8589267823686 }, "geometry": { "type": "LineString", "coordinates": [ [ 117.2257919, 31.8471517 ], [ 117.2319501, 31.8472828 ] ] } },
{ "type": "Feature", "properties": { "id": 4036, "u": 2683362648, "v": 267120384, "highway": "tertiary", "name": "石台路", "length": 17.805485711769126 }, "geometry": { "type": "LineString", "coordinates": [ [ 117.2318484, 31.8431348 ], [ 117.2318637, 31.8429752 ] ] } },
{ "type": "Feature", "properties": { "id": 10848, "u": 3290374857, "v": 267120384, "highway": "primary", "name": "黄山路", "length": 561.00087006119281 }, "geometry": { "type": "LineString", "coordinates": [ [ 117.2259268, 31.8428406 ], [ 117.2269629, 31.8428642 ], [ 117.2282317, 31.8428979 ], [ 117.2289344, 31.842913 ], [ 117.2307656, 31.8429523 ], [ 117.2318637, 31.8429752 ] ] } },
{ "type": "Feature", "properties": { "id": 13096, "u": 3409881820, "v": 267120406, "highway": "secondary", "name": "天津路", "length": 506.68698242979951 }, "geometry": { "type": "LineString", "coordinates": [ [ 117.3434681, 31.7921929 ], [ 117.3434903, 31.7876362 ] ] } },
{ "type": "Feature", "properties": { "id": 13104, "u": 3409881824, "v": 267120406, "highway": "secondary", "name": "大连路", "length": 11.682910236013782 }, "geometry": { "type": "LineString", "coordinates": [ [ 117.3436121, 31.7876541 ], [ 117.3434903, 31.7876362 ] ] } },
{ "type": "Feature", "properties": { "id": 2264, "u": 2061138729, "v": 267120448, "highway": "primary", "name": "习友南路", "length": 453.15214010071236 }, "geometry": { "type": "LineString", "coordinates": [ [ 117.2540102, 31.7763416 ], [ 117.2534703, 31.7773599 ], [ 117.2531009, 31.7780387 ], [ 117.2520093, 31.7800449 ] ] } },
{ "type": "Feature", "properties": { "id": 39614, "u": 7894659486, "v": 267120448, "highway": "primary", "name": "繁华大道", "length": 22.417876897644245 }, "geometry": { "type": "LineString", "coordinates": [ [ 117.2518107, 31.7799347 ], [ 117.2520093, 31.7800449 ] ] } },
{ "type": "Feature", "properties": { "id": 33674, "u": 6838081862, "v": 267120476, "highway": "primary", "name": "习友南路", "length": 239.08603144187083 }, "geometry": { "type": "LineString", "coordinates": [ [ 117.264732, 31.7637632 ], [ 117.2645461, 31.7642788 ], [ 117.2642403, 31.764858 ], [ 117.2638863, 31.7653506 ], [ 117.2636212, 31.7656795 ] ] } },
{ "type": "Feature", "properties": { "id": 57700, "u": 12092685087, "v": 267120476, "highway": "tertiary", "name": "慈光路", "length": 13.698537675998086 }, "geometry": { "type": "LineString", "coordinates": [ [ 117.2634925, 31.7656229 ], [ 117.2636212, 31.7656795 ] ] } },
{ "type": "Feature", "properties": { "id": 57898, "u": 12092722238, "v": 267120476, "highway": "tertiary", "name": "慈光路", "length": 10.12010353958977 }, "geometry": { "type": "LineString", "coordinates": [ [ 117.2637054, 31.7657357 ], [ 117.2636212, 31.7656795 ] ] } },
{ "type": "Feature", "properties": { "id": 9398, "u": 3264860729, "v": 267120481, "highway": "tertiary", "name": "清潭路", "length": 22.990214017303103 }, "geometry": { "type": "LineString", "coordinates": [ [ 117.2556845, 31.755639 ], [ 117.2558532, 31.7554901 ] ] } },
{ "type": "Feature", "properties": { "id": 68070, "u": 13747291065, "v": 267120481, "highway": "primary", "name": "锦绣大道", "length": 330.597062114285 }, "geometry": { "type": "LineString", "coordinates": [ [ 117.2523567, 31.7554763 ], [ 117.2538294, 31.7554776 ], [ 117.2558532, 31.7554901 ] ] } },
{ "type": "Feature", "properties": { "id": 39489, "u": 7890992028, "v": 267120525, "highway": "primary_link", "name": "天锦环路", "length": 231.54567031209274 }, "geometry": { "type": "LineString", "coordinates": [ [ 117.2352495, 31.7570526 ], [ 117.2347699, 31.7569342 ], [ 117.2345777, 31.7568633 ], [ 117.2343304, 31.756737 ], [ 117.2341354, 31.7565827 ], [ 117.2339619, 31.7564144 ], [ 117.2338332, 31.7562455 ], [ 117.233724, 31.7560279 ], [ 117.2336239, 31.7556924 ] ] } },
{ "type": "Feature", "properties": { "id": 39571, "u": 7890992114, "v": 267120525, "highway": "primary", "name": "锦绣大道", "length": 152.11563641641115 }, "geometry": { "type": "LineString", "coordinates": [ [ 117.2352327, 31.7556814 ], [ 117.2336239, 31.7556924 ] ] } },
{ "type": "Feature", "properties": { "id": 2751, "u": 2074067420, "v": 267120533, "highway": "primary", "name": "紫云路", "length": 507.28866869010517 }, "geometry": { "type": "LineString", "coordinates": [ [ 117.2400056, 31.7428408 ], [ 117.2417488, 31.7428319 ], [ 117.2429535, 31.7428257 ], [ 117.2453701, 31.7428134 ] ] } },
{ "type": "Feature", "properties": { "id": 9486, "u": 3265011529, "v": 267120533, "highway": "secondary", "name": "始信路", "length": 27.389507266612327 }, "geometry": { "type": "LineString", "coordinates": [ [ 117.2453513, 31.7430592 ], [ 117.2453701, 31.7428134 ] ] } },
{ "type": "Feature", "properties": { "id": 778, "u": 1036758178, "v": 267120543, "highway": "primary", "name": "翡翠路", "length": 587.22135080265343 }, "geometry": { "type": "LineString", "coordinates": [ [ 117.1821205, 31.7577801 ], [ 117.1829324, 31.7583822 ], [ 117.1834465, 31.7587634 ], [ 117.184462, 31.7595165 ], [ 117.1868014, 31.7612512 ] ] } },
{ "type": "Feature", "properties": { "id": 9513, "u": 3265011558, "v": 267120543, "highway": "primary", "name": "紫云路", "length": 23.376864350191639 }, "geometry": { "type": "LineString", "coordinates": [ [ 117.1866431, 31.7614127 ], [ 117.1868014, 31.7612512 ] ] } },
{ "type": "Feature", "properties": { "id": 3292, "u": 2533652474, "v": 267120586, "highway": "tertiary", "name": "石笋路", "length": 23.068987117318191 }, "geometry": { "type": "LineString", "coordinates": [ [ 117.2050272, 31.795686 ], [ 117.2052248, 31.7955642 ] ] } },
{ "type": "Feature", "properties": { "id": 87305, "u": 13996981317, "v": 267120586, "highway": "primary", "name": "翡翠路", "length": 75.454977778249244 }, "geometry": { "type": "LineString", "coordinates": [ [ 117.2049509, 31.7949268 ], [ 117.2052248, 31.7955642 ] ] } },
{ "type": "Feature", "properties": { "id": 1684, "u": 1294909082, "v": 267120601, "highway": "secondary", "name": "芙蓉路", "length": 363.61711026777783 }, "geometry": { "type": "LineString", "coordinates": [ [ 117.2598573, 31.7840031 ], [ 117.259022, 31.784616 ], [ 117.2585075, 31.7849298 ], [ 117.2579569, 31.7852657 ], [ 117.2566818, 31.7858208 ] ] } },
{ "type": "Feature", "properties": { "id": 6707, "u": 3073647745, "v": 267120601, "highway": "tertiary", "name": "坝下路", "length": 12.3047677902112 }, "geometry": { "type": "LineString", "coordinates": [ [ 117.2566234, 31.7857219 ], [ 117.2566818, 31.7858208 ] ] } },
{ "type": "Feature", "properties": { "id": 80792, "u": 13947211443, "v": 267120601, "highway": "tertiary", "name": "坝下路", "length": 390.77314406943282 }, "geometry": { "type": "LineString", "coordinates": [ [ 117.258608, 31.7889304 ], [ 117.2585943, 31.7889084 ], [ 117.2574592, 31.7870759 ], [ 117.2566818, 31.7858208 ] ] } },
{ "type": "Feature", "properties": { "id": 90843, "u": 14021201176, "v": 267120603, "highway": "secondary", "name": "芙蓉路", "length": 77.877382121131689 }, "geometry": { "type": "LineString", "coordinates": [ [ 117.2181686, 31.7883583 ], [ 117.2175418, 31.7888129 ] ] } },
{ "type": "Feature", "properties": { "id": 90851, "u": 14021201183, "v": 267120603, "highway": "tertiary", "name": "轿顶路", "length": 64.424064969832628 }, "geometry": { "type": "LineString", "coordinates": [ [ 117.2179723, 31.7892621 ], [ 117.2175418, 31.7888129 ] ] } },
{ "type": "Feature", "properties": { "id": 39533, "u": 7890992064, "v": 267120605, "highway": "secondary", "name": "芙蓉路", "length": 5.9644102265653149 }, "geometry": { "type": "LineString", "coordinates": [ [ 117.2353721, 31.7837406 ], [ 117.235309, 31.783741 ] ] } },
{ "type": "Feature", "properties": { "id": 79263, "u": 13930508196, "v": 267120605, "highway": "secondary", "name": "天都路", "length": 186.67444445333177 }, "geometry": { "type": "LineString", "coordinates": [ [ 117.2353066, 31.7854198 ], [ 117.235308, 31.7844227 ], [ 117.235309, 31.783741 ] ] } },
{ "type": "Feature", "properties": { "id": 114, "u": 267120608, "v": 267120607, "highway": "secondary", "name": "芙蓉路", "length": 196.39412011408177 }, "geometry": { "type": "LineString", "coordinates": [ [ 117.1888967, 31.7901356 ], [ 117.1886097, 31.7899729 ], [ 117.1881228, 31.7896451 ], [ 117.1880709, 31.7896011 ], [ 117.1873354, 31.7889779 ] ] } },
{ "type": "Feature", "properties": { "id": 87571, "u": 13997242889, "v": 267120607, "highway": "service", "name": null, "length": 41.134260253258965 }, "geometry": { "type": "LineString", "coordinates": [ [ 117.1869924, 31.7892056 ], [ 117.1873354, 31.7889779 ] ] } },
{ "type": "Feature", "properties": { "id": 86916, "u": 13996704844, "v": 267120608, "highway": "secondary", "name": "芙蓉路", "length": 93.750524440084391 }, "geometry": { "type": "LineString", "coordinates": [ [ 117.1897555, 31.7905575 ], [ 117.1888967, 31.7901356 ] ] } },
{ "type": "Feature", "properties": { "id": 737, "u": 1036753972, "v": 267120610, "highway": "secondary", "name": "怀宁南路", "length": 157.25472338150192 }, "geometry": { "type": "LineString", "coordinates": [ [ 117.2152747, 31.7920998 ], [ 117.214574, 31.7908171 ] ] } },
{ "type": "Feature", "properties": { "id": 10456, "u": 3290374547, "v": 267120610, "highway": "secondary", "name": "怀宁南路", "length": 25.712440378769514 }, "geometry": { "type": "LineString", "coordinates": [ [ 117.2144627, 31.7906061 ], [ 117.214574, 31.7908171 ] ] } },
{ "type": "Feature", "properties": { "id": 90628, "u": 14019660220, "v": 267120610, "highway": "secondary", "name": "芙蓉路", "length": 171.95248377281081 }, "geometry": { "type": "LineString", "coordinates": [ [ 117.2160045, 31.789862 ], [ 117.2158953, 31.7899365 ], [ 117.2149643, 31.7905718 ], [ 117.214574, 31.7908171 ] ] } },
{ "type": "Feature", "properties": { "id": 5809, "u": 2941442122, "v": 267120616, "highway": "tertiary", "name": "徽毫路", "length": 18.226268509712071 }, "geometry": { "type": "LineString", "coordinates": [ [ 117.2016736, 31.808665 ], [ 117.2015572, 31.8085343 ] ] } },
{ "type": "Feature", "properties": { "id": 32011, "u": 6536817949, "v": 267120616, "highway": "primary", "name": "习友路", "length": 246.36116827779693 }, "geometry": { "type": "LineString", "coordinates": [ [ 117.1995448, 31.8099429 ], [ 117.2015572, 31.8085343 ] ] } },
{ "type": "Feature", "properties": { "id": 32013, "u": 6536817951, "v": 267120616, "highway": "tertiary", "name": "徽毫路", "length": 12.684416362812799 }, "geometry": { "type": "LineString", "coordinates": [ [ 117.2014761, 31.8084434 ], [ 117.2015572, 31.8085343 ] ] } },
{ "type": "Feature", "properties": { "id": 10381, "u": 3290374407, "v": 267120617, "highway": "tertiary", "name": "汤口路", "length": 20.4609435435815 }, "geometry": { "type": "LineString", "coordinates": [ [ 117.1719598, 31.7673926 ], [ 117.1718253, 31.7675128 ], [ 117.1718106, 31.7675259 ] ] } },
{ "type": "Feature", "properties": { "id": 55282, "u": 11952380637, "v": 267120617, "highway": "secondary", "name": "九龙路", "length": 1189.2400879536099 }, "geometry": { "type": "LineString", "coordinates": [ [ 117.1785383, 31.7765631 ], [ 117.1718632, 31.7675932 ], [ 117.1718106, 31.7675259 ] ] } },
{ "type": "Feature", "properties": { "id": 5257, "u": 2940437916, "v": 267120621, "highway": "secondary", "name": "怀宁南路", "length": 17.001941045817954 }, "geometry": { "type": "LineString", "coordinates": [ [ 117.2177349, 31.8001962 ], [ 117.217734, 31.8000433 ] ] } },
{ "type": "Feature", "properties": { "id": 32111, "u": 6536818096, "v": 267120621, "highway": "primary", "name": "习友路", "length": 717.25564877425427 }, "geometry": { "type": "LineString", "coordinates": [ [ 117.2108236, 31.8021123 ], [ 117.2118818, 31.801354 ], [ 117.2124431, 31.8010444 ], [ 117.2127488, 31.8008758 ], [ 117.2134457, 31.8005669 ], [ 117.2141243, 31.8003338 ], [ 117.2147787, 31.8001602 ], [ 117.215454, 31.8000681 ], [ 117.2160667, 31.8000078 ], [ 117.217734, 31.8000433 ] ] } },
{ "type": "Feature", "properties": { "id": 1716, "u": 1301050394, "v": 267120634, "highway": "secondary", "name": "休宁路", "length": 39.565865923434167 }, "geometry": { "type": "LineString", "coordinates": [ [ 117.2466442, 31.8238044 ], [ 117.2462312, 31.8238633 ] ] } },
{ "type": "Feature", "properties": { "id": 21184, "u": 4692371008, "v": 267120634, "highway": "primary", "name": "合作化南路", "length": 13.758364999575186 }, "geometry": { "type": "LineString", "coordinates": [ [ 117.2462279, 31.823987 ], [ 117.2462312, 31.8238633 ] ] } },
{ "type": "Feature", "properties": { "id": 5163, "u": 2938913723, "v": 267120636, "highway": "secondary", "name": "休宁路", "length": 42.337655011035089 }, "geometry": { "type": "LineString", "coordinates": [ [ 117.2429291, 31.8238848 ], [ 117.2424817, 31.8239063 ] ] } },
{ "type": "Feature", "properties": { "id": 21300, "u": 4692371178, "v": 267120636, "highway": "tertiary", "name": "茗香路", "length": 15.440538919866327 }, "geometry": { "type": "LineString", "coordinates": [ [ 117.2424865, 31.8237675 ], [ 117.2424817, 31.8239063 ] ] } },
{ "type": "Feature", "properties": { "id": 5154, "u": 2938913704, "v": 267120642, "highway": "secondary", "name": "休宁路", "length": 78.529834377864418 }, "geometry": { "type": "LineString", "coordinates": [ [ 117.2272394, 31.8262588 ], [ 117.2264481, 31.826475 ] ] } },
{ "type": "Feature", "properties": { "id": 41161, "u": 8201269907, "v": 267120642, "highway": "primary", "name": "潜山路", "length": 10.768476150730512 }, "geometry": { "type": "LineString", "coordinates": [ [ 117.2264515, 31.8263782 ], [ 117.2264481, 31.826475 ] ] } },
{ "type": "Feature", "properties": { "id": 20807, "u": 4677453005, "v": 267120646, "highway": "primary", "name": "翡翠路", "length": 7.3169354899568493 }, "geometry": { "type": "LineString", "coordinates": [ [ 117.2099971, 31.8109222 ], [ 117.2099978, 31.8108564 ] ] } },
{ "type": "Feature", "properties": { "id": 32008, "u": 6534900461, "v": 267120646, "highway": "primary", "name": "祁门路", "length": 231.19897589148815 }, "geometry": { "type": "LineString", "coordinates": [ [ 117.2075518, 31.8108054 ], [ 117.2099978, 31.8108564 ] ] } },
{ "type": "Feature", "properties": { "id": 1122, "u": 1058082524, "v": 267120696, "highway": "secondary", "name": "颍上路", "length": 361.19709733286652 }, "geometry": { "type": "LineString", "coordinates": [ [ 117.267013, 31.8855468 ], [ 117.2663125, 31.8887402 ] ] } },
{ "type": "Feature", "properties": { "id": 13152, "u": 3412059904, "v": 267120696, "highway": "primary", "name": "临泉路", "length": 356.07014888919286 }, "geometry": { "type": "LineString", "coordinates": [ [ 117.2625417, 31.8886827 ], [ 117.2663125, 31.8887402 ] ] } },
{ "type": "Feature", "properties": { "id": 13714, "u": 3578216018, "v": 267120696, "highway": "secondary", "name": "颍上路", "length": 20.40985439731141 }, "geometry": { "type": "LineString", "coordinates": [ [ 117.266272, 31.8889205 ], [ 117.2663125, 31.8887402 ] ] } },
{ "type": "Feature", "properties": { "id": 26472, "u": 5014290896, "v": 267120721, "highway": "primary", "name": "繁华大道", "length": 162.3411407097044 }, "geometry": { "type": "LineString", "coordinates": [ [ 117.3010174, 31.7936448 ], [ 117.3027176, 31.7934369 ] ] } },
{ "type": "Feature", "properties": { "id": 24069, "u": 4889443646, "v": 267120733, "highway": "trunk", "name": "马鞍山路", "length": 11.127425119685297 }, "geometry": { "type": "LineString", "coordinates": [ [ 117.2942861, 31.8644624 ], [ 117.2942715, 31.8643631 ] ] } },
{ "type": "Feature", "properties": { "id": 59533, "u": 12441446799, "v": 267120733, "highway": "trunk_link", "name": null, "length": 19.661483572952736 }, "geometry": { "type": "LineString", "coordinates": [ [ 117.2944778, 31.8643393 ], [ 117.2942715, 31.8643631 ] ] } },
{ "type": "Feature", "properties": { "id": 7412, "u": 3105693342, "v": 267120759, "highway": "trunk", "name": "马鞍山路", "length": 142.54078019218093 }, "geometry": { "type": "LineString", "coordinates": [ [ 117.2950806, 31.8612645 ], [ 117.2949745, 31.8614424 ], [ 117.294935, 31.8615086 ], [ 117.2947955, 31.8617423 ], [ 117.2947172, 31.8618735 ], [ 117.2944831, 31.8624387 ] ] } },
{ "type": "Feature", "properties": { "id": 34331, "u": 7027801522, "v": 267120759, "highway": "residential", "name": null, "length": 130.3973522147472 }, "geometry": { "type": "LineString", "coordinates": [ [ 117.2958621, 31.8623798 ], [ 117.2953287, 31.8624026 ], [ 117.2944831, 31.8624387 ] ] } },
{ "type": "Feature", "properties": { "id": 3056, "u": 2262736031, "v": 267641396, "highway": "service", "name": null, "length": 38.607358792108165 }, "geometry": { "type": "LineString", "coordinates": [ [ 117.2695927, 31.8706501 ], [ 117.2693419, 31.8703759 ] ] } },
{ "type": "Feature", "properties": { "id": 62135, "u": 13384631086, "v": 267641396, "highway": "service", "name": null, "length": 78.841467125321344 }, "geometry": { "type": "LineString", "coordinates": [ [ 117.2690426, 31.8697335 ], [ 117.2690735, 31.8697637 ], [ 117.2691104, 31.8697988 ], [ 117.2692282, 31.8699441 ], [ 117.2692508, 31.8699818 ], [ 117.2692764, 31.8700347 ], [ 117.2692943, 31.8701073 ], [ 117.2693278, 31.8702602 ], [ 117.269339, 31.8703362 ], [ 117.2693419, 31.8703759 ] ] } },
{ "type": "Feature", "properties": { "id": 62140, "u": 13384631092, "v": 267641396, "highway": "footway", "name": null, "length": 64.089466642376308 }, "geometry": { "type": "LineString", "coordinates": [ [ 117.2698939, 31.870048 ], [ 117.2698434, 31.8700773 ], [ 117.2697428, 31.8701221 ], [ 117.269636, 31.8701725 ], [ 117.2695239, 31.8702423 ], [ 117.2694529, 31.8702772 ], [ 117.2693419, 31.8703759 ] ] } },
{ "type": "Feature", "properties": { "id": 63417, "u": 13429988144, "v": 267641396, "highway": "service", "name": null, "length": 10.814757137187398 }, "geometry": { "type": "LineString", "coordinates": [ [ 117.2693226, 31.8704715 ], [ 117.2693285, 31.8704575 ], [ 117.2693419, 31.8703759 ] ] } },
{ "type": "Feature", "properties": { "id": 62030, "u": 13377317018, "v": 267641415, "highway": "service", "name": null, "length": 70.681882518478304 }, "geometry": { "type": "LineString", "coordinates": [ [ 117.2679457, 31.8707672 ], [ 117.2683815, 31.8708381 ], [ 117.2686762, 31.8709041 ] ] } },
{ "type": "Feature", "properties": { "id": 62123, "u": 13384631044, "v": 267641415, "highway": "service", "name": null, "length": 63.161993271100584 }, "geometry": { "type": "LineString", "coordinates": [ [ 117.2685276, 31.8714449 ], [ 117.2685151, 31.8713822 ], [ 117.2685186, 31.8713163 ], [ 117.2685278, 31.8712279 ], [ 117.2685523, 31.8711365 ], [ 117.2685875, 31.8710546 ], [ 117.2686239, 31.8709783 ], [ 117.2686762, 31.8709041 ] ] } },
{ "type": "Feature", "properties": { "id": 62144, "u": 13384631112, "v": 267641415, "highway": "service", "name": null, "length": 30.24011031332925 }, "geometry": { "type": "LineString", "coordinates": [ [ 117.2689506, 31.8707639 ], [ 117.2686762, 31.8709041 ] ] } },
{ "type": "Feature", "properties": { "id": 158, "u": 267641571, "v": 267641435, "highway": "service", "name": null, "length": 49.676318259277664 }, "geometry": { "type": "LineString", "coordinates": [ [ 117.2693532, 31.87245 ], [ 117.2692183, 31.8723712 ], [ 117.2689055, 31.8722159 ] ] } },
{ "type": "Feature", "properties": { "id": 3053, "u": 2262735970, "v": 267641435, "highway": "service", "name": null, "length": 52.964107478025113 }, "geometry": { "type": "LineString", "coordinates": [ [ 117.2686553, 31.8726422 ], [ 117.2689055, 31.8722159 ] ] } },
{ "type": "Feature", "properties": { "id": 62080, "u": 13377462036, "v": 267641435, "highway": "footway", "name": null, "length": 76.439914754528957 }, "geometry": { "type": "LineString", "coordinates": [ [ 117.269461, 31.8717956 ], [ 117.2694237, 31.8718856 ], [ 117.2694012, 31.8719527 ], [ 117.2693676, 31.8720209 ], [ 117.2693452, 31.8720436 ], [ 117.2693228, 31.8720621 ], [ 117.2692481, 31.872078 ], [ 117.2691533, 31.8721032 ], [ 117.2690957, 31.8721165 ], [ 117.2690364, 31.8721338 ], [ 117.2690064, 31.8721481 ], [ 117.2689055, 31.8722159 ] ] } },
{ "type": "Feature", "properties": { "id": 62116, "u": 13384631038, "v": 267641435, "highway": "service", "name": null, "length": 57.798761992685968 }, "geometry": { "type": "LineString", "coordinates": [ [ 117.2686339, 31.8717515 ], [ 117.2687011, 31.8719043 ], [ 117.2689055, 31.8722159 ] ] } },
{ "type": "Feature", "properties": { "id": 62033, "u": 13377317019, "v": 267641493, "highway": "service", "name": null, "length": 81.632802056735613 }, "geometry": { "type": "LineString", "coordinates": [ [ 117.2678375, 31.870763 ], [ 117.2677913, 31.8707142 ], [ 117.2677606, 31.8706707 ], [ 117.2677238, 31.8706127 ], [ 117.2676872, 31.870529 ], [ 117.2676384, 31.8703965 ], [ 117.2675472, 31.870079 ] ] } },
{ "type": "Feature", "properties": { "id": 62061, "u": 13377317078, "v": 267641493, "highway": "service", "name": null, "length": 41.293978693574381 }, "geometry": { "type": "LineString", "coordinates": [ [ 117.2675831, 31.8697156 ], [ 117.2675592, 31.8697663 ], [ 117.2675385, 31.8698171 ], [ 117.267531, 31.86989 ], [ 117.2675299, 31.8699465 ], [ 117.2675472, 31.870079 ] ] } },
{ "type": "Feature", "properties": { "id": 62068, "u": 13377317091, "v": 267641493, "highway": "service", "name": null, "length": 50.420145080193294 }, "geometry": { "type": "LineString", "coordinates": [ [ 117.267166, 31.8697624 ], [ 117.2674458, 31.8700091 ], [ 117.2675472, 31.870079 ] ] } },
{ "type": "Feature", "properties": { "id": 151, "u": 267641435, "v": 267641571, "highway": "service", "name": null, "length": 49.676318259277664 }, "geometry": { "type": "LineString", "coordinates": [ [ 117.2689055, 31.8722159 ], [ 117.2692183, 31.8723712 ], [ 117.2693532, 31.87245 ] ] } },
{ "type": "Feature", "properties": { "id": 3055, "u": 2262735970, "v": 267641571, "highway": "service", "name": null, "length": 69.885925341216648 }, "geometry": { "type": "LineString", "coordinates": [ [ 117.2686553, 31.8726422 ], [ 117.2689792, 31.8725866 ], [ 117.269118, 31.8725521 ], [ 117.2692192, 31.8725182 ], [ 117.2693532, 31.87245 ] ] } },
{ "type": "Feature", "properties": { "id": 62069, "u": 13377462023, "v": 267641571, "highway": "service", "name": null, "length": 33.28106532848674 }, "geometry": { "type": "LineString", "coordinates": [ [ 117.2696623, 31.8723062 ], [ 117.2693532, 31.87245 ] ] } },
{ "type": "Feature", "properties": { "id": 37, "u": 267119572, "v": 269282865, "highway": "trunk", "name": [ "西一环四里河高架", "西一环路" ], "length": 502.57887255197738 }, "geometry": { "type": "LineString", "coordinates": [ [ 117.244791, 31.8761824 ], [ 117.2448129, 31.8751806 ], [ 117.244873, 31.8724296 ], [ 117.2448629, 31.8716633 ] ] } },
{ "type": "Feature", "properties": { "id": 51, "u": 267119711, "v": 269282891, "highway": "secondary", "name": "霍山路", "length": 129.29567816268019 }, "geometry": { "type": "LineString", "coordinates": [ [ 117.255667, 31.8652116 ], [ 117.25597, 31.8650244 ], [ 117.2561651, 31.8647792 ], [ 117.2564294, 31.8642786 ] ] } },
{ "type": "Feature", "properties": { "id": 11234, "u": 3290375141, "v": 269282891, "highway": "secondary", "name": "安庆路", "length": 9.5292188231032942 }, "geometry": { "type": "LineString", "coordinates": [ [ 117.2565303, 31.8642794 ], [ 117.2564294, 31.8642786 ] ] } },
{ "type": "Feature", "properties": { "id": 19912, "u": 4627545194, "v": 269282904, "highway": "primary", "name": "花园街", "length": 233.15584490724123 }, "geometry": { "type": "LineString", "coordinates": [ [ 117.2799144, 31.8675878 ], [ 117.2797823, 31.8672453 ], [ 117.279621, 31.8666196 ], [ 117.2794773, 31.8659025 ], [ 117.2794241, 31.8655368 ] ] } },
{ "type": "Feature", "properties": { "id": 25543, "u": 5004138272, "v": 269282904, "highway": "tertiary", "name": "安庆路", "length": 98.986017512277755 }, "geometry": { "type": "LineString", "coordinates": [ [ 117.2783788, 31.865471 ], [ 117.2788455, 31.8654991 ], [ 117.2794241, 31.8655368 ] ] } },
{ "type": "Feature", "properties": { "id": 3049, "u": 2260197280, "v": 269282928, "highway": "primary", "name": "寿春路", "length": 106.85522906103733 }, "geometry": { "type": "LineString", "coordinates": [ [ 117.2884005, 31.8680442 ], [ 117.2872969, 31.8682564 ] ] } },
{ "type": "Feature", "properties": { "id": 24034, "u": 4864367329, "v": 269282928, "highway": "tertiary", "name": "北含山路", "length": 9.6317057721127206 }, "geometry": { "type": "LineString", "coordinates": [ [ 117.2872829, 31.8681706 ], [ 117.2872969, 31.8682564 ] ] } },
{ "type": "Feature", "properties": { "id": 11282, "u": 3290375190, "v": 269283178, "highway": "primary", "name": "寿春路", "length": 6.6858503011287054 }, "geometry": { "type": "LineString", "coordinates": [ [ 117.2841955, 31.8688383 ], [ 117.284127, 31.8688535 ] ] } },
{ "type": "Feature", "properties": { "id": 24052, "u": 4864367365, "v": 269283178, "highway": "secondary", "name": "宿州路", "length": 108.98415977532161 }, "geometry": { "type": "LineString", "coordinates": [ [ 117.2842706, 31.869826 ], [ 117.2842095, 31.8694124 ], [ 117.284127, 31.8688535 ] ] } },
{ "type": "Feature", "properties": { "id": 3304, "u": 2533652678, "v": 269283266, "highway": "primary", "name": "明光路", "length": 13.770012905200947 }, "geometry": { "type": "LineString", "coordinates": [ [ 117.3009146, 31.867249 ], [ 117.3009681, 31.8671338 ] ] } },
{ "type": "Feature", "properties": { "id": 17038, "u": 4048844134, "v": 269283266, "highway": "primary", "name": "长江东路", "length": 244.08522487188355 }, "geometry": { "type": "LineString", "coordinates": [ [ 117.2985539, 31.8663498 ], [ 117.3009681, 31.8671338 ] ] } },
{ "type": "Feature", "properties": { "id": 1537, "u": 1232511992, "v": 269283435, "highway": "primary", "name": null, "length": 14.818621669634505 }, "geometry": { "type": "LineString", "coordinates": [ [ 117.2673436, 31.8493128 ], [ 117.2674883, 31.8492613 ] ] } },
{ "type": "Feature", "properties": { "id": 1824, "u": 1316369374, "v": 269283435, "highway": "primary", "name": "金寨路", "length": 276.43974957949132 }, "geometry": { "type": "LineString", "coordinates": [ [ 117.266047, 31.8471067 ], [ 117.2665516, 31.8478141 ], [ 117.2666182, 31.8479074 ], [ 117.2666927, 31.8480119 ], [ 117.2669574, 31.848383 ], [ 117.2672363, 31.848771 ], [ 117.2673928, 31.848992 ], [ 117.2674883, 31.8492613 ] ] } },
{ "type": "Feature", "properties": { "id": 1566, "u": 1233263651, "v": 273116361, "highway": "trunk", "name": "长江西路", "length": 253.32879292482124 }, "geometry": { "type": "LineString", "coordinates": [ [ 117.2476872, 31.8557667 ], [ 117.2474806, 31.8556938 ], [ 117.2466487, 31.8554002 ], [ 117.2451922, 31.8549312 ] ] } },
{ "type": "Feature", "properties": { "id": 1967, "u": 1450908583, "v": 273116361, "highway": "trunk_link", "name": null, "length": 293.34211524645019 }, "geometry": { "type": "LineString", "coordinates": [ [ 117.2455782, 31.8554111 ], [ 117.2456217, 31.8556875 ], [ 117.245773, 31.8558896 ], [ 117.2458876, 31.8559484 ], [ 117.2460398, 31.8559663 ], [ 117.2461713, 31.8559439 ], [ 117.2462983, 31.8558801 ], [ 117.2463895, 31.8557957 ], [ 117.2464319, 31.855705 ], [ 117.2464384, 31.8556141 ], [ 117.2464314, 31.8555346 ], [ 117.2464021, 31.8554623 ], [ 117.2463054, 31.8553558 ], [ 117.246221, 31.8552887 ], [ 117.246016, 31.8552159 ], [ 117.245734, 31.8551209 ], [ 117.2451922, 31.8549312 ] ] } },
{ "type": "Feature", "properties": { "id": 1937, "u": 1450790567, "v": 273116364, "highway": "trunk_link", "name": null, "length": 290.15272590517276 }, "geometry": { "type": "LineString", "coordinates": [ [ 117.2451385, 31.8561004 ], [ 117.2448839, 31.8555761 ], [ 117.2445236, 31.8551016 ], [ 117.244083, 31.8547143 ], [ 117.2436718, 31.8545172 ], [ 117.2430934, 31.8542979 ] ] } },
{ "type": "Feature", "properties": { "id": 38945, "u": 7816906960, "v": 273116364, "highway": "trunk", "name": "长江西路", "length": 174.74634582090567 }, "geometry": { "type": "LineString", "coordinates": [ [ 117.2448423, 31.8548102 ], [ 117.2447231, 31.854769 ], [ 117.2444518, 31.8546906 ], [ 117.2441059, 31.8545906 ], [ 117.2430934, 31.8542979 ] ] } },
{ "type": "Feature", "properties": { "id": 5966, "u": 2961210621, "v": 273126586, "highway": "tertiary", "name": "樊洼路", "length": 523.26567137817005 }, "geometry": { "type": "LineString", "coordinates": [ [ 117.2222938, 31.8557057 ], [ 117.2222695, 31.8560907 ], [ 117.2220651, 31.8575397 ], [ 117.2219741, 31.8581843 ], [ 117.2219439, 31.8583988 ], [ 117.2218928, 31.8587963 ], [ 117.2218775, 31.8589155 ], [ 117.2218779, 31.8591522 ], [ 117.2218783, 31.8593616 ], [ 117.2219198, 31.8603908 ] ] } },
{ "type": "Feature", "properties": { "id": 20814, "u": 4677453010, "v": 273126586, "highway": "tertiary", "name": "樊洼路", "length": 8.9347370994694497 }, "geometry": { "type": "LineString", "coordinates": [ [ 117.2219232, 31.8604711 ], [ 117.2219198, 31.8603908 ] ] } },
{ "type": "Feature", "properties": { "id": 43049, "u": 8597500839, "v": 278083589, "highway": "trunk", "name": [ "宿松路", "宿松路快速路" ], "length": 3221.2275787978742 }, "geometry": { "type": "LineString", "coordinates": [ [ 117.2638123, 31.8142753 ], [ 117.2638813, 31.81398 ], [ 117.2639456, 31.813565 ], [ 117.2639518, 31.8135251 ], [ 117.263987, 31.813082 ], [ 117.2639631, 31.8128809 ], [ 117.2639564, 31.812825 ], [ 117.2639385, 31.8126744 ], [ 117.2639339, 31.8126357 ], [ 117.2636135, 31.8098781 ], [ 117.2635582, 31.8094063 ], [ 117.2630155, 31.805814 ], [ 117.26262, 31.8030394 ], [ 117.2625707, 31.8026677 ], [ 117.2624696, 31.8020406 ], [ 117.2622521, 31.8003662 ], [ 117.2621797, 31.7997835 ], [ 117.2621598, 31.7996597 ], [ 117.2621426, 31.7995523 ], [ 117.2621226, 31.7994018 ], [ 117.2620884, 31.7992137 ], [ 117.2618653, 31.7975751 ], [ 117.2617224, 31.7969299 ], [ 117.2615194, 31.7954044 ], [ 117.2613301, 31.7940067 ], [ 117.2612991, 31.7937974 ], [ 117.2612577, 31.7935175 ], [ 117.2612191, 31.7930097 ], [ 117.2612853, 31.7921895 ], [ 117.2614478, 31.7916316 ], [ 117.2617147, 31.7910264 ], [ 117.263104, 31.788808 ], [ 117.2644768, 31.7867788 ], [ 117.2648011, 31.786269 ], [ 117.2648493, 31.7862058 ] ] } },
{ "type": "Feature", "properties": { "id": 43123, "u": 8597574950, "v": 278083589, "highway": "primary", "name": "繁华大道", "length": 203.28217889491793 }, "geometry": { "type": "LineString", "coordinates": [ [ 117.2629804, 31.7853011 ], [ 117.2635379, 31.785571 ], [ 117.2639912, 31.7857904 ], [ 117.2647608, 31.786163 ], [ 117.2648493, 31.7862058 ] ] } },
{ "type": "Feature", "properties": { "id": 179, "u": 278083589, "v": 278083603, "highway": "primary", "name": "繁华大道", "length": 316.88999052912914 }, "geometry": { "type": "LineString", "coordinates": [ [ 117.2648493, 31.7862058 ], [ 117.2650612, 31.7863048 ], [ 117.2651287, 31.7863363 ], [ 117.2662885, 31.786877 ], [ 117.2667027, 31.7870701 ], [ 117.2668582, 31.7871409 ], [ 117.2677965, 31.7875643 ] ] } },
{ "type": "Feature", "properties": { "id": 43036, "u": 8597500808, "v": 278083603, "highway": "primary_link", "name": null, "length": 288.45411777950153 }, "geometry": { "type": "LineString", "coordinates": [ [ 117.2651636, 31.7862796 ], [ 117.2652642, 31.7863285 ], [ 117.2663219, 31.7868088 ], [ 117.2668871, 31.7870793 ], [ 117.2675455, 31.7873943 ], [ 117.2677229, 31.7874678 ], [ 117.2677965, 31.7875643 ] ] } },
{ "type": "Feature", "properties": { "id": 95, "u": 267120481, "v": 279412340, "highway": "tertiary", "name": "清潭路", "length": 877.53248448913371 }, "geometry": { "type": "LineString", "coordinates": [ [ 117.2558532, 31.7554901 ], [ 117.2565033, 31.7547268 ], [ 117.2581845, 31.7528385 ], [ 117.2601252, 31.7507098 ], [ 117.2608148, 31.7499506 ], [ 117.2614874, 31.7492195 ] ] } },
{ "type": "Feature", "properties": { "id": 5954, "u": 2959467945, "v": 279412340, "highway": "tertiary", "name": "紫蓬路", "length": 622.17876330182844 }, "geometry": { "type": "LineString", "coordinates": [ [ 117.2549074, 31.749208 ], [ 117.2579799, 31.7492125 ], [ 117.2582183, 31.7492128 ], [ 117.2582807, 31.7492129 ], [ 117.2584202, 31.7492131 ], [ 117.2588466, 31.7492137 ], [ 117.2600778, 31.7492155 ], [ 117.2608361, 31.7492166 ], [ 117.2614874, 31.7492195 ] ] } },
{ "type": "Feature", "properties": { "id": 57678, "u": 12092685042, "v": 279412340, "highway": "tertiary", "name": "紫蓬路", "length": 6.864785941705418 }, "geometry": { "type": "LineString", "coordinates": [ [ 117.26156, 31.7492193 ], [ 117.2614874, 31.7492195 ] ] } },
{ "type": "Feature", "properties": { "id": 39514, "u": 7890992047, "v": 279412371, "highway": "secondary", "name": "天都路", "length": 513.03243493358002 }, "geometry": { "type": "LineString", "coordinates": [ [ 117.2353371, 31.749271 ], [ 117.2353451, 31.7538848 ] ] } },
{ "type": "Feature", "properties": { "id": 39548, "u": 7890992072, "v": 279412371, "highway": "primary_link", "name": "天锦环路", "length": 264.4924546551137 }, "geometry": { "type": "LineString", "coordinates": [ [ 117.2372717, 31.7554644 ], [ 117.2369468, 31.7549169 ], [ 117.2368342, 31.7547252 ], [ 117.2366614, 31.7545226 ], [ 117.2364801, 31.7543653 ], [ 117.2362859, 31.7542554 ], [ 117.2359532, 31.7541082 ], [ 117.2356678, 31.7539994 ], [ 117.2353451, 31.7538848 ] ] } },
{ "type": "Feature", "properties": { "id": 2431, "u": 2062614527, "v": 279412372, "highway": "secondary", "name": "天都路", "length": 588.45599295902548 }, "geometry": { "type": "LineString", "coordinates": [ [ 117.2353212, 31.7375398 ], [ 117.2353254, 31.7395836 ], [ 117.2353262, 31.7402964 ], [ 117.2353288, 31.7428319 ] ] } },
{ "type": "Feature", "properties": { "id": 39499, "u": 7890992039, "v": 279412372, "highway": "primary", "name": "紫云路", "length": 13.815593220297885 }, "geometry": { "type": "LineString", "coordinates": [ [ 117.2351827, 31.7428322 ], [ 117.2353288, 31.7428319 ] ] } },
{ "type": "Feature", "properties": { "id": 8598, "u": 3179752776, "v": 430360581, "highway": "motorway", "name": "合肥绕城高速", "length": 4132.7236077683083 }, "geometry": { "type": "LineString", "coordinates": [ [ 117.4937248, 31.8766175 ], [ 117.4932391, 31.8763409 ], [ 117.4928758, 31.8761361 ], [ 117.4912793, 31.8752424 ], [ 117.4888872, 31.8739032 ], [ 117.4874336, 31.8730654 ], [ 117.4868926, 31.8727536 ], [ 117.486012, 31.872215 ], [ 117.483117, 31.870742 ], [ 117.481108, 31.869825 ], [ 117.478737, 31.86884 ], [ 117.4678116, 31.8647243 ], [ 117.4669569, 31.8644019 ], [ 117.464929, 31.8636107 ], [ 117.4627911, 31.8627949 ], [ 117.4616072, 31.8623262 ], [ 117.456113, 31.860215 ], [ 117.4552551, 31.8599429 ], [ 117.4548253, 31.8598066 ] ] } },
{ "type": "Feature", "properties": { "id": 189, "u": 430360581, "v": 430360584, "highway": "motorway", "name": "合肥绕城高速", "length": 1008.4263284047538 }, "geometry": { "type": "LineString", "coordinates": [ [ 117.4548253, 31.8598066 ], [ 117.4538509, 31.8594007 ], [ 117.453238, 31.8591454 ], [ 117.452678, 31.8589121 ], [ 117.4509697, 31.8581632 ], [ 117.4493752, 31.8574272 ], [ 117.447497, 31.8564907 ], [ 117.445501, 31.8554043 ] ] } },
{ "type": "Feature", "properties": { "id": 15736, "u": 3729263840, "v": 430360584, "highway": "motorway_link", "name": null, "length": 341.71154465779273 }, "geometry": { "type": "LineString", "coordinates": [ [ 117.4483969, 31.8572459 ], [ 117.4480225, 31.8569947 ], [ 117.4471803, 31.8564827 ], [ 117.445501, 31.8554043 ] ] } },
{ "type": "Feature", "properties": { "id": 196, "u": 430367516, "v": 430360644, "highway": "motorway", "name": "合肥绕城高速", "length": 1972.7961777154626 }, "geometry": { "type": "LineString", "coordinates": [ [ 117.261286, 31.7948433 ], [ 117.2593164, 31.7942979 ], [ 117.2550128, 31.793169 ], [ 117.2514992, 31.7924219 ], [ 117.2488828, 31.7919866 ], [ 117.2485324, 31.7919341 ], [ 117.247898, 31.7918392 ], [ 117.2462559, 31.7915934 ], [ 117.2422369, 31.7913387 ], [ 117.240925, 31.7912968 ] ] } },
{ "type": "Feature", "properties": { "id": 195, "u": 430360655, "v": 430360651, "highway": "motorway", "name": "合肥绕城高速", "length": 1170.9338224051442 }, "geometry": { "type": "LineString", "coordinates": [ [ 117.294941, 31.798868 ], [ 117.2933999, 31.7987706 ], [ 117.2880067, 31.7983481 ], [ 117.286333, 31.7981946 ], [ 117.2835186, 31.797947 ], [ 117.2826067, 31.7978749 ] ] } },
{ "type": "Feature", "properties": { "id": 244, "u": 940560819, "v": 430360655, "highway": "motorway", "name": "合肥绕城高速", "length": 908.64965644871086 }, "geometry": { "type": "LineString", "coordinates": [ [ 117.3044859, 31.799812 ], [ 117.3035483, 31.7996763 ], [ 117.3008572, 31.7993715 ], [ 117.2995776, 31.799195 ], [ 117.2994329, 31.799185 ], [ 117.2988869, 31.7991473 ], [ 117.294941, 31.798868 ] ] } },
{ "type": "Feature", "properties": { "id": 1356, "u": 1085511973, "v": 430360655, "highway": "motorway_link", "name": null, "length": 459.17050329288361 }, "geometry": { "type": "LineString", "coordinates": [ [ 117.2987658, 31.800628 ], [ 117.2987602, 31.8003267 ], [ 117.2986862, 31.8000594 ], [ 117.2985782, 31.7998434 ], [ 117.2983508, 31.79965 ], [ 117.298129, 31.7994795 ], [ 117.297714, 31.7993316 ], [ 117.2971624, 31.7991724 ], [ 117.2965256, 31.799053 ], [ 117.294941, 31.798868 ] ] } },
{ "type": "Feature", "properties": { "id": 6, "u": 251191503, "v": 430367516, "highway": "motorway_link", "name": null, "length": 1557.090762167139 }, "geometry": { "type": "LineString", "coordinates": [ [ 117.274217, 31.7920425 ], [ 117.2739713, 31.7928709 ], [ 117.27391, 31.7930777 ], [ 117.2734739, 31.7940201 ], [ 117.2730516, 31.7946034 ], [ 117.2726209, 31.7950646 ], [ 117.2723413, 31.7953485 ], [ 117.2717953, 31.7957549 ], [ 117.2711041, 31.7961527 ], [ 117.2703077, 31.7964912 ], [ 117.2695103, 31.7967532 ], [ 117.2689085, 31.7968809 ], [ 117.2684229, 31.7969407 ], [ 117.2678914, 31.7969674 ], [ 117.2672107, 31.7969309 ], [ 117.2666739, 31.796865 ], [ 117.2661418, 31.7967542 ], [ 117.2654855, 31.7965808 ], [ 117.2648009, 31.7963052 ], [ 117.2636231, 31.7956769 ], [ 117.262929, 31.7953808 ], [ 117.2619407, 31.7950607 ], [ 117.261286, 31.7948433 ] ] } },
{ "type": "Feature", "properties": { "id": 194, "u": 430360651, "v": 430367516, "highway": "motorway", "name": "合肥绕城高速", "length": 2046.7078282324162 }, "geometry": { "type": "LineString", "coordinates": [ [ 117.2826067, 31.7978749 ], [ 117.2807411, 31.7977156 ], [ 117.2798429, 31.7976309 ], [ 117.2743275, 31.7971578 ], [ 117.2713205, 31.7967862 ], [ 117.2701185, 31.7966149 ], [ 117.2687508, 31.7963825 ], [ 117.2672688, 31.7961173 ], [ 117.2666506, 31.7959916 ], [ 117.2639462, 31.7954237 ], [ 117.2619399, 31.7949821 ], [ 117.261286, 31.7948433 ] ] } },
{ "type": "Feature", "properties": { "id": 1364, "u": 1085532480, "v": 526679222, "highway": "motorway", "name": "合肥绕城高速", "length": 424.83457646298359 }, "geometry": { "type": "LineString", "coordinates": [ [ 117.1378065, 31.858549 ], [ 117.1367465, 31.861647 ], [ 117.1365502, 31.8622176 ] ] } },
{ "type": "Feature", "properties": { "id": 238, "u": 765872396, "v": 765872341, "highway": "footway", "name": null, "length": 78.388520702862806 }, "geometry": { "type": "LineString", "coordinates": [ [ 117.2912102, 31.8705333 ], [ 117.2912643, 31.8705298 ], [ 117.2919795, 31.8704775 ], [ 117.2920344, 31.8704616 ] ] } },
{ "type": "Feature", "properties": { "id": 5839, "u": 2947754023, "v": 526679222, "highway": "motorway_link", "name": null, "length": 861.95316539355554 }, "geometry": { "type": "LineString", "coordinates": [ [ 117.1356245, 31.8568633 ], [ 117.1357805, 31.8571014 ], [ 117.1359322, 31.8572489 ], [ 117.1361262, 31.8573968 ], [ 117.1365332, 31.8576213 ], [ 117.1373203, 31.8580166 ], [ 117.1383114, 31.8585256 ], [ 117.1386786, 31.8587443 ], [ 117.1388818, 31.8589126 ], [ 117.1390173, 31.8590728 ], [ 117.1390907, 31.8592319 ], [ 117.1391325, 31.8593916 ], [ 117.1391273, 31.8595362 ], [ 117.1391053, 31.8596931 ], [ 117.1390335, 31.8598525 ], [ 117.1389027, 31.8600159 ], [ 117.1387169, 31.8601578 ], [ 117.1383131, 31.8603439 ], [ 117.1378682, 31.8605659 ], [ 117.1374518, 31.8608461 ], [ 117.1368578, 31.8616692 ], [ 117.1365502, 31.8622176 ] ] } },
{ "type": "Feature", "properties": { "id": 197, "u": 526679222, "v": 526679240, "highway": "motorway", "name": "合肥绕城高速", "length": 13656.803646145114 }, "geometry": { "type": "LineString", "coordinates": [ [ 117.1365502, 31.8622176 ], [ 117.1363983, 31.8626624 ], [ 117.1363238, 31.8628808 ], [ 117.1351719, 31.8662547 ], [ 117.1346119, 31.8677894 ], [ 117.1331862, 31.8712783 ], [ 117.1323859, 31.8729096 ], [ 117.1316925, 31.8742874 ], [ 117.1308186, 31.8759408 ], [ 117.129554, 31.8783335 ], [ 117.1287838, 31.8796411 ], [ 117.12791, 31.8809065 ], [ 117.1269421, 31.8823534 ], [ 117.1258204, 31.8840303 ], [ 117.1230817, 31.887829 ], [ 117.1184822, 31.8944295 ], [ 117.1163501, 31.8977467 ], [ 117.1144541, 31.9011093 ], [ 117.1126709, 31.905506 ], [ 117.1112244, 31.9100057 ], [ 117.1104999, 31.9128199 ], [ 117.1101783, 31.9147917 ], [ 117.1097309, 31.9175697 ], [ 117.1095317, 31.9202821 ], [ 117.1095678, 31.9229701 ], [ 117.1095587, 31.9239014 ], [ 117.1095028, 31.9249827 ], [ 117.1093952, 31.9260639 ], [ 117.1092272, 31.927038 ], [ 117.1090932, 31.9277087 ], [ 117.1088743, 31.9286133 ], [ 117.1084914, 31.9297313 ], [ 117.1079471, 31.9311787 ], [ 117.1072658, 31.93234 ], [ 117.1071951, 31.9324706 ], [ 117.1062978, 31.9340056 ], [ 117.104218, 31.9369052 ], [ 117.1034614, 31.9380586 ], [ 117.1029336, 31.938906 ], [ 117.102448, 31.93985 ], [ 117.1019689, 31.9408965 ], [ 117.1015733, 31.9419456 ], [ 117.1012316, 31.9430367 ], [ 117.1009125, 31.9444253 ], [ 117.100747, 31.9453211 ], [ 117.1006292, 31.9463136 ], [ 117.1006084, 31.9467741 ], [ 117.1005708, 31.9476067 ], [ 117.10057, 31.9483832 ], [ 117.1006427, 31.9495064 ], [ 117.1009208, 31.9518622 ], [ 117.1010131, 31.9525388 ], [ 117.1015342, 31.9563594 ], [ 117.1021376, 31.9613034 ], [ 117.1022417, 31.9624019 ], [ 117.1023797, 31.9654939 ], [ 117.1023666, 31.9682867 ], [ 117.1022572, 31.9701979 ], [ 117.1020641, 31.9721477 ], [ 117.1018968, 31.9733575 ], [ 117.1017424, 31.9744643 ], [ 117.1012039, 31.9776346 ], [ 117.1011363, 31.9780693 ], [ 117.1010941, 31.9783405 ] ] } },
{ "type": "Feature", "properties": { "id": 201, "u": 526679276, "v": 526679265, "highway": "motorway", "name": "合六高速", "length": 2748.0370402256303 }, "geometry": { "type": "LineString", "coordinates": [ [ 117.1369291, 31.9932756 ], [ 117.1296965, 31.9909549 ], [ 117.1272754, 31.9902661 ], [ 117.125129, 31.9897543 ], [ 117.1229202, 31.989298 ], [ 117.1216492, 31.9890442 ], [ 117.1204484, 31.9888261 ], [ 117.117976, 31.9884121 ], [ 117.1162655, 31.98814 ], [ 117.1150008, 31.9879415 ], [ 117.1132183, 31.9876374 ], [ 117.1110325, 31.987232 ], [ 117.1088865, 31.986774 ] ] } },
{ "type": "Feature", "properties": { "id": 203, "u": 526679277, "v": 526679276, "highway": "motorway", "name": "合六高速", "length": 514.66789367368153 }, "geometry": { "type": "LineString", "coordinates": [ [ 117.1420237, 31.9949336 ], [ 117.141453, 31.994723 ], [ 117.1369291, 31.9932756 ] ] } },
{ "type": "Feature", "properties": { "id": 1392, "u": 1085583766, "v": 526679276, "highway": "motorway_link", "name": null, "length": 768.27683897485781 }, "geometry": { "type": "LineString", "coordinates": [ [ 117.136406, 31.9909414 ], [ 117.1361255, 31.9925441 ], [ 117.1359837, 31.9933376 ], [ 117.1359615, 31.9934778 ], [ 117.1359467, 31.993735 ], [ 117.135964, 31.9939295 ], [ 117.1359911, 31.9941302 ], [ 117.1360503, 31.9942662 ], [ 117.1362007, 31.9944753 ], [ 117.1364202, 31.994651 ], [ 117.1366741, 31.9947702 ], [ 117.136901, 31.9948287 ], [ 117.1371402, 31.9948476 ], [ 117.1373227, 31.9948246 ], [ 117.1375421, 31.9947597 ], [ 117.1376926, 31.9946824 ], [ 117.1378405, 31.9945527 ], [ 117.1379441, 31.9944147 ], [ 117.1379712, 31.9942432 ], [ 117.1379441, 31.994078 ], [ 117.1378898, 31.9939441 ], [ 117.1377616, 31.9938019 ], [ 117.1376038, 31.9936785 ], [ 117.1374022, 31.9935124 ], [ 117.1369291, 31.9932756 ] ] } },
{ "type": "Feature", "properties": { "id": 39156, "u": 7834241816, "v": 747863504, "highway": "primary", "name": "店全路", "length": 900.75217468370249 }, "geometry": { "type": "LineString", "coordinates": [ [ 117.4871289, 31.8872772 ], [ 117.4902368, 31.8876032 ], [ 117.4905504, 31.8876361 ], [ 117.4918586, 31.8877647 ], [ 117.4940014, 31.8879798 ], [ 117.4947455, 31.8880553 ], [ 117.4966015, 31.8882413 ] ] } },
{ "type": "Feature", "properties": { "id": 19866, "u": 4608972359, "v": 765872396, "highway": "footway", "name": null, "length": 276.68887217742218 }, "geometry": { "type": "LineString", "coordinates": [ [ 117.2895917, 31.8718292 ], [ 117.2896281, 31.8719407 ], [ 117.2897491, 31.8720815 ], [ 117.2899821, 31.8721005 ], [ 117.2901658, 31.8720056 ], [ 117.2903438, 31.87187 ], [ 117.2905493, 31.8717485 ], [ 117.2907237, 31.8715911 ], [ 117.2908393, 31.8714305 ], [ 117.2908925, 31.8712201 ], [ 117.2908943, 31.8710175 ], [ 117.2909384, 31.8708414 ], [ 117.29112, 31.870723 ], [ 117.2912102, 31.8705333 ] ] } },
{ "type": "Feature", "properties": { "id": 221, "u": 765872344, "v": 765872406, "highway": "footway", "name": null, "length": 177.34320062220712 }, "geometry": { "type": "LineString", "coordinates": [ [ 117.2901015, 31.8700933 ], [ 117.2899642, 31.8701525 ], [ 117.2897984, 31.8702552 ], [ 117.2896416, 31.8704302 ], [ 117.2895027, 31.8707955 ], [ 117.2895699, 31.8710086 ], [ 117.2895654, 31.8712102 ], [ 117.2894716, 31.8714617 ] ] } },
{ "type": "Feature", "properties": { "id": 231, "u": 765872389, "v": 765872406, "highway": "footway", "name": null, "length": 16.727946777720682 }, "geometry": { "type": "LineString", "coordinates": [ [ 117.2893119, 31.8715268 ], [ 117.2894716, 31.8714617 ] ] } },
{ "type": "Feature", "properties": { "id": 39167, "u": 7834241957, "v": 747863504, "highway": "residential", "name": null, "length": 1015.6323022482696 }, "geometry": { "type": "LineString", "coordinates": [ [ 117.4936128, 31.880761 ], [ 117.4936378, 31.8809544 ], [ 117.4936162, 31.8810407 ], [ 117.4935952, 31.8811214 ], [ 117.49357, 31.8812448 ], [ 117.4935916, 31.8813128 ], [ 117.4936778, 31.881339 ], [ 117.4939526, 31.8813861 ], [ 117.4940476, 31.8814436 ], [ 117.4940445, 31.8815169 ], [ 117.4940229, 31.8816137 ], [ 117.4940568, 31.8817131 ], [ 117.4941677, 31.8818178 ], [ 117.4943705, 31.8819187 ], [ 117.4944358, 31.8819512 ], [ 117.4945775, 31.8820768 ], [ 117.4948733, 31.8823881 ], [ 117.4949072, 31.882498 ], [ 117.4950705, 31.8826393 ], [ 117.4953262, 31.8827858 ], [ 117.495431, 31.8827858 ], [ 117.495776, 31.8828119 ], [ 117.496041, 31.8829009 ], [ 117.4961488, 31.8829558 ], [ 117.4962382, 31.8830474 ], [ 117.4963676, 31.8831128 ], [ 117.4964169, 31.8831285 ], [ 117.4963892, 31.8831965 ], [ 117.4963029, 31.8834293 ], [ 117.496306, 31.8834764 ], [ 117.496383, 31.8835026 ], [ 117.4965833, 31.883636 ], [ 117.4966911, 31.8837956 ], [ 117.4967155, 31.8843307 ], [ 117.4967219, 31.8844706 ], [ 117.4967441, 31.8848941 ], [ 117.4967488, 31.8849849 ], [ 117.4967527, 31.8850592 ], [ 117.4968482, 31.8855458 ], [ 117.4969129, 31.8859042 ], [ 117.4969068, 31.8860769 ], [ 117.4968448, 31.8865166 ], [ 117.4966015, 31.8882413 ] ] } },
{ "type": "Feature", "properties": { "id": 228, "u": 765872368, "v": 765872317, "highway": "footway", "name": null, "length": 42.532451328209845 }, "geometry": { "type": "LineString", "coordinates": [ [ 117.2866515, 31.8726925 ], [ 117.2862403, 31.8725364 ] ] } },
{ "type": "Feature", "properties": { "id": 19873, "u": 4608972374, "v": 765872317, "highway": "footway", "name": null, "length": 113.59002435541997 }, "geometry": { "type": "LineString", "coordinates": [ [ 117.2864627, 31.8735137 ], [ 117.2863715, 31.873443 ], [ 117.2863278, 31.8728411 ], [ 117.2862403, 31.8725364 ] ] } },
{ "type": "Feature", "properties": { "id": 19879, "u": 4608972495, "v": 765872317, "highway": "footway", "name": null, "length": 73.990684599907709 }, "geometry": { "type": "LineString", "coordinates": [ [ 117.2855606, 31.8723252 ], [ 117.2856452, 31.8724621 ], [ 117.2862403, 31.8725364 ] ] } },
{ "type": "Feature", "properties": { "id": 219, "u": 765872344, "v": 765872324, "highway": "footway", "name": null, "length": 19.829533818173953 }, "geometry": { "type": "LineString", "coordinates": [ [ 117.2901015, 31.8700933 ], [ 117.2900366, 31.8699237 ] ] } },
{ "type": "Feature", "properties": { "id": 226, "u": 765872349, "v": 765872324, "highway": "footway", "name": null, "length": 137.80220255952403 }, "geometry": { "type": "LineString", "coordinates": [ [ 117.2897545, 31.8687086 ], [ 117.289902, 31.8694336 ], [ 117.2899799, 31.869753 ], [ 117.2900366, 31.8699237 ] ] } },
{ "type": "Feature", "properties": { "id": 19848, "u": 4608972318, "v": 765872324, "highway": "footway", "name": null, "length": 112.24485469487782 }, "geometry": { "type": "LineString", "coordinates": [ [ 117.290581, 31.869042 ], [ 117.2901342, 31.869738 ], [ 117.2901219, 31.8698531 ], [ 117.2900366, 31.8699237 ] ] } },
{ "type": "Feature", "properties": { "id": 19860, "u": 4608972344, "v": 765872324, "highway": "footway", "name": null, "length": 97.629267591323156 }, "geometry": { "type": "LineString", "coordinates": [ [ 117.2890574, 31.8701837 ], [ 117.2895609, 31.8701068 ], [ 117.2900366, 31.8699237 ] ] } },
{ "type": "Feature", "properties": { "id": 230, "u": 765872368, "v": 765872335, "highway": "footway", "name": null, "length": 105.69353222155404 }, "geometry": { "type": "LineString", "coordinates": [ [ 117.2866515, 31.8726925 ], [ 117.2866253, 31.8732424 ], [ 117.2866953, 31.8734653 ], [ 117.2865728, 31.8735991 ] ] } },
{ "type": "Feature", "properties": { "id": 19872, "u": 4608972374, "v": 765872335, "highway": "footway", "name": null, "length": 14.080631688650628 }, "geometry": { "type": "LineString", "coordinates": [ [ 117.2864627, 31.8735137 ], [ 117.2865728, 31.8735991 ] ] } },
{ "type": "Feature", "properties": { "id": 63000, "u": 13406995958, "v": 765872335, "highway": "footway", "name": null, "length": 234.0118063958019 }, "geometry": { "type": "LineString", "coordinates": [ [ 117.2883774, 31.8725172 ], [ 117.2883596, 31.8726151 ], [ 117.2882907, 31.8728103 ], [ 117.2881736, 31.8730929 ], [ 117.2878285, 31.8733336 ], [ 117.2874773, 31.8734854 ], [ 117.2869227, 31.8736214 ], [ 117.2865728, 31.8735991 ] ] } },
{ "type": "Feature", "properties": { "id": 216, "u": 765872341, "v": 765872341, "highway": "footway", "name": null, "length": 118.40866433592717 }, "geometry": { "type": "LineString", "coordinates": [ [ 117.2920344, 31.8704616 ], [ 117.292189, 31.8703666 ], [ 117.2924092, 31.8702933 ], [ 117.2924731, 31.8704268 ], [ 117.2923456, 31.8706056 ], [ 117.2921199, 31.8706009 ], [ 117.2920344, 31.8704616 ] ] } },
{ "type": "Feature", "properties": { "id": 217, "u": 765872341, "v": 765872341, "highway": "footway", "name": null, "length": 118.4086643359272 }, "geometry": { "type": "LineString", "coordinates": [ [ 117.2920344, 31.8704616 ], [ 117.2921199, 31.8706009 ], [ 117.2923456, 31.8706056 ], [ 117.2924731, 31.8704268 ], [ 117.2924092, 31.8702933 ], [ 117.292189, 31.8703666 ], [ 117.2920344, 31.8704616 ] ] } },
{ "type": "Feature", "properties": { "id": 19844, "u": 4608972315, "v": 765872344, "highway": "footway", "name": null, "length": 3.6165282064723709 }, "geometry": { "type": "LineString", "coordinates": [ [ 117.2901396, 31.87009 ], [ 117.2901015, 31.8700933 ] ] } },
{ "type": "Feature", "properties": { "id": 209, "u": 765872324, "v": 765872344, "highway": "footway", "name": null, "length": 19.829533818173953 }, "geometry": { "type": "LineString", "coordinates": [ [ 117.2900366, 31.8699237 ], [ 117.2901015, 31.8700933 ] ] } },
{ "type": "Feature", "properties": { "id": 243, "u": 765872406, "v": 765872344, "highway": "footway", "name": null, "length": 177.34320062220709 }, "geometry": { "type": "LineString", "coordinates": [ [ 117.2894716, 31.8714617 ], [ 117.2895654, 31.8712102 ], [ 117.2895699, 31.8710086 ], [ 117.2895027, 31.8707955 ], [ 117.2896416, 31.8704302 ], [ 117.2897984, 31.8702552 ], [ 117.2899642, 31.8701525 ], [ 117.2901015, 31.8700933 ] ] } },
{ "type": "Feature", "properties": { "id": 66042, "u": 13535980913, "v": 765872347, "highway": "tertiary", "name": "银杏路", "length": 14.975549202511404 }, "geometry": { "type": "LineString", "coordinates": [ [ 117.1956998, 31.8225202 ], [ 117.1955413, 31.8225211 ] ] } },
{ "type": "Feature", "properties": { "id": 72345, "u": 13830225628, "v": 765872347, "highway": "primary", "name": "科学大道", "length": 138.69643766755078 }, "geometry": { "type": "LineString", "coordinates": [ [ 117.1957166, 31.8237595 ], [ 117.1955413, 31.8225211 ] ] } },
{ "type": "Feature", "properties": { "id": 72353, "u": 13830225632, "v": 765872347, "highway": "tertiary", "name": "银杏路", "length": 92.374416393069637 }, "geometry": { "type": "LineString", "coordinates": [ [ 117.1945636, 31.8225184 ], [ 117.1955413, 31.8225211 ] ] } },
{ "type": "Feature", "properties": { "id": 211, "u": 765872324, "v": 765872349, "highway": "footway", "name": null, "length": 137.80220255952403 }, "geometry": { "type": "LineString", "coordinates": [ [ 117.2900366, 31.8699237 ], [ 117.2899799, 31.869753 ], [ 117.289902, 31.8694336 ], [ 117.2897545, 31.8687086 ] ] } },
{ "type": "Feature", "properties": { "id": 19855, "u": 4608972342, "v": 765872349, "highway": "footway", "name": null, "length": 80.63724083880598 }, "geometry": { "type": "LineString", "coordinates": [ [ 117.2905902, 31.8686914 ], [ 117.2904393, 31.8686443 ], [ 117.2900942, 31.8686443 ], [ 117.2897545, 31.8687086 ] ] } },
{ "type": "Feature", "properties": { "id": 19863, "u": 4608972351, "v": 765872349, "highway": "footway", "name": null, "length": 29.18268995777785 }, "geometry": { "type": "LineString", "coordinates": [ [ 117.2896877, 31.8684524 ], [ 117.289706, 31.8685324 ], [ 117.2897545, 31.8687086 ] ] } },
{ "type": "Feature", "properties": { "id": 206, "u": 765872317, "v": 765872368, "highway": "footway", "name": null, "length": 42.532451328209845 }, "geometry": { "type": "LineString", "coordinates": [ [ 117.2862403, 31.8725364 ], [ 117.2866515, 31.8726925 ] ] } },
{ "type": "Feature", "properties": { "id": 214, "u": 765872335, "v": 765872368, "highway": "footway", "name": null, "length": 105.69353222155404 }, "geometry": { "type": "LineString", "coordinates": [ [ 117.2865728, 31.8735991 ], [ 117.2866953, 31.8734653 ], [ 117.2866253, 31.8732424 ], [ 117.2866515, 31.8726925 ] ] } },
{ "type": "Feature", "properties": { "id": 62999, "u": 13406995958, "v": 765872368, "highway": "footway", "name": null, "length": 178.41117104152224 }, "geometry": { "type": "LineString", "coordinates": [ [ 117.2883774, 31.8725172 ], [ 117.2881982, 31.8726943 ], [ 117.2878263, 31.8727872 ], [ 117.2874763, 31.8727779 ], [ 117.28717, 31.8726293 ], [ 117.2866515, 31.8726925 ] ] } },
{ "type": "Feature", "properties": { "id": 242, "u": 765872406, "v": 765872389, "highway": "footway", "name": null, "length": 16.727946777720682 }, "geometry": { "type": "LineString", "coordinates": [ [ 117.2894716, 31.8714617 ], [ 117.2893119, 31.8715268 ] ] } },
{ "type": "Feature", "properties": { "id": 19868, "u": 4608972362, "v": 765872389, "highway": "footway", "name": null, "length": 127.39777700831453 }, "geometry": { "type": "LineString", "coordinates": [ [ 117.2894122, 31.8726638 ], [ 117.2893629, 31.8723708 ], [ 117.2893937, 31.8720358 ], [ 117.2893119, 31.8715268 ] ] } },
{ "type": "Feature", "properties": { "id": 19870, "u": 4608972363, "v": 765872389, "highway": "footway", "name": null, "length": 109.54246791647225 }, "geometry": { "type": "LineString", "coordinates": [ [ 117.2888158, 31.8706428 ], [ 117.2891891, 31.8714005 ], [ 117.2893119, 31.8715268 ] ] } },
{ "type": "Feature", "properties": { "id": 62998, "u": 13406995958, "v": 765872389, "highway": "footway", "name": null, "length": 163.43840166491012 }, "geometry": { "type": "LineString", "coordinates": [ [ 117.2883774, 31.8725172 ], [ 117.2888654, 31.8720348 ], [ 117.2889311, 31.871849 ], [ 117.2888545, 31.8716168 ], [ 117.2892155, 31.8715457 ], [ 117.2893119, 31.8715268 ] ] } },
{ "type": "Feature", "properties": { "id": 19841, "u": 4608972310, "v": 765872394, "highway": "footway", "name": null, "length": 9.5515068689793807 }, "geometry": { "type": "LineString", "coordinates": [ [ 117.2896284, 31.8678836 ], [ 117.2895278, 31.8678925 ] ] } },
{ "type": "Feature", "properties": { "id": 19862, "u": 4608972351, "v": 765872394, "highway": "footway", "name": null, "length": 64.098231725254763 }, "geometry": { "type": "LineString", "coordinates": [ [ 117.2896877, 31.8684524 ], [ 117.2896598, 31.8683768 ], [ 117.289632, 31.8682541 ], [ 117.2895784, 31.8680694 ], [ 117.2895278, 31.8678925 ] ] } },
{ "type": "Feature", "properties": { "id": 62866, "u": 13399481923, "v": 765872394, "highway": "footway", "name": null, "length": 107.82457242518278 }, "geometry": { "type": "LineString", "coordinates": [ [ 117.2884112, 31.868095 ], [ 117.2885569, 31.8680666 ], [ 117.2895278, 31.8678925 ] ] } },
{ "type": "Feature", "properties": { "id": 218, "u": 765872341, "v": 765872396, "highway": "footway", "name": null, "length": 78.388520702862806 }, "geometry": { "type": "LineString", "coordinates": [ [ 117.2920344, 31.8704616 ], [ 117.2919795, 31.8704775 ], [ 117.2912643, 31.8705298 ], [ 117.2912102, 31.8705333 ] ] } },
{ "type": "Feature", "properties": { "id": 19837, "u": 4608963499, "v": 765872396, "highway": "footway", "name": null, "length": 78.050430370856134 }, "geometry": { "type": "LineString", "coordinates": [ [ 117.2905711, 31.8701776 ], [ 117.2907569, 31.8702157 ], [ 117.2909595, 31.8703578 ], [ 117.2911959, 31.8704314 ], [ 117.2912102, 31.8705333 ] ] } },
{ "type": "Feature", "properties": { "id": 19865, "u": 4608972359, "v": 765872406, "highway": "footway", "name": null, "length": 42.408761282481137 }, "geometry": { "type": "LineString", "coordinates": [ [ 117.2895917, 31.8718292 ], [ 117.2894716, 31.8714617 ] ] } },
{ "type": "Feature", "properties": { "id": 31478, "u": 6433558290, "v": 940560819, "highway": "motorway", "name": "合肥绕城高速", "length": 2849.8725122329956 }, "geometry": { "type": "LineString", "coordinates": [ [ 117.3340857, 31.8045957 ], [ 117.3324202, 31.8044166 ], [ 117.3273038, 31.8038377 ], [ 117.3201586, 31.8027633 ], [ 117.3177618, 31.802307 ], [ 117.3166123, 31.8020882 ], [ 117.3121411, 31.8010941 ], [ 117.3087723, 31.8004539 ], [ 117.3054291, 31.7999403 ], [ 117.3044859, 31.799812 ] ] } },
{ "type": "Feature", "properties": { "id": 25936, "u": 5009266238, "v": 1015083206, "highway": "primary_link", "name": "寿春路", "length": 86.40989100973708 }, "geometry": { "type": "LineString", "coordinates": [ [ 117.2728217, 31.8710238 ], [ 117.2735379, 31.8708545 ], [ 117.2737034, 31.8708159 ] ] } },
{ "type": "Feature", "properties": { "id": 30003, "u": 5434517928, "v": 1015083206, "highway": "residential", "name": null, "length": 263.29567269749327 }, "geometry": { "type": "LineString", "coordinates": [ [ 117.2743741, 31.8686001 ], [ 117.2744871, 31.8688941 ], [ 117.2744639, 31.8690321 ], [ 117.2743947, 31.8692448 ], [ 117.2742989, 31.8693999 ], [ 117.2740941, 31.8696172 ], [ 117.2738468, 31.8702705 ], [ 117.2737034, 31.8708159 ] ] } },
{ "type": "Feature", "properties": { "id": 11845, "u": 3314293878, "v": 1017300233, "highway": "secondary", "name": "丹霞路", "length": 21.183285754633015 }, "geometry": { "type": "LineString", "coordinates": [ [ 117.2042586, 31.7769792 ], [ 117.2044824, 31.7769694 ] ] } },
{ "type": "Feature", "properties": { "id": 35617, "u": 7277486517, "v": 1017300233, "highway": "primary", "name": "翡翠路", "length": 758.64641576919917 }, "geometry": { "type": "LineString", "coordinates": [ [ 117.2026113, 31.7704171 ], [ 117.2030496, 31.7711707 ], [ 117.2031349, 31.7713405 ], [ 117.2034734, 31.7720144 ], [ 117.2036852, 31.7725392 ], [ 117.2037899, 31.7727988 ], [ 117.2040903, 31.773606 ], [ 117.2044229, 31.775225 ], [ 117.2044305, 31.7753711 ], [ 117.2044824, 31.7769694 ] ] } },
{ "type": "Feature", "properties": { "id": 39580, "u": 7890992124, "v": 1017318433, "highway": "tertiary", "name": "合掌路", "length": 647.5201877313948 }, "geometry": { "type": "LineString", "coordinates": [ [ 117.2124376, 31.7582924 ], [ 117.2108119, 31.7562532 ], [ 117.2086083, 31.7534645 ] ] } },
{ "type": "Feature", "properties": { "id": 39683, "u": 7899630466, "v": 1017318433, "highway": "tertiary", "name": "紫蓬路", "length": 443.53200363835475 }, "geometry": { "type": "LineString", "coordinates": [ [ 117.2122426, 31.7509426 ], [ 117.2115017, 31.7514568 ], [ 117.2086083, 31.7534645 ] ] } },
{ "type": "Feature", "properties": { "id": 39717, "u": 7899835178, "v": 1017318433, "highway": "tertiary", "name": "合掌路", "length": 287.40854607468839 }, "geometry": { "type": "LineString", "coordinates": [ [ 117.2069104, 31.7513206 ], [ 117.2086083, 31.7534645 ] ] } },
{ "type": "Feature", "properties": { "id": 39746, "u": 7899844029, "v": 1017318433, "highway": "tertiary", "name": "紫蓬路", "length": 329.00011266514264 }, "geometry": { "type": "LineString", "coordinates": [ [ 117.2059596, 31.7553833 ], [ 117.2067462, 31.7548134 ], [ 117.2074347, 31.7543147 ], [ 117.2078802, 31.7539919 ], [ 117.2086083, 31.7534645 ] ] } },
{ "type": "Feature", "properties": { "id": 39677, "u": 7899630445, "v": 1017318465, "highway": "primary", "name": "蓬莱路", "length": 858.64940201552497 }, "geometry": { "type": "LineString", "coordinates": [ [ 117.2084762, 31.7438921 ], [ 117.2098311, 31.7464236 ], [ 117.2112228, 31.7489414 ], [ 117.2123232, 31.7508866 ] ] } },
{ "type": "Feature", "properties": { "id": 39682, "u": 7899630466, "v": 1017318465, "highway": "tertiary", "name": "紫蓬路", "length": 9.8414986484289013 }, "geometry": { "type": "LineString", "coordinates": [ [ 117.2122426, 31.7509426 ], [ 117.2123232, 31.7508866 ] ] } },
{ "type": "Feature", "properties": { "id": 45206, "u": 9251657317, "v": 1017318465, "highway": "tertiary", "name": "紫蓬路", "length": 20.641670861114576 }, "geometry": { "type": "LineString", "coordinates": [ [ 117.2124924, 31.7507693 ], [ 117.2123232, 31.7508866 ] ] } },
{ "type": "Feature", "properties": { "id": 2394, "u": 2062611642, "v": 1017318466, "highway": "service", "name": null, "length": 235.81887122497864 }, "geometry": { "type": "LineString", "coordinates": [ [ 117.2353498, 31.7570811 ], [ 117.2358935, 31.7569144 ], [ 117.236079, 31.7568425 ], [ 117.2361897, 31.7567892 ], [ 117.2363311, 31.7567066 ], [ 117.2364579, 31.756617 ], [ 117.2366188, 31.7564597 ], [ 117.2367704, 31.7562316 ], [ 117.2368871, 31.7559032 ], [ 117.2369233, 31.7556569 ] ] } },
{ "type": "Feature", "properties": { "id": 39576, "u": 7890992116, "v": 1017318466, "highway": "primary", "name": "锦绣大道", "length": 298.50813969420318 }, "geometry": { "type": "LineString", "coordinates": [ [ 117.2400804, 31.7556751 ], [ 117.2369233, 31.7556569 ] ] } },
{ "type": "Feature", "properties": { "id": 39659, "u": 7899630404, "v": 1017318472, "highway": "tertiary", "name": "紫蓬路", "length": 9.620062895680535 }, "geometry": { "type": "LineString", "coordinates": [ [ 117.2048896, 31.7561584 ], [ 117.2048102, 31.7562125 ] ] } },
{ "type": "Feature", "properties": { "id": 66298, "u": 13585220038, "v": 1017318472, "highway": "tertiary", "name": "紫蓬路", "length": 525.00061366742182 }, "geometry": { "type": "LineString", "coordinates": [ [ 117.2005754, 31.7592645 ], [ 117.2006763, 31.7591694 ], [ 117.2017941, 31.7583556 ], [ 117.2048102, 31.7562125 ] ] } },
{ "type": "Feature", "properties": { "id": 66454, "u": 13612085500, "v": 1017318472, "highway": "primary", "name": "青龙潭路", "length": 302.60063897418416 }, "geometry": { "type": "LineString", "coordinates": [ [ 117.2070714, 31.7581384 ], [ 117.2048102, 31.7562125 ] ] } },
{ "type": "Feature", "properties": { "id": 3147, "u": 2269420299, "v": 1017318513, "highway": "tertiary", "name": "紫蓬路", "length": 257.58046960388305 }, "geometry": { "type": "LineString", "coordinates": [ [ 117.220494, 31.7493151 ], [ 117.2177699, 31.7493077 ] ] } },
{ "type": "Feature", "properties": { "id": 14042, "u": 3591844853, "v": 1017318513, "highway": "residential", "name": null, "length": 98.697820494176781 }, "geometry": { "type": "LineString", "coordinates": [ [ 117.2177535, 31.7484202 ], [ 117.2177669, 31.7491478 ], [ 117.2177699, 31.7493077 ] ] } },
{ "type": "Feature", "properties": { "id": 45207, "u": 9251657317, "v": 1017318513, "highway": "tertiary", "name": "紫蓬路", "length": 545.14271042528856 }, "geometry": { "type": "LineString", "coordinates": [ [ 117.2124924, 31.7507693 ], [ 117.2131032, 31.7503457 ], [ 117.2132216, 31.7502636 ], [ 117.2136061, 31.7499969 ], [ 117.2137074, 31.7499565 ], [ 117.2150626, 31.7494159 ], [ 117.2154483, 31.7493476 ], [ 117.2159156, 31.749297 ], [ 117.2177699, 31.7493077 ] ] } },
{ "type": "Feature", "properties": { "id": 10447, "u": 3290374533, "v": 1017318525, "highway": "tertiary", "name": "松谷路", "length": 11.98681583197637 }, "geometry": { "type": "LineString", "coordinates": [ [ 117.2198461, 31.7870001 ], [ 117.2199241, 31.7870851 ] ] } },
{ "type": "Feature", "properties": { "id": 90820, "u": 14021201125, "v": 1017318525, "highway": "secondary", "name": "芙蓉路", "length": 167.53981775522396 }, "geometry": { "type": "LineString", "coordinates": [ [ 117.2212963, 31.7861313 ], [ 117.2206138, 31.7866057 ], [ 117.2199241, 31.7870851 ] ] } },
{ "type": "Feature", "properties": { "id": 90838, "u": 14021201166, "v": 1017318525, "highway": "service", "name": null, "length": 25.480207873669663 }, "geometry": { "type": "LineString", "coordinates": [ [ 117.2200956, 31.7872619 ], [ 117.2199241, 31.7870851 ] ] } },
{ "type": "Feature", "properties": { "id": 66435, "u": 13612085460, "v": 1017326084, "highway": "tertiary", "name": "石门路", "length": 347.06355056030628 }, "geometry": { "type": "LineString", "coordinates": [ [ 117.2161816, 31.7779434 ], [ 117.2150679, 31.7787497 ], [ 117.2133801, 31.7799609 ] ] } },
{ "type": "Feature", "properties": { "id": 91104, "u": 14027861283, "v": 1017326084, "highway": "tertiary", "name": "松谷路", "length": 176.47853535308479 }, "geometry": { "type": "LineString", "coordinates": [ [ 117.2145098, 31.7812245 ], [ 117.2133801, 31.7799609 ] ] } },
{ "type": "Feature", "properties": { "id": 91158, "u": 14028173920, "v": 1017326084, "highway": "tertiary", "name": "松谷路", "length": 121.82648167157305 }, "geometry": { "type": "LineString", "coordinates": [ [ 117.2126267, 31.7790909 ], [ 117.2133152, 31.7797681 ], [ 117.2133801, 31.7799609 ] ] } },
{ "type": "Feature", "properties": { "id": 91163, "u": 14028173924, "v": 1017326084, "highway": "tertiary", "name": "石门路", "length": 121.12258091320565 }, "geometry": { "type": "LineString", "coordinates": [ [ 117.2123879, 31.7806502 ], [ 117.2133801, 31.7799609 ] ] } },
{ "type": "Feature", "properties": { "id": 26232, "u": 5010811300, "v": 1017326086, "highway": "tertiary", "name": "莲蕊路", "length": 8.662194309521368 }, "geometry": { "type": "LineString", "coordinates": [ [ 117.1948194, 31.7798783 ], [ 117.1949109, 31.7798826 ] ] } },
{ "type": "Feature", "properties": { "id": 45322, "u": 9251693438, "v": 1017326086, "highway": "tertiary", "name": "松林路", "length": 21.133076409845533 }, "geometry": { "type": "LineString", "coordinates": [ [ 117.1949199, 31.7796927 ], [ 117.1949109, 31.7798826 ] ] } },
{ "type": "Feature", "properties": { "id": 88603, "u": 14001901324, "v": 1017326086, "highway": "tertiary", "name": "莲蕊路", "length": 99.327618757580694 }, "geometry": { "type": "LineString", "coordinates": [ [ 117.1959617, 31.779878 ], [ 117.1949109, 31.7798826 ] ] } },
{ "type": "Feature", "properties": { "id": 40163, "u": 8108574462, "v": 1017326087, "highway": "tertiary", "name": "翠微路", "length": 35.042493694387232 }, "geometry": { "type": "LineString", "coordinates": [ [ 117.1904928, 31.7869484 ], [ 117.1901221, 31.7869537 ] ] } },
{ "type": "Feature", "properties": { "id": 87610, "u": 13998867028, "v": 1017326087, "highway": "tertiary", "name": "翠微路", "length": 61.420228621303131 }, "geometry": { "type": "LineString", "coordinates": [ [ 117.1894723, 31.7869591 ], [ 117.1901221, 31.7869537 ] ] } },
{ "type": "Feature", "properties": { "id": 87790, "u": 13998997110, "v": 1017326087, "highway": "tertiary", "name": "云外路", "length": 95.757627658147072 }, "geometry": { "type": "LineString", "coordinates": [ [ 117.1901421, 31.7860927 ], [ 117.1901221, 31.7869537 ] ] } },
{ "type": "Feature", "properties": { "id": 2395, "u": 2062611643, "v": 1017326088, "highway": "secondary", "name": "始信路", "length": 611.355028950063 }, "geometry": { "type": "LineString", "coordinates": [ [ 117.244824, 31.7782182 ], [ 117.2447993, 31.7727202 ] ] } },
{ "type": "Feature", "properties": { "id": 21191, "u": 4692371016, "v": 1017326088, "highway": "tertiary", "name": "石门路", "length": 12.960306596736677 }, "geometry": { "type": "LineString", "coordinates": [ [ 117.2449364, 31.7727202 ], [ 117.2447993, 31.7727202 ] ] } },
{ "type": "Feature", "properties": { "id": 39522, "u": 7890992058, "v": 1017326088, "highway": "tertiary", "name": "石门路", "length": 892.36116809846544 }, "geometry": { "type": "LineString", "coordinates": [ [ 117.2353595, 31.7727244 ], [ 117.2447993, 31.7727202 ] ] } },
{ "type": "Feature", "properties": { "id": 26243, "u": 5010812724, "v": 1017326089, "highway": "tertiary", "name": "石门路", "length": 6.7985151069118661 }, "geometry": { "type": "LineString", "coordinates": [ [ 117.1949079, 31.7815388 ], [ 117.194836, 31.7815372 ] ] } },
{ "type": "Feature", "properties": { "id": 88502, "u": 14001901152, "v": 1017326089, "highway": "tertiary", "name": "石门路", "length": 217.4858318749184 }, "geometry": { "type": "LineString", "coordinates": [ [ 117.1925352, 31.7815206 ], [ 117.194836, 31.7815372 ] ] } },
{ "type": "Feature", "properties": { "id": 88531, "u": 14001901183, "v": 1017326089, "highway": "tertiary", "name": "松林路", "length": 124.06036787391947 }, "geometry": { "type": "LineString", "coordinates": [ [ 117.1948354, 31.7826529 ], [ 117.194836, 31.7815372 ] ] } },
{ "type": "Feature", "properties": { "id": 26237, "u": 5010811315, "v": 1017326092, "highway": "tertiary", "name": "松林路", "length": 9.020726645566965 }, "geometry": { "type": "LineString", "coordinates": [ [ 117.1939603, 31.7778089 ], [ 117.1938962, 31.7777488 ] ] } },
{ "type": "Feature", "properties": { "id": 306, "u": 1017326126, "v": 1017326093, "highway": "tertiary", "name": "翠微路", "length": 146.8972579805266 }, "geometry": { "type": "LineString", "coordinates": [ [ 117.213221, 31.7869494 ], [ 117.2116669, 31.7869356 ] ] } },
{ "type": "Feature", "properties": { "id": 90924, "u": 14021795719, "v": 1017326093, "highway": "tertiary", "name": "翠微路", "length": 124.4675928316842 }, "geometry": { "type": "LineString", "coordinates": [ [ 117.2103501, 31.7869235 ], [ 117.2104971, 31.7869249 ], [ 117.2116669, 31.7869356 ] ] } },
{ "type": "Feature", "properties": { "id": 90965, "u": 14021795994, "v": 1017326093, "highway": "residential", "name": null, "length": 55.603401232487791 }, "geometry": { "type": "LineString", "coordinates": [ [ 117.2116482, 31.7874354 ], [ 117.2116669, 31.7869356 ] ] } },
{ "type": "Feature", "properties": { "id": 39653, "u": 7899630390, "v": 1017326102, "highway": "tertiary", "name": "石门路", "length": 7.5335194957849234 }, "geometry": { "type": "LineString", "coordinates": [ [ 117.2195528, 31.7755138 ], [ 117.2194918, 31.7755574 ] ] } },
{ "type": "Feature", "properties": { "id": 66446, "u": 13612085463, "v": 1017326102, "highway": "tertiary", "name": "石门路", "length": 350.29446479334018 }, "geometry": { "type": "LineString", "coordinates": [ [ 117.2166644, 31.7775938 ], [ 117.216693, 31.7775731 ], [ 117.2176677, 31.7768711 ], [ 117.2194918, 31.7755574 ] ] } },
{ "type": "Feature", "properties": { "id": 39539, "u": 7890992066, "v": 1017326106, "highway": "tertiary", "name": "石门路", "length": 443.82989434661454 }, "geometry": { "type": "LineString", "coordinates": [ [ 117.2352705, 31.7727247 ], [ 117.2322436, 31.7727346 ], [ 117.2305755, 31.77274 ] ] } },
{ "type": "Feature", "properties": { "id": 40070, "u": 8098352917, "v": 1017326106, "highway": "tertiary", "name": "佛掌路", "length": 599.71990088509187 }, "geometry": { "type": "LineString", "coordinates": [ [ 117.2305822, 31.7673466 ], [ 117.2305809, 31.7683949 ], [ 117.2305794, 31.7695977 ], [ 117.2305787, 31.7701438 ], [ 117.2305786, 31.7701936 ], [ 117.230578, 31.7707521 ], [ 117.2305772, 31.7713881 ], [ 117.2305755, 31.77274 ] ] } },
{ "type": "Feature", "properties": { "id": 85361, "u": 13991485013, "v": 1017326106, "highway": "tertiary", "name": "石门路", "length": 221.67015311164329 }, "geometry": { "type": "LineString", "coordinates": [ [ 117.2282306, 31.7727303 ], [ 117.2283354, 31.7727307 ], [ 117.2289533, 31.7727332 ], [ 117.2305755, 31.77274 ] ] } },
{ "type": "Feature", "properties": { "id": 85381, "u": 13991485021, "v": 1017326106, "highway": "tertiary", "name": "佛掌路", "length": 287.07064844631174 }, "geometry": { "type": "LineString", "coordinates": [ [ 117.2306206, 31.7753214 ], [ 117.2305755, 31.77274 ] ] } },
{ "type": "Feature", "properties": { "id": 548, "u": 1030358920, "v": 1017326116, "highway": "tertiary", "name": "松林路", "length": 171.008022820598 }, "geometry": { "type": "LineString", "coordinates": [ [ 117.1948625, 31.7884681 ], [ 117.194869, 31.7869302 ] ] } },
{ "type": "Feature", "properties": { "id": 26250, "u": 5010812728, "v": 1017326116, "highway": "tertiary", "name": "翠微路", "length": 9.1492768371352575 }, "geometry": { "type": "LineString", "coordinates": [ [ 117.1949658, 31.7869301 ], [ 117.194869, 31.7869302 ] ] } },
{ "type": "Feature", "properties": { "id": 40175, "u": 8108574486, "v": 1017326116, "highway": "tertiary", "name": "翠微路", "length": 147.70216077371998 }, "geometry": { "type": "LineString", "coordinates": [ [ 117.1933063, 31.7869313 ], [ 117.194869, 31.7869302 ] ] } },
{ "type": "Feature", "properties": { "id": 10393, "u": 3290374433, "v": 1017326119, "highway": "tertiary", "name": "石门路", "length": 16.288011078275037 }, "geometry": { "type": "LineString", "coordinates": [ [ 117.2259617, 31.7727208 ], [ 117.2257894, 31.7727201 ] ] } },
{ "type": "Feature", "properties": { "id": 10405, "u": 3290374457, "v": 1017326119, "highway": "primary", "name": "莲花路", "length": 615.60618973805413 }, "geometry": { "type": "LineString", "coordinates": [ [ 117.2257749, 31.778256 ], [ 117.2257604, 31.7780104 ], [ 117.2257639, 31.7770707 ], [ 117.2257699, 31.7754922 ], [ 117.2257709, 31.7753554 ], [ 117.2257761, 31.7746171 ], [ 117.2257894, 31.7727201 ] ] } },
{ "type": "Feature", "properties": { "id": 67119, "u": 13722527322, "v": 1017326119, "highway": "tertiary", "name": "石门路", "length": 183.17398492635849 }, "geometry": { "type": "LineString", "coordinates": [ [ 117.2238637, 31.7728531 ], [ 117.2240454, 31.7728078 ], [ 117.2241093, 31.7727937 ], [ 117.2257894, 31.7727201 ] ] } },
{ "type": "Feature", "properties": { "id": 112, "u": 267120607, "v": 1017326121, "highway": "secondary", "name": "芙蓉路", "length": 256.23875902508541 }, "geometry": { "type": "LineString", "coordinates": [ [ 117.1873354, 31.7889779 ], [ 117.1868461, 31.7883912 ], [ 117.1859609, 31.7869959 ] ] } },
{ "type": "Feature", "properties": { "id": 10445, "u": 3290374532, "v": 1017326121, "highway": "tertiary", "name": "翠微路", "length": 26.155177282596703 }, "geometry": { "type": "LineString", "coordinates": [ [ 117.1862376, 31.7869928 ], [ 117.1859609, 31.7869959 ] ] } },
{ "type": "Feature", "properties": { "id": 513, "u": 1030357914, "v": 1017326122, "highway": "secondary", "name": "芙蓉路", "length": 164.54771242335593 }, "geometry": { "type": "LineString", "coordinates": [ [ 117.201391, 31.7909085 ], [ 117.19965, 31.7909059 ] ] } },
{ "type": "Feature", "properties": { "id": 9962, "u": 3284880034, "v": 1017326122, "highway": "tertiary", "name": "石鼓路", "length": 23.798047089648705 }, "geometry": { "type": "LineString", "coordinates": [ [ 117.1996465, 31.7906919 ], [ 117.19965, 31.7909059 ] ] } },
{ "type": "Feature", "properties": { "id": 87037, "u": 13996705626, "v": 1017326122, "highway": "residential", "name": null, "length": 56.635091466342494 }, "geometry": { "type": "LineString", "coordinates": [ [ 117.1996566, 31.7914152 ], [ 117.19965, 31.7909059 ] ] } },
{ "type": "Feature", "properties": { "id": 285, "u": 1017326093, "v": 1017326126, "highway": "tertiary", "name": "翠微路", "length": 146.8972579805266 }, "geometry": { "type": "LineString", "coordinates": [ [ 117.2116669, 31.7869356 ], [ 117.213221, 31.7869494 ] ] } },
{ "type": "Feature", "properties": { "id": 90875, "u": 14021256660, "v": 1017326126, "highway": "tertiary", "name": "翠微路", "length": 520.5302492472382 }, "geometry": { "type": "LineString", "coordinates": [ [ 117.217969, 31.7849522 ], [ 117.2174271, 31.785329 ], [ 117.2166243, 31.7859004 ], [ 117.216199, 31.7861879 ], [ 117.2160232, 31.7863204 ], [ 117.2158049, 31.7864602 ], [ 117.2156546, 31.786559 ], [ 117.2154819, 31.7866531 ], [ 117.2151075, 31.7867936 ], [ 117.2146055, 31.7869036 ], [ 117.213221, 31.7869494 ] ] } },
{ "type": "Feature", "properties": { "id": 90994, "u": 14021796045, "v": 1017326126, "highway": "secondary", "name": "怀宁南路", "length": 207.65720644638657 }, "geometry": { "type": "LineString", "coordinates": [ [ 117.2134985, 31.7887786 ], [ 117.2133808, 31.7885554 ], [ 117.2132336, 31.7880995 ], [ 117.2132327, 31.7880138 ], [ 117.213221, 31.7869494 ] ] } },
{ "type": "Feature", "properties": { "id": 10441, "u": 3290374531, "v": 1017326128, "highway": "tertiary", "name": "翠微路", "length": 22.968672921580275 }, "geometry": { "type": "LineString", "coordinates": [ [ 117.20425, 31.7868957 ], [ 117.204493, 31.7868938 ] ] } },
{ "type": "Feature", "properties": { "id": 13919, "u": 3591657561, "v": 1017326128, "highway": "tertiary", "name": "翠微路", "length": 192.71252936769608 }, "geometry": { "type": "LineString", "coordinates": [ [ 117.2065319, 31.7869 ], [ 117.204493, 31.7868938 ] ] } },
{ "type": "Feature", "properties": { "id": 51963, "u": 11106112483, "v": 1017326128, "highway": "primary", "name": "翡翠路", "length": 291.12900414055281 }, "geometry": { "type": "LineString", "coordinates": [ [ 117.2045139, 31.7842757 ], [ 117.2045144, 31.7848808 ], [ 117.204493, 31.7868938 ] ] } },
{ "type": "Feature", "properties": { "id": 88417, "u": 14001618917, "v": 1017326130, "highway": "tertiary", "name": "松林路", "length": 148.66570529069762 }, "geometry": { "type": "LineString", "coordinates": [ [ 117.194033, 31.7777049 ], [ 117.1943372, 31.7779924 ], [ 117.1946577, 31.7784429 ], [ 117.1948347, 31.7788391 ] ] } },
{ "type": "Feature", "properties": { "id": 88719, "u": 14001934911, "v": 1017326130, "highway": "tertiary", "name": "石柱路", "length": 12.477413700949088 }, "geometry": { "type": "LineString", "coordinates": [ [ 117.1949667, 31.7788388 ], [ 117.1948347, 31.7788391 ] ] } },
{ "type": "Feature", "properties": { "id": 756, "u": 1036753995, "v": 1017326132, "highway": "tertiary", "name": "棋枰路", "length": 139.20827050714325 }, "geometry": { "type": "LineString", "coordinates": [ [ 117.1969692, 31.7827892 ], [ 117.1969593, 31.7815373 ] ] } },
{ "type": "Feature", "properties": { "id": 12139, "u": 3315846982, "v": 1017326132, "highway": "tertiary", "name": "石门路", "length": 177.22212373546202 }, "geometry": { "type": "LineString", "coordinates": [ [ 117.1988342, 31.781531 ], [ 117.1969593, 31.7815373 ] ] } },
{ "type": "Feature", "properties": { "id": 88590, "u": 14001901318, "v": 1017326132, "highway": "tertiary", "name": "石门路", "length": 106.65948930189676 }, "geometry": { "type": "LineString", "coordinates": [ [ 117.1958309, 31.7815372 ], [ 117.1969593, 31.7815373 ] ] } },
{ "type": "Feature", "properties": { "id": 88595, "u": 14001901322, "v": 1017326132, "highway": "tertiary", "name": "棋枰路", "length": 98.01870740045338 }, "geometry": { "type": "LineString", "coordinates": [ [ 117.1969616, 31.7806558 ], [ 117.1969593, 31.7815373 ] ] } },
{ "type": "Feature", "properties": { "id": 39654, "u": 7899630390, "v": 1017326135, "highway": "tertiary", "name": "石门路", "length": 276.45318065916246 }, "geometry": { "type": "LineString", "coordinates": [ [ 117.2195528, 31.7755138 ], [ 117.2214769, 31.7741389 ], [ 117.2218066, 31.7739303 ] ] } },
{ "type": "Feature", "properties": { "id": 61407, "u": 13149663246, "v": 1017326135, "highway": "tertiary", "name": null, "length": 225.4254253429703 }, "geometry": { "type": "LineString", "coordinates": [ [ 117.2204572, 31.7722588 ], [ 117.2218066, 31.7739303 ] ] } },
{ "type": "Feature", "properties": { "id": 67118, "u": 13722527322, "v": 1017326135, "highway": "tertiary", "name": "石门路", "length": 230.62645587044429 }, "geometry": { "type": "LineString", "coordinates": [ [ 117.2238637, 31.7728531 ], [ 117.2233594, 31.7729787 ], [ 117.2218066, 31.7739303 ] ] } },
{ "type": "Feature", "properties": { "id": 679, "u": 1036675656, "v": 1017326136, "highway": "tertiary", "name": "叠嶂路", "length": 255.10278451458271 }, "geometry": { "type": "LineString", "coordinates": [ [ 117.2091201, 31.7792188 ], [ 117.2090771, 31.7815127 ] ] } },
{ "type": "Feature", "properties": { "id": 40093, "u": 8098395448, "v": 1017326136, "highway": "tertiary", "name": "叠嶂路", "length": 93.237082015019482 }, "geometry": { "type": "LineString", "coordinates": [ [ 117.2090774, 31.7823512 ], [ 117.2090771, 31.7815127 ] ] } },
{ "type": "Feature", "properties": { "id": 91062, "u": 14027827613, "v": 1017326136, "highway": "tertiary", "name": "石门路", "length": 109.34400955838011 }, "geometry": { "type": "LineString", "coordinates": [ [ 117.2079203, 31.7815136 ], [ 117.2090771, 31.7815127 ] ] } },
{ "type": "Feature", "properties": { "id": 91164, "u": 14028173924, "v": 1017326136, "highway": "tertiary", "name": "石门路", "length": 341.93078355920591 }, "geometry": { "type": "LineString", "coordinates": [ [ 117.2123879, 31.7806502 ], [ 117.2123, 31.7807113 ], [ 117.2116664, 31.7811459 ], [ 117.2114235, 31.7812854 ], [ 117.2112551, 31.7813563 ], [ 117.2111511, 31.7813928 ], [ 117.2110099, 31.7814454 ], [ 117.2108645, 31.7814792 ], [ 117.2107457, 31.7815005 ], [ 117.210581, 31.7815177 ], [ 117.2101396, 31.7815174 ], [ 117.2090771, 31.7815127 ] ] } },
{ "type": "Feature", "properties": { "id": 3326, "u": 2533652922, "v": 1017326144, "highway": "tertiary", "name": "石门路", "length": 23.811285344685835 }, "geometry": { "type": "LineString", "coordinates": [ [ 117.2042456, 31.7815311 ], [ 117.2044969, 31.7815162 ] ] } },
{ "type": "Feature", "properties": { "id": 40090, "u": 8098395437, "v": 1017326144, "highway": "tertiary", "name": "石门路", "length": 115.98895582968724 }, "geometry": { "type": "LineString", "coordinates": [ [ 117.205724, 31.7815153 ], [ 117.2044969, 31.7815162 ] ] } },
{ "type": "Feature", "properties": { "id": 91167, "u": 14028301078, "v": 1017326144, "highway": "primary", "name": "翡翠路", "length": 105.5355858302719 }, "geometry": { "type": "LineString", "coordinates": [ [ 117.2044997, 31.7805671 ], [ 117.2044969, 31.7815162 ] ] } },
{ "type": "Feature", "properties": { "id": 333, "u": 1017561309, "v": 1017561307, "highway": [ "service", "footway" ], "name": null, "length": 514.44518527666082 }, "geometry": { "type": "LineString", "coordinates": [ [ 117.1858141, 31.768709 ], [ 117.1862477, 31.7687258 ], [ 117.186429, 31.7687425 ], [ 117.1866892, 31.7688096 ], [ 117.1868981, 31.7688833 ], [ 117.1870635, 31.7689778 ], [ 117.1872766, 31.7691213 ], [ 117.187722, 31.769557 ], [ 117.1878963, 31.7697523 ], [ 117.1880413, 31.7698921 ], [ 117.1882779, 31.7700664 ], [ 117.1884589, 31.7701573 ], [ 117.1886797, 31.7702485 ], [ 117.1889609, 31.7703209 ], [ 117.1891507, 31.7703447 ], [ 117.1893856, 31.7703412 ], [ 117.1897088, 31.7703144 ], [ 117.1898074, 31.7702876 ], [ 117.1899769, 31.7702474 ], [ 117.1905458, 31.7701704 ] ] } },
{ "type": "Feature", "properties": { "id": 28627, "u": 5237667272, "v": 1017561307, "highway": "service", "name": null, "length": 606.4202866555288 }, "geometry": { "type": "LineString", "coordinates": [ [ 117.1944458, 31.7661197 ], [ 117.1943766, 31.7661706 ], [ 117.1941263, 31.7664062 ], [ 117.1940117, 31.7665319 ], [ 117.1939288, 31.7666786 ], [ 117.1938853, 31.7667397 ], [ 117.1937717, 31.7668244 ], [ 117.193614, 31.766925 ], [ 117.1933562, 31.7670455 ], [ 117.1928877, 31.7671512 ], [ 117.1927211, 31.7672277 ], [ 117.1925923, 31.7673059 ], [ 117.1924549, 31.7674342 ], [ 117.1923921, 31.7675494 ], [ 117.1922409, 31.7680683 ], [ 117.1919576, 31.7686535 ], [ 117.1917267, 31.7689714 ], [ 117.1914282, 31.7692554 ], [ 117.1910833, 31.7695277 ], [ 117.1906514, 31.7700324 ], [ 117.1905458, 31.7701704 ] ] } },
{ "type": "Feature", "properties": { "id": 62964, "u": 13404511427, "v": 1017561307, "highway": "service", "name": null, "length": 135.54209510944514 }, "geometry": { "type": "LineString", "coordinates": [ [ 117.1903759, 31.7713707 ], [ 117.1903754, 31.7713153 ], [ 117.1903744, 31.771207 ], [ 117.1903675, 31.7708903 ], [ 117.1904013, 31.7706012 ], [ 117.1905458, 31.7701704 ] ] } },
{ "type": "Feature", "properties": { "id": 330, "u": 1017561307, "v": 1017561309, "highway": [ "service", "footway" ], "name": null, "length": 514.44518527666082 }, "geometry": { "type": "LineString", "coordinates": [ [ 117.1905458, 31.7701704 ], [ 117.1899769, 31.7702474 ], [ 117.1898074, 31.7702876 ], [ 117.1897088, 31.7703144 ], [ 117.1893856, 31.7703412 ], [ 117.1891507, 31.7703447 ], [ 117.1889609, 31.7703209 ], [ 117.1886797, 31.7702485 ], [ 117.1884589, 31.7701573 ], [ 117.1882779, 31.7700664 ], [ 117.1880413, 31.7698921 ], [ 117.1878963, 31.7697523 ], [ 117.187722, 31.769557 ], [ 117.1872766, 31.7691213 ], [ 117.1870635, 31.7689778 ], [ 117.1868981, 31.7688833 ], [ 117.1866892, 31.7688096 ], [ 117.186429, 31.7687425 ], [ 117.1862477, 31.7687258 ], [ 117.1858141, 31.768709 ] ] } },
{ "type": "Feature", "properties": { "id": 336, "u": 1017561318, "v": 1017561309, "highway": "service", "name": null, "length": 154.19562157862225 }, "geometry": { "type": "LineString", "coordinates": [ [ 117.1846925, 31.7686998 ], [ 117.1847145, 31.7688141 ], [ 117.1847653, 31.7689065 ], [ 117.1848803, 31.7690014 ], [ 117.1850122, 31.7690664 ], [ 117.1851502, 31.7690981 ], [ 117.1852104, 31.7691095 ], [ 117.1852647, 31.7691135 ], [ 117.1854194, 31.7690909 ], [ 117.1855224, 31.7690577 ], [ 117.1855912, 31.7690245 ], [ 117.185675, 31.7689694 ], [ 117.185776, 31.7688779 ], [ 117.1858001, 31.768815 ], [ 117.1858141, 31.768709 ] ] } },
{ "type": "Feature", "properties": { "id": 337, "u": 1017561318, "v": 1017561309, "highway": "service", "name": null, "length": 149.11465252125794 }, "geometry": { "type": "LineString", "coordinates": [ [ 117.1846925, 31.7686998 ], [ 117.1847168, 31.7686143 ], [ 117.1847473, 31.7685532 ], [ 117.1847939, 31.7685011 ], [ 117.1848705, 31.7684416 ], [ 117.1849515, 31.7684012 ], [ 117.1851161, 31.7683369 ], [ 117.1852184, 31.7683247 ], [ 117.1853518, 31.7683278 ], [ 117.185459, 31.7683454 ], [ 117.1855791, 31.7683849 ], [ 117.1857013, 31.7684758 ], [ 117.1857821, 31.7685741 ], [ 117.1858141, 31.768709 ] ] } },
{ "type": "Feature", "properties": { "id": 331, "u": 1017561309, "v": 1017561318, "highway": "service", "name": null, "length": 149.11465252125794 }, "geometry": { "type": "LineString", "coordinates": [ [ 117.1858141, 31.768709 ], [ 117.1857821, 31.7685741 ], [ 117.1857013, 31.7684758 ], [ 117.1855791, 31.7683849 ], [ 117.185459, 31.7683454 ], [ 117.1853518, 31.7683278 ], [ 117.1852184, 31.7683247 ], [ 117.1851161, 31.7683369 ], [ 117.1849515, 31.7684012 ], [ 117.1848705, 31.7684416 ], [ 117.1847939, 31.7685011 ], [ 117.1847473, 31.7685532 ], [ 117.1847168, 31.7686143 ], [ 117.1846925, 31.7686998 ] ] } },
{ "type": "Feature", "properties": { "id": 332, "u": 1017561309, "v": 1017561318, "highway": "service", "name": null, "length": 154.19562157862225 }, "geometry": { "type": "LineString", "coordinates": [ [ 117.1858141, 31.768709 ], [ 117.1858001, 31.768815 ], [ 117.185776, 31.7688779 ], [ 117.185675, 31.7689694 ], [ 117.1855912, 31.7690245 ], [ 117.1855224, 31.7690577 ], [ 117.1854194, 31.7690909 ], [ 117.1852647, 31.7691135 ], [ 117.1852104, 31.7691095 ], [ 117.1851502, 31.7690981 ], [ 117.1850122, 31.7690664 ], [ 117.1848803, 31.7690014 ], [ 117.1847653, 31.7689065 ], [ 117.1847145, 31.7688141 ], [ 117.1846925, 31.7686998 ] ] } },
{ "type": "Feature", "properties": { "id": 70920, "u": 13773543375, "v": 1017561318, "highway": "service", "name": null, "length": 14.822900733622843 }, "geometry": { "type": "LineString", "coordinates": [ [ 117.1846838, 31.7688329 ], [ 117.1846925, 31.7686998 ] ] } },
{ "type": "Feature", "properties": { "id": 70923, "u": 13773543376, "v": 1017561318, "highway": "service", "name": null, "length": 11.8799321453657 }, "geometry": { "type": "LineString", "coordinates": [ [ 117.1846861, 31.7685931 ], [ 117.1846925, 31.7686998 ] ] } },
{ "type": "Feature", "properties": { "id": 351, "u": 1017561393, "v": 1017561332, "highway": "tertiary", "name": "环翠路", "length": 171.80483015978118 }, "geometry": { "type": "LineString", "coordinates": [ [ 117.1918138, 31.7750201 ], [ 117.1915591, 31.7743176 ], [ 117.1914376, 31.774009 ], [ 117.1913207, 31.7736257 ], [ 117.1913062, 31.773538 ] ] } },
{ "type": "Feature", "properties": { "id": 62939, "u": 13404497746, "v": 1017561332, "highway": "tertiary", "name": "环翠路", "length": 101.99671030402379 }, "geometry": { "type": "LineString", "coordinates": [ [ 117.1912154, 31.772624 ], [ 117.1912373, 31.772813 ], [ 117.1913062, 31.773538 ] ] } },
{ "type": "Feature", "properties": { "id": 62959, "u": 13404511426, "v": 1017561332, "highway": "service", "name": null, "length": 290.44934347397788 }, "geometry": { "type": "LineString", "coordinates": [ [ 117.1903487, 31.7715391 ], [ 117.190301, 31.771661 ], [ 117.1902132, 31.7717997 ], [ 117.1900913, 31.7719679 ], [ 117.1900672, 31.7720491 ], [ 117.1900544, 31.7721303 ], [ 117.1900463, 31.7722185 ], [ 117.19005, 31.7722927 ], [ 117.1900714, 31.7723883 ], [ 117.1901254, 31.7725027 ], [ 117.1902175, 31.7726129 ], [ 117.1903566, 31.7727356 ], [ 117.1905011, 31.7728969 ], [ 117.1906369, 31.7731108 ], [ 117.1907424, 31.7733409 ], [ 117.1908241, 31.7734487 ], [ 117.1908672, 31.7734934 ], [ 117.190906, 31.773518 ], [ 117.1909714, 31.7735507 ], [ 117.1910085, 31.7735625 ], [ 117.1910521, 31.7735688 ], [ 117.1913062, 31.773538 ] ] } },
{ "type": "Feature", "properties": { "id": 11905, "u": 3314492350, "v": 1017561357, "highway": "unclassified", "name": null, "length": 51.491444707775457 }, "geometry": { "type": "LineString", "coordinates": [ [ 117.191992, 31.771461 ], [ 117.1918198, 31.7714545 ], [ 117.1914475, 31.771458 ] ] } },
{ "type": "Feature", "properties": { "id": 28631, "u": 5237667273, "v": 1017561357, "highway": "tertiary", "name": "环翠路", "length": 681.58729353789295 }, "geometry": { "type": "LineString", "coordinates": [ [ 117.1949846, 31.766196 ], [ 117.1949529, 31.7663103 ], [ 117.1948086, 31.7667813 ], [ 117.1945963, 31.7672976 ], [ 117.1944998, 31.7675056 ], [ 117.194258, 31.7679238 ], [ 117.1939794, 31.7683616 ], [ 117.1938684, 31.7685229 ], [ 117.1935507, 31.7689399 ], [ 117.1930031, 31.7695353 ], [ 117.1922796, 31.7702077 ], [ 117.192107, 31.770404 ], [ 117.1918148, 31.7708146 ], [ 117.1915263, 31.7713024 ], [ 117.1914475, 31.771458 ] ] } },
{ "type": "Feature", "properties": { "id": 62947, "u": 13404497756, "v": 1017561357, "highway": "tertiary", "name": "环翠路", "length": 56.686326539864112 }, "geometry": { "type": "LineString", "coordinates": [ [ 117.1913251, 31.7719567 ], [ 117.1913446, 31.771838 ], [ 117.1914475, 31.771458 ] ] } },
{ "type": "Feature", "properties": { "id": 347, "u": 1017561381, "v": 1017561367, "highway": "service", "name": null, "length": 62.424422096799823 }, "geometry": { "type": "LineString", "coordinates": [ [ 117.187747, 31.7632948 ], [ 117.1883568, 31.7635101 ] ] } },
{ "type": "Feature", "properties": { "id": 28628, "u": 5237667272, "v": 1017561367, "highway": "service", "name": null, "length": 700.51008348053836 }, "geometry": { "type": "LineString", "coordinates": [ [ 117.1944458, 31.7661197 ], [ 117.1945368, 31.7660018 ], [ 117.1945709, 31.7658935 ], [ 117.1945843, 31.7658098 ], [ 117.194573, 31.7656984 ], [ 117.1945474, 31.7656118 ], [ 117.1945092, 31.7655208 ], [ 117.1944455, 31.7654108 ], [ 117.1943738, 31.7653287 ], [ 117.1942633, 31.7652469 ], [ 117.1941668, 31.7652035 ], [ 117.1932969, 31.7649324 ], [ 117.1928551, 31.7648026 ], [ 117.1923556, 31.7646558 ], [ 117.1912644, 31.7643352 ], [ 117.1883568, 31.7635101 ] ] } },
{ "type": "Feature", "properties": { "id": 70925, "u": 13773543376, "v": 1017561367, "highway": "service", "name": null, "length": 730.12502364744591 }, "geometry": { "type": "LineString", "coordinates": [ [ 117.1846861, 31.7685931 ], [ 117.1846832, 31.7683677 ], [ 117.1847202, 31.7680355 ], [ 117.1847687, 31.7679215 ], [ 117.1848096, 31.7678503 ], [ 117.184888, 31.7677519 ], [ 117.1849783, 31.7676513 ], [ 117.1850844, 31.7675791 ], [ 117.185338, 31.7674537 ], [ 117.1859238, 31.7671498 ], [ 117.1861586, 31.7670046 ], [ 117.1864224, 31.76679 ], [ 117.1865558, 31.7666183 ], [ 117.1866431, 31.7664404 ], [ 117.1866822, 31.766249 ], [ 117.1866649, 31.766022 ], [ 117.186596, 31.7658182 ], [ 117.186506, 31.7655928 ], [ 117.1864489, 31.7654209 ], [ 117.186436, 31.7653327 ], [ 117.1864518, 31.7652333 ], [ 117.1864889, 31.765111 ], [ 117.1865535, 31.7649903 ], [ 117.1869216, 31.7646465 ], [ 117.1872887, 31.7643366 ], [ 117.1875909, 31.7640429 ], [ 117.1877778, 31.7638126 ], [ 117.1878152, 31.7637767 ], [ 117.1878643, 31.7637374 ], [ 117.1879821, 31.7636638 ], [ 117.1880259, 31.7636402 ], [ 117.1880868, 31.7636142 ], [ 117.1883568, 31.7635101 ] ] } },
{ "type": "Feature", "properties": { "id": 344, "u": 1017561367, "v": 1017561381, "highway": "service", "name": null, "length": 62.424422096799823 }, "geometry": { "type": "LineString", "coordinates": [ [ 117.1883568, 31.7635101 ], [ 117.187747, 31.7632948 ] ] } },
{ "type": "Feature", "properties": { "id": 72797, "u": 13843174709, "v": 1017561381, "highway": "tertiary", "name": "环翠路", "length": 758.71272750088838 }, "geometry": { "type": "LineString", "coordinates": [ [ 117.1828023, 31.7685854 ], [ 117.1828639, 31.7684525 ], [ 117.1829849, 31.7682132 ], [ 117.1831075, 31.7679934 ], [ 117.1832741, 31.7677136 ], [ 117.1833794, 31.7675504 ], [ 117.1834872, 31.7673926 ], [ 117.183598, 31.7672395 ], [ 117.1837129, 31.7670878 ], [ 117.1838899, 31.7668659 ], [ 117.1840173, 31.7667175 ], [ 117.1841566, 31.7665596 ], [ 117.1842864, 31.766422 ], [ 117.1844233, 31.7662804 ], [ 117.1845453, 31.7661609 ], [ 117.1846909, 31.766026 ], [ 117.1848523, 31.7658823 ], [ 117.1850814, 31.7656879 ], [ 117.1853002, 31.7655151 ], [ 117.1855341, 31.7653363 ], [ 117.1857931, 31.7651351 ], [ 117.1859797, 31.7649954 ], [ 117.1862686, 31.7647707 ], [ 117.1865032, 31.7645904 ], [ 117.1866615, 31.7644609 ], [ 117.1867961, 31.7643448 ], [ 117.1869291, 31.764222 ], [ 117.1870833, 31.7640729 ], [ 117.1872187, 31.7639339 ], [ 117.1873445, 31.7637943 ], [ 117.1874909, 31.7636229 ], [ 117.187649, 31.7634294 ], [ 117.187747, 31.7632948 ] ] } },
{ "type": "Feature", "properties": { "id": 72802, "u": 13843190304, "v": 1017561381, "highway": "tertiary", "name": "环翠路", "length": 100.24636793526548 }, "geometry": { "type": "LineString", "coordinates": [ [ 117.1883084, 31.76253 ], [ 117.1879627, 31.7629977 ], [ 117.187785, 31.7632426 ], [ 117.187747, 31.7632948 ] ] } },
{ "type": "Feature", "properties": { "id": 340, "u": 1017561332, "v": 1017561393, "highway": "tertiary", "name": "环翠路", "length": 171.8048301597812 }, "geometry": { "type": "LineString", "coordinates": [ [ 117.1913062, 31.773538 ], [ 117.1913207, 31.7736257 ], [ 117.1914376, 31.774009 ], [ 117.1915591, 31.7743176 ], [ 117.1918138, 31.7750201 ] ] } },
{ "type": "Feature", "properties": { "id": 26280, "u": 5010812805, "v": 1017561393, "highway": "tertiary", "name": "环翠路", "length": 9.8891111377112129 }, "geometry": { "type": "LineString", "coordinates": [ [ 117.1918281, 31.7751082 ], [ 117.1918138, 31.7750201 ] ] } },
{ "type": "Feature", "properties": { "id": 75909, "u": 13906433177, "v": 1017567598, "highway": "service", "name": null, "length": 40.403948908794582 }, "geometry": { "type": "LineString", "coordinates": [ [ 117.1862187, 31.7754033 ], [ 117.1862362, 31.775356 ], [ 117.1862894, 31.7750455 ] ] } },
{ "type": "Feature", "properties": { "id": 357, "u": 1017567625, "v": 1017567599, "highway": "service", "name": null, "length": 50.136841002955912 }, "geometry": { "type": "LineString", "coordinates": [ [ 117.1858226, 31.777544 ], [ 117.1860516, 31.7771373 ] ] } },
{ "type": "Feature", "properties": { "id": 363, "u": 1017567653, "v": 1017567599, "highway": "service", "name": null, "length": 260.91769554358655 }, "geometry": { "type": "LineString", "coordinates": [ [ 117.1874075, 31.7759842 ], [ 117.1873143, 31.7760205 ], [ 117.1872977, 31.7760364 ], [ 117.1872927, 31.7760695 ], [ 117.1872952, 31.7760945 ], [ 117.1874807, 31.7763815 ], [ 117.1874831, 31.7764275 ], [ 117.1874748, 31.7764853 ], [ 117.1874542, 31.7765688 ], [ 117.1874207, 31.7766373 ], [ 117.187342, 31.7767165 ], [ 117.187213, 31.7767905 ], [ 117.1870719, 31.7768701 ], [ 117.1870342, 31.7769092 ], [ 117.1870151, 31.7769555 ], [ 117.187, 31.7770113 ], [ 117.1869055, 31.7772683 ], [ 117.1868917, 31.7772853 ], [ 117.1868778, 31.7772975 ], [ 117.1868583, 31.7773102 ], [ 117.1868351, 31.7773194 ], [ 117.1868068, 31.7773284 ], [ 117.1867784, 31.7773311 ], [ 117.1867218, 31.77733 ], [ 117.1866035, 31.7773174 ], [ 117.1860516, 31.7771373 ] ] } },
{ "type": "Feature", "properties": { "id": 372, "u": 1017567676, "v": 1017567599, "highway": "service", "name": null, "length": 91.334695543324742 }, "geometry": { "type": "LineString", "coordinates": [ [ 117.1853051, 31.7766158 ], [ 117.1860516, 31.7771373 ] ] } },
{ "type": "Feature", "properties": { "id": 354, "u": 1017567599, "v": 1017567625, "highway": "service", "name": null, "length": 50.136841002955912 }, "geometry": { "type": "LineString", "coordinates": [ [ 117.1860516, 31.7771373 ], [ 117.1858226, 31.777544 ] ] } },
{ "type": "Feature", "properties": { "id": 40228, "u": 8116565226, "v": 1017567625, "highway": "tertiary", "name": "环翠路", "length": 14.031467707487788 }, "geometry": { "type": "LineString", "coordinates": [ [ 117.1856903, 31.7774868 ], [ 117.1857934, 31.7775321 ], [ 117.1858226, 31.777544 ] ] } },
{ "type": "Feature", "properties": { "id": 52611, "u": 11510979587, "v": 1017567625, "highway": "tertiary", "name": "环翠路", "length": 198.63175021181002 }, "geometry": { "type": "LineString", "coordinates": [ [ 117.1878307, 31.7780384 ], [ 117.18771, 31.7780265 ], [ 117.1875309, 31.7780038 ], [ 117.1874039, 31.7779858 ], [ 117.1872288, 31.7779571 ], [ 117.1870173, 31.7779157 ], [ 117.1868083, 31.7778682 ], [ 117.1866646, 31.7778313 ], [ 117.1865076, 31.7777851 ], [ 117.1863096, 31.7777254 ], [ 117.1861786, 31.7776831 ], [ 117.1859205, 31.7775838 ], [ 117.1858226, 31.777544 ] ] } },
{ "type": "Feature", "properties": { "id": 368, "u": 1017567661, "v": 1017567635, "highway": "service", "name": null, "length": 77.695003940037338 }, "geometry": { "type": "LineString", "coordinates": [ [ 117.1837518, 31.7736512 ], [ 117.1837682, 31.7734993 ], [ 117.1837806, 31.7732303 ], [ 117.1838451, 31.7729588 ] ] } },
{ "type": "Feature", "properties": { "id": 13001, "u": 3401376963, "v": 1017567635, "highway": "service", "name": null, "length": 84.524022615951878 }, "geometry": { "type": "LineString", "coordinates": [ [ 117.182951, 31.7729656 ], [ 117.1838451, 31.7729588 ] ] } },
{ "type": "Feature", "properties": { "id": 70922, "u": 13773543375, "v": 1017567635, "highway": "service", "name": null, "length": 565.94944198316364 }, "geometry": { "type": "LineString", "coordinates": [ [ 117.1846838, 31.7688329 ], [ 117.1846718, 31.769017 ], [ 117.1846036, 31.7691695 ], [ 117.184513, 31.7692997 ], [ 117.1842996, 31.7695236 ], [ 117.1841914, 31.7696288 ], [ 117.1841086, 31.7697289 ], [ 117.1840601, 31.769802 ], [ 117.1840459, 31.7698547 ], [ 117.1840099, 31.7699747 ], [ 117.183999, 31.7701189 ], [ 117.1839984, 31.7701683 ], [ 117.1840069, 31.7702719 ], [ 117.1840448, 31.7703812 ], [ 117.1840905, 31.7704959 ], [ 117.1841327, 31.7705749 ], [ 117.1841914, 31.7706577 ], [ 117.1842622, 31.770738 ], [ 117.1843481, 31.7708219 ], [ 117.1844802, 31.7709215 ], [ 117.1846953, 31.7710417 ], [ 117.1848856, 31.7711668 ], [ 117.1849782, 31.771264 ], [ 117.1850523, 31.7713855 ], [ 117.1850889, 31.7714602 ], [ 117.185103, 31.7715667 ], [ 117.1850883, 31.7716796 ], [ 117.1850672, 31.7717705 ], [ 117.1850196, 31.7718739 ], [ 117.1849542, 31.7719732 ], [ 117.1848843, 31.7720405 ], [ 117.1847951, 31.7721005 ], [ 117.1845582, 31.7722122 ], [ 117.1843971, 31.7723079 ], [ 117.1842019, 31.7724571 ], [ 117.1840516, 31.7726182 ], [ 117.1839683, 31.7727347 ], [ 117.1838451, 31.7729588 ] ] } },
{ "type": "Feature", "properties": { "id": 356, "u": 1017567599, "v": 1017567653, "highway": "service", "name": null, "length": 260.91769554358655 }, "geometry": { "type": "LineString", "coordinates": [ [ 117.1860516, 31.7771373 ], [ 117.1866035, 31.7773174 ], [ 117.1867218, 31.77733 ], [ 117.1867784, 31.7773311 ], [ 117.1868068, 31.7773284 ], [ 117.1868351, 31.7773194 ], [ 117.1868583, 31.7773102 ], [ 117.1868778, 31.7772975 ], [ 117.1868917, 31.7772853 ], [ 117.1869055, 31.7772683 ], [ 117.187, 31.7770113 ], [ 117.1870151, 31.7769555 ], [ 117.1870342, 31.7769092 ], [ 117.1870719, 31.7768701 ], [ 117.187213, 31.7767905 ], [ 117.187342, 31.7767165 ], [ 117.1874207, 31.7766373 ], [ 117.1874542, 31.7765688 ], [ 117.1874748, 31.7764853 ], [ 117.1874831, 31.7764275 ], [ 117.1874807, 31.7763815 ], [ 117.1872952, 31.7760945 ], [ 117.1872927, 31.7760695 ], [ 117.1872977, 31.7760364 ], [ 117.1873143, 31.7760205 ], [ 117.1874075, 31.7759842 ] ] } },
{ "type": "Feature", "properties": { "id": 371, "u": 1017567665, "v": 1017567655, "highway": "service", "name": null, "length": 201.12131191522107 }, "geometry": { "type": "LineString", "coordinates": [ [ 117.1831638, 31.7746402 ], [ 117.1832111, 31.7747604 ], [ 117.183287, 31.77494 ], [ 117.1834077, 31.7751162 ], [ 117.1836355, 31.7754776 ], [ 117.1837689, 31.7756567 ], [ 117.1839509, 31.7758506 ], [ 117.1840299, 31.775932 ], [ 117.184149, 31.7760307 ], [ 117.1843041, 31.7761384 ] ] } },
{ "type": "Feature", "properties": { "id": 51402, "u": 10996164482, "v": 1017567655, "highway": "service", "name": null, "length": 43.071271997080778 }, "geometry": { "type": "LineString", "coordinates": [ [ 117.1840843, 31.7764777 ], [ 117.1842523, 31.7762183 ], [ 117.1843041, 31.7761384 ] ] } },
{ "type": "Feature", "properties": { "id": 72782, "u": 13843174704, "v": 1017567655, "highway": "service", "name": null, "length": 12.454880323697283 }, "geometry": { "type": "LineString", "coordinates": [ [ 117.1844196, 31.7761923 ], [ 117.1843041, 31.7761384 ] ] } },
{ "type": "Feature", "properties": { "id": 362, "u": 1017567635, "v": 1017567661, "highway": "service", "name": null, "length": 77.695003940037338 }, "geometry": { "type": "LineString", "coordinates": [ [ 117.1838451, 31.7729588 ], [ 117.1837806, 31.7732303 ], [ 117.1837682, 31.7734993 ], [ 117.1837518, 31.7736512 ] ] } },
{ "type": "Feature", "properties": { "id": 369, "u": 1017567665, "v": 1017567661, "highway": "service", "name": null, "length": 145.326618237959 }, "geometry": { "type": "LineString", "coordinates": [ [ 117.1831638, 31.7746402 ], [ 117.1831219, 31.7744825 ], [ 117.1831015, 31.7743946 ], [ 117.18306, 31.7742584 ], [ 117.1830573, 31.7741629 ], [ 117.1830744, 31.7740844 ], [ 117.1831348, 31.7739941 ], [ 117.1832464, 31.7738896 ], [ 117.1833172, 31.7738358 ], [ 117.1834287, 31.7737752 ], [ 117.1837518, 31.7736512 ] ] } },
{ "type": "Feature", "properties": { "id": 370, "u": 1017567665, "v": 1017567661, "highway": "service", "name": null, "length": 171.50517143078036 }, "geometry": { "type": "LineString", "coordinates": [ [ 117.1831638, 31.7746402 ], [ 117.183493, 31.7744683 ], [ 117.1836307, 31.7744204 ], [ 117.1837508, 31.7743813 ], [ 117.1837919, 31.7743705 ], [ 117.1838241, 31.7743668 ], [ 117.1839382, 31.7743583 ], [ 117.1839608, 31.7743504 ], [ 117.1839835, 31.7743403 ], [ 117.1840091, 31.774324 ], [ 117.1840264, 31.7743055 ], [ 117.1840308, 31.7742948 ], [ 117.184034, 31.7742816 ], [ 117.184035, 31.7742491 ], [ 117.1840105, 31.7741373 ], [ 117.183998, 31.7740962 ], [ 117.1839848, 31.7740707 ], [ 117.183964, 31.7740504 ], [ 117.1839467, 31.7740375 ], [ 117.1839197, 31.7740245 ], [ 117.1838866, 31.7740038 ], [ 117.1838816, 31.7740012 ], [ 117.1838707, 31.7739912 ], [ 117.1838611, 31.7739791 ], [ 117.1838463, 31.7739368 ], [ 117.1837518, 31.7736512 ] ] } },
{ "type": "Feature", "properties": { "id": 365, "u": 1017567655, "v": 1017567665, "highway": "service", "name": null, "length": 201.1213119152211 }, "geometry": { "type": "LineString", "coordinates": [ [ 117.1843041, 31.7761384 ], [ 117.184149, 31.7760307 ], [ 117.1840299, 31.775932 ], [ 117.1839509, 31.7758506 ], [ 117.1837689, 31.7756567 ], [ 117.1836355, 31.7754776 ], [ 117.1834077, 31.7751162 ], [ 117.183287, 31.77494 ], [ 117.1832111, 31.7747604 ], [ 117.1831638, 31.7746402 ] ] } },
{ "type": "Feature", "properties": { "id": 366, "u": 1017567661, "v": 1017567665, "highway": "service", "name": null, "length": 171.50517143078042 }, "geometry": { "type": "LineString", "coordinates": [ [ 117.1837518, 31.7736512 ], [ 117.1838463, 31.7739368 ], [ 117.1838611, 31.7739791 ], [ 117.1838707, 31.7739912 ], [ 117.1838816, 31.7740012 ], [ 117.1838866, 31.7740038 ], [ 117.1839197, 31.7740245 ], [ 117.1839467, 31.7740375 ], [ 117.183964, 31.7740504 ], [ 117.1839848, 31.7740707 ], [ 117.183998, 31.7740962 ], [ 117.1840105, 31.7741373 ], [ 117.184035, 31.7742491 ], [ 117.184034, 31.7742816 ], [ 117.1840308, 31.7742948 ], [ 117.1840264, 31.7743055 ], [ 117.1840091, 31.774324 ], [ 117.1839835, 31.7743403 ], [ 117.1839608, 31.7743504 ], [ 117.1839382, 31.7743583 ], [ 117.1838241, 31.7743668 ], [ 117.1837919, 31.7743705 ], [ 117.1837508, 31.7743813 ], [ 117.1836307, 31.7744204 ], [ 117.183493, 31.7744683 ], [ 117.1831638, 31.7746402 ] ] } },
{ "type": "Feature", "properties": { "id": 367, "u": 1017567661, "v": 1017567665, "highway": "service", "name": null, "length": 145.326618237959 }, "geometry": { "type": "LineString", "coordinates": [ [ 117.1837518, 31.7736512 ], [ 117.1834287, 31.7737752 ], [ 117.1833172, 31.7738358 ], [ 117.1832464, 31.7738896 ], [ 117.1831348, 31.7739941 ], [ 117.1830744, 31.7740844 ], [ 117.1830573, 31.7741629 ], [ 117.18306, 31.7742584 ], [ 117.1831015, 31.7743946 ], [ 117.1831219, 31.7744825 ], [ 117.1831638, 31.7746402 ] ] } },
{ "type": "Feature", "properties": { "id": 355, "u": 1017567599, "v": 1017567676, "highway": "service", "name": null, "length": 91.334695543324742 }, "geometry": { "type": "LineString", "coordinates": [ [ 117.1860516, 31.7771373 ], [ 117.1853051, 31.7766158 ] ] } },
{ "type": "Feature", "properties": { "id": 72783, "u": 13843174704, "v": 1017567676, "highway": "service", "name": null, "length": 96.607646898199505 }, "geometry": { "type": "LineString", "coordinates": [ [ 117.1844196, 31.7761923 ], [ 117.1847873, 31.7763213 ], [ 117.1849898, 31.7764172 ], [ 117.1853051, 31.7766158 ] ] } },
{ "type": "Feature", "properties": { "id": 75910, "u": 13906433177, "v": 1017567676, "highway": "service", "name": null, "length": 164.66155216296767 }, "geometry": { "type": "LineString", "coordinates": [ [ 117.1862187, 31.7754033 ], [ 117.1861998, 31.7754293 ], [ 117.1861634, 31.7754689 ], [ 117.1859493, 31.7756304 ], [ 117.1859195, 31.7756582 ], [ 117.1859031, 31.7756781 ], [ 117.1858735, 31.775729 ], [ 117.1858515, 31.7757887 ], [ 117.1858287, 31.7758502 ], [ 117.1857969, 31.7759262 ], [ 117.1857659, 31.7759669 ], [ 117.1856824, 31.7760618 ], [ 117.185636, 31.7760969 ], [ 117.1855846, 31.7761277 ], [ 117.1855305, 31.7761566 ], [ 117.1854794, 31.7762036 ], [ 117.1854482, 31.7762532 ], [ 117.1853051, 31.7766158 ] ] } },
{ "type": "Feature", "properties": { "id": 392, "u": 1017575694, "v": 1017575657, "highway": "service", "name": null, "length": 39.05204403491679 }, "geometry": { "type": "LineString", "coordinates": [ [ 117.1820822, 31.7769929 ], [ 117.1820805, 31.7766417 ] ] } },
{ "type": "Feature", "properties": { "id": 22725, "u": 4789698049, "v": 1017575657, "highway": "service", "name": null, "length": 34.64115570840481 }, "geometry": { "type": "LineString", "coordinates": [ [ 117.1824378, 31.7766504 ], [ 117.1824048, 31.7766363 ], [ 117.1823557, 31.7766216 ], [ 117.1822808, 31.7766176 ], [ 117.1821952, 31.7766248 ], [ 117.1820805, 31.7766417 ] ] } },
{ "type": "Feature", "properties": { "id": 41341, "u": 8236789690, "v": 1024184810, "highway": "tertiary", "name": "无为路", "length": 11.262367757057696 }, "geometry": { "type": "LineString", "coordinates": [ [ 117.2858243, 31.8636176 ], [ 117.2858171, 31.8637187 ] ] } },
{ "type": "Feature", "properties": { "id": 22787, "u": 4789888507, "v": 1017575657, "highway": "service", "name": null, "length": 117.12513625895697 }, "geometry": { "type": "LineString", "coordinates": [ [ 117.1808418, 31.7766397 ], [ 117.181049, 31.7766371 ], [ 117.1812931, 31.7766383 ], [ 117.181564, 31.7766417 ], [ 117.1817531, 31.7766462 ], [ 117.1820003, 31.7766468 ], [ 117.1820805, 31.7766417 ] ] } },
{ "type": "Feature", "properties": { "id": 22797, "u": 4789927553, "v": 1017575657, "highway": "service", "name": null, "length": 154.92198122921255 }, "geometry": { "type": "LineString", "coordinates": [ [ 117.1819441, 31.7752548 ], [ 117.1819403, 31.7755108 ], [ 117.1820326, 31.7763068 ], [ 117.1820805, 31.7766417 ] ] } },
{ "type": "Feature", "properties": { "id": 9474, "u": 3265011513, "v": 1017575664, "highway": "primary", "name": "紫云路", "length": 13.135661655239753 }, "geometry": { "type": "LineString", "coordinates": [ [ 117.2805318, 31.7427428 ], [ 117.2806706, 31.7427381 ] ] } },
{ "type": "Feature", "properties": { "id": 25926, "u": 5009266231, "v": 1017575664, "highway": "primary", "name": "徽州大道", "length": 23.531076272324508 }, "geometry": { "type": "LineString", "coordinates": [ [ 117.280674, 31.7429497 ], [ 117.2806706, 31.7427381 ] ] } },
{ "type": "Feature", "properties": { "id": 86941, "u": 13996705027, "v": 1030357891, "highway": "tertiary", "name": "仙人路", "length": 9.5177748460126743 }, "geometry": { "type": "LineString", "coordinates": [ [ 117.1925009, 31.7939363 ], [ 117.1924026, 31.7939177 ] ] } },
{ "type": "Feature", "properties": { "id": 393, "u": 1017575694, "v": 1017575679, "highway": "service", "name": null, "length": 67.763405133909643 }, "geometry": { "type": "LineString", "coordinates": [ [ 117.1820822, 31.7769929 ], [ 117.1822508, 31.7769925 ], [ 117.1824158, 31.7769995 ], [ 117.1826082, 31.7770229 ], [ 117.1827917, 31.7770603 ] ] } },
{ "type": "Feature", "properties": { "id": 22699, "u": 4789641782, "v": 1017575679, "highway": "service", "name": null, "length": 43.277507855272191 }, "geometry": { "type": "LineString", "coordinates": [ [ 117.1830203, 31.7767327 ], [ 117.1830271, 31.7767607 ], [ 117.1829789, 31.7768298 ], [ 117.1829472, 31.7768682 ], [ 117.1829175, 31.7769066 ], [ 117.1828572, 31.7769843 ], [ 117.1828285, 31.7770214 ], [ 117.1827917, 31.7770603 ] ] } },
{ "type": "Feature", "properties": { "id": 23044, "u": 4792663754, "v": 1017575679, "highway": "service", "name": null, "length": 30.062254363808723 }, "geometry": { "type": "LineString", "coordinates": [ [ 117.1827213, 31.7773171 ], [ 117.1827192, 31.7772745 ], [ 117.1827222, 31.7772389 ], [ 117.1827272, 31.7771999 ], [ 117.1827332, 31.7771626 ], [ 117.1827454, 31.777127 ], [ 117.1827655, 31.7770884 ], [ 117.1827917, 31.7770603 ] ] } },
{ "type": "Feature", "properties": { "id": 23055, "u": 4792671332, "v": 1017575679, "highway": "service", "name": null, "length": 47.763093041623691 }, "geometry": { "type": "LineString", "coordinates": [ [ 117.183292, 31.7770839 ], [ 117.1832811, 31.7770869 ], [ 117.183231, 31.7770939 ], [ 117.183181, 31.7770975 ], [ 117.1830994, 31.7770983 ], [ 117.1830428, 31.7770956 ], [ 117.1829697, 31.7770876 ], [ 117.182896, 31.7770768 ], [ 117.1827917, 31.7770603 ] ] } },
{ "type": "Feature", "properties": { "id": 22712, "u": 4789674227, "v": 1017575681, "highway": "service", "name": null, "length": 51.07581460672786 }, "geometry": { "type": "LineString", "coordinates": [ [ 117.1815348, 31.7779907 ], [ 117.1816254, 31.7779929 ], [ 117.1816939, 31.7779854 ], [ 117.1817538, 31.7779733 ], [ 117.1818137, 31.7779523 ], [ 117.1820461, 31.7778646 ] ] } },
{ "type": "Feature", "properties": { "id": 23034, "u": 4792663747, "v": 1017575681, "highway": "service", "name": null, "length": 26.793357092518914 }, "geometry": { "type": "LineString", "coordinates": [ [ 117.1820764, 31.7776251 ], [ 117.182076, 31.7776433 ], [ 117.1820461, 31.7778646 ] ] } },
{ "type": "Feature", "properties": { "id": 22771, "u": 4789888502, "v": 1017575681, "highway": "service", "name": null, "length": 47.424322506054246 }, "geometry": { "type": "LineString", "coordinates": [ [ 117.182489, 31.7780647 ], [ 117.1824149, 31.778034 ], [ 117.1821252, 31.7779042 ], [ 117.1820461, 31.7778646 ] ] } },
{ "type": "Feature", "properties": { "id": 22713, "u": 4789674227, "v": 1017575690, "highway": "service", "name": null, "length": 76.569101664993255 }, "geometry": { "type": "LineString", "coordinates": [ [ 117.1815348, 31.7779907 ], [ 117.1814495, 31.7779674 ], [ 117.1811601, 31.7778641 ], [ 117.1809677, 31.7777959 ], [ 117.1807822, 31.7777368 ] ] } },
{ "type": "Feature", "properties": { "id": 22824, "u": 4789927604, "v": 1017575690, "highway": "unclassified", "name": "至诚大道", "length": 87.533776615286087 }, "geometry": { "type": "LineString", "coordinates": [ [ 117.1808437, 31.7769544 ], [ 117.1808456, 31.777268 ], [ 117.1808461, 31.7774074 ], [ 117.1808343, 31.7775122 ], [ 117.1807822, 31.7777368 ] ] } },
{ "type": "Feature", "properties": { "id": 59855, "u": 12523058224, "v": 1017575690, "highway": "unclassified", "name": "至诚大道", "length": 93.728922235669813 }, "geometry": { "type": "LineString", "coordinates": [ [ 117.1800104, 31.7782538 ], [ 117.1801184, 31.7782076 ], [ 117.1802717, 31.7781284 ], [ 117.1802997, 31.7781123 ], [ 117.1805255, 31.7779741 ], [ 117.1807822, 31.7777368 ] ] } },
{ "type": "Feature", "properties": { "id": 23054, "u": 4792671332, "v": 1017575693, "highway": "service", "name": null, "length": 14.243406216656417 }, "geometry": { "type": "LineString", "coordinates": [ [ 117.183292, 31.7770839 ], [ 117.1833187, 31.7770765 ], [ 117.1833737, 31.7770574 ], [ 117.1834253, 31.7770264 ] ] } },
{ "type": "Feature", "properties": { "id": 375, "u": 1017575657, "v": 1017575694, "highway": "service", "name": null, "length": 39.05204403491679 }, "geometry": { "type": "LineString", "coordinates": [ [ 117.1820805, 31.7766417 ], [ 117.1820822, 31.7769929 ] ] } },
{ "type": "Feature", "properties": { "id": 384, "u": 1017575679, "v": 1017575694, "highway": "service", "name": null, "length": 67.763405133909629 }, "geometry": { "type": "LineString", "coordinates": [ [ 117.1827917, 31.7770603 ], [ 117.1826082, 31.7770229 ], [ 117.1824158, 31.7769995 ], [ 117.1822508, 31.7769925 ], [ 117.1820822, 31.7769929 ] ] } },
{ "type": "Feature", "properties": { "id": 23040, "u": 4792663753, "v": 1017575694, "highway": "service", "name": null, "length": 34.40977765585388 }, "geometry": { "type": "LineString", "coordinates": [ [ 117.1820816, 31.777302 ], [ 117.1820732, 31.777158 ], [ 117.1820822, 31.7769929 ] ] } },
{ "type": "Feature", "properties": { "id": 9461, "u": 3265011504, "v": 1017575695, "highway": "primary", "name": "庐州大道", "length": 23.729151455107363 }, "geometry": { "type": "LineString", "coordinates": [ [ 117.2965831, 31.7429076 ], [ 117.2965823, 31.7426942 ] ] } },
{ "type": "Feature", "properties": { "id": 28765, "u": 5307223119, "v": 1017575695, "highway": "primary", "name": "紫云路", "length": 480.9396918928482 }, "geometry": { "type": "LineString", "coordinates": [ [ 117.2914964, 31.7427131 ], [ 117.2965823, 31.7426942 ] ] } },
{ "type": "Feature", "properties": { "id": 40221, "u": 8116565220, "v": 1017575700, "highway": "residential", "name": null, "length": 164.46270221232913 }, "geometry": { "type": "LineString", "coordinates": [ [ 117.1847675, 31.7802807 ], [ 117.1846619, 31.7806542 ], [ 117.1845982, 31.7807806 ], [ 117.1845986, 31.781738 ] ] } },
{ "type": "Feature", "properties": { "id": 88236, "u": 14001563679, "v": 1017575700, "highway": "tertiary", "name": "石门路", "length": 54.448615394842214 }, "geometry": { "type": "LineString", "coordinates": [ [ 117.1841127, 31.782001 ], [ 117.1845986, 31.781738 ] ] } },
{ "type": "Feature", "properties": { "id": 88247, "u": 14001563687, "v": 1017575700, "highway": "tertiary", "name": "石门路", "length": 62.843980039703965 }, "geometry": { "type": "LineString", "coordinates": [ [ 117.1851917, 31.7815039 ], [ 117.1849725, 31.7815374 ], [ 117.1845986, 31.781738 ] ] } },
{ "type": "Feature", "properties": { "id": 26236, "u": 5010811311, "v": 1017753157, "highway": "secondary", "name": "丹霞西路", "length": 12.589993854258205 }, "geometry": { "type": "LineString", "coordinates": [ [ 117.1956096, 31.7758612 ], [ 117.195712, 31.7759336 ] ] } },
{ "type": "Feature", "properties": { "id": 352, "u": 1017561393, "v": 1017753174, "highway": "secondary", "name": "丹霞西路", "length": 303.11552613637997 }, "geometry": { "type": "LineString", "coordinates": [ [ 117.1918138, 31.7750201 ], [ 117.1920676, 31.774998 ], [ 117.193411, 31.7749663 ], [ 117.1939498, 31.7750811 ], [ 117.1943903, 31.7752005 ], [ 117.1947417, 31.7753327 ], [ 117.1949285, 31.7754054 ] ] } },
{ "type": "Feature", "properties": { "id": 12087, "u": 3315838575, "v": 1017753174, "highway": "unclassified", "name": "广玉兰路", "length": 49.158006581599444 }, "geometry": { "type": "LineString", "coordinates": [ [ 117.1949575, 31.774964 ], [ 117.1949285, 31.7754054 ] ] } },
{ "type": "Feature", "properties": { "id": 11985, "u": 3315838516, "v": 1017758630, "highway": "unclassified", "name": "香樟西路", "length": 15.468951049427044 }, "geometry": { "type": "LineString", "coordinates": [ [ 117.1978222, 31.7743232 ], [ 117.1976606, 31.7743013 ] ] } },
{ "type": "Feature", "properties": { "id": 12027, "u": 3315838539, "v": 1017758630, "highway": "unclassified", "name": "香樟西路", "length": 26.854262434872492 }, "geometry": { "type": "LineString", "coordinates": [ [ 117.1973773, 31.7742834 ], [ 117.1975302, 31.7742931 ], [ 117.1976606, 31.7743013 ] ] } },
{ "type": "Feature", "properties": { "id": 12829, "u": 3370030508, "v": 1017758630, "highway": "unclassified", "name": null, "length": 29.850353424418049 }, "geometry": { "type": "LineString", "coordinates": [ [ 117.1979525, 31.7741989 ], [ 117.1976606, 31.7743013 ] ] } },
{ "type": "Feature", "properties": { "id": 426, "u": 1017758811, "v": 1017758644, "highway": "unclassified", "name": "香樟西路", "length": 47.388085770699206 }, "geometry": { "type": "LineString", "coordinates": [ [ 117.1949587, 31.7694873 ], [ 117.1947327, 31.7698677 ] ] } },
{ "type": "Feature", "properties": { "id": 449, "u": 1017765142, "v": 1017758644, "highway": "unclassified", "name": "香樟西路", "length": 224.27118683184608 }, "geometry": { "type": "LineString", "coordinates": [ [ 117.1932862, 31.7713363 ], [ 117.1932853, 31.7712904 ], [ 117.1932849, 31.7712733 ], [ 117.1933115, 31.7711223 ], [ 117.1933505, 31.7709861 ], [ 117.1934285, 31.7708306 ], [ 117.1935206, 31.7707141 ], [ 117.1936183, 31.7706078 ], [ 117.1938101, 31.7704231 ], [ 117.1939535, 31.770323 ], [ 117.1941717, 31.7702302 ], [ 117.1944754, 31.7700708 ], [ 117.1946068, 31.769991 ], [ 117.1946964, 31.7699176 ], [ 117.1947327, 31.7698677 ] ] } },
{ "type": "Feature", "properties": { "id": 11842, "u": 3314285352, "v": 1017758644, "highway": "cycleway", "name": null, "length": 77.617224527171089 }, "geometry": { "type": "LineString", "coordinates": [ [ 117.1955179, 31.7700656 ], [ 117.195377, 31.7700493 ], [ 117.1949705, 31.7699387 ], [ 117.1947327, 31.7698677 ] ] } },
{ "type": "Feature", "properties": { "id": 12282, "u": 3318477554, "v": 1017758644, "highway": "living_street", "name": "广玉兰路", "length": 68.185836039611942 }, "geometry": { "type": "LineString", "coordinates": [ [ 117.1949461, 31.7704468 ], [ 117.1949395, 31.7703053 ], [ 117.1947327, 31.7698677 ] ] } },
{ "type": "Feature", "properties": { "id": 11885, "u": 3314490696, "v": 1017758653, "highway": "unclassified", "name": "合欢路", "length": 116.44903709213577 }, "geometry": { "type": "LineString", "coordinates": [ [ 117.1984206, 31.7736154 ], [ 117.1983917, 31.7735692 ], [ 117.1982931, 31.7732339 ], [ 117.1981822, 31.7729615 ], [ 117.1981664, 31.7726007 ] ] } },
{ "type": "Feature", "properties": { "id": 12187, "u": 3316614130, "v": 1017758653, "highway": "unclassified", "name": null, "length": 138.59322728185134 }, "geometry": { "type": "LineString", "coordinates": [ [ 117.1996325, 31.7726007 ], [ 117.1995666, 31.7726008 ], [ 117.1981664, 31.7726007 ] ] } },
{ "type": "Feature", "properties": { "id": 12190, "u": 3316614133, "v": 1017758653, "highway": "unclassified", "name": "合欢路", "length": 40.345250167528363 }, "geometry": { "type": "LineString", "coordinates": [ [ 117.1981412, 31.7722385 ], [ 117.1981664, 31.7726007 ] ] } },
{ "type": "Feature", "properties": { "id": 12241, "u": 3316614221, "v": 1017758670, "highway": "unclassified", "name": "香樟西路", "length": 65.590855647225439 }, "geometry": { "type": "LineString", "coordinates": [ [ 117.1966179, 31.7686565 ], [ 117.1967494, 31.7685784 ], [ 117.1969007, 31.7684363 ], [ 117.1970899, 31.7682674 ], [ 117.1971115, 31.7682455 ] ] } },
{ "type": "Feature", "properties": { "id": 12246, "u": 3316614222, "v": 1017758670, "highway": "path", "name": null, "length": 64.804022527935018 }, "geometry": { "type": "LineString", "coordinates": [ [ 117.1971288, 31.7687983 ], [ 117.1970888, 31.7686926 ], [ 117.197095, 31.7684909 ], [ 117.1971689, 31.7683704 ], [ 117.1971115, 31.7682455 ] ] } },
{ "type": "Feature", "properties": { "id": 12270, "u": 3318458820, "v": 1017758670, "highway": "unclassified", "name": "香樟西路", "length": 110.54198914992455 }, "geometry": { "type": "LineString", "coordinates": [ [ 117.1981296, 31.7678554 ], [ 117.1979257, 31.7678438 ], [ 117.1977246, 31.7678989 ], [ 117.1975441, 31.7679483 ], [ 117.1972665, 31.7680883 ], [ 117.1971115, 31.7682455 ] ] } },
{ "type": "Feature", "properties": { "id": 11861, "u": 3314293948, "v": 1017758756, "highway": "unclassified", "name": "香樟西路", "length": 91.757423141979331 }, "geometry": { "type": "LineString", "coordinates": [ [ 117.1982143, 31.7743395 ], [ 117.1986891, 31.774527 ], [ 117.1991115, 31.7746517 ] ] } },
{ "type": "Feature", "properties": { "id": 11886, "u": 3314490696, "v": 1017758756, "highway": "unclassified", "name": "合欢路", "length": 132.69384264359428 }, "geometry": { "type": "LineString", "coordinates": [ [ 117.1984206, 31.7736154 ], [ 117.1986998, 31.7740616 ], [ 117.1988846, 31.7743759 ], [ 117.1991115, 31.7746517 ] ] } },
{ "type": "Feature", "properties": { "id": 11895, "u": 3314490703, "v": 1017758756, "highway": "unclassified", "name": "香樟西路", "length": 123.17430260052603 }, "geometry": { "type": "LineString", "coordinates": [ [ 117.199523, 31.7756903 ], [ 117.1994575, 31.7752815 ], [ 117.1992827, 31.7749531 ], [ 117.1991115, 31.7746517 ] ] } },
{ "type": "Feature", "properties": { "id": 43381, "u": 8634702874, "v": 1017758756, "highway": "path", "name": null, "length": 42.450107306461838 }, "geometry": { "type": "LineString", "coordinates": [ [ 117.1993171, 31.7743123 ], [ 117.1991115, 31.7746517 ] ] } },
{ "type": "Feature", "properties": { "id": 43428, "u": 8634960803, "v": 1017758756, "highway": "footway", "name": null, "length": 71.806048502641943 }, "geometry": { "type": "LineString", "coordinates": [ [ 117.1984617, 31.774898 ], [ 117.1987814, 31.7748963 ], [ 117.1989872, 31.7747672 ], [ 117.1991115, 31.7746517 ] ] } },
{ "type": "Feature", "properties": { "id": 66714, "u": 13646913984, "v": 1017758756, "highway": "unclassified", "name": "合欢路", "length": 101.56292676863953 }, "geometry": { "type": "LineString", "coordinates": [ [ 117.2001139, 31.774694 ], [ 117.199894, 31.774797 ], [ 117.1996621, 31.7747992 ], [ 117.199469, 31.774801 ], [ 117.1991115, 31.7746517 ] ] } },
{ "type": "Feature", "properties": { "id": 11862, "u": 3314293951, "v": 1017758794, "highway": "cycleway", "name": null, "length": 71.842335546583868 }, "geometry": { "type": "LineString", "coordinates": [ [ 117.1966005, 31.7737503 ], [ 117.1958406, 31.7737404 ] ] } },
{ "type": "Feature", "properties": { "id": 12010, "u": 3315838530, "v": 1017758794, "highway": "cycleway", "name": null, "length": 46.538484685353168 }, "geometry": { "type": "LineString", "coordinates": [ [ 117.1958465, 31.7733219 ], [ 117.1958406, 31.7737404 ] ] } },
{ "type": "Feature", "properties": { "id": 12078, "u": 3315838572, "v": 1017758794, "highway": "cycleway", "name": null, "length": 28.546672122875727 }, "geometry": { "type": "LineString", "coordinates": [ [ 117.1958363, 31.7739971 ], [ 117.1958406, 31.7737404 ] ] } },
{ "type": "Feature", "properties": { "id": 407, "u": 1017758644, "v": 1017758811, "highway": "unclassified", "name": "香樟西路", "length": 47.388085770699206 }, "geometry": { "type": "LineString", "coordinates": [ [ 117.1947327, 31.7698677 ], [ 117.1949587, 31.7694873 ] ] } },
{ "type": "Feature", "properties": { "id": 12232, "u": 3316614199, "v": 1017758811, "highway": "cycleway", "name": null, "length": 92.920067485483202 }, "geometry": { "type": "LineString", "coordinates": [ [ 117.1959416, 31.7694825 ], [ 117.1955364, 31.7694844 ], [ 117.1949587, 31.7694873 ] ] } },
{ "type": "Feature", "properties": { "id": 12236, "u": 3316614201, "v": 1017758811, "highway": "unclassified", "name": "香樟西路", "length": 164.87035353957381 }, "geometry": { "type": "LineString", "coordinates": [ [ 117.196387, 31.7687758 ], [ 117.1961785, 31.7688626 ], [ 117.1959389, 31.7689028 ], [ 117.1955478, 31.7689672 ], [ 117.1953086, 31.7690941 ], [ 117.1952194, 31.7691536 ], [ 117.1951152, 31.7692504 ], [ 117.1949587, 31.7694873 ] ] } },
{ "type": "Feature", "properties": { "id": 12007, "u": 3315838525, "v": 1017758971, "highway": "unclassified", "name": "广玉兰路", "length": 34.984446015968423 }, "geometry": { "type": "LineString", "coordinates": [ [ 117.1949733, 31.7729983 ], [ 117.1949689, 31.7733129 ] ] } },
{ "type": "Feature", "properties": { "id": 12011, "u": 3315838530, "v": 1017758971, "highway": "path", "name": null, "length": 82.966587575040776 }, "geometry": { "type": "LineString", "coordinates": [ [ 117.1958465, 31.7733219 ], [ 117.1949689, 31.7733129 ] ] } },
{ "type": "Feature", "properties": { "id": 12666, "u": 3358975819, "v": 1017758971, "highway": "unclassified", "name": "广玉兰路", "length": 60.33643343443434 }, "geometry": { "type": "LineString", "coordinates": [ [ 117.1949556, 31.7738554 ], [ 117.1949689, 31.7733129 ] ] } },
{ "type": "Feature", "properties": { "id": 444, "u": 1017765140, "v": 1017764860, "highway": "unclassified", "name": "香樟东路", "length": 47.396017734606914 }, "geometry": { "type": "LineString", "coordinates": [ [ 117.1997706, 31.7691363 ], [ 117.1994148, 31.768836 ] ] } },
{ "type": "Feature", "properties": { "id": 12227, "u": 3316614184, "v": 1017764860, "highway": "unclassified", "name": "合欢路", "length": 115.20265216504768 }, "geometry": { "type": "LineString", "coordinates": [ [ 117.1989146, 31.7697648 ], [ 117.1993148, 31.7692233 ], [ 117.1994148, 31.768836 ] ] } },
{ "type": "Feature", "properties": { "id": 21392, "u": 4714487482, "v": 1017764860, "highway": "unclassified", "name": [ "香樟西路", "香樟东路" ], "length": 98.069495090134978 }, "geometry": { "type": "LineString", "coordinates": [ [ 117.1988894, 31.7680936 ], [ 117.1988993, 31.7681008 ], [ 117.1990336, 31.7682144 ], [ 117.1990856, 31.7682393 ], [ 117.1991366, 31.7683316 ], [ 117.1991546, 31.7683643 ], [ 117.1994148, 31.768836 ] ] } },
{ "type": "Feature", "properties": { "id": 55356, "u": 12031963140, "v": 1017764957, "highway": "unclassified", "name": "香樟东路", "length": 11.104228001947281 }, "geometry": { "type": "LineString", "coordinates": [ [ 117.20111, 31.7713276 ], [ 117.2011033, 31.7712279 ] ] } },
{ "type": "Feature", "properties": { "id": 66698, "u": 13646913921, "v": 1017764957, "highway": "unclassified", "name": "香樟东路", "length": 63.230772324398828 }, "geometry": { "type": "LineString", "coordinates": [ [ 117.2008891, 31.7706892 ], [ 117.2011033, 31.7712279 ] ] } },
{ "type": "Feature", "properties": { "id": 12107, "u": 3315846426, "v": 1017764983, "highway": "unclassified", "name": "出口", "length": 80.752454902848896 }, "geometry": { "type": "LineString", "coordinates": [ [ 117.1997805, 31.7762457 ], [ 117.1997624, 31.7766779 ], [ 117.1997617, 31.7767016 ], [ 117.1997673, 31.7769716 ] ] } },
{ "type": "Feature", "properties": { "id": 26266, "u": 5010812787, "v": 1017764983, "highway": "secondary", "name": "丹霞西路", "length": 19.035851815473158 }, "geometry": { "type": "LineString", "coordinates": [ [ 117.1995663, 31.7769821 ], [ 117.1997673, 31.7769716 ] ] } },
{ "type": "Feature", "properties": { "id": 12182, "u": 3316614129, "v": 1017765103, "highway": "unclassified", "name": "香樟东路", "length": 101.07270981921315 }, "geometry": { "type": "LineString", "coordinates": [ [ 117.201156, 31.772601 ], [ 117.2011696, 31.7723482 ], [ 117.201172, 31.7716923 ] ] } },
{ "type": "Feature", "properties": { "id": 12277, "u": 3318477541, "v": 1017765103, "highway": "unclassified", "name": null, "length": 96.424960044002077 }, "geometry": { "type": "LineString", "coordinates": [ [ 117.2021912, 31.7716694 ], [ 117.2012364, 31.7716845 ], [ 117.201172, 31.7716923 ] ] } },
{ "type": "Feature", "properties": { "id": 55351, "u": 12031963138, "v": 1017765103, "highway": "unclassified", "name": "香樟东路", "length": 24.529818390349007 }, "geometry": { "type": "LineString", "coordinates": [ [ 117.2011461, 31.7714728 ], [ 117.201172, 31.7716923 ] ] } },
{ "type": "Feature", "properties": { "id": 445, "u": 1017765140, "v": 1017765116, "highway": "unclassified", "name": "香樟东路", "length": 139.66361874154944 }, "geometry": { "type": "LineString", "coordinates": [ [ 117.1997706, 31.7691363 ], [ 117.2002449, 31.7695996 ], [ 117.2006129, 31.77016 ] ] } },
{ "type": "Feature", "properties": { "id": 66699, "u": 13646913921, "v": 1017765116, "highway": "unclassified", "name": "香樟东路", "length": 64.801873606563277 }, "geometry": { "type": "LineString", "coordinates": [ [ 117.2008891, 31.7706892 ], [ 117.2008846, 31.7706779 ], [ 117.200755, 31.7703522 ], [ 117.2006129, 31.77016 ] ] } },
{ "type": "Feature", "properties": { "id": 66708, "u": 13646913965, "v": 1017765116, "highway": "unclassified", "name": null, "length": 106.45242171664169 }, "geometry": { "type": "LineString", "coordinates": [ [ 117.1994871, 31.770181 ], [ 117.1995739, 31.7701794 ], [ 117.1997027, 31.770177 ], [ 117.2006129, 31.77016 ] ] } },
{ "type": "Feature", "properties": { "id": 432, "u": 1017764860, "v": 1017765140, "highway": "unclassified", "name": "香樟东路", "length": 47.396017734606914 }, "geometry": { "type": "LineString", "coordinates": [ [ 117.1994148, 31.768836 ], [ 117.1997706, 31.7691363 ] ] } },
{ "type": "Feature", "properties": { "id": 441, "u": 1017765116, "v": 1017765140, "highway": "unclassified", "name": "香樟东路", "length": 139.66361874154944 }, "geometry": { "type": "LineString", "coordinates": [ [ 117.2006129, 31.77016 ], [ 117.2002449, 31.7695996 ], [ 117.1997706, 31.7691363 ] ] } },
{ "type": "Feature", "properties": { "id": 66712, "u": 13646913978, "v": 1017765140, "highway": "service", "name": null, "length": 321.7487876268479 }, "geometry": { "type": "LineString", "coordinates": [ [ 117.2018338, 31.7707239 ], [ 117.2019585, 31.7705659 ], [ 117.2014864, 31.7699197 ], [ 117.2011248, 31.769467 ], [ 117.2007925, 31.7690908 ], [ 117.200761, 31.7690547 ], [ 117.2007472, 31.7690424 ], [ 117.2007261, 31.7690321 ], [ 117.2007058, 31.7690238 ], [ 117.2006818, 31.7690166 ], [ 117.2006465, 31.7690147 ], [ 117.2003905, 31.7690173 ], [ 117.2001837, 31.7690103 ], [ 117.2000593, 31.7690208 ], [ 117.1999563, 31.769056 ], [ 117.1997706, 31.7691363 ] ] } },
{ "type": "Feature", "properties": { "id": 409, "u": 1017758644, "v": 1017765142, "highway": "unclassified", "name": "香樟西路", "length": 224.27118683184605 }, "geometry": { "type": "LineString", "coordinates": [ [ 117.1947327, 31.7698677 ], [ 117.1946964, 31.7699176 ], [ 117.1946068, 31.769991 ], [ 117.1944754, 31.7700708 ], [ 117.1941717, 31.7702302 ], [ 117.1939535, 31.770323 ], [ 117.1938101, 31.7704231 ], [ 117.1936183, 31.7706078 ], [ 117.1935206, 31.7707141 ], [ 117.1934285, 31.7708306 ], [ 117.1933505, 31.7709861 ], [ 117.1933115, 31.7711223 ], [ 117.1932849, 31.7712733 ], [ 117.1932853, 31.7712904 ], [ 117.1932862, 31.7713363 ] ] } },
{ "type": "Feature", "properties": { "id": 11906, "u": 3314492350, "v": 1017765142, "highway": "unclassified", "name": null, "length": 128.36553376913298 }, "geometry": { "type": "LineString", "coordinates": [ [ 117.191992, 31.771461 ], [ 117.1920098, 31.7714263 ], [ 117.1920313, 31.7714 ], [ 117.192051, 31.7713816 ], [ 117.1920838, 31.7713632 ], [ 117.1921315, 31.7713448 ], [ 117.1932862, 31.7713363 ] ] } },
{ "type": "Feature", "properties": { "id": 12285, "u": 3318501555, "v": 1017765142, "highway": "unclassified", "name": "香樟西路", "length": 25.503238775531926 }, "geometry": { "type": "LineString", "coordinates": [ [ 117.1933032, 31.7715652 ], [ 117.1932862, 31.7713363 ] ] } },
{ "type": "Feature", "properties": { "id": 11189, "u": 3290375111, "v": 1024184810, "highway": "trunk", "name": "长江中路", "length": 227.06117087359138 }, "geometry": { "type": "LineString", "coordinates": [ [ 117.2834482, 31.8633786 ], [ 117.2846049, 31.8635053 ], [ 117.2853069, 31.8636346 ], [ 117.2858171, 31.8637187 ] ] } },
{ "type": "Feature", "properties": { "id": 6944, "u": 3087867166, "v": 1024215047, "highway": "primary", "name": null, "length": 11.655206438527804 }, "geometry": { "type": "LineString", "coordinates": [ [ 117.2558234, 31.8712115 ], [ 117.2557028, 31.8711892 ] ] } },
{ "type": "Feature", "properties": { "id": 36000, "u": 7518381835, "v": 1024215047, "highway": "secondary", "name": "长丰路", "length": 78.723888420777953 }, "geometry": { "type": "LineString", "coordinates": [ [ 117.2557494, 31.8718954 ], [ 117.2557267, 31.8717655 ], [ 117.2557028, 31.8711892 ] ] } },
{ "type": "Feature", "properties": { "id": 6926, "u": 3087863477, "v": 1024215070, "highway": "secondary", "name": "霍山路", "length": 9.1459913480516555 }, "geometry": { "type": "LineString", "coordinates": [ [ 117.2501741, 31.8680041 ], [ 117.2500928, 31.8680488 ] ] } },
{ "type": "Feature", "properties": { "id": 33619, "u": 6742354294, "v": 1024215070, "highway": "secondary", "name": "肥西路", "length": 188.1603452874152 }, "geometry": { "type": "LineString", "coordinates": [ [ 117.2500189, 31.8697398 ], [ 117.2500339, 31.8693962 ], [ 117.250055, 31.8689134 ], [ 117.2500928, 31.8680488 ] ] } },
{ "type": "Feature", "properties": { "id": 82469, "u": 13964294710, "v": 1025886684, "highway": "tertiary", "name": "樱花路", "length": 191.21121279732222 }, "geometry": { "type": "LineString", "coordinates": [ [ 117.1613632, 31.7933493 ], [ 117.1613617, 31.7923823 ], [ 117.1613607, 31.7916297 ] ] } },
{ "type": "Feature", "properties": { "id": 82484, "u": 13964294743, "v": 1025886684, "highway": "secondary", "name": "宁西路", "length": 106.04419786976966 }, "geometry": { "type": "LineString", "coordinates": [ [ 117.1624827, 31.7916343 ], [ 117.1613607, 31.7916297 ] ] } },
{ "type": "Feature", "properties": { "id": 82911, "u": 13964500047, "v": 1025886684, "highway": "secondary", "name": "宁西路", "length": 67.039714921254017 }, "geometry": { "type": "LineString", "coordinates": [ [ 117.1606514, 31.7916344 ], [ 117.1613607, 31.7916297 ] ] } },
{ "type": "Feature", "properties": { "id": 26960, "u": 5016642624, "v": 1025886685, "highway": "tertiary", "name": "银杏路", "length": 7.8891615092658522 }, "geometry": { "type": "LineString", "coordinates": [ [ 117.1892771, 31.8224896 ], [ 117.1891936, 31.8224897 ] ] } },
{ "type": "Feature", "properties": { "id": 75619, "u": 13903972699, "v": 1025886685, "highway": "service", "name": null, "length": 35.302093564957289 }, "geometry": { "type": "LineString", "coordinates": [ [ 117.18882, 31.8224849 ], [ 117.1891936, 31.8224897 ] ] } },
{ "type": "Feature", "properties": { "id": 75655, "u": 13903972739, "v": 1025886685, "highway": "secondary", "name": "香樟大道", "length": 305.14355098644461 }, "geometry": { "type": "LineString", "coordinates": [ [ 117.1891819, 31.8252339 ], [ 117.1891936, 31.8224897 ] ] } },
{ "type": "Feature", "properties": { "id": 29635, "u": 5406403699, "v": 1025886688, "highway": "secondary", "name": "香樟大道", "length": 14.485071921344755 }, "geometry": { "type": "LineString", "coordinates": [ [ 117.1755269, 31.7971338 ], [ 117.1754635, 31.7970152 ] ] } },
{ "type": "Feature", "properties": { "id": 81672, "u": 13959343308, "v": 1025886688, "highway": "secondary", "name": "铭传路", "length": 33.701292595194552 }, "geometry": { "type": "LineString", "coordinates": [ [ 117.1751069, 31.797016 ], [ 117.1754635, 31.7970152 ] ] } },
{ "type": "Feature", "properties": { "id": 26955, "u": 5016641614, "v": 1025886698, "highway": "tertiary", "name": "长安路", "length": 20.359370798355073 }, "geometry": { "type": "LineString", "coordinates": [ [ 117.1820648, 31.8094619 ], [ 117.1822722, 31.8094123 ] ] } },
{ "type": "Feature", "properties": { "id": 81188, "u": 13957482748, "v": 1025886698, "highway": "secondary", "name": "香樟大道", "length": 143.39526402152163 }, "geometry": { "type": "LineString", "coordinates": [ [ 117.181655, 31.8082342 ], [ 117.1822722, 31.8094123 ] ] } },
{ "type": "Feature", "properties": { "id": 82908, "u": 13964500034, "v": 1025886701, "highway": "secondary", "name": "宁西路", "length": 31.785468710068791 }, "geometry": { "type": "LineString", "coordinates": [ [ 117.1575766, 31.7916548 ], [ 117.1572403, 31.791657 ] ] } },
{ "type": "Feature", "properties": { "id": 83062, "u": 13966672526, "v": 1025886701, "highway": "secondary", "name": "宁西路", "length": 67.570113251324898 }, "geometry": { "type": "LineString", "coordinates": [ [ 117.1565274, 31.7916112 ], [ 117.1572403, 31.791657 ] ] } },
{ "type": "Feature", "properties": { "id": 83079, "u": 13966672556, "v": 1025886701, "highway": "tertiary", "name": "翠竹路", "length": 68.919185318252616 }, "geometry": { "type": "LineString", "coordinates": [ [ 117.1572376, 31.7922768 ], [ 117.1572403, 31.791657 ] ] } },
{ "type": "Feature", "properties": { "id": 20036, "u": 4641878461, "v": 1025886702, "highway": "tertiary", "name": "合欢路", "length": 9.3061082268666002 }, "geometry": { "type": "LineString", "coordinates": [ [ 117.1892767, 31.8261105 ], [ 117.1891782, 31.8261101 ] ] } },
{ "type": "Feature", "properties": { "id": 75452, "u": 13903937481, "v": 1025886702, "highway": "secondary", "name": "香樟大道", "length": 178.55882914999125 }, "geometry": { "type": "LineString", "coordinates": [ [ 117.1891866, 31.8277159 ], [ 117.1891837, 31.8271679 ], [ 117.1891782, 31.8261101 ] ] } },
{ "type": "Feature", "properties": { "id": 75456, "u": 13903937498, "v": 1025886702, "highway": "tertiary", "name": "合欢路", "length": 85.842894901469137 }, "geometry": { "type": "LineString", "coordinates": [ [ 117.1882696, 31.8261137 ], [ 117.1891782, 31.8261101 ] ] } },
{ "type": "Feature", "properties": { "id": 26939, "u": 5016641607, "v": 1025886703, "highway": "tertiary", "name": "海棠路", "length": 12.00586697056719 }, "geometry": { "type": "LineString", "coordinates": [ [ 117.1881742, 31.8196227 ], [ 117.1882992, 31.8196033 ] ] } },
{ "type": "Feature", "properties": { "id": 74826, "u": 13900408293, "v": 1025886703, "highway": "secondary", "name": "香樟大道", "length": 138.15671085131356 }, "geometry": { "type": "LineString", "coordinates": [ [ 117.1876209, 31.8185026 ], [ 117.1882992, 31.8196033 ] ] } },
{ "type": "Feature", "properties": { "id": 74856, "u": 13900408322, "v": 1025886703, "highway": "tertiary", "name": "海棠路", "length": 96.650107147848743 }, "geometry": { "type": "LineString", "coordinates": [ [ 117.1893013, 31.8194288 ], [ 117.1882992, 31.8196033 ] ] } },
{ "type": "Feature", "properties": { "id": 26926, "u": 5016641589, "v": 1025886707, "highway": "secondary", "name": "明珠大道", "length": 20.460371050526025 }, "geometry": { "type": "LineString", "coordinates": [ [ 117.1800619, 31.8051991 ], [ 117.1798463, 31.805216 ] ] } },
{ "type": "Feature", "properties": { "id": 80083, "u": 13944707404, "v": 1025886707, "highway": "secondary", "name": "香樟大道", "length": 245.07990277202052 }, "geometry": { "type": "LineString", "coordinates": [ [ 117.1808988, 31.8072304 ], [ 117.1798463, 31.805216 ] ] } },
{ "type": "Feature", "properties": { "id": 29592, "u": 5406347155, "v": 1025886708, "highway": "secondary", "name": "宁西路", "length": 11.153022903595174 }, "geometry": { "type": "LineString", "coordinates": [ [ 117.1462609, 31.7907328 ], [ 117.1463785, 31.7907411 ] ] } },
{ "type": "Feature", "properties": { "id": 83924, "u": 13974221544, "v": 1025886708, "highway": "secondary", "name": "宁西路", "length": 146.88149012078472 }, "geometry": { "type": "LineString", "coordinates": [ [ 117.1479321, 31.790774 ], [ 117.1463785, 31.7907411 ] ] } },
{ "type": "Feature", "properties": { "id": 27187, "u": 5016642814, "v": 1025888920, "highway": "tertiary", "name": "天波路", "length": 12.727238406041357 }, "geometry": { "type": "LineString", "coordinates": [ [ 117.2033959, 31.8551834 ], [ 117.2032615, 31.8551917 ] ] } },
{ "type": "Feature", "properties": { "id": 78856, "u": 13928065498, "v": 1025888920, "highway": "primary", "name": "科学大道", "length": 84.023167550866688 }, "geometry": { "type": "LineString", "coordinates": [ [ 117.2032838, 31.8559471 ], [ 117.2032615, 31.8551917 ] ] } },
{ "type": "Feature", "properties": { "id": 78865, "u": 13928065504, "v": 1025888920, "highway": "tertiary", "name": "天波路", "length": 84.466365326751969 }, "geometry": { "type": "LineString", "coordinates": [ [ 117.2023672, 31.855197 ], [ 117.2032615, 31.8551917 ] ] } },
{ "type": "Feature", "properties": { "id": 27272, "u": 5016642891, "v": 1025888921, "highway": "primary", "name": "科学大道", "length": 8.6584204552986268 }, "geometry": { "type": "LineString", "coordinates": [ [ 117.1993071, 31.8468065 ], [ 117.1993033, 31.8467287 ] ] } },
{ "type": "Feature", "properties": { "id": 78730, "u": 13927691244, "v": 1025888921, "highway": "tertiary", "name": "天达路", "length": 106.63405555259973 }, "geometry": { "type": "LineString", "coordinates": [ [ 117.1981744, 31.8467354 ], [ 117.1993033, 31.8467287 ] ] } },
{ "type": "Feature", "properties": { "id": 509, "u": 1030357912, "v": 1030357890, "highway": "tertiary", "name": "石笋路", "length": 189.1946490525803 }, "geometry": { "type": "LineString", "coordinates": [ [ 117.2005941, 31.7971781 ], [ 117.2007446, 31.7971419 ], [ 117.2025205, 31.7967152 ] ] } },
{ "type": "Feature", "properties": { "id": 30340, "u": 5495139428, "v": 1030357890, "highway": "tertiary", "name": "笔峰路", "length": 136.38184340706229 }, "geometry": { "type": "LineString", "coordinates": [ [ 117.2018731, 31.7956233 ], [ 117.2020241, 31.7959768 ], [ 117.2025205, 31.7967152 ] ] } },
{ "type": "Feature", "properties": { "id": 86522, "u": 13994464244, "v": 1030357890, "highway": "tertiary", "name": "笔峰路", "length": 141.66729334414313 }, "geometry": { "type": "LineString", "coordinates": [ [ 117.2033448, 31.7977793 ], [ 117.2032972, 31.7977147 ], [ 117.2025205, 31.7967152 ] ] } },
{ "type": "Feature", "properties": { "id": 86547, "u": 13994483028, "v": 1030357890, "highway": "tertiary", "name": "石笋路", "length": 97.389174205905732 }, "geometry": { "type": "LineString", "coordinates": [ [ 117.2035031, 31.7964604 ], [ 117.2032115, 31.7965692 ], [ 117.2025205, 31.7967152 ] ] } },
{ "type": "Feature", "properties": { "id": 514, "u": 1030357917, "v": 1030357891, "highway": "tertiary", "name": "仙人路", "length": 80.930561142580814 }, "geometry": { "type": "LineString", "coordinates": [ [ 117.1915464, 31.7939057 ], [ 117.1924026, 31.7939177 ] ] } },
{ "type": "Feature", "properties": { "id": 86802, "u": 13994589793, "v": 1030357891, "highway": "service", "name": null, "length": 102.69638630827399 }, "geometry": { "type": "LineString", "coordinates": [ [ 117.1915692, 31.7942145 ], [ 117.1918238, 31.7942346 ], [ 117.1919713, 31.7940186 ], [ 117.192373, 31.7940298 ], [ 117.1924026, 31.7939177 ] ] } },
{ "type": "Feature", "properties": { "id": 30415, "u": 5495139501, "v": 1030357896, "highway": "tertiary", "name": null, "length": 373.8968208863044 }, "geometry": { "type": "LineString", "coordinates": [ [ 117.1920498, 31.8008097 ], [ 117.19197, 31.8006841 ], [ 117.1901528, 31.7978589 ] ] } },
{ "type": "Feature", "properties": { "id": 86675, "u": 13994540731, "v": 1030357896, "highway": "tertiary", "name": "壶天路", "length": 71.364090141005732 }, "geometry": { "type": "LineString", "coordinates": [ [ 117.1908149, 31.7975503 ], [ 117.1901528, 31.7978589 ] ] } },
{ "type": "Feature", "properties": { "id": 86704, "u": 13994557481, "v": 1030357896, "highway": "tertiary", "name": null, "length": 98.669726771071566 }, "geometry": { "type": "LineString", "coordinates": [ [ 117.1896399, 31.797086 ], [ 117.1901528, 31.7978589 ] ] } },
{ "type": "Feature", "properties": { "id": 86625, "u": 13994540636, "v": 1030357898, "highway": "tertiary", "name": "棋石路", "length": 173.18089747553574 }, "geometry": { "type": "LineString", "coordinates": [ [ 117.1925604, 31.7984986 ], [ 117.1924374, 31.7983549 ], [ 117.1914828, 31.7972389 ] ] } },
{ "type": "Feature", "properties": { "id": 86674, "u": 13994540731, "v": 1030357898, "highway": "tertiary", "name": "壶天路", "length": 71.994594503779865 }, "geometry": { "type": "LineString", "coordinates": [ [ 117.1908149, 31.7975503 ], [ 117.1914828, 31.7972389 ] ] } },
{ "type": "Feature", "properties": { "id": 86764, "u": 13994589639, "v": 1030357898, "highway": "tertiary", "name": "棋石路", "length": 68.51195772534652 }, "geometry": { "type": "LineString", "coordinates": [ [ 117.191219, 31.796665 ], [ 117.1914828, 31.7972389 ] ] } },
{ "type": "Feature", "properties": { "id": 86768, "u": 13994589643, "v": 1030357898, "highway": "tertiary", "name": "壶天路", "length": 47.024586274008129 }, "geometry": { "type": "LineString", "coordinates": [ [ 117.1919151, 31.7970295 ], [ 117.1914828, 31.7972389 ] ] } },
{ "type": "Feature", "properties": { "id": 86714, "u": 13994589555, "v": 1030357904, "highway": "tertiary", "name": "仙人路", "length": 59.635922113008178 }, "geometry": { "type": "LineString", "coordinates": [ [ 117.188811, 31.7947457 ], [ 117.1887593, 31.7947724 ], [ 117.1882726, 31.7950254 ] ] } },
{ "type": "Feature", "properties": { "id": 86719, "u": 13994589601, "v": 1030357904, "highway": "tertiary", "name": null, "length": 124.93990114602056 }, "geometry": { "type": "LineString", "coordinates": [ [ 117.188922, 31.7960041 ], [ 117.1882726, 31.7950254 ] ] } },
{ "type": "Feature", "properties": { "id": 86921, "u": 13996704846, "v": 1030357904, "highway": "tertiary", "name": null, "length": 185.7772936663838 }, "geometry": { "type": "LineString", "coordinates": [ [ 117.1871497, 31.7936541 ], [ 117.1882726, 31.7950254 ] ] } },
{ "type": "Feature", "properties": { "id": 30341, "u": 5495139428, "v": 1030357907, "highway": "tertiary", "name": "笔峰路", "length": 164.25753069481362 }, "geometry": { "type": "LineString", "coordinates": [ [ 117.2018731, 31.7956233 ], [ 117.2016252, 31.7950426 ], [ 117.2014496, 31.7941962 ] ] } },
{ "type": "Feature", "properties": { "id": 30363, "u": 5495139447, "v": 1030357907, "highway": "tertiary", "name": "笔峰路", "length": 9.3118068792530977 }, "geometry": { "type": "LineString", "coordinates": [ [ 117.2014421, 31.7941127 ], [ 117.2014496, 31.7941962 ] ] } }
]
}
