id,name,category,sub_category,address,lng,lat
14068,鲜小诺生活超市(肥西店),supermarket,060400,上派河路与唐老圩路交叉口馆驿花园,117.144325,31.710275
14069,好客多超市(春景花园店),supermarket,060400,盘亭路与金寨南路辅路交叉口北120米,117.144895,31.706714
14070,薄利超市(祥欣楼店),supermarket,060400|060200,阳光公寓东南1门旁,117.148883,31.707789
14071,惠宜生鲜超市(春景花园店),supermarket,060703|060400|060200,春景花园7栋116-117商,117.143222,31.708644
14072,惠兴客超市,supermarket,060200|060400,上派镇馆驿路丽丰铂羽公馆售楼部C1号109商铺,117.148928,31.705698
14073,红府超市(肥西长鑫),supermarket,060400,创新大道tcl号,117.12978,31.737984
14074,晨源生活超市(文一西溪湾店),supermarket,060400,珍珠路文一西溪湾,117.142394,31.711369
14075,三岗购物中心,supermarket,060400,三岗路与070乡道交叉口西南20米,117.117392,31.71193
14076,拐角喜铺,supermarket,060400,春景花园西北门东北90米,117.143922,31.709616
14077,皖美华联超市(紫荆名都锦园店),supermarket,060400,苏家埠路与杭埠河大道交叉口东240米,117.110037,31.761861
14078,华联精品生活超市(紫荆名都店),supermarket,060400,华南城紫荆名都二期沁园东门西北150米,117.102943,31.767928
14079,鲜生源生活超市(紫荆名都·锦园店),supermarket,060400,华南城紫荆名都四期锦园幼儿园边社区商铺102.103,117.110553,31.76223
14080,鲜多生鲜超市(沁园店),supermarket,060703|060400,华南城紫荆名都·沁园S1号-商107,117.103334,31.767117
14081,世纪华联超市(桥湾路店),supermarket,060400,桥湾路28号附近,117.146822,31.77138
14082,森腾生活超市(东欧公寓店),supermarket,060400,肥西县经济开发区繁华大道与万佛山路交口东欧公寓旗舰店一楼,117.136974,31.783339
14083,好又多生活超市,supermarket,060400,大柏店路与元亨大道交叉口东南80米,117.127325,31.757525
14084,汇金超市(汤口路店),supermarket,060400,顺和家园39,117.146207,31.774127
14085,贵客烟酒文体超市(紫荆名都·沁园店),supermarket,061209|060400,华南城紫荆名都二期住宅S2商01铺,117.104002,31.765908
14086,沁园乐惠生鲜超市(紫荆名都·沁园店),supermarket,060400,华南城紫荆名都二期沁园东门旁,117.103428,31.76695
14087,瑞健商贸(顺和家园商业街店),supermarket,060400,合家悦顺和家园农贸市场北门西南50米,117.147589,31.770351
14088,紫云乐惠生活超市,supermarket,060400,国四路s1号保利紫云,117.107126,31.763688
14089,肥西县晨奕超市,supermarket,060400,国四路s1号保利紫云云起,117.104975,31.763625
14090,好波(顺美广场店),supermarket,060400,桃花镇润发宜家生活超市二楼A1,117.147922,31.770374
14091,好又多超市,supermarket,060400,繁华大道与宜秀路交叉口东320米,117.12796,31.781558
14092,云湖逸境家宴中餐厅,supermarket,060400,苏家埠路与杭埠河大道交叉口东100米,117.108508,31.761907
14093,壹甲公寓(高新区店),supermarket,060200|060400,明清唐家具有限公司北门旁,117.133675,31.778075
14094,盒马鲜生(龙湖合肥高新天街店),supermarket,060400,石莲北路与龙湖一路交口高新龙湖天街店负一楼,117.125772,31.849214
14095,和源好又多生活超市(皖水路店),supermarket,060400,创新大道与皖水路交汇东南角,117.135154,31.844831
14096,客云来超市(祥源城店),supermarket,060400,望江西路与创新大道交口西北角祥源城S-4幢109/上室,117.131318,31.832849
14097,百草街生活超市,supermarket,060400,创新大道与长江西路交口东南角新华纺中心第C-2幢1层101室,117.137154,31.848135
14098,百味之家超市(晶澳店),supermarket,060400,长宁大道999号柏堰湾路,117.11897,31.81227
14099,好又多超市(永和店),supermarket,061209|060400,皖水路与支路一交叉口东南100米,117.112171,31.844433
14100,宜买购生鲜超市,supermarket,060400,蜀山区高新区龙湖二路光年世纪城S3幢一楼商铺109-111号,117.123635,31.847561
14101,悦购邻舍(龙湖欢肆店),supermarket,060400,复兴路与金茂湾东支路交叉口西南160米龙湖合肥欢肆L1层,117.141804,31.814851
14102,佰嘉购生活超市(长宁家园店),supermarket,060400,蜀山区高新技术产业开发区长宁大道与习友路交口长宁家园,117.116567,31.817862
14103,合家福(先研院内部超市)(内部专用),supermarket,060400,南岗镇望江西路与石莲路交口东南角中国科技大学先进技术研究院一层,117.125868,31.826273
14104,好鲜森超市(复兴家园店),supermarket,060400,文曲路与复兴路交口复兴家园3号楼5-2号商铺,117.137895,31.816199
14105,百分百超市(百草街店),supermarket,060400,海亮九玺北区正门西70米,117.14103,31.848093
14106,家康超市(高新安医店),supermarket,060400,百草街100号华纺新华城商铺,117.136728,31.848136
14107,和源好又多汇景城店,supermarket,060400,汇景城(科大先研院地铁站B口步行60米),117.135569,31.829631
14108,浩源超市(中海岭湖湾店),supermarket,060200|060400,中海岭湖湾S1幢商铺S107,117.147675,31.802781
14109,安成超市,supermarket,060400,瑞特曼口腔医院东门旁,117.106597,31.829201
14110,华联尚品生鲜超市,supermarket,060400,文南路与祥生支路交口,117.139261,31.809087
14111,桦瑞烟酒超市(海亮九玺北区店),supermarket,061210|060400,南岗镇高新区百草街与文曲路交口C-108,117.141787,31.848093
14112,绿舒园生鲜超市海亮九玺店,supermarket,060400,蜀麓社区服务中心百草街90号九玺花园商业A幢108,117.142935,31.848095
14113,顺好超市(宴席酒水新鲜牛奶打印自产蔬菜),supermarket,060400,皖水路424号永和家园,117.119983,31.846883
14114,欧可生活超市(中南樾府店),supermarket,060400,北支路高新区方兴幼儿园对面,117.104045,31.837214
14115,乃星家烟酒超市,supermarket,060200|060400,皖水公寓北2门旁,117.136975,31.844675
14116,祥源超市(祥源城1期店),supermarket,060200|060400,祥源城商业街S-8栋108,117.128675,31.834125
14117,生活超市,supermarket,060400,创新大道与明珠大道交口明珠公寓楼下,117.133458,31.802665
14118,复兴华联超市,supermarket,060400,蜀山区高新区复兴家园12幢101室,117.13817,31.817727
14119,凯园超市(复兴家园店),supermarket,060400,创新大道与习友路交口复兴家园10幢104室,117.135813,31.817598
14120,骏哥超市,supermarket,060400,长江西路与长宁大道交叉口西南280米,117.113117,31.848661
14121,好易购精品百货超市,supermarket,060400,长江西路与双塘路交叉口东南300米,117.112701,31.848528
14122,人人家超市(复兴家园店),supermarket,060400,合肥高新技术产业开发区创新大道复兴家园5栋,117.13705,31.816678
14123,南竹超市,supermarket,060400,西街与长江西路辅路交叉口南220米,117.109575,31.848225
14124,天猫超市,supermarket,060400,石莲北路90号阳光御湖苑(桂庄地铁站B口步行460米),117.127575,31.847375
14125,食堂超市,supermarket,060400,皖水路与入区路交叉口西160米,117.12853,31.845788
14126,永和家园佳佳小店,supermarket,060400,皖水路与支路一交叉口南200米,117.111725,31.843375
14127,复兴社区超市(复兴家园店),supermarket,060400,复兴路复兴家园,117.135795,31.816681
14128,合肥超盒算NB高新银泰店,supermarket,060400,高新银泰城,117.132959,31.831711
14129,屈臣氏(高新银泰百货店),supermarket,060411,创新大道与望江西路交叉口西北角银泰百货B1,117.133049,31.831195
14130,合肥喆先智能科技有限公司,supermarket,060400,梅岭巷与华佗巷交叉口东南80米,117.136825,31.826875
14131,供销市集(振兴路店),supermarket,060400,振兴路1499号振兴小学对面,117.145816,31.877057
14132,汇万客生活超市,supermarket,060400,仙女湖路与创新大道交叉口西160米,117.132375,31.852675
14133,惠丰源烟酒超市(伟星印湖山店),supermarket,060400,激水路伟星星悦天地S4-126-127,117.148593,31.876465
14134,世纪华联优鲜超市(航空新城店),supermarket,060400,长宁大道与磨子潭路交口航空新城,117.114978,31.854774
14135,茸客鸣超市(徽创君泊店),supermarket,060400,宝月路徽创君泊小区19栋102,117.147085,31.880254
14136,鲜生爱家生活超市,supermarket,060400,南岗镇创新大道与磨子潭路交口东北角创意大厦二楼,117.135792,31.854711
14137,孙姐超市(南岗和园店),supermarket,060400,天龙路南岗和园14栋104室,117.131475,31.857675
14138,好又多生活超市,supermarket,060400,南岗镇长宁大道与大别山路交口长安汽车宿舍,117.114931,31.861893
14139,大富山庄41栋101超市,supermarket,060400,大富山庄41栋101室,117.147097,31.856248
14140,震坤行工业超市-合肥省仓,supermarket,060400,创新大道与湖光西路交叉口西南280米,117.132786,31.861081
14141,锦惠旺生鲜超市,supermarket,060703|060400,天龙路与大别山路交叉口西南160米,117.129775,31.857275
14142,航空新城D1超市(合肥市航空新城店),supermarket,060400|060200,长宁大道与磨子潭路交口航空新城,117.111447,31.85604
14143,老华联超市,supermarket,060400,长江西路快速路出口与长江西路快速路交叉口北60米,117.124725,31.851325
14144,乐优选精品超市(高新店),supermarket,060400,南岗青年公寓(南岗地铁站D口步行380米),117.115725,31.853825
14145,华联超市(龙湖丽丰·西宸原著店),supermarket,060400,蜀山新产业园区宝月路龙湖丽丰西宸原著41栋负一楼,117.143453,31.882776
14146,好又多生活超市(古城路店),supermarket,060400,清水苑南区西南门北70米,117.124552,31.929017
14147,福满家生活超市(顺丰农业大厦店),supermarket,060400,和顺街与018县道交叉口东南50米,117.119785,31.99374
14148,聂平生活超市,supermarket,060400,岗集镇卧龙居委会和顺街,117.121127,31.994986
14149,卧龙山百货超市,supermarket,060400|060200,合淮路辅路与和顺街交叉口东南420米,117.125595,31.99356
14150,百姓超市(朝阳路店),supermarket,060400,朝阳路与创业路交叉口西北100米,117.144815,31.973341
14151,徽盐连锁超市,supermarket,060400,岗集镇卧龙山居委会,117.119497,31.993999
14152,惠民超市大卖场(合淮路辅路店),supermarket,060400,合淮路与G206交叉口西侧综合楼,117.129032,31.989064
14153,邻家超市(中心街店),supermarket,060400,新风街与中心街交叉口东北60米,117.120757,31.997002
14154,大润发(金寨南路店),supermarket,060400,青年北路42号(凉亭地铁站C口步行130米),117.162835,31.725524
14155,好又多购物广场,supermarket,060400,紫石路,117.185095,31.73464
14156,联家超柿(肥西店),supermarket,060400,金寨南路与天海路交口绿地新都会G1楼负一层,117.180637,31.740118
14157,合家福(肥西百大购物中心店),supermarket,060400,上派镇肥西百大购物中心A座2层,117.169526,31.724405
14158,联家超柿(名邦店),supermarket,060704|060400,金寨南路与站下路交口名邦保利广场负一层,117.153529,31.714186
14159,联华超市,supermarket,060400,上派老中街水晶城,117.170893,31.720099
14160,永良超市(青年路店),supermarket,060200|060400,青年路与S二路交叉口东南80米,117.168153,31.717679
14161,合家福超市(灯塔家园店),supermarket,060400,妙道山路与灯塔路交叉口西北60米,117.185092,31.706808
14162,世纪华联超市(书香雅苑店),supermarket,060400,上派镇站前路书香雅苑25号26号101商铺,117.160639,31.707076
14163,遇见邻乐享超市(华地翡翠蓝湾畅园店),supermarket,060200|060400,华地翡翠蓝湾畅园东南门东北80米,117.168487,31.742523
14164,水晶城邻里超市,supermarket,060400,青年路中街水晶城北门内10米(原售楼处),117.170467,31.718306
14165,华翡生活超市(华地翡翠蓝湾和园店),supermarket,060400,华地翡翠蓝湾和园东北门旁,117.174844,31.744513
14166,世纪华联超市(科创店),supermarket,060400,人民路与聚星路交叉口西80米,117.154712,31.707215
14167,来优品省钱超市(翡翠蓝湾畅园店),supermarket,060400,滨河北路s1-124室,117.166916,31.744864
14168,合家福超市(宝成路店),supermarket,060400,宝成路与滨河路交口合家福肥西金星和园店11号,117.172245,31.738838
14169,艾享橙生活超市(宝城路店),supermarket,060400,安徽肥西实验高级中学东南门东北90米,117.176025,31.741475
14170,肥西县名邦联家超市巨圣鞋店,supermarket,060400,站下路与金寨南路辅路交叉口东南120米名邦·保利广场B2层,117.153944,31.713712
14171,马勇生活超市(第二分店),supermarket,060400,新星幼儿园东南门西南70米,117.169648,31.730577
14172,供销市集(康和家园店),supermarket,060200|060400,瑜城路与上派路交叉口东40米,117.152736,31.722191
14173,淘淘乐超市(光明观澜学府店),supermarket,060400,上派镇金寨南路与云谷路交口观澜学府北门10栋112,117.175138,31.73607
14174,家联超市(滨河家园店),supermarket,060200|060400,经开区紫石路与清龙潭路交口滨河家园小区商S1004,117.187702,31.733901
14175,新园邻里生活超市(新型家园店),supermarket,060400,桃花工业园管委会集贤路新型家园,117.15226,31.736635
14176,西街口生活超市(金星和园店),supermarket,060200|060400,金星和园3期西北门旁,117.17272,31.738392
14177,翡翠蓝湾超市(华地翡翠蓝湾和园店),supermarket,060400,天海路翡翠蓝湾27栋底商03,117.174986,31.744375
14178,树育超市,supermarket,060400|060200,三河路5号(凉亭地铁站B口步行160米),117.16124,31.722171
14179,世纪华联超市(翡翠蓝湾店),supermarket,060400|060200,云谷路与翡翠路交叉口华地翡翠南湾103-106号,117.171803,31.743525
14180,尚园生活超市(翰林水岸上园翰锦苑店),supermarket,060400,人民路与创新大道交叉口东220米,117.151409,31.701522
14181,利购联华(城建琥珀御宾府店),supermarket,060400,城建琥珀御宾府北门旁,117.167516,31.749362
14182,何俞琪超市(中街·水晶城天悦店),supermarket,060400,上派镇中街水晶城28栋,117.171384,31.716775
14183,好又多生活超市(华地翡翠蓝湾店),supermarket,060400,华地翡翠蓝湾朗园东南门旁,117.166011,31.74048
14184,人人家超市(新型家园2期店),supermarket,060400|060200,桃花工业园新型家园二期,117.153862,31.74039
14185,好缘多超市,supermarket,060400,翰林水岸上园S7幢-101号,117.151862,31.70154
14186,惠森活生活超市(人民路店),supermarket,060400,人民路天圆地方大酒店(四十埠地铁站A口步行260米),117.159879,31.710668
14187,三源批发超市(金宇天地城店),supermarket,060400,金宇·天地城,117.17328,31.73044
14188,肥西县上派镇张郢小区汇邻百生鲜超市(肥西店),supermarket,060200|060400,人民路与冬融路交口向南100米,117.180685,31.714255
14189,宜凤生活超市(优步学府店),supermarket,060400,上派镇妙道山路与站前路交口优步学府S2号商业118室,117.183402,31.700113
14190,易购生活超市(集贤路店),supermarket,060400,新型家园易购生活超市,117.151423,31.737881
14191,橙意满满精品超市,supermarket,060400,翡翠路与周老圩路交叉口东240米,117.154908,31.727493
14192,旺菊超市,supermarket,060200|060400,安徽省合肥市肥西县天海路9号,117.179847,31.740697
14193,农鲜超市(长城楼店),supermarket,060400,人民东路长城楼1幢,117.172077,31.715197
14194,麦乐购烟酒超市(华地紫金府店),supermarket,060400,华地紫金府西南门旁(李湾地铁站D口步行190米),117.155875,31.719525
14195,州州生活超市,supermarket,060400,绿地新都会G栋公寓S1-03号门面,117.181575,31.741725
14196,惠万家超市(名邦中央公馆店),supermarket,060400,名邦中央公馆(四十埠地铁站C口步行450米),117.159526,31.70604
14197,家俊生活超市(和谐盛世店),supermarket,060400,上派镇科创和谐盛世右边,117.153904,31.706331
14198,原鲜态生鲜超市,supermarket,060400,集贤路辅路与王岗路交叉口东南240米,117.153177,31.738256
14199,吉庆轩生活超市(光明观澜印象店),supermarket,060400,上派镇翡翠路和云谷路西南角光明观澜印象S3-119,117.164093,31.744017
14200,扬逸生活超市,supermarket,060400,桃花工业园新型家园派街广场1050-1051,117.152487,31.736658
14201,世纪华联金科超市(芮祠店),supermarket,060400,乐平路芮祠家园,117.161843,31.700596
14202,好优多超市,supermarket,060400,上派镇镇人民西路和谐盛世21号楼,117.154025,31.706467
14203,好又多购物中心(人民路店),supermarket,060400,青龙湾北2门旁,117.178098,31.715063
14204,红林生活超市(金宇·天地城店),supermarket,060400,上派镇金宇天地城41栋128室,117.1744,31.729479
14205,喜莱邻生活超市,supermarket,060400,三河路72号伟星·星街PARK,117.158366,31.724607
14206,木田生鲜(张郢小区一期店),supermarket,060400,张郢小区1期东门旁,117.180668,31.714208
14207,爱和超市,supermarket,060200|060400,永良购物广场东门旁,117.161931,31.719231
14208,悦涵超市(金星和园三期店),supermarket,060400,上派镇金星和园三期6栋104室,117.172771,31.737
14209,恰恰生鲜超市,supermarket,060400,上派路与爱和路交叉口东南200米,117.155481,31.722611
14210,家乐和超市,supermarket,060200|060400,用电管理东南门旁,117.158082,31.715173
14211,世纪华联社区便民超市(华地翡翠蓝湾畅园店),supermarket,060400|060200,翡翠蓝湾·畅园东北门旁,117.167137,31.743852
14212,新都会生活超市,supermarket,060400,上派镇天海路绿地新都会中心S5号105铺,117.178998,31.740828
14213,今日生鲜(观澜印象店),supermarket,060400,光明观澜印象西门旁,117.163918,31.742078
14214,春香烟酒超市(金云国际店),supermarket,061210|060400,金云国际西门旁,117.175715,31.737643
14215,悦享购烟酒茶(舒雅文沁苑店),supermarket,060400|060200,三河路400号舒雅文沁苑,117.166345,31.707809
14216,优尚超市(翰林水岸上园绣林苑店),supermarket,060400,翰林水岸上园,117.151741,31.701394
14217,新宇生鲜超市(凉亭雅苑店),supermarket,060400,青年北路与上派路交叉口东南180米,117.162315,31.728738
14218,永联生活超市,supermarket,060200|060400,上派镇金寨南路环球世家小区对面,117.179362,31.737334
14219,庭芬超市,supermarket,060400,集贤路与集贤路出口交叉口东南180米,117.152043,31.736784
14220,滕旺超市(钱江1号公馆店),supermarket,060400,人民路钱江1号公馆(四十埠地铁站A口步行180米),117.158277,31.710784
14221,旺联生活超市(南郢小区店),supermarket,060400|060200,南郢小区东南1门东北60米,117.183405,31.728079
14222,恭选精品超市,supermarket,060400,新华街8号,117.171064,31.722627
14223,世纪华联超市(泰来傲城店),supermarket,060400|060200,上派镇人民西路泰来傲城,117.162344,31.71239
14224,合派生活超市(万派城店),supermarket,060400,万派城(凉亭地铁站C口步行310米),117.164583,31.727088
14225,家云超市(三河路店),supermarket,060400,三河路与中派路交叉口南240米,117.166437,31.709311
14226,雁北生鲜超市,supermarket,060400,青年北路雁北小区,117.164295,31.723731
14227,恩兮超市(李湾安置小区店),supermarket,060400,李湾安置小区2期东南门东北130米,117.15186,31.721096
14228,华林超市,supermarket,060200|060400,上派镇中街水晶城二期5号楼,117.170147,31.718609
14229,近邻生活超市(李湾安置小区店),supermarket,060400,李湾安置小区2期西北门东130米,117.151633,31.718365
14230,沁园春生鲜超市,supermarket,060400,上派镇上派路,117.151072,31.719922
14231,星光彩超市,supermarket,060400,人民路与站下路交叉口东180米,117.159415,31.709452
14232,朝亮生活超市(水岸豪庭店),supermarket,060200|060400,上派镇水岸豪庭8栋1层,117.177015,31.7128
14233,华联生鲜超市(凉亭雅苑店),supermarket,060400,肥西县广播电视台西南门北170米,117.162266,31.728651
14234,平价超市(瑞泰翰林水岸店),supermarket,060400,上派镇人民西路翰林水岸15栋,117.154024,31.704227
14235,明元超市,supermarket,060400,合肥市公路管理服务中心肥西分中心西南侧90米,117.175319,31.729744
14236,宜佳兴生活超市(徽创佳兆业未来城B区店),supermarket,060400,青年北路与上派路交叉口东200米,117.163351,31.729696
14237,谊品小店·优百利超市(凉亭雅苑店),supermarket,060400,珍珠路凉亭小区,117.159635,31.729019
14238,乐尔发优选超市,supermarket,060400|060200,芮祠路与妙道山路交口光明府,117.183625,31.703775
14239,邻里优鲜超市,supermarket,060400,翰林水岸上园绣林苑东北门旁,117.152825,31.702525
14240,梦霞超市,supermarket,060400,金宇天地城西北门东北240米,117.172672,31.731369
14241,留乡湾社区团购超市,supermarket,060400,人民路与青年路交叉口西40米,117.167794,31.715179
14242,平价超市水晶城店,supermarket,060400,新华街水晶城30栋109幼儿园旁,117.171937,31.716542
14243,紫苏优选生活超市,supermarket,060400,肥西县民政局东北门旁(凉亭地铁站B口步行420米),117.16169,31.720057
14244,国林超市,supermarket,060400,三河路与人民路交叉口东南140米,117.164925,31.713628
14245,世纪华联优鲜超市,supermarket,060400,方兴大道快速路入口与方兴大道快速路交叉口西南360米,117.189125,31.737125
14246,木田生鲜(万派城店),supermarket,060400,万派广场北门东北90米(凉亭地铁站C口步行340米),117.162775,31.727725
14247,好又多超市,supermarket,060400,青年路与人民路交叉口北20米,117.168375,31.715375
14248,禾小智便利店,supermarket,060400,青龙潭路与紫石路交叉口东北380米,117.189243,31.736148
14249,家家欢生鲜超市,supermarket,060400,翰林水岸上园,117.151825,31.701575
14250,国家超市,supermarket,060400,上派镇巢湖路名邦西城国际,117.155375,31.713225
14251,王姐百货,supermarket,060400,金寨路辅路与三河路交叉口南140米,117.160743,31.72088
14252,悦涵超市,supermarket,060400,金寨南路辅路与望水路交叉口东北180米,117.169721,31.730612
14253,亮才超市,supermarket,060400,三河路与中三路交叉口南260米,117.16664,31.709217
14254,上园生鲜蔬果超市,supermarket,060400,上派镇人民路与官驿路交口翰林水岸,117.153026,31.702224
14255,兔喜生活超市,supermarket,060400,灯塔家园二期B区,117.183125,31.708025
14256,优品万相购物中心,supermarket,060102|060400,青龙潭路与云谷路交叉口,117.184345,31.730277
14257,千悦嘉购物中心,supermarket,060400,集贤路与集贤路出口交叉口东140米,117.15188,31.737263
14258,绿鲜果蔬(杨桂塘市场店),supermarket,060400,杨桂塘菜市场,117.165163,31.715881
14259,吉美美甲美睫半永久问题肌(青年路店),supermarket,060400,水晶城A18-1-106,117.169213,31.719875
14260,京万家超市(繁华店),supermarket,060400,繁华大道与杭埠路交叉口东冠繁华逸城商业街负1层,117.171919,31.782945
14261,生鲜传奇(禹洲·华侨城店),supermarket,060703|060400,桃花镇棋石路与芙蓉路交口禹州华侨城三期枫园13号,117.196025,31.791675
14262,家福乐超市(禹洲·翡翠湖郡店),supermarket,060200|060400,禹洲·翡翠湖郡西南2门东南60米,117.194025,31.758694
14263,华联超市(海乐公寓店),supermarket,060400,汤口路绿地微客公园东侧约210米,117.15516,31.775181
14264,李梓诺生活超市(金星家园店),supermarket,060400,芙蓉社区繁华大道与松林路交口金星家园,117.198085,31.781639
14265,好邻亲生活超市(和昌中央悦府店),supermarket,060400,和昌中央悦府商f1-060,117.151903,31.781044
14266,五五八超市(华邦·观筑里店),supermarket,060400,华邦·观筑里西门旁,117.196506,31.787729
14267,好又多超市(旭日长安店),supermarket,060400,铭传路221号旭日长安,117.165004,31.79574
14268,世纪华联超市(信地·华地城店),supermarket,060400,"桃花镇信地华地城商业S12幢商铺105,106,107,108,109一楼",117.164669,31.780247
14269,幸福一里超市(瑞泽源·一里洋房店),supermarket,060400,桃花镇经开区芙蓉路一里洋房33栋二单元,117.190049,31.785388
14270,华联盈创超市,supermarket,060400,翡翠路811号世茂翡翠首府,117.192125,31.758525
14271,拾客精品超市(肥西经开店),supermarket,060400,绿地微客公园东门南70米,117.152757,31.775383
14272,千家伴超市(翰林雅居店),supermarket,060400|060200,松林路267号翰林雅居,117.199023,31.77518
14273,田园生鲜生活超市(禹洲·翡翠湖郡店),supermarket,060703|060400,经开区翡翠路777号禹洲·翡翠湖郡3栋,117.194388,31.758402
14274,堂德生活超市(信地·华地城店),supermarket,060400,祝融路信地·华地城,117.166333,31.780258
14275,人人家超市(柏堰分店),supermarket,060400,肥西县经济开发区铭传路旭日长安小区5栋,117.165386,31.79575
14276,安徽大学磬苑校区-西门超市,supermarket,060400,至坚路安徽大学(磬苑校区),117.180988,31.767498
14277,九龙超市(九龙路店),supermarket,060400|060200,九龙路244号,117.183865,31.775
14278,佰缘超市(合肥财经职业学院店),supermarket,060400,斯坦迪大道与嘉日成大道交叉口东南100米,117.179126,31.757006
14279,福乐家超市(松林路店),supermarket,060400|060200,芙蓉路与松林路交叉口九溪江南西门111号,117.199921,31.791098
14280,百世邻里一鼎超市(原树提香店),supermarket,060400,翡翠路原树提香(幸福坝地铁站A口步行290米),117.183596,31.751007
14281,佳百优选生活超市,supermarket,060400,桃花镇禹洲华侨城二期柳园2栋商102,117.198459,31.798483
14282,怡家华联(幸福大街店),supermarket,060200|060400,幸福大街西区,117.187703,31.755325
14283,农夫蔬果百货超市,supermarket,060400,长古路与祝融路交叉路口往东约50米,117.167923,31.778634
14284,越来越好超市(学林雅苑店),supermarket,060400,桃花镇翡翠路学林雅苑A2O幢,117.19914,31.758893
14285,予礼四季优选超市,supermarket,060400,汤口路23号18幢107室,117.152745,31.775411
14286,军风超市(学林雅苑店),supermarket,060400,翡翠路715号学林雅苑A区,117.198935,31.758908
14287,玖发超市(新华九龙首府店),supermarket,060400,九龙首府24栋商业05室,117.169377,31.756868
14288,创景生活超市(瑞泽源·一里洋房店),supermarket,060400|060200,瑞泽源·一里洋房19号商102室,117.191706,31.786282
14289,柏安生活超市,supermarket,060400,桃花镇合肥信息技术职业学院正大门对面新世纪有限公司,117.171394,31.760348
14290,绿洲百货超市(绿洲风情商业街店),supermarket,060400,名门绿洲商铺S3栋104室,117.173326,31.781819
14291,维客生活超市(新华九龙首府店),supermarket,060400,新华九龙首府,117.169875,31.757175
14292,幻彩精品超市,supermarket,060400|060200,融创城创泽园,117.199025,31.794625
14293,客多多生活超市,supermarket,060400,方兴大道与严凤英路交叉口东200米,117.155175,31.764725
14294,团如易线上超市(繁华大道店),supermarket,060400,繁华大道与延乔路交口文一名门绿洲,117.17292,31.781752
14295,徽御烟酒茶(文一名门绿洲店),supermarket,061210|060400,文一名门绿洲,117.174026,31.781806
14296,鼎园烟酒茶,supermarket,060400,桃花镇加侨波普住区2栋01,117.157225,31.798925
14297,韵达快递(信地·华地城店),supermarket,060400|070500,信地华地城商业街韵达超市,117.164854,31.780468
14298,安徽浩邦,supermarket,170200|060400,桃花镇桃花工业聚集区杨井路6号,117.152465,31.79076
14299,信佰佳易生活超市(暂停营业),supermarket,060400,经济技术开发区九龙路九龙商业街8幢805号,117.181035,31.771136
14300,百大合家福(百大奥莱店),supermarket,060400,桃花镇明珠路88号百大奥莱生活广场2层,117.160111,31.804036
14301,好又多购物广场(习友路店),supermarket,060102|060101|060200|060400,香樟大道与习友路交汇东北角,117.193599,31.814575
14302,天润发生活超市(乐富强·乐街店),supermarket,060400,习友路南50米,117.180365,31.818583
14303,好又多生活超市(蜀南庭苑店),supermarket,060400,望江西路639号,117.1699,31.828348
14304,好又多超市(圣联·香御公馆店),supermarket,060400,高新技术产业开发区习友路与香樟大道交叉口和源好又多购物广场负一楼,117.193311,31.814709
14305,人人家超市(蜀南分店),supermarket,060400|060200,蜀山区高新技术产业开发区蜀南庭苑商业街10栋,117.164236,31.828514
14306,西柚生活超市(馥邦天下店),supermarket,060400,馥邦生活广场西门东南60米,117.199825,31.816225
14307,好又多超市(金桂路),supermarket,060400,鲲鹏国际广场西门北70米,117.188639,31.831121
14308,苏果life(澜溪镇店),supermarket,060704|060400,澜溪镇香樟大道220号,117.19447,31.832768
14309,好又多精品生活超市(科海雅居店),supermarket,060400,科学大道与海棠路交口9号,117.199526,31.816887
14310,拾客精品超市(高新店),supermarket,060400,习友路华安种业内(A座E01),117.187769,31.817345
14311,财创超市(景尚名郡店),supermarket,060400,景尚名郡7103门面,117.192522,31.813795
14312,海岸便利(禹洲·华侨城二期店),supermarket,061210|060400|060200,禹州华侨城二期南门B65门面,117.199608,31.800872
14313,鸿雨百货超市(恒大华府店),supermarket,060400|060200,习友路科学大道交叉口恒大华府21幢121号,117.198993,31.810918
14314,百上百生活超市蜀南庭苑店,supermarket,060400,望江西路4289号,117.166025,31.829625
14315,邻里之间生活超市(绿城·桂花园店),supermarket,060400,黄山路629号绿城桂花园桂雨苑8幢3-4室,117.197638,31.838202
14316,日日惠干货生活超市(格力馨雅园店),supermarket,060400,格力馨雅园,117.180147,31.802686
14317,十亩地生鲜超市,supermarket,060400,翠竹路与明珠路辅路交叉口南80米,117.163027,31.802524
14318,畅优超市,supermarket,060400|060200,枫香大道附近,117.164914,31.828346
14319,梦园超市(梦园商城A座店),supermarket,060200|060400,高新技术产业开发区天柱路19号梦园商城A座105,117.199157,31.845038
14320,阳光国际超市(香蒲路店),supermarket,060400,新华阳光国际小区商铺15栋105室,117.161179,31.802746
14321,乐美加超市(柏堰雅苑店),supermarket,060400,柏堰雅苑南2门东50米,117.164613,31.80377
14322,惠万客烟酒超市(新华阳光国际店),supermarket,061210|060400,桃花镇明珠大道新华阳光国际16栋,117.161895,31.802718
14323,宅小熊生活超市,supermarket,060400,习友路1719号御景城,117.179225,31.816875
14324,霍之鲜生鲜市集,supermarket,060400,天柱路21号梦园商城B座,117.199749,31.846101
14325,华联购物超市(香樟店),supermarket,060200|060400,香樟花园北门旁,117.185749,31.811103
14326,胖哒立送超市(高新店),supermarket,060400,深港数字化产业园6栋F,117.188688,31.813299
14327,旭海福运超市(旭辉湖山源著店),supermarket,060400,旭辉湖山源著东门旁(北雁湖地铁站D口步行210米),117.156722,31.822241
14328,天天购物超市(柏堰店),supermarket,060400,柏堰雅苑南门旁,117.162294,31.803774
14329,蜀南白帝超市,supermarket,060400,合肥高新技术产业开发区望江西路蜀南庭苑商业街7号107室,117.166885,31.828344
14330,领鲜购生活超市(瑞和山水居店),supermarket,060400,蜀山区高新技术产业开发区望江西路瑞和山水居,117.193346,31.831576
14331,金麦穗连锁超市,supermarket,060400,玉兰大道与观澜路交叉口西260米,117.160449,31.809785
14332,钮宇璐生鲜超市,supermarket,060400,习友路1973号恒大华府,117.198625,31.810925
14333,合肥市高新区紫崛生活超市,supermarket,060400,杭埠路与玉兰大道交叉口东南180米,117.166875,31.811025
14334,汇旺生活超市(合肥蜀南庭苑店),supermarket,060400,东支路与望江西路交叉口南80米,117.170725,31.830975
14335,兔喜快递超市,supermarket,060400,枫林路蜀南庭苑,117.163688,31.828351
14336,联家超柿(蜀峰店),supermarket,060400,蜀峰路,117.168773,31.859654
14337,红府超市(徽商·优山美地店),supermarket,060400,长江西路优山美地负一楼(天柱路地铁站C口步行110米),117.197977,31.853502
14338,好市发超市(振兴店),supermarket,060400,长江西路与振兴路交口加侨悦山国际S22栋商业街B1层,117.150736,31.852829
14339,和源好又多生活超市(顺丰丰泰店),supermarket,060400,顺丰丰泰产业园·合肥1号门东80米,117.152525,31.868225
14340,华联尚品生鲜超市(加侨悦山城店),supermarket,060400,田埠西路与雪霁路交叉口西南角,117.154307,31.853596
14341,京双食品超市,supermarket,060400,井岗路安徽百姓缘连锁有限公司,117.153385,31.857441
14342,美加美生活超市(岐安商贸大楼店),supermarket,060400,井岗镇荷花路90号歧安大厦1楼,117.186589,31.854307
14343,勤志商贸,supermarket,060400|060200,荷花东路678小区北8栋勤志商贸,117.188633,31.854449
14344,乐口福百货超市(沃野花园店),supermarket,060400,甘泉路81号沃野花园,117.172444,31.854103
14345,久诚百货商行(山水间花园店),supermarket,060400,井岗路836号山水间19幢商101、102室,117.166422,31.858971
14346,好又多生活超市(雪霁路店),supermarket,060400,雪霁路与汶水路交叉口卓然居1010门面,117.154607,31.867487
14347,徐老板超市(汇商中心店),supermarket,060400,蜀山新产业园区乐客来国际商业中心A1幢124号,117.169778,31.853248
14348,好又多超市(山湖苑店),supermarket,060400,蜀峰路558号山湖苑东区,117.169851,31.863867
14349,悦福超市(卓然居店),supermarket,060400|060200,卓然居北2门旁,117.155291,31.86756
14350,来之客超市(田埠路店),supermarket,060400,田埠东路上堤公寓A2幢111室,117.170722,31.853464
14351,伊乐超市(山湖苑西区店),supermarket,060400,山湖苑东区南区南门西480米,117.166553,31.862785
14352,惠优选社区超市,supermarket,060400,上堤公寓(蜀山西地铁站A口步行470米),117.170119,31.853346
14353,静之敏超市(新华夏大厦店),supermarket,060400|060200,爱丽丝酒店下,117.175241,31.853576
14354,天猫小店(卓然居店),supermarket,060200|060400,雪霁路附近,117.153953,31.866161
14355,华联尚品生活超市,supermarket,060400,中海原山南2门旁,117.156963,31.854042
14356,喜客好又多超市(电商园高级人才公寓店),supermarket,060400,电商园高级人才公寓,117.157555,31.862749
14357,优榀生活超市,supermarket,060400,井岗路甘泉新村西区34幢6-7号商铺,117.172522,31.857326
14358,超市(山湖苑东区北区店),supermarket,060400,蜀峰路558号山湖苑东区,117.169844,31.863867
14359,惠生活邻里超市(桃源里店),supermarket,060400,华润桃源里1期东门南120米,117.179858,31.863973
14360,如云超市(晨光苑店),supermarket,060400,长江西路1388号乐客来家居广场下沉广场-1042,117.170325,31.852238
14361,宜博百货超市(蜀景园店),supermarket,060400,山湖路与田埠东路交叉口西北140米,117.177693,31.854234
14362,捷乐生活超市(新城分店),supermarket,060400,长江西路898号新加坡花园城北门捷乐生活超市,117.197771,31.859337
14363,聚客缘超市(蜀新西澜店),supermarket,060200|060400,蜀新西澜北1门旁,117.175625,31.859275
14364,聚福源百货超市(金濠优活城店),supermarket,060400|060200,高新技术产业开发区天柱路金豪优活城B4幢,117.199327,31.853714
14365,卓越百货超市,supermarket,060200|060400,加侨·悦山城西区(振兴路地铁站C1口步行170米),117.150825,31.852275
14366,常德中百货超市,supermarket,060200|060400,井岗路与甘泉路交叉口东南200米,117.174325,31.855475
14367,蜀山阁美家福超市,supermarket,060400|060200,井岗镇长江西路898号新加坡花园城,117.199775,31.858025
14368,美加福超市,supermarket,060400,长江西路与天柱路交叉口北80米,117.198744,31.855112
14369,买乐超市,supermarket,060200|060400,长江西路与蜀峰路交口乐客来国际商业中心,117.171825,31.853025
14370,天猫超市,supermarket,060400,科学岛路800号华润·桃源里1期,117.179075,31.865425
14371,天猫超市(悠然居店),supermarket,060400,蜀山新产业园区天狮路悠然居20栋1706,117.153102,31.874059
14372,屈臣氏(奥园·城市天地店),supermarket,060411,田埠东路奥园城市天地首层,117.16815,31.853063
14373,屈臣氏(花山堡墅店),supermarket,060411,花山堡墅(蜀山西地铁站出入口步行200米),117.167181,31.85275
14374,农副果园,supermarket,060400,加侨·悦山城西区,117.152336,31.853602
14375,世纪华联优鲜超饰(电商园三期会务中心店),supermarket,060400,湖光路1165号,117.152464,31.86623
14376,好客隆超市(岗集店),supermarket,060400|060200,岗集镇合淮路东侧金明花园16幢123-124室,117.192769,31.944248
14377,双安便利商店,supermarket,060400|060200,金岗大道与合淮路辅路交叉口东北60米,117.196149,31.940639
14378,四季红超市(合瓦路店),supermarket,060400,合瓦路玉成明珠苑,117.19006,31.94701
14379,好运来超市(科学岛店),supermarket,060400,井岗镇梧桐路科学岛集贸市场,117.165059,31.907521
14380,家福超市,supermarket,060400,合淮路与岗南路交叉口西北440米,117.185444,31.94899
14381,天润发购物中心(祥和中央广场店),supermarket,060400,岗集镇祥和中央广场B1层,117.19377,31.950764
14382,庐鲜生生活超市(新城·悦隽九里店),supermarket,060400,新城悦隽九里20栋,117.155398,31.965361
14383,世纪华联超市(祥源玖悦湾店),supermarket,060400,岗集祥源玖悦湾商业街S3栋101-109室,117.157777,31.966036
14384,乐哈氏生活超市,supermarket,060400,模具大道3号,117.175195,31.973125
14385,杏杏精品百货店,supermarket,060400,岗集镇祥和中央广场106,117.19476,31.950217
14386,二姐超市(安徽兽药产业园店),supermarket,060400,岗集镇金岗大道北段88号安徽兽药产业园,117.173388,31.971919
14387,岗集欧世华联超市,supermarket,060200|060400,合淮路辅路与瑞丰路交叉口东南120米,117.185098,31.952419
14388,徽之隆超市(安徽兽药产业园店),supermarket,060400,岗集镇金岗大道北段88号安徽兽药产业园,117.173547,31.972031
14389,尚品鲜生活超市(祥和公馆店),supermarket,060400,祥和公馆东南门旁,117.189354,31.951642
14390,百鲜汇生活超市,supermarket,060400,瑞风路与安居路交叉口北60米,117.194175,31.957725
14391,天和超市(二店),supermarket,060400,朝阳路与育才路交叉口东60米,117.157351,31.966243
14392,佳美连锁超市(金明花园小区三期店),supermarket,060400,岗集镇南洪社区金明花园三期3栋12号,117.190981,31.952794
14393,海汇超市(祥源店),supermarket,060400,育才路祥源玖悦湾,117.157259,31.966492
14394,比那多超市(岗集金湖店),supermarket,060400,岗集镇金湖花园B区S2-117/118门面,117.195161,31.958152
14395,百货颂·精品超市(长丰店),supermarket,060400,神龙路与金岗北路交叉口东120米,117.184625,31.961025
14396,润宜佳超市(锦绣店),supermarket,060400,锦绣菜市场新址东南门旁,117.235682,31.746844
14397,日之惠超市(紫蓬路店),supermarket,060400,蓬莱花园东北1门旁,117.218896,31.747839
14398,好又多连锁超市(青龙潭路店),supermarket,060400,长安一品西门东南70米,117.204628,31.749771
14399,集百生活超市(天门湖公租房店),supermarket,060400,锦绣社区管理委员会天门湖公租房二栋一楼,117.217601,31.74459
14400,晶弘生活超市(晶弘嘉苑店),supermarket,060400,晶弘嘉苑东1门旁,117.240191,31.711633
14401,禾鲜柿集生活超市,supermarket,060400,经开区莲花路1006号,117.231872,31.744081
14402,蓬莱花园生活超市,supermarket,060400,锦绣社区经济技术开发区紫蓬路蓬莱花园23栋,117.219239,31.747718
14403,腾尚连锁超市(天门路店),supermarket,060400|060200,锦绣社区天门湖新界2棟16号,117.228133,31.74666
14404,好又多连锁超市(师范学院锦绣校区店),supermarket,060400,天门路47号,117.226465,31.749542
14405,健安超市(锦绣紫云花园店),supermarket,060400,紫云路160号锦绣紫云花园,117.23285,31.743265
14406,临湖家福超市(临湖社区店),supermarket,060400,临湖社区祥园13栋108室家福超市,117.246655,31.709194
14407,佳佳福超市(吉园店),supermarket,060400,临湖社区吉园23橦111门面,117.248886,31.710695
14408,乐加福超市(莲花路店),supermarket,060200|060400,莲花路与紫云路交叉口北160米,117.23161,31.742574
14409,康敏生活超市(天门湖·锦城店),supermarket,060400,锦绣社区天门路199号天门湖锦城5栋,117.229216,31.741835
14410,璟辉超市(米兰阳光花园店),supermarket,060400|060200,紫云路与合掌路交叉口米兰阳光花园101商铺,117.20942,31.748248
14411,四妹连锁超市(莲花路店),supermarket,060400|060200,紫云路160号锦绣紫云花园,117.231636,31.744473
14412,世纪华联超市(建大店),supermarket,060400,安徽建筑大学南校区北2门西80米,117.226675,31.747075
14413,佳佳福超市(玉屏南路店),supermarket,060200|060400,临湖社区,117.24564,31.709944
14414,好又多超市(萃语云筑店),supermarket,060400,萃语云筑东南门旁,117.202341,31.748005
14415,哦家喜数商超市,supermarket,060400,合肥凌冠大酒店西北门旁,117.205425,31.749775
14416,南苑学生超市(建工店),supermarket,060400,紫云路292号,117.227278,31.741562
14417,上海中联超市(莲花路店),supermarket,060400|060200,紫云路160号锦绣紫云花园,117.232109,31.74564
14418,天天乐生活超市,supermarket,060400,紫云路与望客路交叉口东北120米,117.216175,31.741875
14419,森林骏超市,supermarket,060400,卧云路与玉屏南路交叉口东100米,117.246506,31.729989
14420,比特福便利店,supermarket,060400,方兴园小区南园西1门旁,117.210908,31.749315
14421,王老头驿站生活超市,supermarket,060400,紫石路与青鸾路交叉口东南220米,117.221475,31.716125
14422,朱家百货超市,supermarket,060400,紫蓬路285号天门湖·新界,117.228433,31.747034
14423,元迎超市,supermarket,060400,香溪路与青龙潭路交叉口东南260米,117.209187,31.749963
14424,四海一家超市(美菱公寓店)(装修中),supermarket,060200|060400,卧云路1669号美菱公寓,117.23253,31.729664
14425,百大合家福连锁超市(安建大店)(装修中),supermarket,060400,安徽建筑大学A区2栋1层,117.226664,31.747051
14426,山姆会员商店(合肥经开店),supermarket,060400,合肥经开区繁华大道与天都路交口西北角,117.24002,31.777733
14427,沃尔玛(港澳广场店),supermarket,060402,芙蓉路与翡翠路交叉口港澳广场,117.209185,31.791148
14428,大润发(翡翠店),supermarket,060400,繁华大道12167号中环购物中心2F层,117.208514,31.781344
14429,永辉超市(合肥市正大广场店),supermarket,060400|050000,金寨南路与芙蓉路交口东南侧正大广场B1层,117.229636,31.781537
14430,合家福超市(丹霞店),supermarket,060400,芙蓉路与翡翠路交口南翠微苑商业楼1-2层合家福超市,117.209153,31.788295
14431,红府超市(国耀星达城购物中心店),supermarket,060400,翡翠路与丹霞路交口星达城负一楼,117.211713,31.775558
14432,Ole精品超市(万象城店),supermarket,060400,荷叶地街道潜山路111号华润万象城B101号,117.229984,31.798915
14433,合家福超市(翡翠花园店),supermarket,060400,环翠路(环湖路),117.202365,31.759759
14434,日之惠,supermarket,060400,青龙潭路175号,117.208233,31.751751
14435,红府超市(和谐家园店),supermarket,060400,松林路和石笋路的交叉口附近,117.203691,31.797604
14436,日之惠(翠微店),supermarket,060400,石鼓路与翠微路交汇处西50米路北,117.204197,31.785197
14437,联华超市(尚泽大都会店),supermarket,060400,莲花路尚泽大都会b座1楼,117.230716,31.771523
14438,邻几便利店(中环城店),supermarket,060200|060400,经济技术开发区繁华大道与翡翠路交叉口中环城二期E3-101号商铺,117.207212,31.780737
14439,红府超市(合柴1972店),supermarket,060400,常青路合柴1972内(东侧),117.248508,31.798813
14440,天润发生活超市(习友西路店),supermarket,060400,琥珀五环城,117.235827,31.79589
14441,好又多超市(九溪江南店),supermarket,060400,经济技术开发区芙蓉路888号九溪江南卖场101室,117.201004,31.789206
14442,生鲜传奇(东海星城店),supermarket,060703|060400,翠微路12号东海星城六期25栋106号,117.220365,31.78809
14443,来优品省钱超市(合肥蜀山区北海路尚泽瑞园店),supermarket,060400,合肥经济技术开发区莲花社区莲花路292号明珠商务中心SI幢109,117.230592,31.779219
14444,博宇烟酒茶超市(水安·盛世桃源1期店),supermarket,060200|060400,肥西县经济开发区石鼓路水安公司1号楼,117.215037,31.77028
14445,好又多精品生鲜超市,supermarket,060400,笔架山街道水岸茗都商16栋104号,117.216397,31.799591
14446,金华连锁超市(耕耘路店),supermarket,060400,莲花路与耕云路交叉口西北20米,117.230025,31.760081
14447,乐购达超市(芙蓉店),supermarket,060400,芙蓉路658号金相缘床具2栋2楼202室(驿呗未来酒店后面),117.21981,31.789818
14448,南苑学生超市(合工大翡翠湖店),supermarket,060400,翡翠路420号,117.200617,31.771712
14449,宜佳超市(松谷路店),supermarket,060400,松谷路25号(熊猫快收),117.224941,31.784166
14450,盛世生活超市(福利彩票店),supermarket,060200|060400,合派路19-21号水安·盛世桃源1期,117.214854,31.768919
14451,天天顺百货超市(宋都店),supermarket,060400|060200,怀宁路宋都西湖花苑天风苑6栋101,117.222909,31.796904
14452,NOW即享超市(经开店),supermarket,060400,"蜀山区经开区天门路46号合肥恒源家具有限公司厂区2号厂房,南电梯二楼",117.226363,31.756469
14453,齐家生活超市(金大地时代天街店),supermarket,060400|060200,玉泉路金大地时代天街,117.232603,31.778344
14454,中联超市(工大店),supermarket,060400,丹霞路与经一路交口翠湖苑小区1幢商A-121号,117.202162,31.775193
14455,好又多生活超市(壶天路店),supermarket,060400,融创城融和园南门西190米,117.203954,31.794181
14456,李河百货超市(方兴园小区店),supermarket,060400,锦绣社区经济技术开发区紫云路386号方兴园一区25栋,117.207396,31.750696
14457,悦购生活超市(中辰优唐广场店),supermarket,060400,中辰优唐广场,117.237325,31.793617
14458,喜事多超市(多伦多花园店),supermarket,060400,多伦多花园西南门旁,117.21251,31.7609
14459,乐佳家生活超市(尚泽大都会店),supermarket,060400,莲花社区管理委员会莲花路与繁华大道交口向南200米尚泽大都会小区门口,117.230568,31.772784
14460,百润生活超市,supermarket,060400,蜀山区经济开发区莲花广场耕耘路247号,117.229791,31.759669
14461,金冠超市(丹霞路),supermarket,060400|060200,丹霞西路与翡翠路交叉口往东100米金水童话名苑小区23栋,117.213813,31.773287
14462,乐邻生鲜生活超市(多伦多花园店),supermarket,060400,蜀山区经济开发区多伦多花园B区11号1商11室、12室,117.213367,31.76209
14463,一佰生活超市(锦绣年华店),supermarket,060400,蜀山区经济技术开发区名邦锦绣年华锦庭苑10幢商业08号,117.219348,31.754604
14464,识惠猿超市(尚泽大都会店),supermarket,060200|060400,尚泽大都会A幢3楼302室蜜雪冰城旁电梯上3楼,117.230737,31.772196
14465,多益超市(东海花园店),supermarket,060400,芙蓉路339号东海花园,117.219887,31.787774
14466,合肥经开区惠尚嘉生活超市,supermarket,060400,松谷路与探海路交叉口东140米,117.218323,31.775486
14467,世纪华联超市购物(石门路店),supermarket,060200|060400,大学城中环云邸小区9号,117.203739,31.779819
14468,世纪华联超市(国轩名门店),supermarket,060400,丹霞路133-6号,117.232309,31.765714
14469,胡先进批发超市(名筑花园店),supermarket,060400,名筑花园北门旁,117.233434,31.764978
14470,柠玥烟酒百货超市(华凤国际店),supermarket,060400,探海路与金寨南路交叉口东南100米,117.220737,31.773515
14471,好又多精品生活超市,supermarket,060400,翠莲路与莲蓬路交叉口西南100米,117.229216,31.761864
14472,中联生活超市(蜀山店),supermarket,060400,芙蓉路721号翠微苑二期2栋,117.209119,31.78612
14473,鸿森公寓超市,supermarket,060400|060200,锦绣社区管理委员会青龙谭路222号鸿森公寓,117.211443,31.755488
14474,贵勤批发超市,supermarket,060400,耕耘路与蓬莱路交叉口西北50米,117.223091,31.759505
14475,佳世客生活超市(和安家园店),supermarket,060400,桃花工业园管委会经开区金寨南路1066号和安家园,117.215063,31.76728
14476,教育超市(合肥工业大学翡翠湖校区店),supermarket,060400,芙蓉社区管理委员会翡翠路420号,117.204239,31.773699
14477,原加源紫苏优选生活超市,supermarket,060400,金炉路A-17商铺,117.203637,31.798269
14478,家佳生活超市(铜冠花园店),supermarket,060400,莲花社区石门路铜冠花园2期18栋,117.213025,31.779275
14479,世纪华联超市(探海路店),supermarket,060400,探海路与松谷路交叉口东南160米,117.218375,31.775075
14480,益文烟酒超市(月半湾都市青年公寓店),supermarket,060400,月半湾都市青年公寓西南门旁,117.207256,31.795073
14481,AA百货超市(经开店),supermarket,060400,齐云路20号,117.218451,31.791655
14482,世群超市(华地·润园店),supermarket,060400,华地润园南门,117.233112,31.779248
14483,金桔超市,supermarket,060400,莲花路1239号,117.231648,31.759104
14484,COCO生鲜超市(颐园世家店),supermarket,060703|060400,笔架山街道习友路颐园世家9栋1楼,117.220945,31.799014
14485,世纪华联优鲜超市(国耀花半里店),supermarket,060400,国耀·花半里西门旁,117.202764,31.778561
14486,乡村华联超市(锦绣年华店),supermarket,060200|060400,锦庭苑商-23号,117.219188,31.754356
14487,绿橙便利店(合肥创新创业园店),supermarket,060400|060200,青翠路与芙蓉路交叉口北240米,117.246394,31.783897
14488,中联批发超市,supermarket,060200|060400|061200,松谷路19号,117.22436,31.784254
14489,府尹烟酒茶超市(融创城融祥园C区店),supermarket,060400,金炉路与壶天路交口融创园一期16栋111商铺,117.202415,31.794053
14490,客富达超市(石门路小区店),supermarket,060400,石门路小区西1门旁,117.217877,31.77652
14491,阿莱隆超市,supermarket,060400|060200,朝霞小区30栋101,117.21687,31.786249
14492,老肖超市(七日潮街店),supermarket,060400|060200,七日潮街服饰商城(大学城北地铁站D口步行370米),117.206122,31.775901
14493,易特购生鲜超市(铜冠花园店),supermarket,060400,石门路10号铜冠花园(繁华大道地铁站E口步行490米),117.212925,31.779275
14494,好又多超市(安徽新闻出版职业技术学院店),supermarket,060400,繁华大道220号安徽新闻出版职业技术学院食堂三楼,117.242225,31.778275
14495,龙云上品超市(名门南郡店),supermarket,060400,锦绣社区紫云路名门南郡小区,117.200283,31.751097
14496,润乐富连锁超市(森林海店),supermarket,060400,翡翠路与习友西路辅路交叉口西南120米,117.214462,31.799951
14497,众合鲜生鲜超市(东海花园店),supermarket,060400,翠微路东海花园六期25栋107商铺,117.219856,31.787886
14498,尚泽缘超市(尚泽紫金公馆店),supermarket,060400,合安路尚泽紫金公馆底商,117.203482,31.754063
14499,星城超市(东海花园店),supermarket,060200|060400,芙蓉路339号东海花园,117.223853,31.785716
14500,快乐购,supermarket,060400,芙蓉路339号东海花园,117.220791,31.787781
14501,惠邻多生活超市,supermarket,060400,融创城融和园南门西210米,117.203854,31.79402
14502,安徽好又多连锁超市,supermarket,060400,行知路与始信路交叉口西南40米,117.249925,31.756225
14503,上优玛特超市(明珠创世纪花园店),supermarket,060400,明珠创世纪花园2号楼,117.232972,31.793358
14504,欣怡超市(环翠路店),supermarket,061210|060400|060200,沁香苑西1门旁,117.204334,31.75843
14505,华宇超市(翡翠路店),supermarket,060400,莲花社区翡翠路223号,117.210208,31.772567
14506,客乐来超市,supermarket,060200|060400,屯绿路与金寨路辅路交叉口东80米,117.240322,31.797113
14507,银六福超市(水安小区店),supermarket,060400,金寨南路附近,117.213166,31.767778
14508,找对超市,supermarket,060400,耕云路与莲花路交叉口东140米,117.233725,31.759725
14509,易选便利超市(经开区一店),supermarket,060400,汇林园小区北园东2门旁,117.240596,31.786477
14510,多邻生活超市,supermarket,060400,丹霞路749号和悦云锦二期南门,117.220002,31.769667
14511,苏马超市,supermarket,060400,海恒社区管理委员会繁华大道与金寨路交口丰大国际4栋101,117.225656,31.776064
14512,惠邻百佳超市,supermarket,060400,芙蓉路莲花社区朝霞居民区党群服务中心北侧,117.219775,31.789775
14513,便邻烟酒超市(明珠华庭店),supermarket,061210|060400,明珠华庭东1门旁,117.230887,31.764401
14514,骑手超市(港澳广场店),supermarket,060400,港澳广场钻界SOHOB座东北门旁,117.208351,31.791852
14515,牧兰山团购超市(合肥翠微苑店),supermarket,060400,芙蓉社区芙蓉路711号翠微苑16栋109商铺,117.207224,31.788516
14516,邻家烟酒超市(大学城·博雅居店),supermarket,060200|060400,光明顶路翡翠公寓美食一条街一楼门面,117.200017,31.775545
14517,红之顺超市(名筑花园店),supermarket,060400,莲花路名筑花园,117.231683,31.763509
14518,壹浩超市(名邦锦绣年华锦程苑店),supermarket,060400,锦绣年华锦庭苑西北2门旁,117.217025,31.75484
14519,方方生鲜超市,supermarket,060400,丹霞路与青龙潭路交叉口南140米,117.221175,31.767325
14520,超级购生活超市,supermarket,060400,耕云路与青龙潭路交叉口东南200米,117.218025,31.760125
14521,全好佳超市(引针路店),supermarket,060200|060400,引针路与石柱路交叉口西南60米,117.203875,31.776425
14522,大鑫生鲜超市,supermarket,060703|060400,月半湾都市青年公寓东南门旁,117.208125,31.795225
14523,一家生活超市(尚泽紫金公馆店),supermarket,060400,金寨路与紫云路交叉口尚泽紫金公馆商铺S2-105,117.203548,31.753972
14524,经开区信诚鲜仓生鲜超市,supermarket,060400,翡翠路393号科创中心(工大翡翠湖校区地铁站A口旁),117.206471,31.765461
14525,华一联超市,supermarket,060400,锦绣大地城14号楼B1楼党群服务中心,117.207056,31.761026
14526,天时超市(天时广场店),supermarket,060400,天时广场(大学城北地铁站D口步行70米),117.208627,31.77563
14527,大荒匠选超市,supermarket,060200|060400,翡翠路46号文锦新城,117.209425,31.794775
14528,乐购二店,supermarket,060200|060400,金寨南路辅路与紫云路交叉口东北60米,117.2004,31.753465
14529,新时代超市(翠微南园店),supermarket,060400,翠微南园东门旁,117.204882,31.783957
14530,佳家惠生活超市(石门路小区店),supermarket,060400,石门路小区西1门西南50米,117.217534,31.776064
14531,壹浩超市,supermarket,060400,合掌路与紫蓬路交叉口东北220米,117.21515,31.753274
14532,金海福超市,supermarket,060400,经济技术开发区石门路小区,117.21859,31.775041
14533,兔子生活超市,supermarket,060400,金大地时代天街,117.232825,31.778525
14534,合肥市怡之家超市连锁有限责任公司,supermarket,060400,汇林园小区南园,117.237099,31.785374
14535,天猫超市,supermarket,060400,经济开发区芙蓉路888号九溪江南,117.201388,31.790672
14536,屈臣氏(正大广场店),supermarket,060411,芙蓉路291号正大广场1层1041号铺位,117.22915,31.781751
14537,屈臣氏(合肥星达城店),supermarket,060411,莲花社区管理委员会经济开发区翡翠路与丹霞路交口星达城一楼,117.211857,31.775368
14538,盒马鲜生(百利中心店),supermarket,060400,百利中心B1层,117.235009,31.811676
14539,盒马鲜生(天鹅湖万达广场购物中心店),supermarket,060400,天鹅湖万达广场B1层,117.221123,31.820002
14540,永辉超市(合肥市黄山路大溪地店),supermarket,060400,黄山路588号大溪地现代城商业,117.224605,31.841856
14541,永辉超市(合肥银泰in77店),supermarket,060400,祁门路33号合肥银泰in77B1层西北侧,117.230604,31.807656
14542,盒马鲜生(蜀山万象汇店),supermarket,060400,望江西路121号蜀山万象汇蜀山万象汇B1层,117.249802,31.829636
14543,合家福超市(港汇广场店),supermarket,060400|060200,望江西路与潜山路交口港汇广场美食城B1层,117.232075,31.833425
14544,联家超柿(星光荟店),supermarket,060400|060200,绿洲西路与龙图路交口西南侧星光荟F1,117.226386,31.805353
14545,合家福生活超市(天鹅湖店),supermarket,060200|060400,天鹅湖畔小区a1号楼1层,117.219939,31.814671
14546,好又多生活超市(海关路店),supermarket,060400,高新区合肥市高新区海关路与天通路交口幸福里程5号楼,117.202148,31.847452
14547,红府.生活超市(新华店),supermarket,060400,潜山路320号新华广场C座1-2楼,117.232033,31.837378
14548,安德利超市(合肥摩尔广场店),supermarket,060400,摩尔广场(东至路),117.246325,31.845225
14549,多客隆连锁超市(潜山路店),supermarket,060400,城市5米6小区(洪岗地铁站C口步行430米),117.232373,31.828683
14550,好又多超市(天鹅湖店),supermarket,060400,荷叶地街道天鹅湖路99号陶然居3幢-1层商101(一)号,117.245363,31.814461
14551,生鲜传奇(博澳丽苑店),supermarket,060400,黄山路博澳丽苑C幢1层,117.213374,31.836356
14552,好再来超市(华府骏苑店),supermarket,060400,华府骏苑洪岗路22号113,117.236726,31.827679
14553,世纪华联生活超市(海棠湾店),supermarket,060400,高新区高新区黄山路与科学大道交口蓝鼎海棠湾,117.203386,31.840746
14554,好又多超市(博澳丽苑店),supermarket,060400,高新技术产业开发区西二环博澳丽苑,117.213261,31.835898
14555,宜然生鲜超市,supermarket,060703|060400,井岗镇海雨尊寓1层(松荫桥地铁站F口步行460米),117.218214,31.832021
14556,新一佳百货超市(和一花园店),supermarket,060400,合肥高新技术产业开发区西二环与望江西路交叉口和一花园17号楼,117.213052,31.830667
14557,世纪华联超市(岳枫园店),supermarket,060400,岳西路29号,117.224882,31.847263
14558,生鲜传奇小鲜店(蓝鼎·海棠湾店),supermarket,060400,黄山路612号蓝鼎·海棠湾,117.203763,31.840778
14559,一加九天徽超市,supermarket,061210|060400,华地公馆西区东门北50米,117.225425,31.832225
14560,天峰百货超市(金大地1912小区店),supermarket,060400,井岗镇黄山路与怀宁路交口金大地1912小区7栋101号,117.221301,31.839658
14561,万千超市(信旺·华府骏苑西区店),supermarket,060400,南七街道望江西路华府骏苑·孔塘路17号,117.235053,31.829916
14562,佳惠超市(翠宁雅苑店),supermarket,060200|060400,怀宁路1800号,117.220181,31.829226
14563,亿客隆百货超市(贵池路),supermarket,060400,御倾城北门旁,117.223515,31.844801
14564,颐景园超市(笔架山路店),supermarket,060400|060200,三盛颐景园101(省博物院地铁站A口步行360米),117.21811,31.800643
14565,福来购超市(华府骏苑西),supermarket,060400|060200,望江西路198号信旺华府骏苑,117.234928,31.829192
14566,家悦鲜生活超市,supermarket,060400,安居苑东村小区东北1门南60米,117.241316,31.848338
14567,通和烟酒超市(高价回收名酒礼品等),supermarket,060400|061200,新庄路与光明路交口通和易居同辉南苑2栋,117.249048,31.844127
14568,世佳百货超市(华邦·光明世家店),supermarket,060400|060200,华邦光明世家5栋2302(洪岗地铁站C口步行440米),117.22925,31.829518
14569,生鲜传奇小鲜店(龙感湖路店),supermarket,060400,乐富强御龙湾南门旁,117.210617,31.811848
14570,V果超市(大唐国际购物广场店),supermarket,060400,潜山路216号大唐国际购物广场F1层,117.233321,31.831045
14571,好又多超市(国轩店),supermarket,060200|060400,望江西路502号西蜀大厦,117.211514,31.83456
14572,启发生活超市(领势公馆店),supermarket,060400,合作化南路77号领势公馆4栋,117.246753,31.846807
14573,华园生活超市(九华·华林家园店),supermarket,060400,黄山路459号华林家园物业中心一楼,117.235463,31.839451
14574,识惠猿超市(铭盛店),supermarket,060400,铭盛制药院内铭盛大厦大堂电梯上2楼203室,117.204344,31.828082
14575,鲜伴超市,supermarket,060400,金寨南路401号皖西新村,117.245233,31.805697
14576,多福超市(潜山路店),supermarket,060400,潜山路287号(国防科技大学地铁站C口步行260米),117.231117,31.838921
14577,合家鲜超市(大溪地店),supermarket,060400,井岗镇怀宁路大溪地现代城58.59栋201室,117.221256,31.847175
14578,芙蓉兴盛便利超市(上品家苑店),supermarket,060200|060400,合作化南路与西太湖路交口上品家苑1栋103号,117.24899,31.836781
14579,皖垦农产品超市望湖城店(通和店),supermarket,060200|060400,黄山路468号通和易居时代,117.246083,31.842667
14580,安达烟酒超市,supermarket,060400,华府骏苑14幢东门旁112商铺,117.237325,31.830772
14581,好生活超市(皖河路店),supermarket,060400|060200,华地学府名都东北门旁,117.229153,31.835688
14582,盛世名城百货超市,supermarket,060400,潜山路盛世名城小区东门口名城百货超市,117.230288,31.837634
14583,世纪华联(维也纳森林花园店),supermarket,060400,维也纳森林花园小区E-3栋101,117.223611,31.833488
14584,百忠百货超市,supermarket,060400,合柴1972办公大楼西侧百忠百货超市,117.243501,31.800438
14585,尚来生活超市(世纪新城店),supermarket,060400,庐西路与皖河路交叉口南260米,117.23459,31.83346
14586,福道玖超市,supermarket,060400,金寨路东皖新村,117.245324,31.804873
14587,上海中联超市(兴园店),supermarket,060400,兴园小区南区13栋,117.202383,31.81845
14588,益佳生鲜超市,supermarket,060400,长江花园益佳生鲜超市,117.24736,31.845717
14589,好又多超市(福满多店),supermarket,060400,习友路和徽亳路路口发能太阳海岸小区8栋103-104室,117.204686,31.805866
14590,蔬当鲜冰鲜超市(安居苑店),supermarket,060400,五里墩街道陈村路与贵池路交口安居苑西村84幢5号,117.236691,31.848141
14591,好又多超市(丁香路店),supermarket,060400,南七街道丁香路华府俊苑24栋106门面,117.236976,31.827272
14592,喜多多生活超市(太阳海岸花园店),supermarket,060400|060200,太阳海岸花园西门旁,117.204316,31.805819
14593,西柚超市(万科·金色名郡店),supermarket,060400,望江路万科金色名郡一期商业-SY01-农贸111号门面,117.242327,31.830287
14594,便民世纪华联超市(湖东景园店),supermarket,060400,天鹅湖路湖东景园南区8幢门口,117.246944,31.814474
14595,永乐百货超市(汉嘉·都市森林南区店),supermarket,060400|060200,贵池路汉嘉都市森林南门2栋商铺,117.228652,31.845499
14596,茂志百货超市(嘉和苑小区店),supermarket,060400,嘉和苑北区六栋108,117.239055,31.803687
14597,家乐福超市,supermarket,060401,潜山路399号汉嘉·都市森林南区,117.228375,31.846775
14598,鲜佰悦生活超市(融科·九重锦店),supermarket,060400,习友路999号融科九重锦16栋102,117.210575,31.803275
14599,每天惠百货超市(西环中心广场6幢店),supermarket,060400,西环中心广场6栋124室,117.229,31.841565
14600,购福生活超市(广利花园南区店),supermarket,060400,广利花园南区西北门旁,117.226186,31.844903
14601,工业超市,supermarket,060400,复鑫五金建材大市场西南门东50米,117.243357,31.831404
14602,好又多超市(水墨兰庭店),supermarket,060200|060400,翡翠路与高河西路交叉口水墨兰庭3期36栋,117.217312,31.822341
14603,新五一福百货超市(金祁花园店),supermarket,060400,金寨路469号金祁花园(姚公庙地铁站D口步行180米),117.247209,31.808954
14604,德邻家特价超市,supermarket,060400,潜山路与庙岗路交叉口东南200米海卉花市南区2楼,117.23259,31.828206
14605,阿巧超市(大唐国际购物广场店),supermarket,060200|060400,潜山路216号大唐国际购物广场F2层,117.232453,31.830399
14606,苏宁小店生鲜超市(银杏路店),supermarket,060703|060400,文一名门首府,117.208628,31.818248
14607,口袋巷·我家生活超市,supermarket,060400,潜山路318号新华·学府春天,117.233248,31.837754
14608,三号田年轮超市,supermarket,060400,岳西路广利花园-北区,117.225396,31.846653
14609,福美家生活超市(天鹅湖1号店),supermarket,060400,天鹅湖一号2号楼,117.233875,31.805775
14610,美美易购超市,supermarket,060400,望江西路198号信旺·华府骏苑三期,117.232425,31.830425
14611,水墨兰庭超市(水墨兰庭南区店),supermarket,060400,水墨兰庭南区北门西60米,117.218034,31.821183
14612,物与美超市(黄山路店),supermarket,060400|060200,西环中心广场南区(国防科技大学地铁站C口步行350米),117.227654,31.840229
14613,麦激力超市(合肥华府店),supermarket,060400,望江西路198号华府骏苑B区商业街C001号,117.234815,31.828432
14614,百城百惠团购超市,supermarket,060400,五里墩地铁站C口步行460米,117.237456,31.849299
14615,大荒疆选超市,supermarket,060400,西环中心广场南区(国防科技大学地铁站C口步行300米),117.227775,31.840335
14616,轻松到家精品超市,supermarket,060400,汇林阁西区北门东120米,117.219164,31.826283
14617,atom美精品生活超市,supermarket,060400,青阳南路金华商业街18号安居苑东村小区,117.241459,31.847298
14618,原加源紫苏优选生活超市(佛子岭路店),supermarket,060400,佛子岭路与荷叶地路交叉口东120米,117.242372,31.819516
14619,有家万福超市(乐活街店),supermarket,060400,居郢路与茗香路交叉口东60米,117.248811,31.819588
14620,家祺生鲜超市,supermarket,060400,西环中心广场南区(国防科技大学地铁站C口步行410米),117.226875,31.840275
14621,六安市好又多超市连锁有限公司港汇广场店,supermarket,060400,港汇中心(洪岗地铁站D2口步行400米),117.232975,31.833475
14622,嘉宰百货超市,supermarket,060400,天珑广场天珑汇-13号楼,117.234275,31.802875
14623,清源社区超市,supermarket,060200|060400,潜山路299号清源新村,117.230943,31.84248
14624,小柴购生活超市蜀山店,supermarket,060400,海卉花市南区1141-1上,117.233713,31.828057
14625,小象超市(华亿店),supermarket,060400,华亿大厦南门旁(洪岗地铁站D2口步行420米),117.230818,31.836249
14626,好特卖HotMaxx(政务银泰百货店),supermarket,060400,荷叶地街道潜山路190号银泰百货(政务店)B1层B1003、B1004号,117.233512,31.816986
14627,好生活U品(华地公馆店),supermarket,060400,华地公馆西区东门东北100米,117.22606,31.832451
14628,怡家华联,supermarket,060400,国际花都郁金苑西门旁,117.23841,31.817737
14629,屈臣氏,supermarket,060411,南二环路3818号万达广场合肥天鹅湖店2F层,117.221025,31.819325
14630,柏奥堂烟酒茶,supermarket,060400,望江西路198号信旺华府骏苑15栋,117.236015,31.830274
14631,团岭好物(广利花园店),supermarket,060400,蜀山区岳西路105号广利花园4-12栋商铺,117.225401,31.845942
14632,徐永年好再来酸菜鱼(望江西路店),supermarket,060400,望江西路199号1幢107号,117.237864,31.831174
14633,兔喜生活(绿怡居西区店),supermarket,060400,石台南路绿怡居-西区,117.238014,31.821667
14634,合家福超市(高新店),supermarket,060400,长江西路与天通路交口691号合家福超市,117.203244,31.854084
14635,盒马鲜生(弘阳广场店),supermarket,060706|060400,长江西路478号合肥弘阳广场B1层,117.237319,31.852261
14636,永辉超市(合肥市万科广场店),supermarket,060400,四里河街道四里河路与固镇路交口合肥万科广场负一层,117.234444,31.892054
14637,乐城超市(潜山路店),supermarket,060400,蜀山新产业园区潜山北路与史河路交口紫金广场2号楼,117.230101,31.861283
14638,联家超柿(青阳路店),supermarket,060400,青阳路与高刘路交口龚洼路城中村回迁综合楼1号楼,117.242245,31.86714
14639,联家超柿(天玥店),supermarket,060400,长江西路556号天玥中心负一楼,117.229702,31.853698
14640,世纪永联潜山北路店,supermarket,060400,潜山北路与焦岗路交叉口,117.23245,31.864676
14641,联家超柿(四海店),supermarket,060400,创业大道与社岗路交口东南侧,117.208076,31.860997
14642,万润家超市,supermarket,060400,四里河路88号明发商业广场b1区101,117.234675,31.896891
14643,合家福连锁超市(龙居山庄店),supermarket,060400,青阳路龙居山庄天龙居5号楼,117.241975,31.865825
14644,红府超市(颐和花园店),supermarket,060400,颐和花园锦苑小区西门西南50米,117.241413,31.857673
14645,合家福超市(社岗路店),supermarket,060400,樊洼西路998号,117.208056,31.864575
14646,爱心缘生活超市(中天蓝山店),supermarket,060400,井岗镇环湖东路118号蓝山名邸15幢综合用房一层,117.215455,31.865301
14647,红府超市(新文采花园店),supermarket,060400,井岗镇蜀鑫路九号,117.211533,31.858603
14648,日之惠(正创西景苑店),supermarket,060400,十里庙路11号(西七里塘地铁站E口步行450米),117.226384,31.852729
14649,好又多生活超市(四里河畔店),supermarket,060400,四里河畔小区B区11栋商铺101,117.248704,31.882411
14650,谊品生鲜折扣店(森林公园店),supermarket,060703|060400,森林公园复建点桂花苑3号楼一层,117.240503,31.887543
14651,好又多生活超市(清源路店),supermarket,060400,清源路北50米,117.216157,31.899691
14652,来优品省钱超市(合肥蜀山区百花齐放商业广场店),supermarket,060400,潜山北路499号百花齐放商业广场,117.23024,31.862588
14653,汇邻生活超市,supermarket,060400,常青藤街与金桔路交叉口西北40米,117.241691,31.890789
14654,好又多超市(龙居山庄店),supermarket,060400,高刘路与北分路交口(合肥西站地铁站B口步行460米),117.238975,31.866825
14655,嫩绿鲜生鲜超市(源水家园店),supermarket,060400,源水家园北门旁,117.214593,31.899114
14656,宏点超市(凤凰城家景园1期店),supermarket,060400,淠河路凤凰城家家景园综二113号,117.233076,31.857299
14657,鲜悦市集生活超市(瓦埠湖路店),supermarket,060400,墨荷园商业街101-102,117.218239,31.895146
14658,民富果业生鲜超市(万科森林城旗舰店),supermarket,060400,万科森林公园朗庭南门西北150米,117.233286,31.888863
14659,广惠园超市(紫桐9店),supermarket,060400|060200,紫桐新村B区15栋,117.24334,31.893098
14660,亿家联众超市(印敦佳园店),supermarket,060400|060200,公园道1号北区东北门旁,117.222174,31.860752
14661,生鲜传奇小鲜店(蜀熙府店),supermarket,060400,佳友大厦,117.213622,31.861739
14662,吴郢锦绣超市(紫桐新村E区店),supermarket,060400|060200,紫桐新村东区北门旁,117.243771,31.888364
14663,华普超市(社岗路店),supermarket,060400|060200,金色池塘3D25号,117.208028,31.867224
14664,好又多超市(新景花园店),supermarket,060400,潜山路新景花园1号楼1层,117.232732,31.865281
14665,景含超市(天玥中心店),supermarket,060400,长江西路556号天玥中心F1,117.23041,31.854863
14666,百家乐超市(西一环路辅路店),supermarket,060400|060200,清溪路淝滨菜市场,117.249378,31.873609
14667,沛恒百货超市,supermarket,060400,森林明珠小区东门,117.220075,31.89527
14668,和乐生活超市(晓武店),supermarket,060200|060400,金牛路锦龙居商业门面房107号,117.236943,31.865721
14669,好又多超市(迎松路店),supermarket,060400,银杉路与迎松路交叉口东南40米,117.241287,31.884753
14670,墨荷超市(兴昌·墨荷名邸店),supermarket,060400,兴昌·墨荷名邸东南门西60米,117.217491,31.893016
14671,普利氏超市(理想年代店),supermarket,060400,淠河路与半店路交叉路口理想年代1栋105号,117.235573,31.857364
14672,惠客万家超市,supermarket,060400,淠河路98号,117.242103,31.85758
14673,兜莱购生活超市,supermarket,060400,玉兰新村东区15幢,117.206117,31.860925
14674,汇银超市(汇银广场店),supermarket,060400,黑松路与固镇路交叉口西北80米,117.236535,31.89237
14675,世纪新华生活超市(西二环店),supermarket,060400,长江西路668号福乐门国际广场,117.216463,31.858221
14676,华夏百货超市(樊洼路店),supermarket,060400|060200,十里店赵小郢注樊洼路种子一条街,117.227341,31.856538
14677,快乐亭超市(现名鑫悦亭超市),supermarket,060400,合肥汽车锻件有限责任公司东北门北60米,117.218774,31.868408
14678,财贸超市(湖畔家园店),supermarket,060400|060200,湖畔家园东北2门旁,117.24237,31.898973
14679,世纪华联超市(颐和花园店),supermarket,060400,颐和花园澄苑南门西80米,117.241981,31.862865
14680,金蜗牛超市(森林·丁香苑店),supermarket,060400,森林·丁香苑9栋,117.240073,31.886449
14681,中发超市(碧水源店),supermarket,060400|060200,夹塘社区碧水源小区1-114号,117.240451,31.894027
14682,赞佳生活超市,supermarket,060400,万科森林公园雍庭东北门西北110米,117.227117,31.892038
14683,宜梅乐超市,supermarket,060200|060400,社岗路金色池塘西门28栋101商铺,117.208315,31.868343
14684,家之惠超市(龙凤嘉园二期店),supermarket,060400,龙凤嘉园二期21幢(南新庄地铁站A口步行180米),117.231477,31.863047
14685,世纪华联超市(世纪永联潜山北路店店),supermarket,060400,潜山北路燕园小区A26号楼一层,117.232294,31.864737
14686,大唐生鲜超市(紫兰园店),supermarket,060400,大杨镇紫兰园10栋东大门,117.2421,31.88914
14687,赞佳生活超市(朗庭店),supermarket,060400,万科森林公园朗庭西门北70米,117.233635,31.890341
14688,好波(高新合家福店),supermarket,061100|060400,长江西路691高新合家福一楼好波,117.203142,31.854342
14689,国昕烟酒批发(庐阳区四里河畔小区A区店),supermarket,061210|060400,四里河畔A区3栋102(杏花村地铁站A口步行410米),117.248827,31.881897
14690,吉盛超市(蓝光·禹洲城店),supermarket,060400|060200,五里墩街道樊洼路与长江西路交口蓝光禹州城7栋119,117.226767,31.855459
14691,风顺超市(森林桂花苑店),supermarket,060400,四里河路柳林大道桂花苑14栋102室,117.240634,31.887172
14692,快客达环球超市(万达店),supermarket,060400,大杨镇腊花路明发商业广场c2区负183号,117.236284,31.898896
14693,家福乐超市(十里庙店),supermarket,060200|060400,岳西新村西门北370米(十里庙地铁站C口步行180米),117.222335,31.852999
14694,品达超市(金牛路店),supermarket,060400,金牛路龙居山庄锦龙居11栋105,117.236268,31.865002
14695,惠生活邻里超市(天一家园元祥阁店),supermarket,060400,清溪路天一家园,117.241386,31.87312
14696,七度超市,supermarket,060400|060200,长江西路818号,117.211613,31.858035
14697,康康鲜生超市,supermarket,060400,井岗镇长江西路898号新加坡花园城,117.200334,31.856758
14698,惠迎喜超市(青阳路店),supermarket,060400|060200,颐和花园澄苑南门西80米,117.241973,31.862798
14699,世纪华联超市(卫庄店),supermarket,060400,卫庄小区15号门面,117.21266,31.896777
14700,惠优全24h精选超市(颐和花园澜苑店),supermarket,060400,青阳路与史河路交叉口南220米,117.240935,31.860543
14701,赞佳生活超市(国贸天成店),supermarket,060400,橙香路与固镇路交叉口南120米,117.217792,31.88703
14702,舒愉生鲜超市,supermarket,060703|060400,淠河路117号凤凰城·家家景园1期综合楼9幢,117.23111,31.855994
14703,天玥生活超市(天玥中心店),supermarket,060400,长江西路556号天玥中心F1,117.23037,31.854837
14704,逸矾百货超市(新庄家园店),supermarket,060400,新庄家园1幢,117.217189,31.853848
14705,世纪华联超市(青阳路店),supermarket,060400,青阳路与淠河路交叉口东北60米,117.242075,31.857325
14706,华联超市,supermarket,060400,万科森林公园观庭,117.227025,31.889425
14707,家门口超市(第六空间大都会家居凤凰城店),supermarket,060400,潜山路与淠河路交叉口南200米,117.230257,31.856116
14708,有度生活超市,supermarket,060400,铂悦·庐州府麓园,117.215725,31.888975
14709,兔喜生活超市,supermarket,060400,淠河路与五里墩立交桥交叉口西160米,117.248951,31.856605
14710,兔喜快递超市(高刘路店),supermarket,060400,高刘路与青阳路交叉口西120米,117.240429,31.866606
14711,兔喜生活超市,supermarket,060400,新加坡花园蜀山阁(天柱路地铁站A口步行350米),117.200175,31.856875
14712,屈臣氏(弘阳广场店),supermarket,060411,长江西路478号弘阳广场首层1F-09,117.236637,31.851705
14713,好特卖HotMaxx(弘阳广场店),supermarket,061100|060400,长江西路478号合肥弘阳广场负一层B1F-01,117.236914,31.852478
14714,屈臣氏(万科广场店),supermarket,060400,大杨镇四里河路与固镇路交口万科广场首层,117.233887,31.891655
14715,徽客烟酒茶(万科城市之光店),supermarket,060400,万科城市之光B10栋102,117.247383,31.877879
14716,信用堂烟酒商贸,supermarket,060400|060200,长江西路666号(十里庙地铁站D口步行440米),117.218166,31.856738
14717,合家福连锁超市(文一名城湖畔店),supermarket,060200|060400,清源路与灯歌路交叉口,117.232601,31.900912
14718,西柚生活超市(品汇生活中心店),supermarket,060400,中国铁建国际城品园南门东130米,117.231527,31.902657
14719,惠又福生活超市(中国铁建·国际城广园店),supermarket,060400,中国铁建·国际城广园西南门旁,117.24295,31.902378
14720,午季冰鲜(湖畔新城店),supermarket,060703|060400,尚水湖畔磊园南门旁,117.20942,31.929545
14721,合家悦邻里超市(湖畔新城店),supermarket,060200|060400,湖畔新城菜市场,117.209004,31.928758
14722,妙家生活超市(中国铁建国际城品园店),supermarket,060400|060200,中国铁建国际城品园东门旁,117.231458,31.903873
14723,生鲜传奇小鲜店(中国铁建·国际城德园店),supermarket,060400,龙灯路69号中国铁建国际城德园,117.239603,31.902817
14724,芙蓉兴盛便利超市(四里河路店),supermarket,060200|060400,大杨镇四里河路文一·名门湖畔S1幢102,117.229738,31.901732
14725,喜来客超市(岗西路店),supermarket,060400,尚水湖畔晶园南门旁,117.21077,31.929882
14726,美惠佳优选生鲜超市(中国铁建国际城广园店),supermarket,060400,清源路798号中铁国际城广园14栋,117.244673,31.903109
14727,桦惠百货超市(明发商业广场店),supermarket,060400,四里河路88号明发商业广场F1层,117.233072,31.900109
14728,惠鑫生活超市(建材三厂生活小区店),supermarket,060400,枣园路与护林路交叉口西40米,117.205866,31.937374
14729,暖小洋百货店,supermarket,060400,龙王店路与四里河路交叉口东北180米,117.229875,31.903641
14730,联华超市,supermarket,060400,金湖路与东桥路交叉口西南40米,117.245744,31.997199
14731,永恒超市,supermarket,060400,双凤开发区北城世纪城北城世纪城颐徽苑西门商铺S1-101,117.249995,31.997426
14732,百乐生活超市(世纪西路店),supermarket,060400,双凤开发区北城世纪城腾徽苑s2,117.240277,31.994357
14733,超市(北城世纪城冠徽苑店),supermarket,060400,冠徽苑15号楼102,117.242021,31.99519
14734,郑云百货超市(凤梅家园西区店),supermarket,060400,双凤开发区风梅家园92幢108室,117.246811,31.979128
14735,盒马鲜生(中海滨湖环宇天地店),supermarket,060400,烟墩街道成都路2778号中海滨湖环宇天地一层,117.269702,31.708297
14736,永辉超市(合肥滨湖方圆荟店),supermarket,060400,徽州大道27号方圆荟C区F1层,117.289589,31.743597
14737,联家超柿(西藏路店),supermarket,060704|060400|060200,滨湖区西藏路与烟墩路交口高速时代广场负一楼,117.282978,31.72189
14738,合家福超市(滨湖家园店),supermarket,060400,滨湖家园东区东门旁,117.280472,31.73291
14739,合家福超市(滨湖百大购物中心店),supermarket,060400,徽州大道5566号方圆荟A区1层(徽州大道与紫云路交口),117.288858,31.742335
14740,红府超市(书香门第店),supermarket,060400|060200,惠园路与林芝路交叉口,117.278191,31.729098
14741,合家福超市(清潭路店),supermarket,060400,清潭路与紫蓬路交汇处西北200米,117.266179,31.748725
14742,合家福连锁超市(昆仑御店),supermarket,060400,昆仑御,117.272396,31.709261
14743,合家福超市(天山大厦店),supermarket,060200|060400,世纪社区天山路355号天山大厦商142、201室,117.296567,31.737455
14744,润宜佳生活超市(卧云店),supermarket,060400,卧云路71号,117.253958,31.729823
14745,爱心缘超市(振徽苑店),supermarket,060200|060400,振徽苑东门北140米,117.296675,31.743725
14746,世纪华联超市(中海滨湖环宇天地店),supermarket,060400,烟墩街道成都路与贵州路交口西南侧中海滨湖环宇天地4号楼101室,117.269089,31.707363
14747,易邻生鲜超市(中海·滨湖公馆店),supermarket,060400,中海·滨湖公馆南1门东180米,117.298101,31.713547
14748,爱心缘生活超市(徽昌苑店),supermarket,060200|060400,滨湖世纪社区福州路与天山路交叉口振徽苑,117.297579,31.74693
14749,杆二爷生鲜,supermarket,060400,四川路与烟墩路交叉口南120米,117.275359,31.720378
14750,易邻生鲜超市(滨湖菊园店),supermarket,060400,南宁路与大理路交叉口1楼,117.260958,31.706349
14751,世纪华联超市(中铁·滨湖名邸店),supermarket,060400,西藏路1471号中铁滨湖名邸商111门面,117.280186,31.720083
14752,联华超市(合肥广西路店),supermarket,060400,广西路春融苑36幢137-142号,117.291924,31.748858
14753,华联盈创超市(杭州路店),supermarket,060400,烟墩街道贵州路滨湖桂园商业街世纪华联超市,117.270114,31.718929
14754,小柴购超市(滨湖店),supermarket,060400,万年埠街道洞庭湖路3409号前海人寿金融中心B栋106-108室,117.28787,31.73302
14755,联华超市(振徽店),supermarket,060400,滨湖世纪城徽杰苑26号101、102室,117.300001,31.743793
14756,三友平价超市,supermarket,060400|060200,临湖社区卧云农贸市场4-1号三友平价超市,117.256213,31.72943
14757,惠多多(滨湖假日商业街店),supermarket,060400,蓝鼎滨湖假日长沙路A5-103号,117.294861,31.736782
14758,旺福超市(远大尚林苑店),supermarket,060400|060200,远大·尚林苑东门旁,117.255279,31.726682
14759,迎客松特产超市安徽茶园店,supermarket,060400,福州路3436号千城商业广场商107室,117.285141,31.74505
14760,冠隆超市(滨湖合肥方圆荟店),supermarket,060400|060200,紫云路与徽州大道辅路交叉口东北180米,117.287635,31.742447
14761,新尚泽超市,supermarket,060400,福州路3588号,117.283772,31.744457
14762,天徽百货超市,supermarket,060400,旭辉御府东门旁,117.280519,31.723271
14763,顺乐鑫超市(中海·滨湖公馆店),supermarket,060400,杭州路与庐州大道交口向西700米中海滨湖公馆23幢101商铺,117.298323,31.717982
14764,好得来超市(龙幡路店),supermarket,060400|060200,龙幡路远大?尚林苑2号楼101,117.255309,31.72698
14765,惠邻生活超市(欣园店),supermarket,060400,四川路与烟墩路交叉口南160米,117.275429,31.720055
14766,观湖苑生活超市(蓝鼎观湖苑店),supermarket,060400,长沙路观湖苑8栋1层,117.29945,31.739473
14767,蔻润百货商行(云谷智慧金融城店),supermarket,060400,云谷路与贵州路交口云谷金融城28栋101,117.272096,31.711418
14768,世纪华联生鲜超市(信达·公园里店),supermarket,060400,韶山路信达公园里东门S11商铺104,117.299093,31.720881
14769,叠购超市(滨湖和园东门店),supermarket,060400,滨湖世纪社区滨湖和园东门11幢104室,117.296613,31.739063
14770,马牌超市(滨湖万科城店),supermarket,060400,四川路与云谷路交叉口万科商铺109马牌超市,117.274991,31.713675
14771,年裕生活超市(悦湖苑店),supermarket,060400,万达悦湖苑(嘉陵江路南50米)合肥万达城悦湖苑门面房,117.28937,31.700579
14772,老邻居超市(中铁·滨湖名邸店),supermarket,060200|060400,中铁·滨湖名邸东3门北110米,117.280486,31.720117
14773,泽彤优选生活超市,supermarket,060400,滨语听湖小区s27栋商109,117.261504,31.703239
14774,联品超市春晖园店,supermarket,060400|060200,春晖园商铺7栋101室门面房,117.276301,31.729386
14775,祥亮超市(海上五月花店),supermarket,060400,漓江路145号保利·海上五月花C区,117.298994,31.703705
14776,汇盟源超市(大理路店),supermarket,060400,大理路滨湖菊园(滨湖竹园地铁站C口步行420米),117.261074,31.707431
14777,龙韵超市(香江龙韵豪庭店),supermarket,060200|060400,卧云路79号香江龙韵豪庭,117.252307,31.729884
14778,家嘉生活超市,supermarket,060400,高速尚阖院二期S3栋102,117.273354,31.704856
14779,君自莱超市(保利·海上五月花C区店),supermarket,060400|060200,漓江路145号保利·海上五月花C区,117.297886,31.70308
14780,佰利超市(烟墩店),supermarket,060400|060200,松鼠AI智适应教育(合众教育街校区),117.277404,31.748633
14781,晨果超市(远大·尚林苑店),supermarket,060400,始信路699号远大·尚林苑,117.25178,31.726791
14782,之心源生活超市(御景前城店),supermarket,060400,御景前城南门西60米,117.271902,31.747459
14783,万府超市(滨湖万达店),supermarket,060400,合肥万达城揽湖苑C区北门旁,117.298675,31.700084
14784,家家乐超市(琼林苑店),supermarket,060400|060200,徽州大道5006号琼林苑13栋,117.291372,31.748133
14785,洪亚生活超市(卧云菜市场店),supermarket,060400,临湖社区卧云小区菜市东门,117.256901,31.729173
14786,百乐汇烟酒超市(皖浔大厦店),supermarket,061210|060400,孔雀街58号皖浔大楼一楼西边临街商铺,117.282022,31.744963
14787,合家福连锁超市(安徽审计学院店),supermarket,060400,方兴大道与宿松路交叉口西160米,117.260275,31.724575
14788,来优品省钱超市(合肥包河区悦湖苑店),supermarket,060200|060400,广西路与嘉陵江路交叉口西南140米,117.289548,31.700328
14789,来优品省钱超市,supermarket,060400,蓝鼎观湖苑南门旁,117.299578,31.738066
14790,嘉客超市(万科城店),supermarket,060400,"云谷路2852号滨湖万科城商业2幢,商业3幢及大门2-商104-2-商105",117.273358,31.713717
14791,杰哥超市(滨湖竹园店),supermarket,060400,滨湖竹园7栋104室(滨湖竹园地铁站D口步行410米),117.260415,31.710443
14792,拾客精品超市(滨湖店),supermarket,060400,昆仑御S9栋201-202室,117.272584,31.708892
14793,王岗超市(家园店),supermarket,060200|060400,滨湖新区滨湖家园31栋108室,117.276663,31.731856
14794,满又多超市(福满多店),supermarket,060200|060400,徽昌苑北门旁,117.299393,31.746906
14795,世纪华联超市(春晖园店),supermarket,060400,春晖园2幢,117.275319,31.729686
14796,百佳平价超市(滨湖家园店),supermarket,060400|060200,烟墩街道滨湖家园商业街,117.27939,31.732947
14797,客德来日用品百货商行(滨湖和园店),supermarket,060400,和园6栋104,117.295717,31.739703
14798,佳佰惠超市(滨湖前城店),supermarket,060400,滨湖前城东门南100米,117.270128,31.747672
14799,全好佳超市,supermarket,060200|060400,宝能E中心,117.287975,31.733375
14800,宏涛超市(观澜华庭店),supermarket,060400,清潭路与紫云路交叉口东北180米,117.269763,31.742367
14801,菀购仓储超市(滨湖店),supermarket,060400,悦湖苑28栋105商铺,117.28992,31.700168
14802,杭商华联超市,supermarket,060400,合肥万达城揽湖苑A区南门东80米,117.299524,31.700405
14803,520超市(万泉河路店),supermarket,060400|060200,城市天地公租房东门旁,117.283347,31.746588
14804,保莉生活超市,supermarket,060400,金斗西路698号保利·海上五月花A区,117.295775,31.704775
14805,赵姐菜园生鲜超市,supermarket,060400,南京路125号春融苑,117.291899,31.748934
14806,汇优鲜生鲜超市,supermarket,060400,杭州路3333号保利·和盛公馆,117.274825,31.716925
14807,赵姐农菜园生鲜超市,supermarket,060400,长沙路与天山路交叉口东100米,117.298014,31.737434
14808,菜篮子盛超市,supermarket,060400,洞庭湖路2788号蓝鼎滨湖假日,117.296675,31.734025
14809,祥悦生活超市,supermarket,060400,大理路60号联发滨语听湖,117.263925,31.704275
14810,双好百货超市,supermarket,060400,万国农贸菜市场,117.297262,31.736671
14811,快购喵优选超市(包河店),supermarket,060200|060400,杭州路与金斗路交叉口东60米,117.294825,31.718525
14812,邻里超市,supermarket,060400,滨湖世纪城徽昌苑,117.298114,31.744352
14813,屈臣氏官方旗舰店(包河世纪金源店),supermarket,060400,紫云路辅路与广西路交叉口西南160米,117.290025,31.740025
14814,屈臣氏(方圆荟店),supermarket,060411,方圆荟C区1层,117.289413,31.742683
14815,鸾庄进口食品(旭辉御府店),supermarket,060400,西藏路旭辉御府6栋105号,117.280395,31.722418
14816,草峪生鲜超市(暂停营业),supermarket,060400,南京路110-111号,117.294725,31.749925
14817,金寨农家食材,supermarket,060400,天山路与长沙路交叉口东南180米,117.298206,31.736623
14818,润宜佳超市(海恒·金屿海岸店),supermarket,060400,锦绣大道与清潭路交口金屿海岸商业楼三层F3-1号,117.259657,31.754594
14819,日之惠超市(海恒店),supermarket,060400|060200,金色华联超市海恒社区店旁,117.260444,31.776806
14820,好年华超市(福禄南园西),supermarket,060400,芙蓉路福禄园32号,117.264768,31.778367
14821,多福生活超市(海恒店),supermarket,060400|060200,蜀山区经济开发区海恒社区福禄园35栋104号,117.265708,31.778608
14822,来优品省钱超市(便客东华广场店),supermarket,060400,东华园东南门西南90米,117.253922,31.771091
14823,万象超市(公园万象一期店),supermarket,060400,宿松路3333号公园万象一期,117.270358,31.791909
14824,南客生活超市(加侨乐湖公馆店),supermarket,060400,芙蓉路以西繁华大道以南乐湖公馆B栋办公楼商102室,117.263195,31.780231
14825,好柿多生活(南湖春城店),supermarket,060400,烟墩路南湖春城31栋,117.264627,31.771097
14826,天然居生活超市(华冶·天然居店),supermarket,060400,华冶·天然居西南1门旁,117.268304,31.788528
14827,合肥经济开发区惠美生活超市(中国福利彩票),supermarket,060400,轩辕路南习友路东南湖春城59幢商108,117.264934,31.77461
14828,品易购生活超市(建业·时光原著店),supermarket,060400,坝下路82号建业·时光原著,117.263566,31.785804
14829,易家乐生活超市(青年城1号店),supermarket,060400,南艳湖旅游度假区锦绣大道1086号青年城1号,117.254422,31.754139
14830,阳歌超市(合肥大学店),supermarket,060400,始信路东合肥大学学生宿舍门面房9幢,117.250974,31.755163
14831,新宜佳生活超市(皖投万科产融中心云城店),supermarket,060400,宿松路与坝下路交口向西100米万科云城S1栋,117.265224,31.788001
14832,万口福生活超市,supermarket,060200|060400,合肥大学香怡宿舍北门旁,117.252954,31.755999
14833,家福乐超市(海恒街店),supermarket,060200|060400,习支路与观海路交叉口南湖春城西门门面房A5室,117.265947,31.769648
14834,联华优选超市,supermarket,060400,合肥大学香怡宿舍4号楼一楼,117.251682,31.755507
14835,柿柿发生活超市(美丹家园店),supermarket,060400,徽州大道辅路与延安路交叉口西北140米,117.285352,31.77918
14836,许金保超市(美丹家园2期店),supermarket,060400,徽州大道美丹家园,117.285269,31.779405
14837,青年城生活超市(合肥大学),supermarket,060400,经济开发区锦绣大道1086号青年城一号南门,117.254116,31.754101
14838,悠品超市,supermarket,060200|060400,花园大道与青海路交叉口西南200米,117.289608,31.77204
14839,王华超市(徽州大道店),supermarket,060400,徽州大道辅路与锦绣大道辅路交叉口北180米,117.286793,31.758052
14840,民悦超市,supermarket,060400,海恒街99号民悦花园,117.274104,31.767588
14841,好林多超市,supermarket,060200|060400,南湖春城一期,117.264725,31.771125
14842,淘货虎精品超市(南艳湖店),supermarket,060400,轩辕路与宿松路交叉口西南140米,117.272075,31.779125
14843,麦德龙(合肥包河商场),supermarket,060406,庐州大道90号(望湖城西地铁站1号口步行370米),117.287507,31.812176
14844,乐城超市旗舰店,supermarket,060400|060200,金寨路136号安徽乐城生活广场3-4层,117.271802,31.844682
14845,大润发(大融城店),supermarket,060400,宿松路与南二环路交叉口绿地大融城负一层,117.268228,31.813682
14846,华润苏果(恒生·阳光城店),supermarket,060400,徽州大道与太湖路交口,117.284475,31.833025
14847,合家福超市(南园店),supermarket,060400,宿松路金安花园1号,117.273398,31.837031
14848,合家福超市(绩溪路店),supermarket,060400,绩溪路238号商住楼1层,117.26378,31.845885
14849,合家福超市(九华山路店),supermarket,060400,九华山路21号,117.287718,31.839158
14850,合家福超市(南七店),supermarket,060400,金寨路南路1168号南七商业大厦负1楼,117.264284,31.828793
14851,安德利超市,supermarket,060400,徽州大道与水阳江路交叉口南100米,117.284759,31.818789
14852,合家福超市(新里程花园店),supermarket,060400,太湖路与桐城南路交口科大花园西苑2幢,117.279971,31.833904
14853,红府超市南一环店,supermarket,060400,芜湖路街道南一环路青年一村,117.28393,31.847964
14854,合家福超市(银杏巷建银大厦店),supermarket,060400,徽州大道148号(银杏苑84号),117.284934,31.821828
14855,鲜小诺生活超市(望湖城店),supermarket,060400,南二环199号好第坊综合服务楼102室,117.296271,31.812647
14856,红府超市(安大东门店),supermarket,060400,肥西路299号安徽大学东门,117.259741,31.843812
14857,谊品生鲜生活超市(桐城路店),supermarket,060703|060200|060400,桐城路与青弋江路交口,117.281392,31.835541
14858,好旺旺生活超市(百大商业大厦店),supermarket,060400,金寨路1168号百大商业大厦F1层,117.265269,31.829007
14859,桂太太生活超市,supermarket,060400,黄山路375号,117.260117,31.839318
14860,西柚生活超市(宿松路店),supermarket,060400,紫竹苑西门西北80米(薛河地铁站B口步行390米),117.269641,31.805353
14861,可乐生活超市(黄山路店),supermarket,060400|060200,路街道黄山路与徽州大道交叉路口辉达房产旁边,117.284886,31.841734
14862,百分百超市(肥西路店),supermarket,060200|060400,肥西路百盛苑小区2幢,117.260163,31.839716
14863,西柚生活超市(康馨名家店),supermarket,060400,康馨名家东门南100米,117.256959,31.823862
14864,绿阳苑超市(斛兵塘路店),supermarket,060400|060200,绿阳苑8号,117.297052,31.833509
14865,品盛乐go社区连锁超市(水阳江路店),supermarket,060400,第三十二中学北门东70米,117.296259,31.822431
14866,好又多超市(星澜湾店),supermarket,060400,南屏路456号,117.255614,31.80102
14867,若邻生鲜超市(安粮城市广场店),supermarket,060703|060400,金寨路817号安粮城市广场商业6栋101号,117.252386,31.819158
14868,美优烟酒超市,supermarket,060704|060400,包公街道15号楼门面房a009-5,117.2917,31.835795
14869,新春超市(金溪苑店),supermarket,060400|060200,安徽医科大学第一附属医院绩溪路院区南1号门南50米,117.26802,31.845495
14870,苹果生活生鲜超市,supermarket,060400,新世界公馆4幢东南门旁,117.285875,31.838875
14871,上海中联超市(姚公庙店),supermarket,060200|060400,金寨南路602号(姚公庙地铁站A口步行410米),117.251127,31.811016
14872,曙光路四巷客的超市,supermarket,060400|060200,曙光路四巷客气超市,117.27678,31.84085
14873,乡村华联连锁烟火超市(梅兰店),supermarket,060400,徽州大道1635号梅兰家园1幢112附近,117.283725,31.803025
14874,暖暖超市(大摩华尔街生活广场店),supermarket,050700|060400,庐州大道56号大摩华尔街生活广场F1层,117.289489,31.809348
14875,优购哆生活超市(包河店),supermarket,060400,宣城路33号,117.295262,31.849421
14876,家家福超市(青年小区店),supermarket,060400|060200,阳光小区南门旁,117.292423,31.834811
14877,AA百货超市(合肥中心店),supermarket,060400,芜湖路街道徽州大道905号地下室正南01号,117.284469,31.831339
14878,星链生活超市(琥珀新天地西苑店),supermarket,060400,琥珀新天地9栋,117.264858,31.817128
14879,金辉超市(黄金广场店),supermarket,060400|060200,稻香村街道金寨路与黄山路交叉口黄金广场,117.266393,31.8409
14880,宜邻生活超市,supermarket,060400,明月林语东北门南100米,117.289843,31.817523
14881,海波超市(东陈岗支巷),supermarket,060400|060200,东陈岗支巷与东陈岗一支巷交叉口东40米,117.284995,31.841202
14882,悦鑫生活超市(绩溪路店),supermarket,060400,三里俺街道绩溪路321号万象新天3栋楼下悦鑫烟酒,117.264855,31.845345
14883,漫达烟酒超市,supermarket,061210|060400,九华山路测绘院门面18号,117.28843,31.83943
14884,名优名品超市(天地行综合楼店),supermarket,060400|060200,望江东路299号天地行综合楼F1层,117.272487,31.828273
14885,教育超市(安徽大学龙河校区店),supermarket,060400|060200,西园街道肥西路3号,117.256601,31.8477
14886,创智超市,supermarket,060400|060200,望江东路创智广场6A1层,117.298325,31.827575
14887,大别山超市(九华山路店),supermarket,060400,九华山路世纪阳光花园澄阳苑A-02号,117.297863,31.839282
14888,维欢生鲜百货超市,supermarket,060400,屯溪路251号徽州大道世纪云顶大厦一楼,117.285526,31.846947
14889,国辉超市(望湖北路店),supermarket,060400,望湖北路望湖东苑8栋105,117.29757,31.812381
14890,布袋猴生活超市(绿地中心店),supermarket,060400,常青街道宿松路1064号,117.26844,31.810613
14891,福满家超市(徽州大道店),supermarket,060400|060200,徽州大道1070号工商管理学校旁,117.284997,31.824132
14892,世纪华联生活超市(阳光店),supermarket,060400,世纪阳光花园金阳苑6幢104室,117.296986,31.835925
14893,怡家华联(金安花园店),supermarket,060200|060400,宿松路金水佳园3号综合楼,117.275352,31.838576
14894,辉腾超市(联盟店),supermarket,060400,南园新村北门西200米,117.274311,31.836351
14895,千家万选生活超市(新艺苑小区店),supermarket,060400,宣城路63号新艺苑小区10幢,117.295254,31.849575
14896,福来临超市(三店),supermarket,060200|060400,南七街道金环花园北村28栋5号门面,117.250298,31.830452
14897,桐诺超市(凌美苑店),supermarket,060400,南二环路227号凌美苑商铺S6栋101,117.278488,31.815509
14898,利购联华(五号院店),supermarket,060400,中铁五号院19号楼S103门店,117.268655,31.823428
14899,晨阳生活超市(江南·新里程店),supermarket,060400,桐城路356号新里程花园,117.280762,31.834542
14900,利购联华超市御公馆店,supermarket,060400,广福路信达天御御公馆2幢101室,117.261815,31.804296
14901,天悦来超市(合肥店),supermarket,060400,太湖路与肥西路交口明远新村6栋102室,117.25956,31.834314
14902,华家福超市(太湖路店),supermarket,060400,太湖路与马鞍山路交叉口四季阳光花园兰阳苑6栋,117.298489,31.832948
14903,合肥市南苑超市(银杏苑棕榈林店),supermarket,061210|060400,银杏苑棕榈林北1门东100米,117.287357,31.821612
14904,科联超市,supermarket,060400|060200,黄金广场北门旁,117.267207,31.841464
14905,开元烟酒商贸(唯品会合肥蜀山城市奥莱店),supermarket,061210|060200|060400,金寨南路818号安粮城市广场A区158,117.253605,31.818426
14906,可乐鲜生活超市绩溪路,supermarket,060400,曙光路69号创景花园,117.275493,31.844351
14907,张甄甄百货超市(手表厂小区店),supermarket,060400,手表厂小区北2门旁(市第三医院地铁站C口步行470米),117.275027,31.828065
14908,美玉佳生鲜超市,supermarket,060400|060703,东流路169号凌江苑(凌大塘地铁站B口步行150米),117.277825,31.813525
14909,囍品汇精品超市(安粮城市广场店),supermarket,060400,安粮城市广场22幢商-102室,117.256727,31.820226
14910,惠满多超市(合作化南路店),supermarket,060400,合作化南路天鹅花园,117.250083,31.849002
14911,左然超市(和瑞华府·祥泰园店),supermarket,060400,梁园路7号和瑞华府祥泰园,117.298242,31.818798
14912,紫檀门生活超市(金安花园店),supermarket,060400,宿松路24号金安花园,117.274844,31.8368
14913,惠美悠选超市(宝利丰广场智慧公馆店),supermarket,060400,宝利丰广场智慧公馆东门北100米,117.288108,31.836033
14914,紫竹烟酒茶超市(紫竹苑店),supermarket,060400,紫竹苑C区东门北260米(薛河地铁站B口步行370米),117.272075,31.806025
14915,忻宇百货超市(合力生鲜店),supermarket,060400,望江西路合力家园(南七里地铁站C口步行220米),117.259264,31.830228
14916,优哆荟生活超市(置地·瑞玺2期店),supermarket,060400,青年路313号置地·瑞玺2期,117.299399,31.824673
14917,合肥比那多超市包河店(警民小区店),supermarket,060400,太湖东路9号警民小区,117.294951,31.832266
14918,全好佳超市包河店,supermarket,060400,青年路313号置地·瑞玺2期,117.299836,31.824316
14919,来客生活超市,supermarket,060400,九华山路与徽州大道交叉口九华国际下面,117.283495,31.839124
14920,合肥供销超市(康园大厦店),supermarket,060400|060200,金寨路189号合肥永达大厦F1层,117.270936,31.84537
14921,乐购达超市(包河店),supermarket,060400,包公街道宁国路与九华山路交叉口大宁缤购广场地下一楼,117.289125,31.839825
14922,小宅生活超市,supermarket,060400,金寨南路1090号名都花园14栋106,117.264075,31.827101
14923,百分百生活超市,supermarket,060400,青年路与双河路交叉口西40米,117.296575,31.822275
14924,阿莲超市(东陈岗支巷店),supermarket,060400,东陈岗一支巷水安宿舍楼东边第一间,117.284607,31.84109
14925,科花大满冠生鲜超市,supermarket,060400,芜湖路街道桐城南路102号科大花园闻欣苑大门商业101,117.278202,31.820351
14926,阳光华联精品生活超市世纪阳光店,supermarket,060400,包公街道靶场东路与斛兵塘路交口世纪阳光花园金阳苑C-6幢103号沿街商铺,117.297003,31.835924
14927,金旺湖生活超市,supermarket,060400,祁门路与望湖东路交叉口西240米,117.293759,31.810897
14928,快客达·环球超市(合肥蜀山店),supermarket,060200|060400,上品家苑北门东170米,117.250391,31.836766
14929,荣友超市(交通巷店),supermarket,060400,绿苑小区东南门东50米,117.297289,31.826672
14930,南苑二店(烟酒店),supermarket,060400,望江东路与宿松路交口向南200米,117.270492,31.826849
14931,全民优生活,supermarket,060400,芜湖路街道徽州大道与太湖路交口恒生阳光城7栋商业105,117.283361,31.832495
14932,烟酒茶超市(南一环路店),supermarket,060400,屯溪路570号二期,117.275833,31.84765
14933,浙佳商贸超市(兰亭公寓店),supermarket,060400,屯溪路兰亭公寓,117.277775,31.846625
14934,三宝百货(绩溪路店),supermarket,060400|060200,省外贸绩溪新村北门西150米,117.265339,31.845869
14935,精品惠购超市,supermarket,060400,宝利丰广场智慧公馆13号楼,117.288125,31.836125
14936,润栢家生活超市,supermarket,060400,珠光雅苑二期,117.294575,31.826475
14937,世纪华联超市(姚公路店),supermarket,060400,姚公新苑西门北70米(南屏路地铁站D口步行330米),117.254414,31.807856
14938,公里购·精品超市,supermarket,060400,徽州大道905号美邻馨园,117.284475,31.831325
14939,柿柿发生鲜超市(望湖店),supermarket,060703|060400,望湖东苑北门旁,117.297141,31.81235
14940,徽购教育超市(电气工程职业技术学院店),supermarket,060400,南二环路与二环马鞍山路桥交叉口东160米,117.299586,31.815184
14941,美满多超市(宿松路店),supermarket,060200|060400,宿松路金安花园西门往北50米18号,117.273406,31.837925
14942,锦惠旺生鲜超市(曙光路菜市场雨筠店),supermarket,060400,曙光路四巷与曙光路交叉口西100米,117.275857,31.840966
14943,利购联华(五里华庭店),supermarket,060400,锦书苑东门旁,117.254461,31.834015
14944,好又多超市,supermarket,060400,槽郢路与肥西路交叉口东南220米,117.261575,31.837275
14945,惠邻百佳超市(大宁缤购商业广场店),supermarket,060400|060200,包公街道宁国南路1185号大宁缤购商业广场1栋负一楼,117.289225,31.839825
14946,汇家超市,supermarket,060200|060400,曙宏新村,117.276925,31.827425
14947,平价超市,supermarket,060400,安徽省地质测绘技术院南门东100米,117.288348,31.839453
14948,紫苏原加源生活优选超市望江路店,supermarket,060400,徽州大道1003号英华大厦,117.284034,31.827914
14949,合肥市包河区瀚金佰超市,supermarket,060400|060200,金水花园,117.274725,31.837875
14950,陶公生活超市(云滨花园店),supermarket,060400,徽州大道905号美邻馨园,117.284725,31.831325
14951,世纪华联超市(淝南家园店),supermarket,060400,淝南家园南区,117.280269,31.804481
14952,荣誉超市,supermarket,060400,望江中路365号金江苑6栋,117.267327,31.828736
14953,乐亿万千大型超市(大宁缤购商业广场店)(暂停营业),supermarket,060400,宁国路与九华山路交口大宁缤购广场,117.290873,31.839801
14954,屈臣氏(漫乐城购物中心店),supermarket,060411,徽州大道838号漫乐城二层2F222、223,117.286125,31.835725
14955,屈臣氏(合肥绿地大融城店),supermarket,060411,常青街道绿地大融城1层,117.267616,31.813481
14956,茂仁名品烟酒(景色家园店),supermarket,061210|060200|060400,桐城路386号九华山路路口,117.28112,31.838722
14957,联众购物中心(紫竹苑店),supermarket,060400,紫竹苑(薛河地铁站B口步行350米),117.2718,31.806089
14958,金樽名品汇(琥珀新天地东苑店),supermarket,061210|060400,南二环路琥珀新天地东苑7栋103号,117.265142,31.816805
14959,京东MALL(合肥包河店)(装修中),supermarket,060400,常青街道庐州大道3377号凤凰文化广场,117.286815,31.808861
14960,屈臣氏,supermarket,060411,望江西路69号西湖国际广场F18层,117.255925,31.829225
14961,盒马工坊,supermarket,060400,望江西路121号蜀山万象汇B1层,117.250641,31.829512
14962,佳购达精品优选(金汇店),supermarket,060400,黟县路667号绿地·中心公馆,117.268864,31.809984
14963,新鲜家园(南园店),supermarket,060400,南园新村,117.275425,31.835875
14964,都市联辉,supermarket,060400,龙图路与屏山路交叉口东120米,117.273815,31.805515
14965,盒马鲜生(世纪中心店),supermarket,060400,北一环世纪中心B1层(白水坝地铁站A口旁),117.279642,31.878416
14966,大润发(庐阳店),supermarket,060400,凤台路与阜阳路交叉口大润发超市,117.285452,31.893678
14967,大润发(清溪店),supermarket,060400,合作化路与清溪路交口向东100米,117.251304,31.871018
14968,盒马鲜生(国购广场店),supermarket,060706|060400,三里庵街道长江西路199号国购广场负一楼,117.256238,31.853179
14969,合家福超市(沿河路店),supermarket,060400,沿河路118号号合家福超市,117.28031,31.875117
14970,合家福超市(四牌楼店),supermarket,060703|060400,徽州大道38号(百货大楼北侧)合家福超市,117.287768,31.862868
14971,永辉超市(合肥Bravo华润万象汇店),supermarket,060400,临泉路7388号万象汇B1层B139号,117.258857,31.887168
14972,红府超市(商之都店),supermarket,060400|060200,宿州路4号商之都A座B1层,117.289548,31.859385
14973,红府超市二里街店,supermarket,060400|060200,环球金融广场B座东门旁(安农大地铁站D口旁),117.264661,31.858612
14974,日之惠(合瓦路店),supermarket,060400|060200,合瓦路与临泉路交口向南500米109号(交警四大队对面),117.284118,31.884598
14975,红府超市(亳州城店),supermarket,060400,,117.265402,31.877172
14976,红府超市(阜阳路桥店),supermarket,060400|060200,双岗街5号,117.288188,31.874804
14977,合家福生鲜超市,supermarket,060400,红星路22号114楼1层,117.292775,31.860401
14978,润宜佳生活超市(元一名城店),supermarket,060405|060200,青龙路鸿兴苑9号楼2层嘉山路与临泉路交口北100米,117.292256,31.889646
14979,合家福超市(琥珀山庄店),supermarket,060400,琥珀北村60幢1号,117.263463,31.866294
14980,润宜佳生活超市(海棠店),supermarket,060400,海棠别院南区北门东80米,117.269783,31.893846
14981,润宜佳生活超市(庐江路),supermarket,060400,庐江路29号,117.287858,31.857589
14982,百大合家福(百花井店),supermarket,060200|060400,阜阳路辅路59号,117.286616,31.868654
14983,悦邻客超市(海棠店),supermarket,060400|060200,蒙城北路与茨河路交叉口海棠广场1层,117.2763,31.893982
14984,合家福超市(国轩苑店),supermarket,060400,肥西路与清溪路交叉口,117.255633,31.870629
14985,盒马邻里(白一巷店),supermarket,060400,白一巷与白一支巷交叉口东北60米,117.280708,31.877902
14986,满天星睦邻超市(琥珀店),supermarket,060400,长江西路琥珀山庄中村205幢105-108,117.265328,31.869241
14987,好又多超市省医店,supermarket,060400,宿州路4号富世广场A座1层(四牌楼地铁站B口步行450米),117.289563,31.858403
14988,义乌小商品百货超市(商驿联),supermarket,060400,宿州路与五河路交叉口,117.292218,31.876354
14989,菜篮子生鲜超市,supermarket,060400,荷塘月色南门西50米,117.271495,31.894461
14990,美宜佳(光明新村店),supermarket,060400,龚湾社区居委会东北门旁(三孝口地铁站E口步行140米),117.274544,31.859978
14991,世纪联华优鲜超市(蒙城路店),supermarket,060400,蒙城路与寿春路辅路交叉口西南80米,117.277873,31.868391
14992,喜小乐生活超市(圣园大厦店),supermarket,060400,安庆路125号圣园大厦F1层,117.281765,31.86322
14993,欧家乐超市(恒大中央广场店),supermarket,060400,明光路恒大中央广场27号102,117.299973,31.873993
14994,都市联华生活超市(畅园新村店),supermarket,060400,亳州路畅园新村27栋旁都市,117.259369,31.884272
14995,合肥喜洋洋生活超市(红星路店),supermarket,060400|060200,红星路一号55幢,117.294699,31.860705
14996,好又多生活超市(嘉山路店),supermarket,060400,美晨雅阁西南1门北130米,117.292416,31.886037
14997,乐亿万千超市(界首路店),supermarket,060400,濉溪路310号祥源广场,117.265258,31.879984
14998,谊品生鲜生活超市(颍上路店),supermarket,060703|060400,颍上路33号元一滨水城,117.272172,31.884115
14999,客云生活超市(京福花园·嘉兰苑店),supermarket,060400,京福花园嘉兰苑东南1门旁,117.265095,31.897387
15000,银河超市(海亚大世界店),supermarket,060400,淮河路118号海亚大世界F1层,117.292828,31.864583
15001,立业超市(宿州路店),supermarket,060400|060200,宿州路163号(义苍巷对面),117.289662,31.867714
15002,糖兜烟酒(梨花巷店),supermarket,060400,长江路与梨花巷交口糖兜超市,117.290235,31.86112
15003,利购联华便利店,supermarket,060400,中菜市团结新村C块综合楼10号,117.293949,31.863395
15004,静宁超市,supermarket,060400|060200,阜阳北路杏林小区南村8幢,117.288063,31.895386
15005,好易购,supermarket,060200|060400,橡树湾一期九余三商业区11栋商102,117.259075,31.889625
15006,佰联超市(土地局宿舍店),supermarket,060400,阜阳北路与五河路交叉口向西128米五河路南边,117.286011,31.876625
15007,好朋友社区店(琥珀店),supermarket,060703|060200|060400,琥珀中村205幢503,117.266424,31.864193
15008,乐果家园生活超市(利港·银河新城店),supermarket,060704|060400,凤台路和嘉山路交口向东利港银河新城南门门面房S3102号,117.295242,31.893055
15009,可乐生活超市(桐城路店),supermarket,060400,芜湖路347号城市华庭,117.281902,31.850916
15010,好又多超市(固镇路店),supermarket,060400,丁香苑18栋104,117.281919,31.894635
15011,茂华超市(徽州大道店),supermarket,060400,徽州大道317号3栋503,117.285396,31.850057
15012,儒商百货(小百货宿舍店),supermarket,060200|060400,合瓦路132号(海棠地铁站3口步行410米),117.28173,31.88772
15013,水晶苑超市,supermarket,060200|060400,肥西路1018号,117.255865,31.874209
15014,齐家生活超市(祥源翡丽城店),supermarket,060400|060200,界首路1号祥源翡丽城7号楼102商铺,117.266141,31.880085
15015,百城生活超市(嘉山路店),supermarket,060400,嘉山小区西1门旁,117.292074,31.883576
15016,转角生活超市(少年宫恢复楼店),supermarket,060400,少年宫恢复楼,117.291953,31.854599
15017,满意超市(阜阳北路店),supermarket,061210|060200|060400,阜阳北路338号市政小区,117.287684,31.8864
15018,迪购超市(合肥朗峰店),supermarket,060400,临泉路4888号朗峰天街负二楼231,117.255144,31.886915
15019,拾客精品超市(朗峰中心店),supermarket,060400,朗峰中心(四泉桥地铁站D口步行180米),117.254739,31.88739
15020,苏宁超市(石油勘探小区店),supermarket,060400,梅山路52号石油勘探小区,117.267415,31.85044
15021,小蜜蜂超市(亳州路店),supermarket,060400,亳州路畅园新村2-3栋(凤凰山路边),117.259647,31.883229
15022,天佑超市(桐城路店),supermarket,060400,安徽医科大学附属妇幼保健院西门旁,117.280598,31.860161
15023,菲佳凡百货超市(安徽农业大学第一生活区店),supermarket,060400,长江西路77号(安农大地铁站D口步行400米),117.26228,31.856677
15024,柠檬生活超市(长丰路店),supermarket,060400,长丰路柠檬生活超市,117.261482,31.872176
15025,九狮惠民连锁超市(宁国路店),supermarket,060400|060200,宣城路39号,117.291315,31.850429
15026,后强生鲜超市(幸福人家店),supermarket,060400,界首路116-117号(郑河地铁站C口步行440米),117.267218,31.883682
15027,隆客多超市(世纪中心店),supermarket,060400,蒙城北路58号方圆荟世纪中心F1层,117.280435,31.877686
15028,日不落超市(百合园分店),supermarket,060400|060200,双岗街66号2栋,117.289577,31.877654
15029,男人街超市,supermarket,060400|060200,三孝口金寨路419号(三孝口地铁站E口步行100米),117.27524,31.860111
15030,乐优超市(合肥蜀山区),supermarket,060200|060400,长丰南路101号-5,117.260609,31.863729
16056,肥西县上派镇乐平路小学,school_primary,141203,金寨南路35号,117.147731,31.710482
15031,领惠生活超市(金域蓝湾店),supermarket,060400,北一环与蒙城路交口西金域蓝湾二号楼,117.276315,31.880618
15032,异彩生活超市(金都楼店),supermarket,060400,淮河路332号,117.282646,31.866152
15033,雅苑超市(阜阳路店),supermarket,060200|060400,阜阳北路与凤台路交叉口杏林南苑1栋06室,117.286774,31.892933
15034,家家乐超市(元一名城店),supermarket,060400,板桥河社区委元一名城B区东大门15-21号102商铺,117.291644,31.89112
15035,大润发60店,supermarket,060400,清溪路与肥西北路交叉口西140米,117.253814,31.871494
15036,美之仑超市(美仑豪庭店),supermarket,060200|060400,凤台路与界首路交口美仑豪庭10-11栋102室,117.265987,31.890737
15037,世纪华联超市(金域蓝湾店),supermarket,060400,北一环路226号(白水坝地铁站D口步行400米),117.275914,31.880603
15038,束记优粤汇超市,supermarket,060400,中房名城南门西180米,117.29657,31.863783
15039,艳达烟酒茶超市(阜阳路店),supermarket,060200|060400,双岗街道阜阳北路86号华建小区1栋11-14号,117.287879,31.885198
15040,好宜多超市(元一名城店),supermarket,060400,元一名城a17栋-109号,117.291602,31.887817
15041,快赣特价超市(庐阳店),supermarket,060400,安庆路174号2号楼(三孝口地铁站A口步行400米),117.278739,31.864052
15042,牧兰山团购超市(合肥海棠店),supermarket,060400,蒙城路与凤台路交口静馨苑2号楼底层2号商铺,117.279247,31.89054
15043,合福苑超市,supermarket,060400,双岗街道宿州北路劳动村合福苑小区门面北3号,117.291822,31.876416
15044,胜来鲜超市(鸿兴苑店),supermarket,060400,青龙路鸿兴苑2栋门面房103号,117.29476,31.889984
15045,归德百货超市(世纪中心店),supermarket,060400,方圆荟世纪中心6栋101,117.280346,31.879073
15046,欣都超市(商之都店),supermarket,060400,宿州路与红星路交叉口商之都A座1层,117.290012,31.859017
15047,佳佳洁连锁超市(源祥广场店),supermarket,060200|060400,阜阳北路432号源祥广场F1层,117.286137,31.896804
15048,优品生活超市(蓝光时代红街店),supermarket,060400,蓝光时代红街,117.296406,31.880935
15049,众品领购(政通大厦店),supermarket,060200|060400,阜阳路101-1号,117.286758,31.871779
15050,芙蓉兴盛便利超市(固镇路店),supermarket,060200|060400,风荷苑南门旁,117.279999,31.894852
15051,杨鲜生精品超市(君尚金谷园店),supermarket,060400,固镇路金谷园菜市场以东边,117.275422,31.894047
15052,泽波百货超市,supermarket,060400,文一泊心湾东门50米(一里井地铁站D口步行230米),117.28627,31.889455
15053,鸣购便利超市,supermarket,060400|060200,北一环路辅路与晶体管厂巷交叉口西南80米,117.284945,31.879137
15054,芙蓉兴盛便利超市(钢铁新村店),supermarket,060400|060200,钢铁二村10幢105-106室,117.284597,31.886152
15055,柒加壹生活超市(七桂塘店),supermarket,060400,人民巷与节约巷交叉口南20米,117.278729,31.860558
15056,好来购超市(凤淮路店),supermarket,060200|060400,昆仑花园东门旁(郑河地铁站C口步行390米),117.265018,31.888301
15057,张璇百货超市(安徽中医药大学生活区店),supermarket,060400,安徽中医药大学梅山路宿舍区西北门旁,117.261671,31.854439
15058,美浩生活超市(海棠别院北区店),supermarket,060400,固镇路颖上路交叉口固镇路188号,117.269579,31.894341
15059,念尚生活超市梅山路店(安徽中医药大学生活区店),supermarket,060400,安徽中医药大学梅山路宿舍区西北门旁,117.261497,31.854488
15060,利购联华便利店(融侨观邸店),supermarket,060400,融侨观邸西北1门旁,117.29242,31.875697
15061,仟佰亿超市,supermarket,060400|060200,宣城路158号中国工商银行对面,117.293701,31.854887
15062,世纪华联超市(嘉山路店),supermarket,060400,嘉山路与新蚌埠路辅路交叉口西北60米,117.292217,31.881912
15063,公务通超市(宏图大厦店),supermarket,060400,宿州路76号宏图大厦F1层,117.289785,31.863446
15064,花季超市(金山名苑店),supermarket,060400,阜阳北路74号、214号金山名苑,117.288106,31.88174
15065,林姐超市(晨欣园店),supermarket,060400|060200,亳州路街道亳州路372号晨欣园,117.254539,31.883037
15066,华联生活超市,supermarket,060400,淮河西路454号,117.276223,31.867225
15067,沃家惠生活超市(蓝光时代红街店),supermarket,060400,蓝光时代红街S5栋,117.296382,31.881404
15068,满园春百货超市梅山路店,supermarket,060400|060200,三里庵街道梅山路70号,117.262519,31.852549
15069,栢优乐(界首路店),supermarket,060400,柏景雅筑小区,117.266232,31.882573
15070,华联生活超市(嘉山路),supermarket,060405,嘉山路,117.292278,31.889533
15071,快乐购生活超市(亳州路店),supermarket,060400,亳州路菜场柏景湾逸湖居19/20/21幢商铺106室,117.266884,31.877047
15072,宇名超市(橡树湾2期店),supermarket,060400,橡树湾2期北门旁,117.260664,31.889225
15073,杭商华联,supermarket,060400,瑞地公馆北门旁,117.263514,31.891011
15074,升华贸易商行(利港·银河新城店),supermarket,061210|060400,凤台路利港银河新城小区23幢104门面,117.296323,31.892872
15075,侯小鲜生活超市(临桥苑店),supermarket,060400,临桥苑北门旁(淮南路地铁站A口步行410米),117.29605,31.890066
15076,中宏优品智慧生活超市,supermarket,060400,阜南路与陈小巷交叉口西北60米,117.287976,31.870136
15077,醉三秋百宇邦超市,supermarket,060400,濉溪路142号深圳花园1号门面,117.281459,31.880591
15078,优慧生鲜,supermarket,060400,合瓦路24号钢铁新村(一里井地铁站D口步行250米),117.284507,31.886888
15079,航凡超市,supermarket,060400|060200,五河路与双岗老街交叉口西北40米,117.288268,31.876949
15080,琴录超市(长城安居小区店),supermarket,060200|060400,钢铁新村20栋(一里井地铁站D口步行300米),117.283777,31.88725
15081,永久百货超市(颍上路店),supermarket,060704|060200|060400,颖上路505号领域花园1栋商139,117.271087,31.888529
15082,聚优购生活超市(三里庵店),supermarket,060400,东兴街七号3栋东北门旁(三里庵地铁站F口步行400米),117.253675,31.857675
15083,桂轩生鲜超市(龙兴苑B区店),supermarket,060703|060400,龙兴苑8栋110号,117.295548,31.897393
15084,梦倩烟酒超市,supermarket,060400|060200,逍遥津街道庐阳区阜南路3号,117.289194,31.869421
15085,万家生活线上超市,supermarket,060400,瑞地公馆,117.263475,31.889825
15086,合家福(淮河路店),supermarket,060400,淮河路与阜阳路辅路交叉口西100米,117.2844,31.865675
15087,福佑百货超市(万花园店),supermarket,060400,万小店小区西北门西60米(海棠地铁站D口步行410米),117.276249,31.88398
15088,铭慈百货超市,supermarket,060400,龙潭桥路与利辛路交叉口西南20米,117.283353,31.889834
15089,农垦集团购超市,supermarket,060400,城隍庙市场北1门旁(杏花公园地铁站B口步行420米),117.278514,31.86687
15090,润宜佳生活超市(恒盛店),supermarket,060400,林店街道连水路与丽水路交口润宜佳购物中心(连水路店),117.266868,31.924831
15091,老阮超市(电厂路店),supermarket,060603|060200|060400,平圩路34号,117.256252,31.918261
15092,永美超市(宝湾国际54公馆店),supermarket,060400,淮南北路宝湾国际54公馆B7-G2111-112号,117.293055,31.939372
15093,世纪华联邻里间优鲜超柿(万兴·林里间店),supermarket,060704|060400,万兴·林里间,117.288114,31.900758
15094,鸿客生活超市(文一名门华府店),supermarket,060400,文一名门华府S-1号商-111号,117.282833,31.907264
15095,云之鲜生活超市,supermarket,060400,丽水路与淮北路交口向北50米,117.273805,31.910282
15096,乐亿万千超市(宝湾国际店),supermarket,060400,宝湾国际5.4M公馆,117.293244,31.940725
15097,杨月生活超市,supermarket,060400,伟星玖樾台S2-108,117.27396,31.90065
15098,好邻多连锁平价超市(宝宸时代店),supermarket,060400|060200,阜阳北路1399号宝宸时代花园,117.275872,31.931144
15099,百乐超市(金都华庭四期店),supermarket,060400|060200,金都华庭四期南门旁,117.278501,31.902931
15100,大德福生活超市(华地·龗龙天地店),supermarket,060400,景湾路与高皇路交叉口东100米,117.262451,31.920454
15101,好又多生活超市(阜阳北路店),supermarket,060400,合肥杏花国际广场B座东北门南130米,117.272661,31.93786
15102,长之润自选商场(金都华庭店),supermarket,060400,北二环金都华庭二期15号楼75/76号商业门面,117.279269,31.900272
15103,欢购多生活超市(淮北路店),supermarket,060400,淮北路199号,117.261738,31.90062
15104,家福乐超市(荣城花园店),supermarket,060400,荣城花园门面房012号,117.276137,31.914497
15105,乐客多生活超市(涡阳路店),supermarket,060400,林店街道涡阳路林店家园商业S幢北101号商铺,117.288127,31.908545
15106,好又多生活超市,supermarket,060400,碧水兰庭东南门旁(荷塘路地铁站A口步行210米),117.262461,31.937073
15107,晋亿名品超市,supermarket,060400,耀远路龗龙天地L一20号,117.262629,31.919905
15108,享购超市(荣城花园北苑店),supermarket,060400|060200,荣城北苑29栋,117.271782,31.923737
15109,家福乐超市(丰大苑店),supermarket,060400,北二环丰大苑5栋1号门面,117.288354,31.90095
15110,徽旺烟酒超市(宝湾国际5.4M公馆店),supermarket,061210|060400,宝湾路,117.293624,31.940473
15111,旺福烟酒超市(金都华庭店),supermarket,061210|060400|060200,金都华庭三期东区南门旁,117.278964,31.900545
15112,蚂蚁嘉吉超市(庐阳店),supermarket,060400,天赐园东2门旁,117.273803,31.901908
15113,宜家乐超市(耀远路店),supermarket,060400|060200,庐阳工业区太和路荣城北苑45栋103室,117.272457,31.922163
15114,家家生活超市(美景人家店),supermarket,060400,城改·美景人家西南门旁(杏林地铁站A口步行370米),117.284536,31.90656
15115,心昕超市,supermarket,060200|060400,融侨悦城南门商铺17-111心昕超市,117.28333,31.919675
15116,强达合福生活连锁超市(铝厂店),supermarket,060703|060400,庐阳工业区合肥铝厂宿舍,117.279062,31.94619
15117,国能首付小默超市(恒盛·皇家花园2期店),supermarket,060400,庐阳区工业区恒盛皇家花园11栋,117.265021,31.923369
15118,世纪华联超市,supermarket,060400,庐阳府二期西门(荷塘路地铁站B口步行170米),117.260263,31.934582
15119,舒馨烟酒超市(舒馨花园店),supermarket,061210|060400,舒馨花园南区,117.256506,31.904309
15120,禾鲜生鲜超市(恒盛·皇家花园1期店),supermarket,060400,恒盛皇家花园一期南门旁,117.265138,31.923328
15121,满漓每日鲜生鲜超市(融侨悦城二期店),supermarket,060400,融侨悦城二期西门121商铺,117.283562,31.918933
15122,好又多生活超市(和昌都汇华郡店),supermarket,060400,和昌·都汇华郡东南门旁(汲桥路地铁站D口步行50米),117.262692,31.941141
15123,千惠生活超市(城改·美景人家店),supermarket,060400|060200,杏林街道阜阳路城改美景人家3栋北门,117.286736,31.907321
15124,橙意满满精品超市(庐阳店),supermarket,060400,阜阳路与耀远路交叉口西南220米,117.279736,31.920478
15125,世纪华联超市(阜阳北路店),supermarket,060400,荷塘路50号杏花国际广场F1层,117.272383,31.939506
15126,晨燕购物中心(荣城花园南苑北区店),supermarket,060200|060400,庐阳工业区荣城花园(菱湖公园地铁站B口步行340米),117.275977,31.91325
15127,久尔隆超市,supermarket,060400,连水路恒盛皇家花园4栋2单元106,117.264153,31.924311
15128,好邻多连锁超市(荣城花园店),supermarket,060400|060200,荣城花园46号(菱湖公园地铁站B口步行300米),117.275507,31.912938
15129,子木百货(金都华庭四期店),supermarket,060400,灵璧路金都华庭四期4栋101室,117.27878,31.903307
15130,美家惠超市,supermarket,060400,荣城花园南苑25栋26号门面,117.274635,31.913057
15131,小区乐超市(北苑店),supermarket,060400,连水路与太和路交叉口西南220米,117.270425,31.925425
15132,凡客旺生活超市,supermarket,060400,城改·美景人家西北门旁,117.286272,31.907234
15133,金如超市,supermarket,060400,金池路与汲桥路交叉口东40米,117.278425,31.943325
15134,好友超市,supermarket,060400,云顶雅苑,117.272675,31.937825
15135,新鲜美刻生活超市,supermarket,060400,潇然居,117.285925,31.913275
15136,纵购商城(宝湾一道店),supermarket,060400,建材家居交易中心西大门旁,117.28948,31.942595
15137,合肥市骏成商贸有限公司,supermarket,060400,望城第二工业园第二栋,117.293037,31.905115
15138,联家超柿,supermarket,060400,双凤开发区蒙城北路与金梅路交叉口,117.255608,31.975882
15139,日之惠-金梅路店,supermarket,060400,力高共和城西3幢101室,117.251053,31.974569
15140,合家福(中奥店),supermarket,060400,阜阳北路71号,117.26888,31.956876
15141,麦喆超市(庐州天地店),supermarket,060400,阜阳北路59号金大地·庐州天地F1层,117.265596,31.967523
15142,6+1生鲜批发超市(翡翠公馆店),supermarket,060400,金大地翡翠公馆南1门旁,117.267306,31.959963
15143,锅圈食汇火锅烧烤食材超市(新城·北宸紫郡店),supermarket,060400,北宸紫郡18-103商铺,117.263697,31.963558
15144,亿佰超市(凤梅店),supermarket,060400,凤梅菜市场,117.250373,31.978297
15145,美佳超市(北城明珠店),supermarket,060400,双凤开发区北城明珠11号105,117.260499,31.971241
15146,惠宜选超市(长丰店),supermarket,060400,双凤经济开发区倾城水乡二期104室,117.254193,31.972119
15147,万里超市 谷水烟火路店,supermarket,060400|060200,高宏大厦,117.276797,31.988583
15148,乡村华联超市(润梅路店),supermarket,060400|060200,润地星城西门北60米,117.250825,31.977357
15149,好又好连锁超市(光明北部湾店),supermarket,060400,光明北部湾2期南1门西南90米,117.262179,31.980967
15150,乐家福生活超市(文一锦门北韵店),supermarket,060400,双凤开发区文一锦门北韵小区东门往北100米阜阳路与金梅路口商铺106,117.260451,31.975337
15151,人人福超市,supermarket,060400,双凤开发区双凤路与凤麟路交叉口东南100米荣事达智能家居研发中心门卫旁边,117.278302,31.967369
15152,好又多生活超市(凤麟兰庭1期店),supermarket,060400,双凤开发区凤麟兰亭小区,117.298782,31.950395
15153,好又好连锁超市(融科梧桐里店),supermarket,060400,双凤开发区金宁路北16号工商学院对面,117.263747,31.95808
15154,世纪华联生活超市(京城国际店),supermarket,060400,北京城建京城国际南门旁(金梅路地铁站A口步行420米),117.256065,31.9785
15155,好又多生活超市(阿奎利亚店),supermarket,060400|060200,亳州路街道恒泰阿奎利亚,117.266744,31.956631
15156,我家超市,supermarket,060400,双凤开发区蒙城北路力高共和城西区日之惠,117.254225,31.973775
15157,茹意超市,supermarket,060200|060400,双凤经济开发区颐和苑1栋104-1商铺,117.251864,31.994761
15158,华联超市(力高共和城店),supermarket,060400,力高共和城西区一栋108商铺,117.253937,31.972076
15159,好又好生活超市(融科梧桐里店),supermarket,060400,融科梧桐里西门旁,117.267833,31.958639
15160,芒购生鲜超市(力高共和城东区店),supermarket,060400,双凤开发区力高共和城东区5-106门面,117.255769,31.973781
15161,梁家超市(润梅路店),supermarket,060400,瑞龙花园幼儿看护点南门旁,117.250771,31.981124
15162,欧乐生活超市(北京城建京城国际店),supermarket,060400,北京城建京城国际南门旁(金梅路地铁站A口步行390米),117.256165,31.978503
15163,新客隆超市(万里店),supermarket,060400,万里社区南门东220米,117.271663,31.99099
15164,成希月生活超市,supermarket,060400,双凤开发区京城国际小区南门s1幢109,117.256519,31.978485
15165,云丰优选超市(风格城市南门店),supermarket,060400|071800,双凤经济开发区恒泰风格城市98栋115商铺,117.259056,31.961907
15166,多乐福生活超市(乐富强·御景嘉苑北区店),supermarket,060400,御景嘉苑北区东门旁(梅冲湖地铁站B口步行420米),117.257076,31.992593
15167,世纪华联超市(凤梅菜市场店),supermarket,060400,凤梅菜市场,117.250324,31.978282
15168,好乐多生活超市(蒙城北路店),supermarket,060400,京祥名都北门旁,117.255433,31.987448
15169,世纪华联超市(金科·半岛1号店),supermarket,060400,蒙城北路26-118号附近,117.252661,31.989098
15170,百乐超市(恒泰城果一期店),supermarket,060400,恒泰城果一期85栋(双凤地铁站A口步行310米),117.260825,31.956625
15171,全家合超市(凤梅家园东区店),supermarket,060400,双凤开发区凤梅家园4栋,117.253301,31.980605
15172,乐居生活超市,supermarket,060200|060400,双凤开发区凤梅家园北门,117.254234,31.979798
15173,三六五超市(力高共和城西区店),supermarket,060400,金梅路力高共和城西区(金梅路地铁站C口步行340米),117.254187,31.973222
15174,奇点超市(北城明珠店),supermarket,060200|060400,金峰路与阜阳北路交叉口西北200米,117.260222,31.971016
15175,鑫辰超市(金梅路店),supermarket,060200|060400,力高共和城10栋(金梅路地铁站C口步行400米),117.252377,31.974292
15176,家乐家超市(凤霞路店),supermarket,060400,凤霞路与金福路交叉口东100米,117.279569,31.976565
15177,家传超市(恒泰城品湖畔店),supermarket,060400,阿奎利亚城品湖畔39栋,117.257949,31.953288
15178,嘉美百货(凤霞店),supermarket,060400,双凤开发区凤霞社区世纪华联超市二楼,117.28051,31.975174
15179,桔多超市(恒泰风格城市店),supermarket,060200|060400,蒙城北路与金海路交口东南角恒泰风格城市,117.258875,31.964675
15180,好时优选生活超市(乐富强·御景嘉苑南区店),supermarket,060400,乐富强·御景嘉苑南区东门旁,117.257235,31.989003
15181,力高共和城馨社区生鲜超市(力高共和城西区店),supermarket,060400,力高共和城西区2栋103门面,117.253987,31.972413
15182,邻享购生活超市,supermarket,060400,金峰路27号,117.25176,31.970257
15183,上上名品超市,supermarket,060400,魏武路辅路与蒙城北路辅路交叉口南120米,117.253822,31.982734
15184,蒙牛超市,supermarket,060400,维也纳国际商务中心(北城),117.261557,31.98322
15185,长丰县双凤工业区鑫辰超市,supermarket,060400,润梅路与金兰路交叉口西南20米,117.250375,31.977975
15186,蒙牛焕轻超市(长丰店),supermarket,060400,蒙城北路与魏武路交口东南京冠·御园华府,117.256843,31.983484
15187,邻里超市,supermarket,060400,金梅路力高共和城西区(金梅路地铁站C口步行320米),117.253257,31.97392
15188,萍萍百货超市,supermarket,060400,蒙城北路凤梅家园东区,117.254263,31.98037
15189,京东拼拼团购店,supermarket,060400,北城明珠,117.260375,31.971225
15190,阿奎利亚亿佰超市,supermarket,060400,阜阳北路与金宁路交叉口南120米,117.266875,31.95835
15191,金大地生活超市(金大地·翡翠公馆店),supermarket,060400,金大地·翡翠公馆,117.266925,31.960775
15192,鹿岛(会员)店(万达广场合肥北城店),supermarket,060400,阜阳北路与金峰路交叉口万达广场(合肥北城店)1F层(2号门附近),117.264758,31.97114
15193,屈臣氏(合肥长丰万达广场店),supermarket,060411,"阜阳北路与金峰路交叉口万达广场(合肥北城店)1F层(3号门进入向左前方走30m,扶梯附近)",117.263748,31.971223
15194,中奥烟酒批发部(中奥花园店),supermarket,060400,双凤大道与金珠路交口中奥花园5栋,117.269375,31.957175
15195,惠特佳烟酒茶行(恒泰风格城市店),supermarket,061210|060400,金海路与蒙城北路交口,117.257064,31.964671
15196,盒马鲜生(合肥滨湖爱琴海购物中心店),supermarket,060400,爱琴海购物公园B1层,117.301326,31.733462
15197,大润发(包河店),supermarket,060400,庐州大道与紫云路交汇处东北角,117.303355,31.742421
15198,永辉超市(合肥滨湖银泰城店),supermarket,060400,万年埠街道庐州大道与云谷路交口银泰城负1层,117.301668,31.714938
15199,永辉超市(合肥市中信悦方店),supermarket,060400,紫云路与庐州大道交口悦方国际中心负一层,117.304256,31.740037
15200,合家福(滨湖合肥唯品会城市奥莱店),supermarket,060400,庐州大道与洞庭湖路交口东南角合肥佳源合悦汇B1层,117.303751,31.73321
15201,九州东苑生鲜超市,supermarket,060400,万年埠街道汉水路塘溪津门三期商办D13-117,117.318791,31.716274
15202,名创优品(合肥滨湖爱琴海购物中心店),supermarket,060400,庐州大道与洞庭湖路交口合肥滨湖爱琴海购物中心B1层,117.300953,31.732757
15203,旺客来超市(武夷山路店),supermarket,060400,宝能城1期北区西门旁,117.309021,31.717633
15204,合家福(琥珀瑞安家园店),supermarket,060400,琥珀瑞安家园南门旁,117.314226,31.74431
15205,全好生活超市(武夷山路店),supermarket,060400,武夷山路与杭州路交口宝能城一期负一楼,117.308409,31.717541
15206,鲜淮精品生活超市(云峯中心店),supermarket,060400,雍和府对面(义城地铁站D口步行460米),117.340851,31.73897
15207,中购佳华超市(滨湖宝文店),supermarket,060400,韶山路与漓江路交口东北角,117.300235,31.704222
15208,优先来生鲜超市(佳源巴黎都市2期店),supermarket,060400,洞庭湖路北150米佳源巴黎都市2期佳源二期南门116商铺,117.309186,31.735456
15209,尚优玛特生活超市(合肥万达城临湖苑店),supermarket,060400,云谷路1255号合肥万达城临湖苑A区,117.312591,31.711385
15210,邻左便利店(湖北路店),supermarket,060400,湖北路唯品会城市奥莱3幢155号,117.306052,31.733127
15211,世纪明珠超市(塘溪津门店),supermarket,060400,塘溪津门公寓楼D13栋103商铺,117.3187,31.716112
15212,家盛生鲜超市(蓝鼎滨湖假日翰林园店),supermarket,060703|060400,蓝鼎滨湖假日翰林园,117.301549,31.735346
15213,小麻雀超市(佳源巴黎都市店),supermarket,060200|060400,义城街道湖北路与长沙路交口佳源巴黎都市一期12栋107室,117.305724,31.737278
15214,安徽世纪华联超市连锁有限公司,supermarket,060400,中山路1522号,117.307444,31.73301
15215,赞铁烟酒店(云峯中心店),supermarket,060400,上海路与迎淮路交口云峰中心4号楼赞铁烟酒店,117.340007,31.738691
15216,合顺生活超市,supermarket,060400,包河大道10号,117.31829,31.745953
15217,世纪华联超市(滨湖合肥唯品会城市奥莱店),supermarket,060400,湖北路佳源广场,117.305867,31.73289
15218,蕊楠超市(勇瑞超市),supermarket,060400,义城街道世纪社区云谷路与华山路交口东南合肥万达新城8幢1层,117.314133,31.711429
15219,思杰健微超市(蓝鼎观湖苑店),supermarket,060400,蓝鼎观湖苑南1门旁(紫庐地铁站2号口步行420米),117.300786,31.738042
15220,客优选生活超市(滨湖店),supermarket,060400,宝能城一期北区,117.308975,31.717425
15221,枫果生鲜超市,supermarket,060400,杭州路文一塘溪津门妙墨园61栋商107,117.315773,31.717987
15222,添e生活超市紫云路店,supermarket,060400,庐州大道方兴里下沉广场负1楼紫庐地铁A口斜前方,117.30383,31.741601
15223,祥汇烟酒商贸(置地滨湖·双玺店),supermarket,060400,滨湖置地双玺G2-10,117.305104,31.721987
15224,世纪青源生活超市(佳源巴黎都市店),supermarket,060400,佳源巴黎都市1期,117.305877,31.73598
15225,味尽享生活超市,supermarket,060400,庐州大道800号万达银座,117.304012,31.705516
15226,全惠旺超市合肥佳源合悦汇店,supermarket,060400,中山路与湖北路交叉口西160米,117.304925,31.732075
15227,万家购生活超市,supermarket,060400,万泉河路与天津路交叉口西220米,117.346744,31.747894
15228,诗雨超市,supermarket,060400,宝能城一期北区(华山路地铁站A口步行470米),117.309775,31.716875
15229,歆叶生活超市(滨湖瑞园北区店),supermarket,060400,滨湖瑞园北区,117.309699,31.748766
15230,中信悦(月方店),supermarket,060400,义城街道紫云路与庐州大道交叉口中信悦方3楼,117.304251,31.740214
15231,三棵树马上住滨湖店,supermarket,060400,佳源巴黎都市一期南门3-106商铺,117.304166,31.735133
15232,屈臣氏(滨湖银泰城店),supermarket,060411,万年埠街道庐州大道与云谷路交口银泰百货首层,117.300925,31.715525
15233,屈臣氏(悦方ID MALL店),supermarket,060411,紫云路与庐州大道交汇处东200米路南悦方ID MALLL1层L103,117.303502,31.739877
15234,识惠猿(滨湖店),supermarket,060400,高速乐活荟负一层180,117.301186,31.722475
15235,合家福(包河苑店),supermarket,060400,包河苑a区002号(包河苑地铁站A口步行470米),117.320321,31.796145
15236,合家福超市(和昌中央城邦店),supermarket,060400,包河大道与花园大道交口和昌中央城邦,117.318172,31.774661
15237,日之惠(河北路店),supermarket,060400,河北路28号(花园大道地铁站A口步行270米),117.334678,31.775903
15238,松杰超市(滨湖新地城店),supermarket,060400,滨湖新地城三号楼204门面,117.30002,31.753485
15239,国枫园超市(包河苑店),supermarket,060400|060200,包河苑菜市场东南门东北70米,117.318221,31.79816
15240,世纪华联超市(广视花园店),supermarket,060400,乌鲁木齐路888号广视花园西区,117.317294,31.789858
15241,万家亿佰生活超市(唯美创想城店),supermarket,060400,骆岗街道花园大道与河南路交叉口东南角唯美创想城2楼,117.34285,31.77226
15242,南丽湾购物中心(滨湖·南丽湾店),supermarket,060400,花园大道21号,117.348707,31.775391
15243,尚郡超市(信达·银杏尚郡北区店),supermarket,060400,庐州大道与繁华大道交口银信尚郡15号201室,117.304944,31.793636
15244,鲜生优品生鲜超市(万科时代之光店),supermarket,060400,万科时代之光西侧晶宫和街中部40号B1-6,117.302964,31.751366
15245,胜购超市,supermarket,060400,北京路辅路与繁华大道辅路交叉口东北80米,117.326492,31.795534
15246,悦林枫超市雍华府店,supermarket,060400,包河大道12号,117.320551,31.750873
15247,人人家超市(包河花园D区店),supermarket,060400,内蒙路74号靠近崇夕友牙科诊所,117.330874,31.797503
15248,世纪华联超市(南丽湾店),supermarket,060703|060400,天津路与太原路交叉口南140米,117.348596,31.774678
15249,来优品省钱超市(哈尔滨路店),supermarket,060400,哈尔滨路和山西路交口包河苑综合楼一层,117.31966,31.797942
15250,万辉超市(和昌·中央城邦南区店),supermarket,060400,包河大道和昌中央城邦-南区,117.318775,31.774575
15251,丰萓生活超市,supermarket,060400,花园大道欣然居小区南门,117.343489,31.77052
15252,华联精品生活超市(水丽坊·商业街店),supermarket,060400,水丽坊东区北门西90米(义兴地铁站A口步行210米),117.326708,31.796344
15253,联合一百(庐州大道店),supermarket,060400|060200,庐州大道与繁华大道交口盛大德馨府小区东门D区102,117.300302,31.794985
15254,惠鲜超市(华盛·格林丽景店),supermarket,060400,华盛·格林丽景北门旁,117.332724,31.794345
15255,友辉超市(包河花园店),supermarket,060400,包河花园大门口友辉超市,117.334658,31.795014
15256,多福生活超市(包河花园店),supermarket,060400,包河花园建设小区东门旁,117.333666,31.799459
15257,惠宝隆生活超市(盛大德馨府小区店),supermarket,060400,庐州大道与繁华大道交口盛大德馨府商铺c区105,117.300056,31.795153
15258,福乐多超市,supermarket,060200|060400,包河花园D区福乐多超市,117.331485,31.797779
15259,来购生活超市(皖都徽韵店),supermarket,060400|060200,骆岗街道包河大道与兰州路交叉口皖都徽韵小区107,117.32021,31.776939
15260,多又多超市(盛大德馨府小区店),supermarket,060400,盛大路盛大德馨府(盛大地铁站C口步行390米),117.300265,31.794841
15261,国翔百货超市(哈尔滨路店),supermarket,060400|060200,包河苑A区32栋,117.317353,31.797405
15262,福乐多超市(包河花园园林小区东南),supermarket,060200|060400,纬二路88号包河花园B区,117.333335,31.797396
15263,芙蓉兴盛便利超市(和昌中央城邦店),supermarket,060400|060200,和昌·中央城邦南区南门旁,117.320476,31.773455
15264,世纪华联超市(贡街智汇中心店),supermarket,060400,滨投智汇中心(义兴地铁站B口步行150米),117.327568,31.794078
15265,榀瑞生活超市(滨湖阳光里店),supermarket,060400,河南路与黄河路交叉口阳光里小区15栋101门面,117.342658,31.768406
15266,世纪广视生活超市(广视花园店),supermarket,060400,乌鲁木齐路888号广式花园A-1西区1幢商104室,117.317896,31.790402
15267,有间生活超市,supermarket,060400,上海路沪上人家南1栋门面8-ABC,117.339226,31.767737
15268,金源生鲜超市,supermarket,060400,骆岗街道(包河经开区)哈尔滨路包河苑小区A区062号一层门面房,117.315699,31.797012
15269,惠客生活超市(北京路店),supermarket,060400,北京路与西宁路交口合肥启美智创产业园,117.32592,31.78801
15270,鲜淮生鲜超市(南翔茗座店),supermarket,060400,南翔茗座,117.329077,31.769037
15271,烟酒便利店,supermarket,060400,包河工业区北京路3号天汇集团,117.326084,31.792396
15272,滨投智汇中心106超市,supermarket,060400,滨投智汇中心(义兴地铁站B口步行100米),117.327727,31.794309
15273,变象生活仓储超市,supermarket,060400,包河大道958号招商城市主场,117.320425,31.751525
15274,欧优来超市,supermarket,060400,明悦中心B1层(义兴地铁站A口步行140米),117.328075,31.795225
15275,以默生活超市,supermarket,060400,庐州大道和锦绣大道交口合肥海伦国际,117.305675,31.754275
15276,佳惠超市(会展中心店),supermarket,060400,扬子江路与庐州大道交叉口西南20米,117.302025,31.753025
15277,快购喵优选超市(合肥店),supermarket,060200|060400,包河大道958号招商城市主场,117.320425,31.751525
15278,华联购物中心,supermarket,060101|060400,天津路与太原路交口皖西老母鸡旁,117.348559,31.775327
15279,劲仪优选生活包河苑店,supermarket,060400,包河苑菜市场,117.318043,31.797955
15280,兔喜快递超市(包河苑店),supermarket,060400,北京支路包河苑D区010号兔喜快递超市,117.324288,31.795386
15281,轩茗烟酒茶,supermarket,061210|060400,北京路与哈尔滨路交叉口,117.323172,31.798862
15282,拾客精品超市(包河花园店)(暂停营业),supermarket,060400,西宁路和鑫产业园1号楼隔壁,117.322793,31.788048
15283,合家福超市(马鞍山路店),supermarket,060102|060400,马鞍山路百大购物中心马鞍山路店1-2层,117.302589,31.833261
15284,盒马鲜生(包河万象汇店),supermarket,060400,龙川路200号包河万象汇B1层,117.306035,31.809726
15285,大润发(望江店),supermarket,060400,望江东路和东二环交叉口星隆国际B2,117.31185,31.82668
15286,联家超柿(左岸店),supermarket,060400,城东街道铜陵路1号左岸名苑7幢8幢商101,117.316221,31.848407
15287,合家福优选超市(翡翠天际店),supermarket,060400,万科翡翠天际商业中心B1层120商铺,117.324267,31.813707
15288,红府超市(望湖城店),supermarket,060400,望湖城美和路与美圣路交叉口滨湖春天综合楼一、二楼层,117.302774,31.805483
15289,品尚多大型超市(第六空间店),supermarket,060400,第六空间国际家居裕溪路店北门旁,117.341511,31.84604
15290,红府邻里超市(大成郡店),supermarket,060400,当涂路2号(尧渡河路地铁站F口步行360米),117.323339,31.828383
15291,好又多超市,supermarket,060400,葛大店南地铁站B口步行70米,117.313983,31.808509
15292,润汇生活超市(华润润城中心·润府店),supermarket,060400,华润润城中心·润府B区南门西190米,117.306204,31.811253
15293,世纪华联优鲜超市(祁门路店),supermarket,060400,安百苑D区配套商业42栋101,117.325128,31.814968
15294,汇万客生活超市(右岸店),supermarket,060400,唐大楼路与巢湖南路交叉口右岸景苑B区西门S5号楼101,117.338461,31.829766
15295,年裕生活超市(地矿家园店),supermarket,060400,当涂支路和昌都汇华府二期一层商146号,117.308375,31.823371
15296,邻鲜生生活超市,supermarket,060400,唐大楼路与巢湖南路交叉口西南140米,117.338353,31.830053
15297,锦田生活超市,supermarket,060400,祁门路与葛大店路交口,117.30943,31.813243
15298,联购超市(高铁路),supermarket,060400|060200,高铁路滨江花月二期保安室对面,117.314969,31.80381
15299,都市联华生活超市(隆岗店),supermarket,060703|060400,城东街道城东街道合裕路隆岗新村3号楼对面,117.322401,31.848273
15300,天润发大型超市(聚福家园店),supermarket,060400,聚福家园,117.342168,31.840972
15301,怡家华联超市(安鲜市集店),supermarket,060400,大强路睦邻中心一层002号,117.314949,31.80497
15302,红尚超市(新里海顿公馆东区店),supermarket,060400,海顿公馆四期1号楼,117.310313,31.830868
15303,百润发生活超市(南淝河路店),supermarket,060400,王大郢新村A区西南1门东70米,117.316232,31.838325
15304,好又多精品生活超市坪塘王路,supermarket,060400,黄平路6号,117.329117,31.822469
15305,金佰烟酒超市中国福利彩票(和昌·都汇华府店),supermarket,060400,皖江支路和昌都汇华府19栋110室,117.309924,31.822345
15306,喜惠来超市(珠光南苑东区店),supermarket,060400|060200,淝河镇当涂支路珠光南苑东区门面,117.30657,31.820942
15307,全家福生活超市(力高·柏林春天店),supermarket,060400,马鞍山南路399号柏林春天18幢104,117.301187,31.826654
15308,恒威烟酒茶,supermarket,060200|060400,当涂支路与南淝河支路交叉路口碧湖云溪2期104商铺,117.314718,31.832056
15309,联阚超市(新都会联邦花园店),supermarket,060400,新都会联邦花园南门旁,117.303492,31.839933
15310,广丰便利超市(包河花园C区店),supermarket,060200|060400,包河花园C区北门旁,117.33601,31.800821
15311,好乐购超市(当涂支路店),supermarket,060400|060200,当涂支路,117.314065,31.831945
15312,快赣超市(珠光花园2期店),supermarket,060400,珠光花园北门旁(朱岗地铁站B口步行490米),117.303341,31.828204
15313,永爱烟酒超市(美生·滨江花月店),supermarket,061210|060400|060200,包河大道368号滨江花月小区秀水苑1幢商业104,117.310925,31.803152
15314,永福超市(金地国际城店),supermarket,060400,马鞍山路与九华山路交叉口金地国际城,117.302262,31.837753
15315,昭辉便利店,supermarket,060400|060200,包河大道滨江花月二期内街商108-109号,117.314653,31.803867
15316,佳曦乐超市(临环苑店),supermarket,060400,牯牛降路临环苑2幢商101-102,117.310081,31.80551
15317,乐鲜生鲜超市(包河店),supermarket,060400,太湖东路111号(朱岗地铁站F口步行240米),117.306568,31.831823
15318,利豆超市(淝河·安百苑店),supermarket,060400,淝河·安百苑A区东门南350米,117.321081,31.815289
15319,欢乐购超市(龙川路店),supermarket,060400,仁和家园10-1(葛大店南地铁站B口步行140米),117.315232,31.808568
15320,华家金超市(文昌新村A区店),supermarket,060400,文昌家园2栋,117.310228,31.8412
15321,阳光超市(阳光上南店),supermarket,060400|060200,阳光上南·嘉园西南门旁,117.314089,31.83947
15322,鑫禹泽烟酒茶行超市,supermarket,060400,三期A区21栋116号,117.318881,31.823541
15323,庐荣仁和超市,supermarket,060200|060400,淝河镇葛大店仁和家园,117.314543,31.808018
15324,春谷生活超市(文昌雅居店),supermarket,060400|060200,周谷堆淝河路文昌雅居2幢,117.311525,31.841225
15325,百润万家超市(五里庙店),supermarket,060400,巢湖南路五里庙农贸市场旁,117.323781,31.839181
15326,鸣鸣百货超市,supermarket,060400,城东街道合裕路螺岗小学前一百米,117.330508,31.849185
15327,品德诚信超市,supermarket,060400,枞阳路兴业商住楼,117.346159,31.846427
15328,嘉尔惠生活超市(当涂路店),supermarket,060400,碧湖云溪二期缘尚东北门旁,117.315594,31.831963
15329,旺和酒水超市,supermarket,060200|060400,葛大店花园路仁和家园农家超(葛大店南地铁站B口旁),117.314676,31.808853
15330,惠加友超市(地矿家园店),supermarket,060400,地矿家园西南门西100米,117.305654,31.823994
15331,睿和超市(力高·柏林春天店),supermarket,060400,马鞍山路399号柏林春天13幢101门面,117.30075,31.826764
15332,乡约超市(绿洲花园店),supermarket,060400,绿洲花园旁边巢湖南路189号,117.309994,31.848049
15333,易家生活网上超市,supermarket,060400,南淝河路与周谷堆路交叉口南20米,117.308464,31.84237
15334,麦凯汇生鲜超市(青通河路店),supermarket,060400,青通河路京华家居城A8号,117.325068,31.831439
15335,福乐源超市(淝河大厦店),supermarket,060400,淝河镇淝河大厦,117.328855,31.82926
15336,福锦来超市(金隅大成郡西苑店),supermarket,060400,金隅大成郡西苑南门旁(尧渡河路地铁站F口步行480米),117.321864,31.829275
15337,庐小青生鲜超市(淝河佳苑店),supermarket,060703|060400,淝河路与当涂路交叉口向南500米,117.316726,31.829683
15338,永佳超市(李城路店),supermarket,060400,淝河镇巢湖南路与新港路交口铝材城对面,117.342926,31.82843
15339,兴福兴超市(元一·柏庄店),supermarket,060200|060400,巢湖南路88号元一·柏庄,117.315271,31.843726
15340,金中百货超市(一尔悦城店),supermarket,060400,滨河路一尔悦城C3幢,117.339466,31.841434
15341,鸿发百货超市(安徽五金商贸城店),supermarket,060400,大兴镇新周谷堆水果市场内,117.322819,31.825628
15342,璟语畅商贸,supermarket,060400,巢湖南路87号,117.319831,31.843268
15343,世纪华联超市(万振逍遥苑店),supermarket,060400,万振逍遥苑4期,117.308825,31.833275
15344,大刘超市(元一·柏庄店),supermarket,060400,铜陵路元一柏庄18栋101室,117.31669,31.840954
15345,合肥市包河区森川超市,supermarket,060200|060400,歙县路与唐模路交叉口东80米,117.321925,31.816825
15346,合肥盛驿家生活超市(幸福雅苑A区店),supermarket,060400,幸福雅苑东1门旁,117.313631,31.814818
15347,伍年mini生鲜便利店(南淝河路店),supermarket,060400,尧渡河路华中汽配大市场,117.331854,31.825855
15348,沃联盟锐凯甄选超市,supermarket,060400,铜陵南路199号蓝鼎·星河府,117.314076,31.843679
15349,裕峰生活超市(文昌雅居店),supermarket,060400,淝河路文昌雅居7栋一楼,117.311336,31.84221
15350,棒多棒日用百货超市(万振逍遥苑店),supermarket,060400,万振逍遥苑4期,117.308989,31.833667
15351,天泓超市(文昌雅居店),supermarket,060400,骆岗街道铜陵路与淝河路交口文昌雅居10栋,117.312432,31.842182
15352,老粮站连锁超市(包河店),supermarket,060400,置地·同和民康丹桂园,117.319062,31.803286
15353,红松超市(包河花园C区店),supermarket,060400,包河花园C区北门西100米,117.335282,31.800716
15354,康园生活超市(文昌雅居店),supermarket,060400,周谷堆淝河路文昌雅居,117.311425,31.841262
15355,好又多超市,supermarket,060400,望湖中路与包河大道辅路交叉口西180米,117.302725,31.811175
15356,好又多生活超市,supermarket,060400,天井湖路与幸福路交叉口西40米,117.348075,31.842775
15357,好又多超市(新中泰国际大厦店),supermarket,060400,新中泰大厦,117.308243,31.806916
15358,e岸超市(安工院店),supermarket,060400,巢湖南路1号安徽工业经济职业技术学院院内,117.330484,31.820009
15359,贝店·鲜惠多·生鲜省钱超市,supermarket,060400,枞阳路与团结路交叉口西南60米,117.34615,31.846992
15360,防盗门超市,supermarket,060400,桥集路与裕溪路辅路交叉口南180米,117.335536,31.846366
15361,蚂蚁嘉吉超市(包河店),supermarket,060400,望湖街道启扉篮球(安百苑店),117.317675,31.818625
15362,每日U选生活超市,supermarket,060400,南一环与巢湖南路交口东南角150米从北向南89号,117.308111,31.849495
15363,世纪华联超市(安徽工业经济职业技术学院东区店),supermarket,060400,尚新路与映山路交叉口南180米,117.331075,31.816654
15364,军誉生活超市(元一·柏庄店),supermarket,060400,巢湖南路88号元一·柏庄,117.315316,31.841621
15365,永恒超市(太湖路店),supermarket,060200|060400,万振逍遥苑南门旁(朱岗地铁站F口步行250米),117.304776,31.832327
15366,许露晨烟酒商店,supermarket,061210|060400,华中汽配城A8-20,117.332474,31.826058
15367,振强烟酒商贸,supermarket,061210|060400,屯溪路风和园30幢第一间门面,117.302015,31.848655
15368,包河世纪华联优鲜(太平湖路店),supermarket,060400,太平湖路与历口路交叉口西60米,117.326429,31.80624
15369,樊文花面部护理(马鞍山南路绿地赢海店),supermarket,060400,同安街道合家福马鞍山路购物中心店太湖路一侧36号商铺,117.302875,31.832425
15370,屈臣氏(加侨国际广场店)(暂停营业),supermarket,060411,马鞍山路交口加侨国际广场负一层,117.301525,31.815475
15371,比比客中式快餐(金中环广场店),supermarket,060200|060400,望湖街道望江路和万岗路交叉口金中环广场120商铺,117.304525,31.827975
15372,盒马鲜生(宝业东城广场店),supermarket,060400,长江东路504号宝业奥莱B1层(东七里地铁站F口旁),117.336993,31.869512
15373,盒马鲜生(合肥坝上吾悦广场店),supermarket,060400,芜湖路合肥坝上吾悦广场2层,117.307452,31.860476
15374,永辉超市(宝文店),supermarket,060400,站西路1号(鸭林冲地铁站A口步行301米),117.309365,31.886036
15375,合家福超市(临泉东路店),supermarket,060400,临泉东路3368号香格里拉花园旁合家福超市,117.333476,31.877157
15376,盒马鲜生(瑶海天地店),supermarket,060400,瑶海天地BYMALL(东七里地铁站D口步行90米),117.336815,31.866681
15377,永辉超市(合肥市包河万达店),supermarket,060400,马鞍山路130号万达广场B1层,117.303093,31.85671
15378,永辉超市(瑶海万达店),supermarket,060400,临泉东路与和县路交口万达广场B1层,117.349114,31.877414
15379,悦活里超市(家天下店),supermarket,060400,家天下生活广场B1层,117.326547,31.895419
15380,来优品省钱超市(武里山天街店),supermarket,060400|061200,武里山路286号武里山天街商业中心1栋商150、151、152,117.32034,31.899216
15381,合家福超市(合肥瑶海西路店),supermarket,060400,中兴西湖花园东北2门旁,117.322061,31.889503
15382,合家福连锁超市(全椒路店),supermarket,060400,东一环路32号,117.313148,31.860989
15383,合家福(昆山兰蔻金鹰国际购物中心店),supermarket,060400,和平路260号靠近四星大厦,117.316743,31.856396
15384,好特卖HotMaxx(宝业奥莱店),supermarket,060400,长江东路504号宝业奥莱1F层,117.336899,31.869483
15385,北京华联和平路购物中心,supermarket,060404,和平路118号(唐桥地铁站D口步行360米),117.331417,31.855425
15386,庐州生活超市,supermarket,060400|060200,长江东路658号,117.323647,31.868769
15387,合肥合家福(来安花园店),supermarket,060400,来安花园东南门西南130米,117.318353,31.859653
15388,满家生鲜(三里街店),supermarket,060703|060400,东苑新村西北1门旁(三里街地铁站D口步行420米),117.312694,31.869613
15389,好市发超市(凤阳东路店),supermarket,060400|060200,全椒路与凤阳东路交叉口,117.315183,31.873055
15390,邻几便利店(温莎国际广场店),supermarket,060200|060400,长淮街道胜利路196号温莎国际广场一层,117.309675,31.874828
15391,好又多超市(信地·城市广场店),supermarket,060400,信地藏龙阁,117.319293,31.874571
15392,爱心缘生活超市(宝业·城市绿苑店),supermarket,060200|060400,裕溪路与南陵路交叉口西北100米,117.324624,31.850189
15393,可乐生活超市(滁州路店),supermarket,060400,胜利路粮食局宿舍西南(滁州路)280号,117.303429,31.866538
15394,好朋友超市(淮北新村店),supermarket,060200|060400,琅琊山路8号(三里街地铁站D口步行120米),117.312347,31.867745
15395,日之惠超市(铜陵路店),supermarket,060400,铜陵路街道铜陵路340号纺控商住楼,117.323505,31.866072
15396,福安生活超市(铁山路店),supermarket,060400,梦和苑2期东区西门旁,117.335901,31.860534
15397,好市发超市(方桥店),supermarket,060400,新海大道与当涂北路交叉口晨阳世纪城3栋B1层,117.33931,31.896135
15398,谊品生鲜(森海豪庭店),supermarket,060703|060400,临泉路森海豪庭5幢103-104,117.338343,31.876547
15399,来优品省钱超市(恒大广场店),supermarket,060400,明光路518号,117.300153,31.876155
15400,天客来超市(圣大国际商贸中心店),supermarket,060400|060200,长江东路1137号圣大国际商贸中心F1层,117.303928,31.863294
15401,好家美生活超市,supermarket,060400|060200,,117.332527,31.862546
15402,生鲜壹号水果超市(万豪花园店),supermarket,060703|060400,长淮街道临泉路万豪花园6B幢313室,117.314518,31.878138
15403,海客华联超市(铁静苑店),supermarket,060400,新蚌埠路与北二环路交口铁静苑东门4号门面,117.310124,31.8946
15404,世纪华联超市(橘郡万绿园店),supermarket,060400,临泉路橘郡·万绿园C1-1214号,117.326992,31.876252
15405,迪购超市(恒大广场店),supermarket,060400,恒大中央广场大都会41栋负一楼B120,117.305114,31.871764
15406,千依悦生活超市(铁静苑店),supermarket,060400,北二环路铁静苑A区20幢1号,117.306967,31.894216
15407,年年好超市(新蚌埠路店),supermarket,060400,滨河路银马公寓2栋商204室,117.30109,31.885489
15408,美佳乐精品生活超市(扶疏路店),supermarket,060400,武里山路与家天下生活广场翡翠2街交叉口东120米,117.320157,31.896286
15409,开轩生活超市(临泉路店),supermarket,060400,临泉路胜利农贸市场1栋29号,117.302887,31.884616
15410,惠佳超市(瑶海店),supermarket,060400,晨阳世纪城5幢102号(新海公园地铁站C口步行90米),117.340817,31.896319
15411,便民生活超市,supermarket,060400|060200,建设小区(大东门地铁站C口步行390米),117.303498,31.866257
15412,中星城超市(时代花园店),supermarket,060400|060200,元一时代花园西南门旁(长淮地铁站D口步行90米),117.308148,31.876675
15413,惠家生活超市,supermarket,060400,张洼路118号新恒生大厦F1层,117.308678,31.889568
15414,吉买生活超市(全椒路店),supermarket,060400,全椒路玫瑰苑2期6栋103,117.315376,31.874414
15415,福家家超市(五洲商城B区2栋店),supermarket,060400,站前路新火车站五洲商城B区2幢,117.311835,31.883324
15416,鑫联生活超市(金兴苑店),supermarket,060400|060200,金兴苑(广场东路与蚌珍路交叉口),117.317502,31.883162
15417,银都苑超市,supermarket,060400,淮南路地铁站B1口步行380米,117.300023,31.88702
15418,庐小青生鲜超市(敬亭山路店),supermarket,060400,敬亭山路与鼓乡路向北200米,117.314487,31.876391
15419,多多便利超市,supermarket,060400,中翔·新东城公寓北门旁,117.324726,31.867275
15420,金客来烟酒超市(中州世纪广场B座店),supermarket,061210|060400|060200,北一环路与胜利路交口西北侧中星城2号楼西北方向30米,117.306189,31.878647
15421,谊品生鲜生活超市(凤阳东路店),supermarket,060703|060400|060200,凤阳东路,117.334088,31.871531
15422,大通路农家超市,supermarket,060703|060400,大通路32号,117.317302,31.859398
15423,百优邻家超市(福满华庭店),supermarket,060400,福满华庭东北门旁,117.342999,31.858785
15424,AA百货超市(家天下店),supermarket,060400,铜陵北路与白居易路交叉口东南角香江生态丽景商业37幢101门面,117.328695,31.897206
15425,百家智超市(姚大塘新村店),supermarket,060400,三里街街道临淮路3号楼109室,117.314712,31.870076
15426,晶品冠生活超市,supermarket,060400,华贝小区西门旁,117.344197,31.872285
15427,张坤生鲜超市(福满华庭店),supermarket,060400,福满华庭东北门旁,117.34312,31.858725
15428,喜邻汇生活超市(宝业东城店),supermarket,060400,东七里地铁站A口步行390米,117.33913,31.872367
15429,世纪华联优鲜超市(新海家园新合作邻里中心新安江路店),supermarket,060400,新合作邻里中心新海西苑店西北门南70米,117.348375,31.864775
15430,福祥超市(福海新居店),supermarket,060400|060200,福海新居c栋(东七里地铁站C口步行320米),117.338692,31.865577
15431,诚价超市(新海尚宸家园店),supermarket,060200|060400,新海尚宸家园7栋103门面,117.342953,31.898955
15432,顺发超市(梦和雅居店),supermarket,060400|060200,梦和雅居一期南门旁,117.332809,31.86004
15433,沃森超市(和昌店),supermarket,060400,和昌香樟原著北门旁,117.310862,31.899488
15434,百乐超市(太极路店),supermarket,060200|060400,巴黎春天爱丽舍西门南50米,117.335966,31.888922
15435,乐汇优品(同济苹果嘉园店),supermarket,060400|060200,同济苹果嘉园南门旁,117.348051,31.876406
15436,恩群百货超市(民建大院店),supermarket,060603|060400,乐水路与和县路交口,117.349679,31.856409
15437,保刚百货超市,supermarket,060400|060200,兰亭园东门旁,117.301116,31.879762
15438,语之博烟酒超市,supermarket,061210|060400,梦和雅居二期北门旁,117.333296,31.859511
15439,月诺星生活超市(凤阳东路店),supermarket,060400,明珠小区南门旁,117.325574,31.872132
15440,汤舒超市,supermarket,060400,临泉路红星村3幢103,117.310825,31.880867
15441,联众超市,supermarket,060400|060200,橘郡万绿园h5b幢102室,117.329181,31.872348
15442,惠久超市(快达小康苑店),supermarket,060400|060200,三十头镇长江东路524号1号商住楼,117.335437,31.868008
15443,客隆超市(站前东路店),supermarket,060400,站前东路东升花园大门口s1-101,117.345367,31.878449
15444,正元生活超市(凤阳东路店),supermarket,060400,凤阳东路18号,117.334353,31.872237
15445,旺升玉见烟酒超市(保利熙悦府店),supermarket,060400,大通路街道裕溪路1155号,117.316947,31.85219
15446,家乐多超市(宝业·城市绿苑北区店),supermarket,060400,大通路街道创业一条街75号,117.321976,31.853607
15447,千家惠超市(信达·格兰云天店),supermarket,060400|060200,信达·格兰云天二期北门旁,117.339725,31.892895
15448,惠尔乐超市(铜凤大厦店),supermarket,060200|060400,铜陵北路10号铜凤大厦F1层,117.323675,31.872425
15449,芙蓉兴盛便利超市(中翔·盛景名苑店),supermarket,060400|060200,城东街道裕溪路中翔盛景名苑122号,117.314494,31.851542
15450,可乐生活超市(荣成雅居苑店),supermarket,060400,大通路街道大通路89号荣成雅居苑,117.31295,31.859948
15451,云胜百货超市,supermarket,060400,和平路380号,117.317757,31.856174
15452,乡佐霞超市,supermarket,060400|060200,长淮街道站前路中铁快运对面,117.318595,31.883656
15453,好朋友光大店(光大国际广场店),supermarket,060200|060400,胜利路1号世贸商城1层,117.313451,31.882173
15454,鲜乐美超市(碧水雅居店),supermarket,060400,碧水雅居东南门南50米,117.336067,31.896155
15455,新百货超市,supermarket,060400,惠园西南门东南50米,117.305375,31.883954
15456,阳光汇景超市,supermarket,060400,新站区铜陵北路阳光汇景花园22,117.327127,31.897513
15457,鲜品荟生活超市,supermarket,060400,明光路327号锦绣豪庭(明光路地铁站D口步行430米),117.300722,31.872195
15458,百货超市,supermarket,060200|060400,明光路裕园新村1栋(明光路地铁站A口步行380米),117.305625,31.866575
15459,可乐生活超市(人才苑店),supermarket,060200|060400,花冲人才苑东南门北130米,117.332747,31.873787
15460,绿满园惠民农业超市(汪塘小区南区店),supermarket,060703|060400,定远路8号城市之家酒店旁边,117.331876,31.875374
15461,国枫园连锁超市(站塘路店),supermarket,060400,方庙街道凤阳东路与站塘路交口景辉家园5号楼,117.343956,31.871114
15462,惠品家超市(长淮店),supermarket,060400,琅琊山路长淮社居委1层,117.305037,31.875474
15463,联静超市,supermarket,060400|060200,群力新村西北门旁(三里街地铁站C口步行410米),117.309416,31.866059
15464,携手生活超市(巴黎春天店),supermarket,060400|060200,康城青少年宫西门南90米,117.335904,31.888076
15465,优一佳生活超市(香江生态丽景C区店),supermarket,060400,铜陵北路与白居易交口香江生态丽景C区62幢,117.329802,31.897319
15466,合瑞元超市(巴黎春天爱丽舍店),supermarket,060400,瑶海工业园区巴黎春天三期2栋3单元,117.336726,31.888815
15467,爱上街超市(光大国际广场店),supermarket,060400,胜利路街道光大国际A层,117.312922,31.882585
15468,亚亚超市(肥东路),supermarket,060400|060200,纺织二村西3门旁,117.326287,31.853471
15469,和友源超市(车站店),supermarket,060400|060200,站前路浙江商贸城E幢,117.319739,31.882985
15470,景和酒水 烟火连锁,supermarket,060200|060400,东二环路673号,117.338103,31.859342
15471,喜士多生活超市(蓝岸雅居店),supermarket,060400,蓝岸雅居西南门旁,117.310511,31.856978
15472,乐优选超市(长春都市花园店),supermarket,060400,长春都市花园东南2门旁,117.305405,31.88234
15473,泓诚超市,supermarket,060400,安徽大市场南2门旁,117.326051,31.876789
15474,乐颜超市(宝文花园店),supermarket,060400|060200,老崔酸菜鱼东南门旁,117.310212,31.884822
15475,家家旺超市(新亚店),supermarket,060400|060200,澳澜宝邸A东北门西北90米,117.304794,31.879312
15476,好朋友银领(时代小区店),supermarket,060200|060400,北二环和东二环银领时代花园15号108,117.344583,31.884546
15477,徽奥仟品超市(景荣花园店),supermarket,060400,景荣花园东南门东北60米,117.319922,31.880042
15478,诚信生鲜超市,supermarket,060400,采石路与明皇路交口向北100米,117.346904,31.878986
15479,凤志烟酒店(金盛家园店),supermarket,061210|060400|060200,金盛家园东门旁,117.344299,31.873831
15480,德信烟酒茶行,supermarket,060400,宝文国际装饰广场南1门东北250米,117.308761,31.886662
15481,幸福生活广场,supermarket,060400,巴黎春天爱丽舍西门旁,117.335933,31.889008
15482,喜客隆超市(张洼店),supermarket,060400,东明新村西南门旁(鸭林冲地铁站C2口步行460米),117.303531,31.88934
15483,庐铺生活超市,supermarket,060400,龙湖·上城北区南门东南70米,117.3247,31.884702
15484,王家超市(万货店),supermarket,060400,合肥市第三十八中学南陵路分校西门旁,117.325939,31.866511
15485,桦联生活超市(东方摩域艺术商业广场店),supermarket,060400,当涂路202号东方摩域艺术商业广场F1层,117.338368,31.86002
15486,国枫园连锁超市(林语人家店),supermarket,060400|060200,铜陵北路与东二环交口向东300米林语人家东门口,117.348943,31.886435
15487,高春生鲜超市,supermarket,060703|060400,汪塘路与定远路交叉口东80米,117.331699,31.875568
15488,品增优选超市(君柳河畔店),supermarket,060400,屯溪路65号君柳河畔小区3幢商102,117.30892,31.850766
15489,家天下社区团购店,supermarket,060400,扶疏路家天下三期南门西20米,117.320844,31.896057
15490,鑫客莱24小时精品生活超市,supermarket,060400,澳澜宝邸A东北门旁(长淮地铁站C2口步行450米),117.305248,31.878856
15491,喜众购超市(家天下店),supermarket,060200|060400,龙门岭路1034号安粮·双景佳苑8幢,117.324275,31.892875
15492,平价水果超市,supermarket,060704|060400,光大国际广场西南门西50米,117.312784,31.882405
15493,荣华超市(信达·格兰云天店),supermarket,060400|060200,瑶海工业园格兰云天花园一号楼,117.341602,31.890918
15494,乐购达超市,supermarket,060400,和平路安徽华源西区23号,117.327078,31.855503
15495,易品惠生活超市,supermarket,060400,文一墨香轩S1栋105,117.301858,31.889798
15496,家福乐超市(阳光汇景店),supermarket,060400,阳光汇景1-116号,117.326163,31.896068
15497,润宜佳生活超市(淮合花园店),supermarket,060400,淮合花园,117.306529,31.922183
15498,京商商贸城G区润万家超市,supermarket,060400,G1-1B139号,117.346015,31.930986
15499,润宜佳购物中心(兴海苑店),supermarket,060400,萧城萧城路与新海大道与新海大道,117.308194,31.905502
15500,满天星超市(兴海店),supermarket,060400,萧城路309号-3楼,117.305971,31.901159
15501,润万家超市H区店,supermarket,060400,京商商贸城H区-51B112号润万家生活超市,117.341231,31.929081
15502,华联超市(陶冲湖店),supermarket,060400,陶冲湖城市广场南门旁,117.342413,31.935897
15503,华联超市(长虹世纪荣廷店),supermarket,060400,皇藏峪路与月华路交口西北角,117.340131,31.905574
15504,联华生鲜超市(淮海大道店),supermarket,060400,淮海大道京商商贸城G区,117.345194,31.93251
15505,京兴烟酒超市,supermarket,061210|060400,京商商贸城J-6-4-114号,117.347339,31.931063
15506,大毛连锁超市宝湾八店,supermarket,060400,九顶山路与奎河路交口新站宝湾物流园区西北角,117.305139,31.936842
15507,合家悦邻里超市(皇藏峪路店),supermarket,060400,安徽恩达建筑工程有限公司停车场后面正西方向130米,117.33841,31.900714
15508,润万家省钱超市(北岗花园店),supermarket,060400,三十头镇铜陵北路与淮海大道交口东北角合肥弘盛商业广场,117.349078,31.934199
15509,品诺生活超市(世纪荣廷店),supermarket,060400,合肥市瑶海区工业园皇藏峪路长虹世纪荣廷南门,117.338876,31.906451
15510,桔多连锁超市(京商商贸城店),supermarket,060400,铜陵北路与泗水路交叉口东北260米,117.344224,31.92298
15511,第三家超市二店,supermarket,060400,新站区三十头镇翠柏路京商商贸城E区十街BU栋101室,117.338793,31.928868
15512,惠天下生活超市(京商国际商贸城E区日用百货店),supermarket,060400,新站京商商贸城E区十街BU栋,117.338046,31.929156
15513,世纪华联超市,supermarket,060400,淮海大道1120号,117.340707,31.933919
15514,益家生活超市(兴海苑三期店),supermarket,060400,萧城路兴海苑三期104门面,117.308772,31.90884
15515,旺佳福超市(杨岗店),supermarket,060400,淮海路与新蚌埠北路成功商务酒店旁,117.327246,31.943829
15516,好又多生鲜超市(京商店),supermarket,060400,京商商贸城E区六街CP栋106,117.34008,31.929728
15517,酒智慧超市(京商商贸城店),supermarket,061210|060400,新站区淮海大道1188号京商商贸城D区D2-1-11幢商铺101室,117.34128,31.933923
15518,金海烟酒超市(金海花园店),supermarket,060400,新蚌埠路金海花园小区B栋,117.312961,31.904835
15519,AA百货超市(京商店),supermarket,060400,京商商贸城J区十二街PL栋215室,117.348488,31.928033
15520,静然生鲜超市(瑶海佳苑菜市场店),supermarket,060703|060400,符离路与扶疏路交叉口东北220米,117.317116,31.900001
15521,百乐生活超市(大富新领地店),supermarket,060400,大富新领地东南2门旁,117.302469,31.924271
15522,陶胡生活超市,supermarket,060400,国购·京商商贸城南1门东南190米,117.348274,31.924832
15523,家家乐超市(兴海苑店),supermarket,060400|060200,兴海苑一期南门旁,117.303395,31.90172
15524,勤之园百货生活超市(京商国际商贸城D区店),supermarket,060400,淮海大道京商国际商贸城D区,117.340359,31.93404
15525,亿家乐超市(京商商贸城店),supermarket,060400,京商商贸城G区GE栋118,117.344832,31.931932
15526,合家鲟邻里超市(淮合花园店),supermarket,060400,沱河西路淮合花园菜市场二楼,117.307575,31.922125
15527,优品超市(陶冲湖店),supermarket,060400,三十头镇淮海大道陶冲湖城市广场S7幢,117.340601,31.936327
15528,润万家省钱超市,supermarket,060400,新店花园南区北门西北90米,117.323575,31.936675
15529,优鲜迈生活超市(瑶海店),supermarket,060400,张洼新村兴华苑B区,117.320325,31.905125
15530,好又多生活超市(淮肥佳苑店),supermarket,060400,淮肥佳苑兴华苑D区南区东门旁,117.317169,31.903868
15531,福徽超市(合肥市店),supermarket,060400,瑶海佳苑兴华苑C区北区西门南140米,117.316551,31.900609
15532,润万家超市(京商K区店),supermarket,060400,京商商贸城K区K-2-21商113,117.349079,31.924494
15533,优一佳生活超市(华润熙云府东区店),supermarket,060400,万罗山路华润熙云府-东区,117.304169,31.922553
15534,K区惠优买生活超市,supermarket,060400,翠柏路与卧龙湖路交叉口西240米,117.347285,31.924934
15535,物润美生活超市,supermarket,060400,符离路与扶疏路交叉口东北180米,117.316335,31.900025
15536,万家亿佰生活超市,supermarket,060400,皇藏峪路与珍珠路交叉口南200米,117.338375,31.900675
15537,上海中联超市(绿地香树花城店),supermarket,060400,绿地香树花城北门旁,117.327448,31.935456
15538,桔多超市京商D区,supermarket,060400,翠柏路27号京商商贸城,117.340025,31.934625
15539,合福超市(怀远路店),supermarket,060400,怀远路陶冲湖别院西北侧约270米,117.327478,31.945035
15540,悦润多生活超市(萧城路店),supermarket,060400,萧城路与扶蔬路路口,117.306122,31.901343
15541,园园生鲜超市(京商商贸城F区店),supermarket,060400,京商商贸城f区七街ih栋129,117.33766,31.926717
15542,华联优选超市(新站店),supermarket,060400,京商商贸城D区AA栋,117.339032,31.934341
15543,快易百货超市,supermarket,060400,铜陵北路京商商贸城J区,117.348557,31.929152
15544,张祖权超市(长虹世纪荣廷店),supermarket,060400,长虹世纪荣廷西北门旁,117.337193,31.9073
15545,惠选优品生鲜超市,supermarket,060400,月华路与皇藏峪路交叉口西北280米,117.337725,31.906625
15546,亿佰佳百货超市(光盛豪庭店),supermarket,060400,光盛豪庭东南门旁(十里村地铁站C口步行420米),117.344538,31.901642
15547,华联超市阅湖登科店,supermarket,060400,通淮南路777号,117.339488,31.936822
15548,福缘绿色生活超市(京商商贸城店),supermarket,060400,京商商贸城i区MA栋111号,117.342423,31.927149
15549,创全日用百货(馥邦广场店),supermarket,060400,铜陵北路与物流大道交口馥邦广场三号楼164,117.328567,31.901676
15550,上海中联超市(当涂北路店),supermarket,060400|060200,光盛豪庭1号商101号(十里村地铁站C口步行400米),117.344578,31.901674
15551,谊品惠超市,supermarket,060400,泗水路与卧龙湖路交叉口西北240米,117.345016,31.920417
15552,谢吴氏冷饮批发超市(张洼新村兴华苑B区店),supermarket,060400,张洼新村11栋103室,117.319202,31.904584
15553,爱家生活超市(金辉·悦府店),supermarket,060400,金辉悦府广场14幢137号,117.323934,31.919459
15554,烟酒百货超市,supermarket,061210|060400,怀远路与唐河路交叉口南200米,117.326778,31.945004
15555,好多购生活超市(大富新领地店),supermarket,060400,淮南路与九顶山路交口东南角大富新领地S6幢111室,117.303244,31.926041
15556,好又多连锁超市(龙子湖路店),supermarket,060400,龙子湖路平板显示基地公租房配套商业用房19号楼2楼201室,117.343114,31.943463
15557,自家生鲜超市,supermarket,060703|060400,金辉悦府(张洼地铁站D口步行320米),117.323821,31.919354
15558,小雷家生活超市(光盛豪庭店),supermarket,060400,光盛豪庭东北门旁(十里村地铁站3号口步行310米),117.344958,31.902533
15559,喜惠多超市(新海大道店),supermarket,060400,武里山路以东物流大道以北兴华农副产品批发市场102-1商铺,117.321602,31.902005
15560,诗美嘉超市,supermarket,060400|060200,鸿泰铝业东门旁,117.326496,31.947368
15561,惠优全24小时精选超市(新站店),supermarket,060400,淮海大道188号京商商贸城G区,117.344954,31.931829
15562,满佳喜超市(淮海大道店),supermarket,060400,京商国际商贸城J区,117.348707,31.931034
15563,惠优买生活超市,supermarket,060400|060200,京商商贸城k区14街sn117,117.344557,31.92245
15564,润万家生活超市,supermarket,060400,京商商贸城k-5-1b号楼112号,117.343813,31.923148
15565,宾宇烟酒百货超市(京商国际商贸城I区店),supermarket,060400,翠柏路与铜陵北路交叉口西180米,117.343093,31.927008
15566,世纪华联超市(新蚌埠路店),supermarket,060400,新店花园北区南门东南110米,117.325241,31.93601
15567,嘉乐福生鲜超市,supermarket,060400|060703,张洼新村兴华苑B区14号楼,117.318425,31.905675
15568,上两步生活超市,supermarket,060400,京商国际商贸城J区,117.349086,31.929281
15569,百之惠超市,supermarket,060400,怀远路2号新店东苑2栋,117.320018,31.938692
15570,美滋美抖街生鲜超市,supermarket,060400,张洼新村兴华苑B区,117.320336,31.90528
15571,CP110E家超市,supermarket,060400|060200,京商国际商贸城E区日用百货,117.338825,31.931375
15572,鑫顺超市,supermarket,060400,新店花园北区,117.324607,31.938966
15573,世纪华联超市,supermarket,060400,淮海大道188号京商商贸城G区,117.34354,31.933124
15574,公里购·精品超市,supermarket,060400,京商国际商贸城J区,117.348475,31.928075
15575,小柴购超市,supermarket,060200|060400,京商国际商贸城J区,117.348775,31.930975
15576,百大·合家悦菜市场(淮合花园店),supermarket,060400,淮合花园东北门东北60米,117.307404,31.92221
15577,东方烟酒(扶疏路店),supermarket,061210|060400,兴海苑一期南门旁,117.30374,31.901606
15578,中环蔬果,supermarket,060400,京商国际商贸城H区(陶冲湖东地铁站D口步行480米),117.341922,31.928266
15579,谊品生鲜禹州中央城店(暂停营业),supermarket,060703|060400,新站区物流大道南新蚌埠路西花香美地23a栋商,117.310919,31.901794
15580,好又多超市(三十头店),supermarket,060400,怀远路与梅冲湖路交叉口东北280米,117.335564,31.989407
15581,龙舒生活超市,supermarket,060400,九顶山路与芡湖路交叉口南100米,117.317668,31.983889
15582,华联精品生鲜超市(东元家园店),supermarket,060400,怀远路27号,117.331492,31.97636
15583,旺福生活超市(怀远路店),supermarket,060400,怀远路与三十头街交叉口东北80米,117.33237,31.987289
15584,乐果生活烟火超市,supermarket,060704|060400,东元家园3期西门旁,117.332733,31.977439
15585,瑞庭便利百货超市(鹤翔园·瑞庭店),supermarket,060400,三十头社区鹤翔园二期瑞庭3栋101,117.314234,31.990067
15586,奥莱华联(瑶海店),supermarket,060400,榴花路与芡和路交叉口东元家园三期102号商铺,117.33295,31.978047
15587,瑞禾超市,supermarket,060400,三十头社区东元家园三期门面015,117.332515,31.976839
15588,陈姐百货超市(一号店),supermarket,060400,梅冲湖路监管中心东门口附近,117.311312,31.996763
15589,家家惠生鲜超市(贝玉路店),supermarket,060400,三十头鹤翔园绣庭商铺S1-104,117.318675,31.994625
15590,启辰百货,supermarket,060400,魏武路辅路与怀远路交叉口西北40米,117.327882,31.97743
15591,合肥市新站区悦园悦生鲜超市,supermarket,060703|060400,怀远路与东方大道交叉口北140米,117.325475,31.959025
15592,世纪华联超市(凤麟兰庭店),supermarket,060400,凤麟兰庭1期,117.300112,31.951392
15593,锦庭超市,supermarket,060400,九顶山路与梅冲湖路交口西北角鹤翔园韵庭,117.320064,31.99297
15594,合发物美超市,supermarket,060400,新蚌埠路辅路与芡湖路交叉口东200米,117.342899,31.976102
15595,邻宜惠超市(滨湖沁园B区7栋103店),supermarket,060400,滨湖沁园B区7栋103,117.35121,31.744661
15596,尚斌连锁超市,supermarket,060400,滨湖沁园A区南门西50米,117.350555,31.747415
15597,合家福连锁超市(金葡萄家园店),supermarket,060400,泰山路与花园大道交叉口往北200米,117.372217,31.774738
15598,好又多超市(南翔店),supermarket,060400,南翔汽车城商办9号公寓楼103户,117.362573,31.786057
15599,惠迎喜生活超市(安凯店),supermarket,060200|060400,长春街安凯小区东(近皇家至尊网吧旁),117.365456,31.799935
15600,南翔E家超市,supermarket,060200|060400,繁华大道与重庆路交口南翔智慧新城公寓楼3号楼,117.362253,31.789997
15601,爱客来超市(南翔车都店),supermarket,060400,骆岗街道重庆路与繁华大道交叉口翔汽车智慧新城大层16321号,117.361365,31.786207
15602,依隼百货,supermarket,060200|060400,骆岗街道南翔汽车智慧新城6号公寓楼118门面,117.361703,31.786542
15603,怡家华联超市,supermarket,060400,金葡萄菜市入口旁,117.3722,31.775174
15604,汇汇食品配送超市,supermarket,060400,晓星新邨东北门东60米,117.372073,31.779907
15605,花知俏超市(国开公馆店),supermarket,060400,国开公馆,117.360468,31.7853
15606,世纪华联超市(长春街店),supermarket,060400,长春路和重庆路交叉口向东80米,117.357277,31.797596
15607,天天乐超市,supermarket,060400,淝河镇长春街合肥市第五十六中学西侧,117.357269,31.797807
15608,客来利鼻祖超市,supermarket,060200|060400,大连路与辽宁路交叉口西北180米,117.361936,31.786784
15609,兔喜快递超市(国开公馆店),supermarket,060400,辽宁路国开公馆,117.361592,31.782968
15610,和广生活超市(广和花园店),supermarket,060400|060200,广和花园2幢103,117.364853,31.844983
15611,客徕悦超市(诚发水岸花园店),supermarket,060400|060200,大兴镇城发水岸花园,117.399765,31.833086
15612,茗天好超市(大兴新居D区店),supermarket,060400,大兴镇大兴路大兴新居D4-113,117.376206,31.839106
15613,好又多超市(顺安河路店),supermarket,060400,裕溪路368号,117.370925,31.840225
15614,广亿便利店(弘阳昕悦府店),supermarket,060200|060400,弘阳昕悦府东门北80米,117.379702,31.842715
15615,佳乐家超市(岩潭路店),supermarket,060400|060200,岩潭路与裕溪路辅路交叉口东北160米,117.367575,31.840525
15616,升宇百货超市(大兴新居店),supermarket,060400,大兴新居C区东门北150米,117.376668,31.839378
15617,实汇生活超市(大兴新居C区店),supermarket,060400,大兴新居C区,117.375993,31.838764
15618,丽联优鲜超市,supermarket,060400,裕兴家园南门旁,117.371874,31.842188
15619,杰飞超市(龙祥家园小区店),supermarket,060400,龙祥家园小区西北门南70米,117.398952,31.8411
15620,双道生活批发超市(裕和兴苑店),supermarket,060200|060400,裕和兴苑,117.38597,31.832346
15621,旺隆生活超市,supermarket,060400,大众路与裕溪路交叉口西南80米,117.397667,31.833172
15622,晓光明超市,supermarket,060400,大兴新居A区东北1门东南50米,117.37235,31.84124
15623,兰航超市(龙祥家园小区店),supermarket,060400,龙祥家园小区,117.399361,31.84066
15624,百悦建华连锁超市,supermarket,060400,建华农贸中心东南门旁,117.382683,31.823114
15625,双琪超市,supermarket,060400,郎溪路10号仙居苑东村,117.354869,31.845973
15626,国枫连锁超市,supermarket,060200|060400,广德路与裕溪路交叉口东北160米,117.362975,31.841875
15627,丽丽超市(障山路店),supermarket,060400,金科·海昱东方,117.380039,31.842103
15628,合肥市大山果品专业合作社,supermarket,060400,钟油坊路与和平路交口西北角百大·周谷堆水果交易中心,117.384507,31.840716
15629,联家超市(恒通店),supermarket,060400|070000,长江东路180号恒通商业大厦一楼,117.356745,31.868464
15630,永辉超市(合肥Bravo龙湖瑶海天街店),supermarket,060400,长江东路与王岗路交口(王岗地铁站出入口步行180米),117.390501,31.867455
15631,永辉超市(保利广场店),supermarket,060400,新安江路和郎溪路交汇处合肥保利广场B1,117.359731,31.858442
15632,合家福超市,supermarket,060400,龙岗地铁站D口步行250米,117.375094,31.869558
15633,家合物美生活超市(海洲店),supermarket,060400,临泉路与广德路海洲·景秀世家,117.363853,31.876628
15634,悦邻客超市(龙誉中心店),supermarket,060400,新安江路与大众路交叉口东南角龙城嘉苑9-10号商办楼10-158,117.398832,31.858756
15635,满天星超市(满天星购物中心店),supermarket,060400,满天星购物中心东门旁,117.383642,31.875908
15636,易邻生鲜超市(龙谷华庭店),supermarket,060400,龙谷华庭幼儿园南门东70米,117.37332,31.857237
15637,505超市,supermarket,060400|060200,"龙岗开发区,马岗社区",117.371731,31.866237
15638,一日优鲜生活超市(东华府店),supermarket,060400|060200,门台路与半塔南路交口西南角,117.393231,31.86594
16057,明德小学,school_primary,141203,三岗路,117.11914,31.712243
15639,佰乐佳生活超市(合店路店),supermarket,060400,龙岗综合经济开发区合店路180号瑶海区司法局龙岗司法所附近,117.387233,31.868977
15640,月亮湾百货超市(临泉东路店),supermarket,060400|060200,孙底下恢复楼北侧铁门处,117.355986,31.875478
15641,都市联华超市(通达店),supermarket,060400,通达路富居大厦一楼,117.36934,31.873664
15642,桦联优选超市(皇马嘉街店),supermarket,060400|060200,戚继光路与明皇路交叉口东南80米,117.384611,31.881771
15643,正荣悦玺皖家超市(碧桂园正荣悦玺公馆店),supermarket,060400,碧桂园正荣悦玺公馆北门东南120米,117.391239,31.899342
15644,莲都山超生活超市(文忠路店),supermarket,060400,勤居苑A3(新海大道地铁站B口步行170米),117.359599,31.8887
15645,好又多精品生鲜超市,supermarket,060400,新安支路与通达南路交叉口东40米,117.369653,31.863291
15646,家一福生活超市(保利·罗兰春天店),supermarket,060400,保利·罗兰春天南门东50米,117.396852,31.889855
15647,好又多生活超市,supermarket,060400,新安江路与龙岗路东南角裕存堂花园18号23号,117.377274,31.860405
15648,周和芝超市,supermarket,060400,马岗路与军民巷交叉口南200米,117.374075,31.866234
15649,客来隆超市(吴敬梓路店),supermarket,060400,牡丹园,117.379976,31.880834
15650,金辉生活超市A(半塔南路店),supermarket,060400,金辉优步大道二期西1门旁,117.393852,31.856671
15651,购物佳生活超市,supermarket,060400,文一名门皇马D区东门旁,117.384039,31.883474
15652,金海利烟酒超市(静安新城店),supermarket,061210|060400|060200,新安支路4号,117.371495,31.863893
15653,万客福超市(名门广场店),supermarket,060400,名门广场2号楼112商铺,117.377083,31.859045
15654,红城生活超市(瑶海店),supermarket,060200|060400,明皇路与吴敬梓路交口西北角,117.378774,31.882487
15655,武峰百货超市(海洲·景秀世家3期店),supermarket,060400|060200,海洲景秀世家三期82栋,117.363533,31.879226
15656,新世纪华联生活超市(临泉路店),supermarket,060400,临泉东路与王岗路交口恒大城56幢北侧商业130室,117.393706,31.875807
15657,喜买乐生活超市(保利·东郡祥园14栋店),supermarket,060400,保利东郡14号-101号,117.361432,31.858059
15658,兴盛优选生活超市(龙腾家园店),supermarket,060400,龙腾家园一期10幢104号,117.356366,31.881053
15659,6+1生鲜批发超市(龙腾家园店),supermarket,060400,龙腾家园东南1门东50米,117.355118,31.880832
15660,东城烟酒茶超市,supermarket,061210|060400,大兴镇漕冲物流园25栋,117.354579,31.863978
15661,龙湖世纪华联生活超市(三小郢店),supermarket,060400,临泉东路龙湖花园南门对面,117.384273,31.873619
15662,襄河家园生活超市(襄河家园2期店),supermarket,060400,戚继光路和平小学三小西南侧约220米襄河家园5栋101门店,117.385151,31.865203
15663,世纪华联优鲜省钱超柿,supermarket,060704|060400,安徽省沁园44-47栋商101-106,117.37991,31.871674
15664,客来隆超市(临泉路店),supermarket,060400,圣地雅阁一期北门旁,117.391444,31.874703
15665,好又多超市(柏庄金座店),supermarket,060400,柏庄·春暖花开东门南180米,117.350785,31.868975
15666,邻享购生活超市,supermarket,060400,襄河家园东区,117.386055,31.865909
15667,雨浩超市(恒大城西区店),supermarket,060400|060200,恒大城西区西门旁,117.389275,31.876409
15668,世纪华联生活超市(园上园店),supermarket,060400,园上园北门旁(新海大道地铁站C口步行430米),117.356928,31.887537
15669,好又多超市(灵石路店),supermarket,060400,灵石路11号(窦桥湾地铁站C口旁),117.351958,31.885727
15670,华府平价超市(万达广场店),supermarket,060400,临泉东路277号万达广场瑶海金街1层,117.352375,31.877925
15671,盛世东景超市(东景苑店),supermarket,060400,东景苑,117.380221,31.870767
15672,上海中联超市(静安瑞泰店),supermarket,060400,龙岗路静安瑞泰小区30栋101,117.37313,31.877762
15673,惠乐购超市(戚继光路店),supermarket,060400,文一名门皇马A区西北门北50米,117.384514,31.88099
15674,美邻Go生活超市(月亮湾·亲水嘉园店),supermarket,060400,月亮湾·亲水嘉园南门旁,117.355389,31.875
15675,上林百货超市(临泉东路店),supermarket,060200|060400,创湘·上林雅苑1期南门旁,117.36637,31.875773
15676,聚旺角生活超市,supermarket,060400,包公大道与大众路交口保利罗兰春天东门S3-101,117.397875,31.890675
15677,亮贵烟酒超市(漕冲花园店),supermarket,061210|060400,漕冲花园西南门旁,117.35411,31.861398
15678,海洋生活超市(通达路店),supermarket,060400,龙岗综合经济开发区临泉东路通达路创智家园,117.370516,31.878336
15679,悦客多超市(文一云河湾星辰湾店),supermarket,060200|060400,通达路文一云河湾小区C-23栋101,117.366486,31.883567
15680,轩轩生活超市,supermarket,060400,龙岗综合经济开发区吴敬梓路与站前路交叉口西北角万城华府16栋商104室,117.376656,31.879676
15681,6+1生鲜批发超市(伟华·圣地雅阁店),supermarket,060400,伟华·圣地雅阁一期33栋,117.393384,31.874542
15682,一嘉生活超市(万成华府店),supermarket,060400,万成华府28栋商-12号2楼,117.37639,31.881723
15683,悦嘉鲜生(恒大城东区店),supermarket,060400,半塔北路恒大城,117.393672,31.876401
15684,捌陆捌超市(文一瑞泰中心家园店),supermarket,060400|060200,文一瑞泰中心家园西门北60米,117.369348,31.874808
15685,零食果果生鲜超市(优步大道店),supermarket,060400,金辉优步大道一期105商铺,117.39401,31.858113
15686,上海中联超市(茗阳水岸店),supermarket,060400,嘉应·茗阳水岸B区南门旁,117.38119,31.860368
15687,成谋商城生活超市,supermarket,060400,百味源购物广场,117.374175,31.875775
15688,大梨都生活超市,supermarket,060400,龙岗综合经济开发区圣地雅阁B区2-19幢101号商铺,117.393875,31.873625
15689,嘉祐生鲜超市(新城·桃李郡店),supermarket,060400,新安江路与大众路交叉口向北100米,117.396996,31.862783
15690,百惠生活超市(金光苑小区店),supermarket,060400,龙岗综合经济开发区合肥市长江批发市场西大街31号,117.359526,31.870403
15691,宏强牛奶批发部(海洲·景秀世家店),supermarket,060400,海洲景秀世家一期一栋7号门面,117.364902,31.879208
15692,亲水家园超市(月亮湾·亲水嘉园店),supermarket,060200|060400,方庙街道临泉路月亮湾,117.355251,31.876566
15693,每日鲜生鲜超市(文一云河湾月桂湾店),supermarket,060400,龙岗综合经济开发区通达路与明皇路交口文一云河湾9栋,117.367699,31.882892
15694,乐雪生活超市(新海家园B区店),supermarket,060604|060400,新安江路新海家园B区西门口,117.355397,31.858923
15695,富绅生活超市(琥珀名城·和园店),supermarket,060400,长江东路8号琥珀名城和园小区内8栋,117.374326,31.870506
15696,翊辉烟酒超市,supermarket,061210|060400,王岗路华凌菜市场A007-A008,117.388826,31.878551
15697,君玥集生活超市(学林店),supermarket,060400,浍水路与梦溪路交叉口向南50米,117.385607,31.899109
15698,美时美刻生活超市,supermarket,060400,军民巷与军民路交叉口西南50米,117.371124,31.867625
15699,万家生活线上超市(保利店),supermarket,060400,保利东郡律园11栋商116室,117.358875,31.856775
15700,幸福佳生活超市,supermarket,060400,富旺路与和县路交叉口东220米,117.353484,31.865499
15701,新窝窝生鲜,supermarket,060400,文一云河湾月桂湾9幢,117.367587,31.882876
15702,众客邻精品超市(合肥总店),supermarket,060400,慈湖路与广德路交叉口西120米,117.365175,31.854725
15703,丽联万家生活超市,supermarket,060400,蓝光学林花园东门旁,117.390775,31.897225
15704,圣娟烟酒百货(保利·东郡祥园店),supermarket,060400,保利·东郡17号107,117.360457,31.856397
15705,公里购·精品超市,supermarket,060400,孙底下恢复楼,117.356025,31.875325
15706,众客邻精品超市(云岭路店),supermarket,060200|060400,漕冲小区北区,117.363143,31.856352
15707,融悦四季亿百惠超市,supermarket,060400,长江东路与半塔北路交口东北方向大发长安融悦四季,117.392952,31.869024
15708,丰庆生活超市,supermarket,060400,新安江路166号万科锦上光曜,117.396244,31.853221
15709,金诚易品生活超市,supermarket,060400,明皇路与朱衣路交叉口西南40米,117.385454,31.882136
15710,阿好生鲜超市(兴漕新居店),supermarket,060703|060400,兴漕新居,117.361889,31.86055
15711,零小庆乐尔乐优选超市(瑶海店),supermarket,060400|060200,伟华·圣地雅阁二期西门西北60米,117.393825,31.874275
15712,欧客批发部,supermarket,060400,新长江商业广场北2门旁,117.364829,31.867526
15713,家家乐特价生鲜超市,supermarket,060400,襄水路与马岗路交叉口西240米,117.37225,31.864155
15714,品格生活(马岗菜市恢复楼店),supermarket,060400,马岗菜市恢复楼东门西50米,117.370233,31.863909
15715,新大地超市(乐水路店),supermarket,060400,乐水路与振一路交叉口西北40米,117.356725,31.854575
15716,佳佳超市(山海居广场龙岗店),supermarket,060400,山海居广场(龙岗店)(龙岗地铁站A口步行430米),117.380307,31.869402
15717,花香活超市,supermarket,060400,三小郢,117.384275,31.873675
15718,合肥市瑶海区闪泽百货店,supermarket,060400,临泉东路1号文一名门名城,117.374975,31.877925
15719,常州徽购超市有限公司合肥分公司,supermarket,060400,新海大道与文忠路交叉口东140米,117.360658,31.891014
15720,优佳精品超市(瑶海店),supermarket,060400|060200,襄河路与广德路交叉口东100米,117.367576,31.864052
15721,群芬超市,supermarket,060400,长江市场西大街与新安江路交叉口北60米,117.363583,31.860327
15722,桃园超市,supermarket,060400,智慧树新海家园幼儿园A区东南门东90米,117.354724,31.85856
15723,邻家超市,supermarket,060400,新安江路与龙岗路交口文一名门学府,117.381725,31.858675
15724,朱小鄂天绿超市,supermarket,060400,龙岗综合经济开发区长江批发市场,117.362307,31.867098
15725,屈臣氏官方旗舰店(合肥瑶海万达),supermarket,060400,荷塘家园二期,117.350033,31.879992
15726,沛盈新海购物广场,supermarket,060400,漕冲路与新安江路交叉口南100米,117.355552,31.859782
15727,屈臣氏(龙湖合肥瑶海天街店),supermarket,060411,王岗路与长江东路交叉口龙湖瑶海天街F1,117.390197,31.867685
15728,屈臣氏(保利广场店),supermarket,060411,新安江路和郎溪路交汇处合肥保利广场F1,117.358456,31.858506
15729,合肥孙氏饼业,supermarket,061100|060400|050800,龙岗综合经济开发区合肥龙岗综合经济开发区长江批发市场三期T1042,117.365112,31.864844
15730,每日优鲜果蔬,supermarket,060400,文一瑞泰和园A区,117.373313,31.879068
15731,新安江路558号东郡苑购物中心,supermarket,060400,保利广场,117.359775,31.859275
15732,静安新城北区物业,supermarket,060400,静安新城北区,117.373975,31.862125
15733,来优品省钱超市(绿地·柏仕公馆店),supermarket,060400,绿地柏仕公馆西门旁,117.394769,31.900734
15734,海涛生活超市,supermarket,060400,浍水路与蔡伦路交叉口S1栋海涛生活超市,117.376246,31.904412
15735,华联盈创超市(黉街店),supermarket,060400,梦溪路1111号,117.389559,31.932425
15736,京东便利店(华润万橡府店),supermarket,060400,华润万橡府润府西门旁,117.394863,31.94317
15737,盈创华联超市(学林春晓龙湖店),supermarket,060400,张衡路785号百姓大药房旁,117.365404,31.925017
15738,拾客精品超市(新站店),supermarket,060400,文忠路与龙子湖路交口拓基广场1003.1004.1006号商铺,117.378123,31.933578
15739,好又多生活超市(合郢花园店),supermarket,060400,合郢花园二期西门旁,117.375149,31.902505
15740,艳勤烟酒超市(古井贡酒·年份原浆),supermarket,060400,华润万橡府3栋102-103,117.394563,31.942785
15741,好又好连锁超市(当代MOMΛ未来城店),supermarket,060400,当代未来城东门旁,117.374686,31.943734
15742,邻佳生活超市(龙子湖路店),supermarket,060400,龙子湖路与鲁班路交叉口西220米,117.379742,31.935406
15743,莱福生活超市(绿地柏仕公园店),supermarket,060400,云锦路绿地柏仕公园,117.390342,31.901165
15744,华联生活超市(湖语时光店),supermarket,060400,龙子湖路与张衡路交口东北角湖语时光,117.371974,31.935534
15745,合家悦邻里超市(磨店店),supermarket,060400,磨店乡美食一条街少菜市场二楼,117.382713,31.939327
15746,红之府超市(磨店店),supermarket,060200|060400,磨店美食文化街2-5号,117.381762,31.938695
15747,百汇烟酒超市(文忠路店),supermarket,060200|060400,新站区磨店社区文忠路文忠苑23栋1号,117.372389,31.922566
15748,新安尚捷超市(新安创研公寓店),supermarket,060400,岱河路与相山路交口新安创研公寓,117.380576,31.907399
15749,春满园,supermarket,060703|060400,新站区北岗花园二期S3栋一层春满园生鲜超市,117.352173,31.936927
15750,毛家生鲜超市(磨店街店),supermarket,060703|060400,磨店街与职教路交叉口西南60米,117.382325,31.939025
15751,天天永晟华联超市,supermarket,060400,合郢花园西北门西南140米,117.370403,31.903554
15752,海哥生鲜超市(文浍苑店),supermarket,060400,文浍苑A2栋101室海哥生鲜超市,117.368589,31.908244
15753,星河汇超市(合郢花园二期店),supermarket,060400,浍水路与相山路合郢花园二期36号楼,117.3777,31.903649
15754,百乐易购超市(樾溪台店),supermarket,060400,张衡路800号银城旭辉樾溪臺,117.369124,31.925187
15755,好又多生活超市(招商奥体公园营销中心店),supermarket,060400,招商奥体公园二期南门西330米,117.352906,31.941997
15756,全家聚超市(圣联梦溪小城店),supermarket,060400,淮海大道与烈山路交叉口梦溪小镇东门5栋106,117.394165,31.924547
15757,润万家超市(京商J区店),supermarket,060400,京商国际商贸城J区2-23栋,117.351588,31.930593
15758,惠优选精品超市,supermarket,060400,京商商贸城J区北门QA116,117.350187,31.930685
15759,韩芹百货超市,supermarket,060400,学林路与张衡路交叉口东南200米,117.366116,31.922018
15760,国轩高科硕博楼小超市,supermarket,060400,国轩高科硕博楼,117.379939,31.903511
15761,惠优买连锁超市(京商国际商贸城J区店),supermarket,060400,京商国际商贸城J区,117.351587,31.930255
15762,华联精品生活超市(北岗花园店),supermarket,060400,卧龙湖路与淮海大道交叉口北280米,117.353575,31.933325
15763,合家乐超市(文忠路店),supermarket,060400,文忠苑东南门旁(幼儿师范地铁站D口步行330米),117.372688,31.923598
15764,家嘉富百货超市,supermarket,060200|060400,南山·柠檬郡,117.380175,31.940275
15765,嘉得利连锁超市,supermarket,060200|060400,磨店街道前江路1号安徽中医药大学学生服务中心002号商铺,117.391925,31.940325
15766,好又多连锁超市(文浍苑店),supermarket,060400,文浍苑北门旁(文浍苑地铁站B口步行310米),117.370385,31.907559
15767,惠民华联生鲜超市(文浍苑店),supermarket,060400,浍水路与鲁班路交叉路口往西约150米文浍苑A6栋,117.370027,31.907018
15768,锦院生活超市(锦门·学院里店),supermarket,060400,学府路文一锦门学院里,117.373466,31.932408
15769,大学生超市,supermarket,060400,学林路磨店文化美食西广场,117.369029,31.920619
15770,红府超市(安广店),supermarket,060400,文忠路西侧安徽广播职业技术学院内01号,117.371991,31.931493
15771,上善家生活超市(当代MOMΛ未来城店),supermarket,060400,磨店乡当代MOMA未来城商业街S1-125,117.374716,31.944691
15772,蓉琪超市,supermarket,060400,泗水路与合磨路交叉口西北80米,117.36562,31.906721
15773,少荃家园超市(西门店),supermarket,060400,文忠路附近,117.378637,31.936562
15774,岗位超市(南山·柠檬郡店),supermarket,060400,磨店街1-2-9号,117.379675,31.940375
15775,好又多(合肥市经贸旅游学校店),supermarket,060400,高教基地大众路1309号合肥市经贸旅游学校女生公寓,117.396213,31.909377
15776,好又多超市,supermarket,060400,浍南路与蔡伦路交叉口北180米,117.381975,31.922575
15777,合肥市新站区何姐好又多烟酒超市,supermarket,060400,龙子湖路与相山路交口西北角向西400米光明之家,117.385975,31.937275
15778,东方大道生活超市,supermarket,060400,当代MOMΛ未来城,117.374925,31.944575
15779,悠悠客百货超市,supermarket,060400,学林路关毕昇路交口西北角学林春晓,117.366975,31.923475
15780,福来佳超市,supermarket,060200|060400,蔡伦路与关井路交叉口东北320米,117.382475,31.912975
15781,宏盛生活超市,supermarket,060400,磨店街与光明路交叉口西120米,117.380218,31.938537
15782,福彩超市(文忠路店),supermarket,060400,合肥金强升科技发展有限公司南门东南120米,117.366876,31.907962
15783,兔喜生活超市,supermarket,060400,铜陵北路与淮海大道交口东北角东400米北岗花园,117.350841,31.933981
15784,兔喜生活超市,supermarket,060400,唐河路与卧龙湖路交口西南角北岗花园二期,117.355325,31.935975
15785,京泰精品超市,supermarket,060400,新站区铜陵北路以门西谷河路以南合肥瑞连业有限责任公司5号综合楼第一层12商铺,117.36085,31.971825
15786,乐家福生活超市,supermarket,060400,周庙路与东方大道辅路交叉口北120米,117.356965,31.951429
15787,百佳超市(和水雅居店),supermarket,060400,力高大发君御天下东门旁,117.360843,31.95233
15788,来优品零食超市(皖投新悦里店),supermarket,060400|061200,铜陵北路新悦里S02幢111、112,117.356041,31.951174
15789,惠尔顿百货超市,supermarket,060400,谷河路与淮武路交叉口东南60米,117.360067,31.974106
15790,有间超市,supermarket,060400,撮镇镇东华大道冲陈村,117.434665,31.795295
15791,河滨似菊超市,supermarket,060400,团结路与东华路交叉口西北120米,117.433021,31.783196
15792,永辉超市(东风大道店),supermarket,060400,东风大道与铁路北路交叉口东北角华东生活广场,117.418712,31.840499
15793,大毛超市二店(传化店),supermarket,060400,东华路与新华路交叉口大毛超市二店,117.439502,31.814008
15794,汇之隆生鲜超市(水电学院店),supermarket,060400,共青路与合马路交叉口东南150米,117.43155,31.827702
15795,肥东大运生活超市,supermarket,060400,青年路与唐安路交叉口北140米,117.402746,31.826834
15796,锅圈食汇(龙塘店),supermarket,060703|060400|050000,大兴镇圣联东方早晨一栋105,117.418089,31.837721
15797,天润发生活超市(龙塘店),supermarket,060305|060400,东风大道与和平路交汇处东方早城商业楼B1层,117.418012,31.836875
15798,丰又丰生活超市连锁(华盛广场店),supermarket,060400,华盛BBB商业广场B1-121-131,117.416881,31.831279
15799,悦林枫超市(瑶河家园店),supermarket,060400,学府路与王沟路交叉口东60米,117.44931,31.819933
15800,哈都来连锁超市(龙塘店),supermarket,060400,贵格食品产业园东南门西南110米,117.434562,31.825489
15801,郑沈百货商店,supermarket,060400,大彭路与唐安路交叉口典雅激光切割产业园,117.407306,31.824393
15802,东欧生活超市,supermarket,060400,中通快递合肥转运中心南门旁,117.425606,31.843449
15803,美嘉满精品超市,supermarket,060400,铁路北路与清流关路交叉口南200米,117.415375,31.838675
15804,万家亿佰生活超市(华盛广场店),supermarket,060400,华盛广场,117.417331,31.831764
15805,贺鹏烟酒超市(新安小区店),supermarket,060400,燎原大道新安小区,117.433994,31.821734
15806,乐天百货超市(华盛大运城店),supermarket,060400,华盛大运城1期1幢,117.409044,31.831362
15807,世纪华联生活超市(尚泽琪瑞东郡店),supermarket,060400,尚泽琪瑞东郡西门北50米,117.414973,31.849388
15808,文客多生活超市,supermarket,060400,大彭路与宣小路交叉口西南20米,117.407466,31.829291
15809,大毛连锁超市三店(宇培店),supermarket,060400,宇培物流园内物业办公楼下,117.439475,31.810955
15810,幸福园超市(唐安·幸福家园店),supermarket,060200|060400,撮镇镇龙塘幸福家园商业街72号,117.419635,31.833694
15811,真鲜惠超市(文一名门东隅店),supermarket,060400,名门东隅商业街111-112号,117.418172,31.838937
15812,幸福里超市(东风大道店),supermarket,060200|060400,幸福家园西2门旁(龙塘地铁站B口步行340米),117.416829,31.834637
15813,杜晔生活超市(瑶河家园店),supermarket,060400,王沟路瑶河家园西门口,117.448579,31.818394
15814,申鲜生生活超市(中海橙郡店),supermarket,060400,中海橙郡北门旁,117.410392,31.843493
15815,阳之光超市(唐安·幸福家园店),supermarket,060200|060400,幸福家园西2门东北130米,117.417352,31.835561
15816,早城超市(圣联东方早城店),supermarket,060400,撮镇镇东风大道圣联东方早城,117.418211,31.837676
15817,福双超市电脑维修(瑶河家园店),supermarket,060400,瑶河家园北1门西90米,117.44905,31.819364
15818,文博城生活超市(华东文博古玩城店),supermarket,060400,华东文博城,117.416266,31.841499
15819,农家超市,supermarket,060400,葡萄园西北侧260米,117.405767,31.809554
15820,集丰生活超市,supermarket,060400,大彭路与宣小路交叉口东80米,117.408525,31.829275
15821,福聚超市,supermarket,060200|060400,青年路与宣小路交叉口北100米,117.402744,31.830475
15822,熙瑶生活超市(名门金隅店),supermarket,060400,名门金隅,117.415809,31.835129
15823,旺之佳超市,supermarket,060400,建材大道华东国际建材中心,117.413185,31.838672
15824,利购安家超市,supermarket,060400,东方明珠嘉苑北门旁,117.432925,31.827525
15825,好一家超市,supermarket,060400,东华大道与枣树路交叉口西北40米,117.440606,31.817506
15826,臻之福超市,supermarket,060200|060400,和平路与商业街交叉口东南20米,117.420746,31.835378
15827,合家福超市(安徽水利水电职业技术学院店),supermarket,060400,撮镇镇合马路18号安徽水利水电职业技术学院二食堂一楼,117.428991,31.821942
15828,新天地超市(南十六店),supermarket,060400,泾川路b区靠近华东国际建材中心装饰建材城D区,117.410675,31.837674
15829,和成天下便利超市(东华路店),supermarket,060400,新华路与蔡大路交叉口南200米,117.433825,31.812725
15830,宇桐百货超市,supermarket,060400,三道弯路与泾川路交叉口东南140米,117.410675,31.837675
15831,拾惠客24H超市(合肥新中心店),supermarket,060400|060200,和平路与钢材大道交叉口北240米,117.412525,31.838675
15832,三棵树(华东建材城店),supermarket,060400,华东建材市场D区101栋5-7,117.414348,31.838582
15833,每日优鲜(华盛广场店),supermarket,060400,华盛广场,117.416975,31.831275
15834,合家福连锁超市(长江东路辅路店),supermarket,060400,合店路19号兴盈邻里中心一层,117.432858,31.875136
15835,悦尔万家大型超市(禹悦汇商场店),supermarket,060400,长江东路辅路与文禹路交叉口东160米,117.439075,31.875325
15836,巧客隆超市,supermarket,060400,新安冮路富士广场,117.44998,31.865597
15837,好又多生活超市(彩虹新城商业街店),supermarket,060400,彩虹新城南区西1门旁,117.425644,31.878156
15838,好鲜生生活超市(蓝光店),supermarket,060400,蓝光公园1号小区17号101-109,117.435382,31.87921
15839,红城生活超市(文一国际店),supermarket,060400,合肥巍华钢结构有限公司西北门东50米,117.43993,31.868092
15840,家家悦生活超市(沃德酒行御云府店),supermarket,060400|060200,斌锋·御云府东门旁,117.449907,31.888913
15841,一烟酒鼎超市(凤凰城店),supermarket,060400,龙泉路与金阳路交口凤凰城商业街6号113,117.442255,31.877285
15842,好又多超市(托斯卡纳小镇店),supermarket,060400,托斯卡纳小镇B区西门旁,117.448429,31.885666
15843,好鲜生生活超市(锦源春天店),supermarket,060400,古河路与金阳路交叉路口往东约50米,117.441339,31.887067
15844,美好生活超市(万科红郡一期店),supermarket,060400,燎原街道鸿运阁(万科红郡一期店)万科红郡一期,117.436246,31.880635
15845,陆杨便利超市,supermarket,060400|060200,店埠镇肥东县经济开发区金阳路东古河路北金色地带,117.440948,31.888275
15846,千宇生鲜超市,supermarket,060400,撮镇镇万锦公馆S1幢108室,117.400414,31.853371
15847,哈都来超市(合肥市聚龙阳光都市店),supermarket,060400,聚龙阳光都市西门南160米,117.440653,31.880446
15848,幸福邻家生活超市(力高·澜湖前城店),supermarket,060400,力高·澜湖前城东1门南60米,117.434788,31.877781
15849,临湖世纪华联生活超市(彩虹新城店),supermarket,060400,彩虹新城北区西门西北140米,117.424872,31.881819
15850,君百生活超市(力高君逸府店),supermarket,060400,力高君逸府西门北70米,117.402228,31.85484
15851,仁文生活超市(锦源春天店),supermarket,060400|060200,荷花路3东南70米,117.441989,31.887046
15852,好鲜生生活超市(禹州·中央广场C区店),supermarket,060400,禹洲中央广场S2-110铺,117.437679,31.873058
15853,好客多生活超市(斌锋·御云府店),supermarket,060400,斌锋御云府12号楼106,117.447641,31.88883
15854,晨玲平价超市,supermarket,060400,晨光花园南区北1门东80米,117.427942,31.886678
15855,易品鲜购生活超市(龙泉路店),supermarket,060400,龙泉路与桂王路交口东100米,117.446628,31.877045
15856,峰之惠购物超市(丽水云天店),supermarket,060400,丽水云天东门旁,117.444052,31.890296
15857,欣壹佳百货超市(远洋·万和云锦店),supermarket,060400,远洋·万和云锦东门旁,117.418563,31.89006
15858,佳佳惠超市(和平路店),supermarket,060400,聚龙阳光都市31号楼,117.441853,31.883496
15859,永达连锁超市(晨光花园店),supermarket,060400|060200,晨光花园商业街25栋3-4号,117.425939,31.886944
15860,肥东县喜买乐生活超市,supermarket,060400,合店路19号兴盈邻里中心一层114号,117.433021,31.875281
15861,惠购生活超市(长江东路店),supermarket,060400,长安东郡,117.406691,31.868489
15862,恒盛百货超市(蔚然居小区店),supermarket,060200|060400,承寓蔚然居东1门旁,117.407862,31.886602
15863,金满百货超市,supermarket,060400,肥东新城开发区临泉东路与护城路交口鸿兴物流园内,117.41551,31.879662
15864,昌捷生活超市(托斯卡纳小镇B区店),supermarket,060400,托斯卡纳小镇B区西门南50米,117.448432,31.885074
15865,为民生活超市(安乐路店),supermarket,060400,为民大厦南门旁,117.448298,31.892649
15866,红府超市(祥和路店),supermarket,060200|060400,肥东新城开发区祥和路28号,117.430028,31.879618
15867,领鲜生活超市,supermarket,060400,彩虹新城北区西门旁,117.425319,31.880992
15868,许大姐生活超市,supermarket,060400,长江东路三十埠桥东500米徽商大地农副产品批发市场2期7号大棚14档口,117.421838,31.871836
15869,君正华联超市(托斯卡纳商业街店),supermarket,060400|060200,文一托斯卡纳小镇B20幢S113,117.448401,31.886248
15870,园区超市,supermarket,060400,徽商建材城48栋113,117.427686,31.867478
15871,众客来超市(肥东文一店),supermarket,060400,来河路5号,117.438625,31.869375
15872,御佳源超市,supermarket,060400|060200,后沿3号,117.449231,31.878418
15873,东方乐购(龙脊山路店),supermarket,060400,临湖路附近,117.423592,31.877918
15874,徽美生活超市(盛世家园店),supermarket,060400,盛世家园东南1门旁(桂王地铁站C口步行430米),117.443584,31.870477
15875,友家生活超市(长江东路店),supermarket,060400,徽商新驿科技平台物流园东1门南180米,117.420072,31.868781
15876,巨惠生活超市,supermarket,060400,店埠镇长江东路与金阳路交口禹州中央广场S街S3-102室,117.437659,31.873532
15877,兴悦商贸,supermarket,060400,徽商农副产品批发市场商办楼2栋113,117.420817,31.870557
15878,客来隆超市(尚泽·琪瑞康郡店),supermarket,060400,尚泽·琪瑞康郡西门旁(祥和地铁站A口步行410米),117.430359,31.877506
15879,琪韵生活超市(斌锋·御云府店),supermarket,060400|060200,店埠镇斌锋御云府二十号楼,117.448657,31.889572
15880,千家惠生鲜生活超市(瑞景兰庭店),supermarket,060400,瑞景兰庭021号(桂王地铁站C口步行110米),117.442724,31.872389
15881,昊鹏烟酒超市,supermarket,060400,龙泉路碧桂园小区商业街东116商铺,117.4441,31.877129
15882,悦城优选精品折扣超市,supermarket,060400,"古河路27号,大厦北侧二楼",117.411898,31.886804
15883,诚华超市(风情街店),supermarket,060400,禹洲中央广场A4-147(桂王地铁站D口步行250米),117.440475,31.874425
15884,客来旺超市(斌锋·时代城店),supermarket,060400,斌锋·时代城,117.43528,31.88261
15885,爱家生鲜超市(金阳路店),supermarket,060703|060400,店埠镇金阳路与古河路交叉口金色地带小区南门,117.441075,31.887725
15886,宝茹烟酒(瑞泰尚园店),supermarket,060200|060400,瑞泰尚园西区西北门旁(桂王地铁站C口步行460米),117.443776,31.869978
15887,月之星生活超市(盛嘉欧园店),supermarket,060400,店埠镇盛嘉欧园17号楼,117.444007,31.892916
15888,宏丽超市(镇西路店),supermarket,060400,镇西路与浍水路交叉口北80米,117.434067,31.896992
15889,拾惠客24H超市(合肥长江东路店),supermarket,060400|060200,长江东路与龙脊山路交叉口东南220米,117.427125,31.871475
15890,左新星超市(文一·国际A区店),supermarket,060400,文一国际-西区东门旁,117.438555,31.869314
15891,晓翠超市(公园路店),supermarket,060400|060200,店埠镇草坎公园路爵鼎阁旁边,117.448482,31.87357
15892,181超市,supermarket,060400|060200,八大户巷与龙泉路交叉口北40米,117.449397,31.87813
15893,鑫福润生鲜超市,supermarket,060400,长临河路与皇甫山路交口东北角荣盛书香府邸,117.402214,31.858034
15894,惠客多生活超市,supermarket,060400,桂王路与古河路交叉口东北60米,117.444898,31.888006
15895,东墅生活超市(东墅京建中心店),supermarket,060400,东墅京建中心,117.428384,31.862335
15896,好运生鲜(长江东路店),supermarket,060400,新城开发区合店路徽商集团肥东大市场农副产品批发园区,117.421025,31.870775
15897,橙意满满精品超市,supermarket,060400|060200,金阳路与临泉东路交叉口西北220米,117.438675,31.885275
15898,一站式购物平台,supermarket,060400,晨光路与长江东路辅路交叉口南200米,117.432775,31.872625
15899,园区超市,supermarket,060400,古河路与护城路交叉口东200米,117.417431,31.886073
15900,天润发量贩购物中心(文一名都店),supermarket,060101|060400,经济开发区古河路与长山路交汇处文一名都S13,117.423472,31.886419
15901,鸣福烟酒经营部福彩,supermarket,060400,龙泉西路215号附近,117.446909,31.877509
15902,屈臣氏(风情街店),supermarket,060411,长江东路与金阳路交口合肥禹悦汇一楼,117.438696,31.875092
15903,来优品,supermarket,060400,文一朗轩S112号,117.410676,31.921485
15904,润万家超市(磨店家园店),supermarket,060400,磨店家园·同华苑西门旁,117.409175,31.929767
15905,好又多生活超市(磨店家园店),supermarket,060400,君山路与学府路交叉口北120米,117.403509,31.933066
15906,6+1生鲜批发超市(同福苑店),supermarket,060400,磨店街道磨店家园同福苑1栋商101-103,117.400191,31.931408
15907,美科精品生活超市(临涣路店),supermarket,060400,相城路地铁站C口步行390米,117.406407,31.921849
15908,大惠丰超市,supermarket,060400,龙子湖路与大众路交叉口东220米,117.401225,31.935312
15909,同心苑生活超市,supermarket,060400,龙子湖路与大众路交叉口东200米,117.40104,31.935308
15910,磨大嘴批发,supermarket,060400,磨店家园同祥苑西门S2-102门面,117.404755,31.929754
15911,惠福多生活超市,supermarket,060400,磨店社区彭湾路与会棚路交口云起星辰S1-122惠福多生活超市,117.411049,31.917942
15912,邻家百惠超市(磨店家园店),supermarket,060200|060400,磨店家园同德苑,117.400764,31.932266
15913,众兴服务区超市,supermarket,060400,众兴服务区东北30米,117.418722,31.976347
15914,徐氏超市,supermarket,060200|060400,,117.41124,31.989244
15915,三味生鲜超市,supermarket,060400,众兴乡人民政府东南门南70米,117.409727,31.987124
15916,世纪华联超市(众兴店),supermarket,060400,大众路与大高路交叉口东北120米,117.410798,31.988493
15917,乡村华联超市(众兴店),supermarket,060400,众兴乡政府对面乡村,117.410479,31.987087
15918,浙丽好生活超市,supermarket,060400,众兴中学对面,117.411292,31.989353
15919,长乐东方购物超市,supermarket,060400|060200,撮镇镇长乐东方购物,117.474028,31.749855
15920,长乐阳光超市(乡中路店),supermarket,060400|060200,撮镇镇长乐社区乡中路,117.47145,31.749188
15921,好又多超市(循环园店),supermarket,060400,合肥循环园人才公寓附属商业楼北门,117.493753,31.796665
15922,好又多超市(撮镇店),supermarket,060400,南大街与规划路交叉口东北40米,117.466088,31.820213
15923,一鸣超市(撮镇路店),supermarket,060400|060200,撮镇路与裕溪路交叉口西南80米,117.482053,31.80789
15924,每一家生鲜超市,supermarket,060400,店埠镇撮镇路琥珀名郡香颂里北门S2号103,117.47055,31.847625
15925,莲都山超生活超市(南大街店),supermarket,060400,南大街与规划路交叉口西南40米,117.465514,31.819868
15926,宜品生鲜生活超市(义和家园店),supermarket,060400,义和家园东区一期北门旁,117.489828,31.814375
15927,旺角超市(义和家园店),supermarket,060400,撮镇镇义和东区G2栋,117.488574,31.814385
15928,名角生活超市(安建·锦绣花园店),supermarket,071100|060200|060400,店忠路义和商业街向西锦绣花园西门,117.481323,31.820081
15929,易果生鲜超市(远洋庐玥风景店),supermarket,060400,远洋庐玥风景西北门旁,117.450979,31.824775
15930,嘉一超市,supermarket,060400,琥珀名郡香颂里北门旁,117.469786,31.847707
15931,佳琰生活超市(撮镇振兴金领公寓店),supermarket,060400,裕溪路28路撮镇振兴金领公寓,117.481334,31.804636
15932,鲜又多生活超市(烟花路店),supermarket,060400,裕溪路132号烟花爆竹鞭炮,117.451898,31.825629
15933,撮西众缘超市,supermarket,060400,撮镇镇撮西居委会对面,117.464472,31.823725
15934,悦府生活超市(天悦府店),supermarket,060400,马桥社区力高天悦府东门1幢116号,117.471059,31.838083
15935,世纪华联超市(裕溪路店),supermarket,060400,撮镇一中对面,117.469461,31.818012
15936,永信连锁超市曹营街(振东家园店),supermarket,060400,振东家园东区西北门旁,117.475579,31.824632
15937,席家超市,supermarket,060400|060200,撮镇镇合马路与南大街交口,117.465586,31.818842
15938,肥东先锋惠民生活超市,supermarket,060400,星光大道1号,117.478875,31.806475
15939,老九生活超市(东城家园店),supermarket,060400,宏图大道101号,117.478709,31.838693
15940,粮油百货超市,supermarket,060400,和谐家园A区,117.464804,31.815698
15941,咪哩生鲜超市(盛世新城店),supermarket,060703|060400,义和商业街D区107,117.484156,31.820437
15942,弘葵超市,supermarket,060400,郑东路与火车站街交叉口西40米,117.471483,31.819438
15943,化肥厂超市,supermarket,060400|060200,裕溪路与振兴路交叉口东南80米,117.489623,31.803811
15944,华丽生活超市,supermarket,060400,东城家园北门旁,117.477825,31.838625
15945,数享易购,supermarket,060400,撮镇镇郑东路,117.469609,31.819921
15946,百信超市(撮镇路店),supermarket,060400,宏图大道与撮镇路辅路交叉口东140米,117.473913,31.838633
15947,利购联华超市,supermarket,060400,裕溪路130号瑶河家园2期,117.450911,31.822472
15948,兔喜生活超市(裕溪路店),supermarket,060400,裕溪路与翠微亭路交口向北200米龙湖春江天越,117.451964,31.825496
15949,联家超市(肥东店),supermarket,060400,店埠镇龙泉路中心大市场2层,117.468375,31.882525
15950,永辉超市(合肥市肥东新城吾悦广场店),supermarket,060400,店埠镇长江东路与桥头集路交叉口新城吾悦广场负一层,117.457753,31.872052
15951,万家亿佰生活超市(亿佰购物广场店),supermarket,060400,亿佰购物广场,117.475215,31.852894
15952,悦邻客生活超市(肥东伟星星悦广场店),supermarket,060400,山水路与泗顶山路交叉口伟星星悦广场B1层,117.490715,31.857504
15953,来购超市(金巨大厦店),supermarket,060400,人民路与浮槎山路交叉口金巨大厦,117.476654,31.886372
15954,红城生活超市(排头社区店),supermarket,060400|060200,店埠镇排头社区3号,117.485786,31.875473
15955,肥东县锅圈食汇食材超市(和平花园西区店),supermarket,060703|060400,店埠镇公园路18号,117.461173,31.884326
15956,新世纪华联烟火生活超市(浏阳花炮店),supermarket,060400,恒大绿洲西门北70米,117.476024,31.851911
15957,沃家生活超市(御景花园北区店),supermarket,060400,御景花园北区东门旁,117.450396,31.882792
15958,拾客精品超市(肥东店),supermarket,060400,桥头集路107号,117.452646,31.877372
15959,小刘超市(龙泉路),supermarket,060400|060200,店埠镇龙泉路西路老酒厂对面(和顺雅苑),117.460527,31.881385
15960,旺角超市(定光店),supermarket,060400|060200,合蚌路与石塘路交叉口东北角,117.484408,31.883035
15961,哈都来连锁超市(城南店),supermarket,060400,城南新村东南门旁,117.478438,31.855088
15962,旺角超市(世宏店),supermarket,060400,安乐路世宏广场S1栋104-106室,117.455302,31.888563
15963,哈都来连锁超市,supermarket,060400,店埠镇塘杨路北苑小学,117.469614,31.894921
15964,万家惠超市(石塘路店),supermarket,060400,石塘路186号,117.482672,31.882818
15965,好又多超市(合蚌路店),supermarket,060400,合蚌路44号,117.484572,31.880626
15966,四季春超市(汇景新城店),supermarket,060400,店埠镇汇景新城商业街9号S-106四季春超市,117.461806,31.888798
15967,莲都一百超市,supermarket,060400,石塘路与团结大道交叉口东40米,117.484726,31.883353
15968,旺角超市(亿峰集市店),supermarket,060400,-双桥社区S1门面,117.496097,31.861849
15969,天天乐购超市,supermarket,060400|060200,星光国际广场一期西南门东170米,117.46798,31.886726
15970,红城超市(包公大道店),supermarket,060200|060400,福泉花园1号楼,117.476705,31.891622
15971,好鲜生生活超市(星光国际店),supermarket,060400,店埠镇公园路星光国际广场二期2-S113,117.466434,31.888202
15972,乐尼超市,supermarket,060400,店埠镇石塘路8号,117.479417,31.88199
15973,平价超市(皖新店),supermarket,060400,石梁城西路与临河西路交叉口西南100米,117.465365,31.865315
15974,竞成超市(排头社区店),supermarket,060400,店埠镇包公镇包公像排头社区南边,117.485346,31.875883
15975,福万家生活超市(浮槎山路店),supermarket,060400,桴槎北路拆迁恢复楼5栋S109,117.476831,31.894636
15976,鲜易购生活超市(西苑路店),supermarket,060400,西苑路117号,117.450384,31.874172
15977,佳依超市(定光社区店),supermarket,060400|060200,店埠镇龙泉路定光社区美食街,117.488175,31.878491
15978,轶品超市(光大新村店),supermarket,060400,店埠镇安乐路商铺s114s117商铺,117.452071,31.890661
15979,家乐购(和顺雅苑店),supermarket,060200|060400,和顺雅苑3-S111(对河地铁站B口步行440米),117.461252,31.873932
15980,建梅超市(龙泉路店),supermarket,060400|060200,排头社区东1门西北50米,117.485087,31.876065
15981,肥东易购生活超市,supermarket,060400|060200,店埠镇唐杨居委会东一组数享易购全华维修中心,117.466032,31.897221
15982,兆霞超市(星光国际广场一期店),supermarket,060400,伯爵世家酒店肥东星光国际店南门东80米,117.466885,31.887051
15983,东琪商贸(新城家园店),supermarket,060400,新城家园8号楼111门面,117.452407,31.868471
15984,红燕批发部,supermarket,060200|060400,店埠镇古河路光大新村10栋s114室,117.45432,31.890026
15985,好鲜生生活超市(镇北社区店),supermarket,060400,岱山湖路与浮槎山路交叉口东100米,117.477268,31.895756
15986,亿佰超市(生活家广场店),supermarket,060400,生活家广场负1-1层,117.450037,31.887442
15987,平价超市鲍林店,supermarket,060200|060400,梁园路与浮槎山路交叉口西南140米,117.474972,31.895218
15988,波青波生活超市(肥东店),supermarket,060400,梓晨翰林苑西北门西80米,117.454244,31.877302
15989,小满e购省钱超市(肥东店),supermarket,060400,店埠镇共和小区15栋110-113室,117.483693,31.887563
15990,新新商超,supermarket,060400,人民路与浮槎路交叉口西200米,117.474137,31.886975
15991,惠佰佳便民超市,supermarket,060400,包公大道八斗路拆迁恢复楼-B区,117.479002,31.89023
15992,明明烟酒商行(排头社区店),supermarket,060400,排头社区10楼12号(排头地铁站A口步行400米),117.484199,31.87416
15993,保从超市,supermarket,060400,撮镇路辅路与新安江路交叉口北160米,117.472689,31.871546
15994,哈都来连锁超市,supermarket,060400,太子山路与新安江路交叉口东北60米,117.480671,31.872755
15995,红城超市纺织厂店,supermarket,060400|060200,纺织路1-3号,117.456173,31.880219
15996,幸福邻家生活超市,supermarket,060400,琥珀东澜赋观澜苑北大门旁,117.499605,31.851806
15997,壹锅食汇火锅食材超市(中心大市场店),supermarket,060400,龙泉路中心大市场B区140号,117.468475,31.882425
15998,客多惠生活超市(琥珀名郡店),supermarket,060400,店忠路琥珀名郡一期S15栋101,117.470302,31.850003
15999,荣涛生活超市,supermarket,060400,才华路,117.476908,31.893288
16000,世纪华联超市(城南新村店),supermarket,060400,站南路城南新村2期3栋,117.478044,31.856193
16001,好易家超市,supermarket,060400|060200,龙泉路新汽车站对面,117.483755,31.878262
16002,乐购超市(浮槎山路店),supermarket,060403|060200,安徽省包公学府花园西门123,117.476675,31.885125
16003,有家汇景超市(汇景新城店),supermarket,060400,店埠镇华联,117.459367,31.890039
16004,爱家超市(景河花园店),supermarket,060200|060400,店埠镇景河花园(对河地铁站A口步行240米),117.454401,31.875073
16005,优客临生活超市(排头社区店),supermarket,060400,梦园南路与长江东路辅路交叉口南340米,117.481532,31.87348
16006,元店路鑫磊超市,supermarket,060200|060400,店埠镇元店路凯悦中学唐杨社区居民委员会对面,117.466479,31.896447
16007,平价水果超市,supermarket,060400,龙泉路76号,117.467404,31.882606
16008,百缘生活超市(文一名门河畔店),supermarket,060400,文一名门河畔西北门旁,117.461022,31.876827
16009,乐丰生活超市(西苑路店),supermarket,060400,草坎子西苑路117号,117.450401,31.874135
16010,二平生活超市,supermarket,060400,桥头集路与龙泉路交叉口南60米,117.452377,31.877972
16011,保友生鲜超市,supermarket,060400,撮镇路,117.471797,31.87239
16012,洋晨超市,supermarket,060400,圣泉中学北门西110米,117.477757,31.892873
16013,润购佳生活超市,supermarket,060400,梓晨翰林苑西北门西北70米,117.454421,31.8774
16014,惠民生活超市,supermarket,060400,汇景新城南门旁,117.462124,31.885493
16015,合家欢生鲜连锁超市,supermarket,060400|060703,琥珀东澜赋观澜苑北大门旁,117.499508,31.851774
16016,喜盈多生鲜超市,supermarket,060400|060703,人民路与梁园路交叉口东200米,117.472925,31.886875
16017,小马购生活超市(肥东店),supermarket,060400,公园路167号,117.458586,31.881401
16018,迎合鲜购超市(迎河家园店),supermarket,060400,迎河家园东门旁(对河地铁站D口步行240米),117.454894,31.870489
16019,鑫旺学生超市,supermarket,060400|060200,城关中学西北门旁,117.457763,31.878807
16020,金贵超市,supermarket,060200|060400,店埠镇东泰纺织(东巷里),117.456582,31.881581
16021,添e生活超市,supermarket,060400,肥东县第四中学南1门西60米,117.475013,31.887488
16022,好爱佳生活超市(星光国际广场一期店),supermarket,060400,公园路星光国际广场,117.466686,31.887582
16023,海洋百货店,supermarket,060400,店埠镇撮镇路梦之声量贩KTV侧面小街内,117.469221,31.88144
16024,润购佳超市,supermarket,060400,龙泉路与团结路交叉口西120米,117.486025,31.874925
16025,2元百货超市(东盛嘉园店),supermarket,060400,东盛嘉园西门旁,117.470211,31.880971
16026,优选特价生鲜店,supermarket,060400,大市场路与撮镇路交叉口西120米,117.468643,31.881796
16027,冬梅生鲜百货超市,supermarket,060400,双桥新村,117.497187,31.860268
16028,鑫旺生活超市(宏超丽景苑店),supermarket,060400,店埠镇公园路58号宏超丽景苑,117.452056,31.875224
16029,明月生鲜超市,supermarket,060400|060703,古城路与城关支路交叉口西南140米,117.457147,31.877608
16030,包公学府金角超市(包公学府花园店),supermarket,060400,店埠镇人民路包公学府花园8栋,117.478724,31.885307
16031,亿思够超市,supermarket,060200|060400,团结大道与石塘路交叉口东北320米,117.487297,31.884775
16032,思辰生活超市,supermarket,060400,店埠镇临泉东路与桥头集路交口东南角思辰家园,117.453975,31.884075
16033,郭湾第二家超市,supermarket,060400,汇景新城1期西南侧110米,117.460775,31.887275
16034,汇旺生活超市,supermarket,060400,石塘路与县三院西边巷交叉口东北80米,117.480575,31.882375
16035,百合园亿思购物超市,supermarket,060400,团结大道与石塘路交叉口东50米,117.485537,31.883926
16036,福乐多生鲜超市,supermarket,060703|060400,店埠镇排头村撮镇路排头小学,117.472165,31.874233
16037,谊品到家郭湾第四家超市,supermarket,060400,汇景新城东南侧160米,117.460363,31.888558
16038,星悦广场购物,supermarket,060400,伟星星悦广场(肥东站地铁站C口步行490米),117.491025,31.857275
16039,新纪元鞋服坊(星光国际广场店),supermarket,060102|060400|061100,星光国际广场一期,117.467972,31.887331
16040,屈臣氏(合肥肥东吾悦广场店),supermarket,060411,长江东路与桥头集路交口吾悦广场(肥东店)B1吾悦广场F1,117.456682,31.872076
16041,惠利达烟酒商行,supermarket,061210|060400,店埠镇撮镇路66号(店埠河地铁站A1口步行180米),117.471228,31.877001
16042,三棵树,supermarket,060400,包公大道与临河西路交叉口西南440米,117.460199,31.889022
16043,华联精品生活超市(奥园东璟里店),supermarket,060400,元店路357号奥园东璟里101,117.456627,31.907144
16044,娅娅文具店,supermarket,060800|060400,店埠镇圣泉中学,117.480829,31.932424
16045,徽商红府超市(民族店),supermarket,060400,牌坊回族满族乡牌坊大街,117.481218,31.954154
16046,登福超市,supermarket,060400|060200,227省道与高塘北街交叉口东南40米,117.481032,31.999765
16047,四川超市,supermarket,060400,227省道与众牌路交叉口北120米,117.482329,31.967409
16048,天客隆购物中心,supermarket,060400,227省道与牌树路交叉口南60米,117.481253,31.951857
16049,乡村华联超市(复兴店),supermarket,060200|060400,桥头集镇复兴居委会,117.522915,31.735629
16050,二电厂平价超市,supermarket,060400|060200,桥头集镇大韩村二电大酒店旁,117.516406,31.79855
16051,桥头集徽盐连锁超市(山王中学店),supermarket,060200|060400,山王集社区党群服务中心西侧,117.533716,31.790322
16052,平价生活超市,supermarket,060400,长松路西北30米,117.503708,31.777416
16053,便民超市,supermarket,060400,049乡道与329国道辅路交叉岔口东50米路口便民超市,117.522306,31.949139
16054,程英龙超市,supermarket,060400,梁园镇肥东县路口村,117.523023,31.948759
16055,兴梅超市,supermarket,060400,329国道辅路与苏梁路交叉口东40米,117.545875,31.980284
16058,谢塘小学,school_primary,141203,汤口路与068乡道交叉口西南60米,117.106339,31.73072
16059,安徽师范大学附属肥西外国语紫云湖小学,school_primary,141203,派河大道与汤口路交叉口向南200米,117.106442,31.762731
16060,肥西县顺和小学,school_primary,141203,桃花镇文山路与桥湾路交口,117.1445,31.769895
16061,合肥高新创新实验小学,school_primary,141203,创新大道1343号,117.132242,31.836076
16062,合肥市梦园小学教育集团文曲路学校,school_primary,141203,创新大道与习友路交叉口复兴家园,117.13884,31.816849
16063,合肥高新星火小学教育集团百草街校区,school_primary,141203,百草街路与杨林路交口,117.144129,31.847001
16064,梦园小学教育集团复兴路学校,school_primary,141203,复兴集地铁站C口步行80米,117.143905,31.816837
16065,合肥高新创新实验小学教育集团第二小学,school_primary,141203,皖水路474号(永和家园西南侧),117.117047,31.845765
16066,合肥八一学校,school_primary,141202|141203,大别山路888号,117.11965,31.856203
16067,合肥市振兴小学,school_primary,141203,渡仙桥路与飞虎峰路交叉口东80米,117.146895,31.877713
16068,合肥高新星火小学教育集团创新大道校区,school_primary,141203,磨子潭路与创新大道交口西北角,117.132988,31.85508
16069,合肥高新星火小学教育集团长江西路校区,school_primary,141203,天龙路138号(桂庄地铁站D口步行450米),117.129317,31.851924
16070,梁墩回族小学,school_primary,141203,南岗镇梁墩村梁墩梁墩回族小学附近,117.119071,31.874212
16071,合肥市古城小学,school_primary,141203,三十岗乡庐阳乡陈龙村,117.127046,31.924795
16072,土山小学,school_primary,141203,岗集镇卧龙山,117.117388,31.993773
16073,肥西县肥光小学,school_primary,141203,上派镇卫星社区紫石路与佛光路交口,117.17591,31.743274
16074,合肥市南门小学(上派分校),school_primary,141203,三河路470附近,117.164385,31.700079
16075,安徽师范大学附属肥西外国语学校小学部,school_primary,141203,司空山路与芮祠路交叉口,117.182245,31.703258
16076,上派镇菁菁小学,school_primary,141203,肥光路与紫石路交叉口西120米,117.183646,31.735266
16077,西园新村小学翡翠分校,school_primary,141203,散花路与云谷路交叉口北侧,117.165852,31.746608
16078,肥西县上派镇民生小学,school_primary,141203,,117.160666,31.708633
16079,肥西县上派镇丽景小学,school_primary,141203,上派镇冬融路与派河大道交叉口,117.181413,31.713145
16080,肥西县上派学区中心学校,school_primary,141203,青年南路,117.166285,31.719955
16081,肥西县集贤路小学,school_primary,141203,桃花工业区桃花工业区集贤路(新型家园幼儿园北侧约200米),117.15283,31.741205
16082,肥西县上派镇珍珠路小学,school_primary,141203,上派路与青年北路交叉口东北120米,117.162038,31.730984
16083,上派镇实验小学,school_primary,141203,人民路与新华街交叉口南100米,117.173625,31.714525
16086,合肥市六安路小学(翠微分校),school_primary,141203,翠微路1850号,117.195105,31.786018
16087,延乔路小学,school_primary,141203,延乔路1号,117.172238,31.779407
16088,合肥市建平实验小学,school_primary,141203,紫翡路口世茂翡翠首府内,117.190157,31.756618
16089,合肥一六八玫瑰园学校(九龙路校区小学部),school_primary,141203,芙蓉社区管理委员会合肥市经开区九龙路与石门路交叉口,117.190614,31.779039
16090,合肥市西园新村小学南校教育集团桃花分校,school_primary,141203,樱花路14号,117.169898,31.796276
16091,合肥市习友路小学,school_primary,141203,习友路1988号(习友路与科学大道交口),117.199512,31.812259
16092,合肥高新火炬小学,school_primary,141203,梅雨池路与燕子河路交叉口东南140米,117.157821,31.824216
16093,梦园小学教育集团天柱路学校(西区),school_primary,141203,天柱路19号,117.198663,31.845452
16094,合肥市柏堰小学,school_primary,141203,柏堰科技园长安路6号,117.182859,31.80812
16095,合肥市新麓小学,school_primary,141203,梧桐路,117.176822,31.817535
16096,合肥市长安小学,school_primary,141203,柏堰科技园明珠大道与玉兰大道交口向西400米,117.154382,31.802151
16098,合肥市桂花园学校教育集团紫园校区,school_primary,141203,高新技术产业开发区海棠路99号,117.197117,31.816259
16099,合肥市蜀山小学,school_primary,141203,荷花中路商业街北8幢附近,117.18213,31.854609
16100,合肥市乐农新村小学教育集团(蜀麓校区),school_primary,141203,田埠中路,117.152662,31.854439
16101,合肥市蜀新苑小学,school_primary,141203,稻香路381号,117.173407,31.858671
16102,玉镜路小学,school_primary,141203,科学院路100号,117.180972,31.866723
16103,长丰县岗集镇中心学校,school_primary,141203,岗集镇,117.193245,31.943297
16104,合肥市新农小学,school_primary,141203,大杨镇环湖北路,117.177746,31.922848
16105,长丰县岗集镇第二小学,school_primary,141203,岗集镇金岗大道与瑞丰路交口,117.189302,31.957905
16106,长丰县育才路小学,school_primary,141203,富明路与复兴路交叉口西南140米,117.153925,31.969528
16107,合肥一六八玫瑰园临湖学校(小学部),school_primary,141203,经济开发区云海路与玉屏路交叉口,117.246507,31.708237
16108,合肥市建平实验小学锦绣校区,school_primary,141203,锦绣社区紫云花园小区,117.233652,31.745467
16109,朝霞小学,school_primary,141203,宝塔路42号,117.218494,31.78716
16110,合肥市莲花小学,school_primary,141203,耕耘路263号,117.228153,31.758931
16111,合肥市翡翠学校,school_primary,141203,棋石路,117.200311,31.798207
16112,明珠小学,school_primary,141203,佛掌路,117.235326,31.785024
16113,合肥市屯溪路小学教育集团龙川小学,school_primary,141203,屯绿路与常青路交口,117.24792,31.796701
16114,芙蓉小学,school_primary,141203,翠微路378号,117.202506,31.786757
16115,合肥一六八玫瑰园学校东校繁华校区,school_primary,141203,佛掌路与月池路交叉口西南180米,117.234804,31.772128
16116,耕耘路校区,school_primary,141203,耕云路与佛掌路交叉口西北200米,117.234625,31.761225
16117,合肥市华府骏苑小学,school_primary,141203,望江西路华府骏苑小区内,117.235837,31.828153
16118,宁溪小学,school_primary,141203,井岗镇怀宁路1866号,117.222604,31.848125
16119,合肥市湖东小学,school_primary,141203,荷叶地路和汤池路交口东南角,117.243102,31.811536
16120,合肥稻香村小学教育集团岳西路校区,school_primary,141203,岳西路2号,117.226405,31.828793
16121,合肥市翠庭园小学,school_primary,141203,龙图路1号,117.208725,31.807063
16122,合肥市安居苑小学教育集团安居苑校区,school_primary,141203,贵池路安居苑小区内,117.238005,31.846068
16123,合肥市西园新村小学南校教育集团嘉和苑小学,school_primary,141203,潜山路550号嘉和苑小区内,117.236765,31.801957
16124,合肥市西园新村小学南校汇林校区,school_primary,141203,长河西路6号(汇林阁小区旁),117.21803,31.824054
16126,合肥市桂花园学校教育集团桂园校区,school_primary,141203,天湖路,117.203327,31.837044
16127,合肥市安居苑小学教育集团天鹅花园校区,school_primary,141203,贵池路邮电新村东南侧约90米,117.245278,31.846857
16128,黄山路小学东区,school_primary,141203,皖河路与石台路交口银座星芸琴行,117.238495,31.835066
16129,合肥市绿怡小学,school_primary,141203,蜀山区政务区荷叶地路绿怡居小区内,117.240049,31.821874
16130,合肥高新火炬小学合欢路校区,school_primary,141203,银杏路26号,117.202847,31.823029
16131,潜山路学校丽景校区,school_primary,141203,长江路与潜山路交叉口盛世名城,117.229949,31.838352
16132,合肥市桂花园学校教育集团慧园校区,school_primary,141203,银杏路9号,117.204,31.819531
16134,合肥市桂花园学校教育集团和园校区,school_primary,141203,和一花园,117.213147,31.831351
16135,合肥市稻香村小学六年级部,school_primary,141203,岳西路93号,117.225312,31.831589
16137,合肥市潜山路学校,school_primary,141203,安居苑127幢,117.234766,31.845878
16138,合肥市南门小学森林城校区(南区),school_primary,141203,迎松路与林湖路交叉口东南140米,117.23558,31.883017
16139,合肥市金湖小学,school_primary,141203,社岗路99号,117.207336,31.866859
16140,合肥市南门小学森林城校区,school_primary,141203,四里河街道固镇路与蓝莓路交叉口,117.23188,31.889692
16141,合肥市颐和佳苑小学青阳路校区,school_primary,141203,青阳路与长岗路交汇处东南角,117.242911,31.868497
16142,合肥市永红路小学,school_primary,141203,固镇路与橙香路交口,117.218664,31.889161
16143,合肥市凤凰城小学,school_primary,141203,史河路与潜山北路交叉口东150米,117.2324,31.86126
16144,十里庙小学,school_primary,141203,长江西路664号(西二环东侧),117.217896,31.85726
16145,合肥市蜀鑫路小学,school_primary,141203,创业大道与蜀鑫路交叉口东北80米,117.212105,31.862416
16146,十里庙小学(北区),school_primary,141203,十里庙小学北区(樊洼路南),117.220176,31.865109
16147,颐和佳苑小学金牛路校区,school_primary,141203,史河路(金牛路东侧),117.236367,31.861359
16148,育新小学,school_primary,141203,四里河银杏大街1号,117.240757,31.893234
16149,新城小学,school_primary,141203,井岗镇长江西路898号新加坡花园城内,117.200625,31.85632
16150,合肥市十里庙小学,school_primary,141203,樊洼路188号,117.225475,31.867475
16151,合肥市南门小学湖畔花园分校,school_primary,141203,十张路,117.207884,31.927739
16152,合肥市安庆路第三小学教育集团大杨分校,school_primary,141203,合淮路,117.210888,31.913491
16153,合肥市六安路小学中铁国际城校区,school_primary,141203,北二环与四里河路交叉口明发广场旁,117.23591,31.902342
16155,双凤明德小学,school_primary,141203,双凤工业区,117.249573,31.976557
16156,华城小学,school_primary,141203,金梅路,117.218488,31.98065
16157,合肥师范附小,school_primary,141203,中山路180号(中山路与西藏路交叉口),117.279665,31.730057
16158,合肥师范附属小学(南教学区),school_primary,141203,林芝路378号,117.277206,31.726636
16159,合肥市师范附属第四小学,school_primary,141203,四川路和杭州路交叉口,117.276697,31.719423
16160,合肥市师范附属第三小学,school_primary,141203,万泉河路与天山路交叉口东北160米,117.298356,31.748208
16161,屯溪路小学滨湖校区,school_primary,141203,洞庭湖路附近,117.294131,31.735616
16162,合肥师范附小二小,school_primary,141203,南京路与广西路交叉口南100米,117.289944,31.749475
17446,合肥大学,school_college,141201,合肥经开区锦绣大道99号,117.254286,31.752581
16163,金斗路小学,school_primary,141203,金斗西路与杭州路交叉口东南160米,117.295703,31.71753
16164,合肥市南宁路小学,school_primary,141203,云南路与成都路交汇处(滨湖竹园地铁站D口步行160米),117.262348,31.708537
16165,合肥市师范附属第四小学贵杭校区,school_primary,141203,杭州路与玉龙路交叉口东南140米,117.268389,31.71747
16166,合肥四川路小学,school_primary,141203,成都路2528号,117.27456,31.70725
16167,合肥市师范附属实验小学(卧云校区),school_primary,141203,卧云路,117.256368,31.727218
16168,168小学,school_primary,141203,紫蓬路与习友路交叉口东南260米,117.272775,31.746175
16170,合肥市南门小学海恒分校,school_primary,141203,宿松路水木园,117.277629,31.764111
16171,合肥一六八玫瑰园北校教育集团习友小学,school_primary,141203,繁华大道加桥悦湖公馆对面,117.261322,31.781004
16172,合肥市习友小学(原校区),school_primary,141203,轩辕路222号,117.264014,31.77727
16173,合肥市建平实验小学南艳分校,school_primary,141203,海恒社区慈光路2号,117.270925,31.766102
16174,合肥市徽州小学(南校区),school_primary,141203,美丹路美丹家园南边,117.282867,31.778742
16175,合肥市建平实验小学南艳分校北校区,school_primary,141203,经济开发区海恒社区慈光路2号,117.269629,31.770634
16177,合肥市屯溪路小学,school_primary,141203,曙光路105号,117.276835,31.845498
16178,合肥市青年路小学,school_primary,141203,徽州大道,117.286526,31.846088
16179,合肥市曙光小学,school_primary,141203,桐城南路389号(近省电力公司),117.280689,31.839494
16180,合肥市卫岗小学(东校区),school_primary,141203,青年路325号(秋浦河路地铁站C口步行270米),117.299638,31.821113
16181,合肥市望湖小学(西区),school_primary,141203,高铁路北侧,117.297241,31.801404
16182,合肥市稻香村小学教育集团(肥西路校区),school_primary,141203,太湖路与肥西路交叉口西南角,117.257811,31.834024
16183,合肥市卫岗小学(北区),school_primary,141203,合肥市包河区望江东路与宁国南路交口向东100米,117.293829,31.828968
16184,稻香村小学(望江路校区),school_primary,141203,稻香村街道水阳江路与肥西路交叉路口东北侧(金隅南七里),117.258712,31.823817
16185,合肥市太湖路小学,school_primary,141203,太湖路太湖新村内,117.267591,31.831699
16186,合肥市卫岗小学南区,school_primary,141203,青年路176号,117.289993,31.827806
16187,安徽医科大学附属小学,school_primary,141203,梅山中路69号,117.265007,31.846925
16188,合肥市曙光小学龙图校区,school_primary,141203,桐城南路与祁门路交汇处(竹西地铁站1号口步行250米),117.277488,31.806237
16189,合肥市锦城小学,school_primary,141203,龙图路与南屏路交叉口(南屏路地铁站3号口步行470米),117.256699,31.806818
16190,合肥市青年路小学(斛兵塘校区),school_primary,141203,九华山路7号,117.293759,31.839802
16191,合肥市阳光小学,school_primary,141203,马鞍山路世纪阳光花园内,117.298513,31.837749
16192,合肥市曙宏小学,school_primary,141203,桐城南路与牧童路交口,117.276921,31.824276
16193,合肥市徽州小学,school_primary,141203,东流路176号江汽车一村内,117.280924,31.811627
16194,合肥市屯溪路小学教育集团西递小学,school_primary,141203,西递路与黟县路交叉口,117.263063,31.811347
16195,香樟雅苑小学,school_primary,141203,合作化南路附近,117.250612,31.832729
16196,合肥市西园新村小学北校教育集团(安大校区),school_primary,141203,西园街道肥西路3号,117.258565,31.84186
16197,合肥市青年路小学(南区),school_primary,141203,徽州大道1158号银杏苑小区,117.28956,31.82239
16200,合肥市南园学校,school_primary,141203,青弋江路与桐江路交叉口南200米,117.27732,31.834859
16201,合肥市南门小学,school_primary,141203,徽州大道169号,117.285738,31.857168
16202,合肥市红星路小学,school_primary,141203,逍遥津街道无为路28号雍景苑2幢,117.291422,31.85951
16203,合肥市南门小学桐城路校区,school_primary,141203,桐城路173号,117.279765,31.85922
16204,合肥市亳州路小学,school_primary,141203,亳州路43号,117.265762,31.875718
16205,安庆路第三小学,school_primary,141203,安庆西路255号(三孝口地铁站F口步行470米),117.271288,31.861836
16206,逍遥津小学,school_primary,141203,寿春路125号北含山路南侧,117.292979,31.865531
16207,合肥市琥珀小学,school_primary,141203,琥珀南村46栋104,117.264268,31.862769
16208,合肥市六安路小学(阜南路校区),school_primary,141203,阜南路66号,117.284321,31.870767
16209,合肥市六安路小学(寿春路校区),school_primary,141203,寿春路181号,117.288799,31.866026
16210,合肥市南国花园小学(和煦园校区),school_primary,141203,义井路,117.275117,31.884351
16211,双岗小学,school_primary,141203,中市区濉溪路89号,117.285886,31.878168
16212,合肥市庐阳实验小学,school_primary,141203,海棠街道茨河路10号,117.269793,31.891703
16213,乐农新村小学长江路校区,school_primary,141203,长江西路184号(移动大厦对面),117.259121,31.856536
16214,淮河路第三小学,school_primary,141203,蒙城路79号B-201,117.277051,31.867804
16215,合肥市长江路第三小学(兰亭分校),school_primary,141203,双岗街道阜阳北路215号,117.286937,31.88319
16216,红星路小学国际部,school_primary,141203,凤淮路与固镇路交叉口东150米,117.265706,31.89482
16217,合肥市南国花园小学(滨水城校区),school_primary,141203,义井路1号(郑河地铁站2号口步行470米),117.26877,31.884192
16219,合肥市长江路第二小学(橡树湾校区),school_primary,141203,昆仑路附近,117.261576,31.891149
16220,合肥市长江路第三小学海棠花园校区,school_primary,141203,凤台路207号,117.276714,31.889593
16221,合肥市虹桥小学,school_primary,141203,荣事达大道226号,117.288085,31.875595
16222,四河小学,school_primary,141203,亳州路街道濉溪路435号,117.252092,31.875467
16223,合肥市西园新村小学北校西园校区,school_primary,141203,西园新村西园路3号,117.25714,31.850157
16224,合肥乐农新村小学奥林校区,school_primary,141203|141201|170200,,117.251622,31.869268
16226,杏林小学,school_primary,141203,荣事达大道558号,117.289356,31.896755
16228,南门小学上城国际分校,school_primary,141203,杏林南门小学上城国际分校(利辛路),117.281332,31.896421
16229,胜利路小学窑湾校区,school_primary,141203,淝滨路8号,117.298386,31.870494
16230,琥珀小学(西区),school_primary,141203,清溪路翠竹园b区内,117.256974,31.868708
16231,元一名城小学,school_primary,141203,青龙路200号元一名城C区南门旁边,117.297599,31.891092
16233,小雅国学,school_primary,141203,合肥南含山路省委门面房,117.293971,31.861211
16234,合肥市六安路小学清澜分校,school_primary,141203,淮北路251号,117.262881,31.902797
16235,安庆路第三小学(灵溪校区),school_primary,141203,丽水路与清河路交叉口东北120米,117.265404,31.930022
16236,合肥市六安路小学荣城花园分校,school_primary,141203,庐阳工业区庐阳工业区(林店街道)凌湖路189号,117.273796,31.911975
16237,合肥市逍遥津小学(金都华庭校区),school_primary,141203,涡阳路13号,117.279639,31.903807
16238,红星路小学北环阳光校区,school_primary,141203,北二环与嘉山路交口新华物流园后红星路小学旁十字路口二楼,117.289772,31.904159
16239,合肥市南门小学(恒盛·皇家花园校区),school_primary,141203,耀远路与丽水路交口西北角,117.268678,31.921291
16240,六安路小学教育集团蒙城路校区,school_primary,141203,灵璧路与蒙城北路交口西北角,117.272639,31.903086
16241,合肥市六安路小学淮北路校区,school_primary,141203,蒙城北路与淮北路交口西北角,117.26943,31.909299
16242,安庆路第三小学(云锦校区),school_primary,141203,荷塘路50-4号楼,117.270058,31.939611
16244,阿奎利亚学校,school_primary,141203,双凤经济开发区,117.260437,31.95362
16245,半岛小学,school_primary,141203,双凤开发区凤巢路半岛1号(北区),117.252971,31.993753
16246,长丰县金峰路小学,school_primary,141203,金峰路,117.265919,31.972537
16247,长丰银河苑小学,school_primary,141203,谷河路北城银河苑,117.291699,31.989172
16248,长丰县双凤开发区凤霞小学,school_primary,141203,双凤工业区凤霞社区,117.28065,31.976515
16249,老军小学,school_primary,141203,金海路与阜阳北路辅路交叉口西40米,117.262364,31.96712
16252,合肥市望湖小学洞庭湖路校区,school_primary,141203,洞庭湖路2188号,117.312314,31.735566
16253,合肥市云谷路小学,school_primary,141203,云谷路与华山路交汇处(华山路地铁站A口步行260米),117.312208,31.714117
16254,合肥市师范附属第三小学华山路校区,school_primary,141203,华山路,117.311935,31.745098
16255,合肥市杭州路小学,school_primary,141203,杭州路与庐山路交叉口东北120米,117.305412,31.719024
16256,上海路小学,school_primary,141203,上海路与福州路交口东北角,117.339819,31.744832
16257,滨湖新区万嵩小学,school_primary,141203,方兴社区万泉河路与嵩山路交口东北角,117.316738,31.74792
16258,合肥市青年路小学教育集团黄河路小学,school_primary,141203,黄河路与河南路交汇处东南角,117.343944,31.765969
16259,合肥市师范附属第三小学南京路校区,school_primary,141203,南京路与嵩山路交口,117.314462,31.751636
16260,包河苑小学,school_primary,141203,长春街包河苑小区内,117.321311,31.796547
16261,合肥实验学校(西宁路校区),school_primary,141203,西宁路与内蒙路交汇处西北角,117.333005,31.789006
16263,外国语第二小学,school_primary,141203,铜陵路辅路与南淝河路交叉口西南100米,117.311578,31.839574
16264,合肥市望湖小学,school_primary,141203,呈坎路318号(望湖城南地铁站1号口步行330米),117.302124,31.808214
16265,合肥市淝河小学,school_primary,141203,淝河路385号,117.327138,31.830162
16266,合肥市幸福路小学,school_primary,141203,幸福路19号,117.348675,31.8397
16267,合肥市屯溪路小学教育集团观澜小学,school_primary,141203,历口路与太平湖路交叉口东南角,117.328665,31.804959
16268,合肥市螺岗小学,school_primary,141203,合裕路1048号,117.331214,31.84956
16269,葛大店小学(南校区),school_primary,141203,高铁路1166号(葛大店南地铁站3号口步行500米),117.313292,31.805146
16270,葛大店小学,school_primary,141203,葛大店社(葛大店南地铁站4号口步行350米),117.311304,31.810111
16271,合肥市隆岗小学,school_primary,141203,合裕路1477号,117.321562,31.847407
16272,谢岗小学,school_primary,141203,城东乡周谷堆村南淝河路673号,117.301463,31.842665
16273,合肥市包河区外国语第一实验小学,school_primary,141203,巢湖南路88号元一柏庄内,117.31999,31.84204
16274,合肥市屯溪路小学教育集团同安校区,school_primary,141203,同安街道至德路,117.315452,31.833823
16277,合肥市和平小学,school_primary,141203,和平路237号,117.314893,31.856074
16278,合肥市大通路小学,school_primary,141203,大通路17号,117.318004,31.858217
16279,合肥市和平小学东校,school_primary,141203,南陵路189号,117.323284,31.852879
16280,合肥市方桥小学,school_primary,141203,物流大道瑶海家园(新海公园地铁站3号口步行320米),117.33849,31.896471
16281,合肥市长淮新村小学,school_primary,141203,琅琊山路14号,117.305722,31.875449
16282,合肥市七里塘小学,school_primary,141203,新蚌埠路,117.309857,31.897708
16283,滁州路小学,school_primary,141203,滁州路258号(大东门地铁站E口步行340米),117.304292,31.865727
16284,蚌埠路第四小学,school_primary,141203,泗洲路蚌埠路63号,117.331062,31.869774
16285,胜利路小学,school_primary,141203,胜利路与明光路交口建设小区8栋,117.302335,31.869822
16286,竹溪小学西校,school_primary,141203,颍河路与符离路交叉口东160米,117.315709,31.895825
16287,蚌埠路第二小学,school_primary,141203,长江东路879号(三里街地铁站B口步行450米),117.316119,31.86653
16288,竹溪小学,school_primary,141203,瑶海西路,117.323705,31.890411
16289,合肥市巢湖路小学,school_primary,141203,巢湖路219号(屯溪路北侧),117.304285,31.857532
16290,合肥市大通路小学东校区,school_primary,141203,花冲路与龙塘路交汇处西,117.330461,31.859282
16291,合肥市瑶海实验小学,school_primary,141203,全椒路76号,117.313889,31.871903
16292,临泉路第二小学,school_primary,141203,临泉路胜利小区内(近张洼路),117.30174,31.883983
16293,合肥市香格里拉小学,school_primary,141203,临泉路东路与拥军路交叉口森海豪庭19-3号,117.336916,31.878212
16294,和平小学(南区),school_primary,141203,繁昌路5号,117.311888,31.852274
16295,临泉路第一小学,school_primary,141203,定远路橘郡万绿园小区内,117.328084,31.874496
16296,合肥市蚌埠路第五小学,school_primary,141203,土山路96号2栋,117.341451,31.864711
16297,合肥市和平小学第四小学,school_primary,141203,胜利路88号(合肥火车站地铁站C口步行490米),117.311062,31.88191
16298,合肥市新安江路小学,school_primary,141203,土山路1号,117.342951,31.857022
16299,合肥市滁州路小学(东校区),school_primary,141203,戴安桥巷2-4号,117.308211,31.86617
16302,合肥市少儿艺术学校教育集团双龙分校,school_primary,141203,白龙路与青龙路交口的东北角,117.3044,31.890887
16303,合肥市少儿艺术学校(当涂路校区),school_primary,141203,东二环路(东七里地铁站6号口步行350米),117.33732,31.872431
16304,合肥市七里塘小学北区,school_primary,141203,新蚌埠路237号(兴华苑地铁站D口步行410米),117.312427,31.905894
16305,合肥一六八新店花园学校小学,school_primary,141203|141202,淮海大道与新蚌埠路交口新店花园小区旁,117.321897,31.936728
16306,合肥市秋浦小学,school_primary,141203,物流大道777号,117.3004,31.908395
16307,兴海苑小学,school_primary,141203,萧城路5号,117.306046,31.902212
16308,合肥市兴华苑小学,school_primary,141203,兴华苑A区内,117.322387,31.904906
16309,淮合花园小学,school_primary,141203,九顶山路与天一路交叉口东100米,117.303717,31.92689
16311,凤麟兰庭小学,school_primary,141203,双凤开发区淮南路凤麟兰庭附近,117.300732,31.949335
16312,新店小学,school_primary,141203,三十头镇新店村,117.320085,31.947292
16314,合肥一六八陶冲湖中学,school_primary,141202|141203,淮海大道与荆山路交口,117.334804,31.939464
16315,合肥市七里塘小学鹤翔园校区,school_primary,141203,李湾路与禹会路交口,117.316206,31.992366
16316,合肥市东元家园小学,school_primary,141203,三十头镇魏武路与新蚌埠路交叉口西北角东元家园三期旁,117.335106,31.977343
16317,福州路小学,school_primary,141203,南淝河路与福州路交口西南角,117.35734,31.743091
16318,合肥市包河区特殊教育学校,school_primary,141203,大圩镇晓南村,117.384155,31.763826
16319,金葡萄小学(北区),school_primary,141203,金葡萄D区对面,117.373807,31.776578
16320,包河区黑龙江路小学(建设中),school_primary,141203,黑龙江路与规划路交叉口北340米,117.36645,31.763119
16321,和平小学新校区,school_primary,141203,滨河路与广德路交叉口西北120米,117.355525,31.831866
16322,和平小学第二小学,school_primary,141203,大兴镇兴油路17号,117.367779,31.841863
16323,肥东县宝翠园小学,school_primary,141203,育才路与宣小路交口西南角,117.398625,31.829333
16324,合肥市和平小学新校(东区),school_primary,141203,裕溪路大兴镇政府东侧1300米,117.394268,31.83412
16325,宋村小学,school_primary,141203,淝河镇南淝河路卫乡村,117.351464,31.819113
16326,肥东县明德小学,school_primary,141203,大兴镇建华小区,117.396233,31.821309
16327,合肥市马岗实验小学,school_primary,141203,马岗路与军民巷交叉口东南100米,117.374503,31.867431
16328,合肥市和平小学教育集团郎溪路小学,school_primary,141203,郎溪路,117.360376,31.880066
16329,合肥市园上园小学,school_primary,141203,汴河路,117.354606,31.886927
16330,合肥市大通路小学(长乐校区),school_primary,141203,大兴镇长临路与广德路交叉口向西100米,117.363215,31.857335
16331,合肥市琥珀名城小学,school_primary,141203,临泉东路与吴敬梓路交口合肥市第五十五中学琥珀名城校区附近,117.37871,31.872797
16332,合肥市马岗实验小学(南区),school_primary,141203,新安江路,117.37948,31.858567
16333,合肥市行知小学,school_primary,141203,长江东路176号,117.355634,31.872213
16334,合肥市琥珀名城小学教育集团明皇路小学,school_primary,141203,明皇路与王岗路交叉口东260米,117.392221,31.881758
16335,合肥市园上园烈山路小学,school_primary,141203,涣水路与口孜路交叉口东南160米,117.392964,31.898622
16336,大通路小学新海校区,school_primary,141203,长临路,117.350505,31.859592
16337,合肥市和平小学第三小学,school_primary,141203,门台路与戚继光路交汇处东北侧,117.386653,31.866947
16338,合肥市和平小学(瑶海湾分校),school_primary,141203,乐水路与龙岗路交叉口西北角,117.372731,31.850957
16339,合肥市琥珀名城小学第二小学,school_primary,141203,龙岗综合经济开发区大众路与古河路交口,117.397706,31.88637
16340,合肥市大店小学,school_primary,141203,大众路与长江东路交汇处西380米,117.392915,31.869729
16341,合肥市少儿艺术学校(站塘校区),school_primary,141203,明皇路与和县路交口,117.351921,31.879523
16343,合肥高升学校(东校区),school_primary,141203,临泉东路与通达路交叉口,117.370057,31.876505
16344,少儿艺术学校(广德路校区),school_primary,141203,规划支路与广德路交叉口东北240米,117.368128,31.871057
16345,团(瑶海湾校区),school_primary,141203|141400,姑山路与河滨西路交叉口西南140米,117.369975,31.852325
16346,合肥市竹溪小学(少荃湖校区),school_primary,141203,少荃街与前岭路交叉口东南160米,117.370161,31.941839
16347,合肥市园上园小学(喻岗分校),school_primary,141203,鲁班路,117.372287,31.906021
16348,合肥市关井小学,school_primary,141203,学林路,117.369323,31.922119
16349,合肥市伦先小学,school_primary,141203,淮海大道北100米,117.353358,31.931981
16350,竹溪小学(梦溪路校区),school_primary,141203,梦溪路与学林路交叉口东北角,117.391222,31.916961
16351,合肥市兴华苑小学(相山路校区),school_primary,141203,新站区相山路与梦溪路交叉口西南角,117.386386,31.940172
16352,合肥幼儿师范高等专科学校学林路校区,school_primary,141203,浍南路与鲁班路交叉口西280米,117.377075,31.921125
16353,合肥市南门小学教育集团荃湖小学,school_primary,141203,青龙山路与通济路交叉口西南角,117.396657,31.961234
16354,卧龙路小学(建设中),school_primary,141203,铜陵北路1683号,117.359775,31.953775
16355,肥东县新安小学,school_primary,141203,龙塘工业园燎原大道,117.435698,31.829715
16356,肥东尚真花园小学,school_primary,141203,店埠镇御景花园东边桥头集路边上,117.449691,31.880958
16357,合肥师范附属小学肥东分校,school_primary,141203,撮镇镇大费村,117.406227,31.85245
16358,肥东县古河路小学,school_primary,141203,古河路与桂王路交叉口东南150米,117.445737,31.88693
16359,肥东县实验小学(祥和路校区),school_primary,141203,包公大道与祥和路交口北100米,117.427448,31.893749
16361,安徽师范大学附属肥东实验学校小学部,school_primary,141203,护城路与安居路交叉口西160米,117.417425,31.874275
16362,合肥市和平小学教育集团乐水小学,school_primary,141203,临涣路1819号(相城路地铁站C口步行440米),117.407729,31.920583
16363,合肥市园上园小学(学府路校区),school_primary,141203,君山路与龙子湖路交口东南角向东200米,117.406036,31.933952
16364,群治小学,school_primary,141203,磨店乡群治村,117.408067,31.94999
16365,平和希望小学,school_primary,141203,磨店乡沿河村,117.440982,31.939915
16366,梁园志高小学,school_primary,141203,家阔农庄,117.443165,31.903411
16367,王宗二小学,school_primary,141203,长乐乡,117.482165,31.736938
16368,长临河学区星二小学,school_primary,141203,,117.462891,31.724215
16369,长临河学区阳光小学,school_primary,141203,026县道,117.488207,31.70007
16370,李六集小学,school_primary,141203,撮镇镇李六村李六路,117.452688,31.749464
16371,肥东县东城实验小学,school_primary,141203,蔚然路与日出路交叉口西南180米,117.47908,31.8483
16372,肥东县东城实验小学富马校区,school_primary,141203,撮镇路富马庄园西南门斜对面,117.471724,31.83719
16373,肥东县实验小学三和校区,school_primary,141203,四顶山路和众欢路交口东南侧,117.491656,31.813775
16374,瑶岗小学,school_primary,141203,瑶岗村团结路,117.452368,31.848454
16375,撮镇学区中心学校,school_primary,141202|141203,撮镇南大街113号,117.465121,31.822797
16376,撮镇中心学校,school_primary,141202|141203,宣坝路与裕溪路交叉口东北220米,117.475925,31.815725
16377,肥东县第六中学,school_primary,141202|141203,沙河路与桂王路交叉口东南120米,117.450896,31.867625
16378,肥东县实验小学,school_primary,141203,店埠镇临河东路,117.466589,31.88456
16379,肥东县虎山路小学,school_primary,141203,桥头集路附近,117.458359,31.875443
16380,肥东县实验小学(浮槎路校区),school_primary,141203,店埠镇浮槎路与草庙东路交口,117.475537,31.877952
16381,育红小学,school_primary,141203,东庵路11号(东庵街北侧),117.471167,31.884848
16382,肥东县城关小学,school_primary,141203,店埠镇古城路12号,117.460079,31.879274
16383,肥东县店埠学区北苑小学,school_primary,141203,元店路,117.468328,31.895321
16384,肥东县新安江路小学,school_primary,141203,新安江路与南北院路交叉口西北140米,117.461945,31.868727
16385,肥东县浍水路小学,school_primary,141203,泗水路与桥头集路交口,117.452122,31.89516
16386,肥东县白衣小学,school_primary,141203,店埠镇八斗路,117.474751,31.890626
16390,店埠学区新庄小学,school_primary,141203,团结大道与岱河路交叉口,117.484234,31.901636
16391,肥东县牌坊学校,school_primary,141203,牌白路,117.483025,31.952225
16392,民族小学,school_primary,141203,众牌路,117.479021,31.966603
16393,华光明德小学,school_primary,141203,桥头集镇马龙山花炮厂,117.545598,31.700619
16394,复兴中学-复兴学校小学部,school_primary,141203,复兴学校小学部西南门旁,117.5208,31.735922
16395,山王辅导小学,school_primary,141203,桥头集镇(山王中学附近),117.5311,31.793112
16396,张许小学,school_primary,141203,店埠镇张许村,117.530135,31.840291
16397,店埠学区马场小学,school_primary,141203,店埠镇石塘路,117.509958,31.889182
16398,西山驿学校第二小学,school_primary,141203,店埠镇西山驿第二小学,117.533297,31.855408
16399,肥东县东城实验小学教育集团得心路校区,school_primary,141203,得心路与龙泉路交叉口西200米,117.507474,31.853348
16400,店埠镇花滩民族小学,school_primary,141203,店埠镇花滩村,117.504442,31.915189
16401,肥东金龙学校(锦弘中学小学部),school_primary,141203,梁园镇路口乡,117.519112,31.945111
16403,民主小学,school_primary,141203,龙塘镇大费村,117.515055,31.966668
16404,油坊小学,school_primary,141203,329国道与050乡道交叉口西南60米,117.535143,31.963709
16405,合肥市第四十二中学·紫云湖分校,school_junior,141202,华三路与国三路交口,117.101399,31.765452
16406,合肥市五十中学东校(振兴校区),school_junior,141202,振兴路与白莲岩路交叉口,117.148432,31.877706
16407,合肥市琥珀中学教育集团南岗校区,school_junior,141202,大别山路,117.128167,31.85783
16408,合肥八中铭传高中教育集团初中部,school_junior,141202,上派镇人民西路88号,117.157363,31.704528
16409,合肥大地学校,school_junior,141202,上派镇环城东路祥和家园108号,117.178694,31.717318
16410,合肥长江中学-万思教育,school_junior,141202,金寨南路36号,117.151026,31.711689
16411,合肥市第四十五中学芙蓉分校北校区,school_junior,141202,仙人路,117.197384,31.792647
16412,合肥一六八玫瑰园学校(九龙路校区中学部),school_junior,141202,经开区九龙路与石门路交口,117.189221,31.779399
16413,合肥市第四十五中芙蓉分校南校区,school_junior,141202,翠微路500号,117.199131,31.785776
16414,汤口路中学,school_junior,141202,汤口路688号,117.16527,31.775515
16415,合肥市第六十二中学,school_junior,141202,玉兰大道3号,117.163726,31.808379
16416,肥西县桃花初级中学,school_junior,141202,桃花镇樱花路8号,117.166401,31.806278
16417,合肥市梦园中学,school_junior,141202,习友路与浮山路交口东北角旭辉湖山源著小区,117.156302,31.824016
16418,合肥安生学校,school_junior,141202,蜀山产业园玉镜路88号,117.169976,31.866784
16419,衡安学校,school_junior,141202,朝阳路与育才路交叉口,117.157057,31.963135
16420,合肥新桥中学,school_junior,141202,岗集镇岗集派出所隔壁,117.173196,31.959515
16422,合肥一六八玫瑰园临湖学校(初中部),school_junior,141202,,117.24414,31.708513
16423,润安公学,school_junior,141202,翠微路与石鼓路交叉口东100米北门,117.207483,31.783645
16424,合肥一六八玫瑰园学校东校区,school_junior,141202,莲花社区经开区铜冠花园对面,117.216055,31.778491
16425,合肥一六八玫瑰园东校教育集团经开实验学校,school_junior,141202,经济开发区桃源路158号,117.212236,31.751124
16426,合肥八中铭传高中教育集团翡翠湖初级中学,school_junior,141202,翡翠路与照山路东北角,117.210038,31.768412
16427,合肥八中教育集团铭传高中初中部翡翠湖初级中学(东校区),school_junior,141202,丹霞路264号,117.225694,31.766648
16428,合肥市第十七中学(南区),school_junior,141202,金寨南路257号,117.238402,31.798154
16429,合肥市五十中学天鹅湖教育集团潜山路校区,school_junior,141202,潜山路102号,117.234286,31.798776
16430,合肥皖智高复补习学校,school_junior,141202,芙蓉路650号,117.22248,31.788263
16431,合肥市五十中学天鹅湖教育集团天鹅湖校区,school_junior,141202,致真路1号(省博物院地铁站A口步行440米),117.217013,31.802997
16432,合肥市第十七中学,school_junior,141202,望江西路180号,117.245404,31.831521
16433,合肥市五十中学西校教育集团贵池路校区,school_junior,141202,贵池路55号,117.233471,31.84664
16434,合肥市五十中学天鹅湖教育集团蜀外校区,school_junior,141202,东流路277号,117.247074,31.81576
16435,合肥市五十中学望岳校区,school_junior,141202,岳西路101号,117.224673,31.830785
16436,合肥市五十中学西校教育集团合作化路校区,school_junior,141202,合作化路与黄山路交汇处西北角,117.249812,31.842788
16437,合肥市皖安中学,school_junior,141202,望江西路205号航鑫家苑内,117.239909,31.828652
16438,合肥市第四十五中学森林城校区,school_junior,141202,固镇路附近,117.231678,31.891759
16439,合肥市金湖中学,school_junior,141202,井岗镇创业大道与希望路路口,117.204441,31.859095
16440,合肥西苑中学,school_junior,141202,合作化北路123号,117.249704,31.861612
16441,合肥市第四十五中(固镇路校区),school_junior,141202,固镇路42号,117.24961,31.892578
16442,琥珀中学教育集团(龙居山庄校区),school_junior,141202,潜山北路498号(合肥西站地铁站2号口步行200米),117.235634,31.868134
16443,合肥市颐和中学,school_junior,141202,史河路36号,117.236721,31.862815
16444,合肥市第四十二中学教育集团中铁国际城校区,school_junior,141202,清源路842号,117.225326,31.900743
16445,合肥市第四十二中学湖畔分校,school_junior,141202,四里河路41号,117.208977,31.921028
16446,合肥市第四十二中学北城世纪城校区,school_junior,141202,双凤开发区梅冲湖社区学府路与滁河北路交叉口东南,117.236882,31.997094
16447,北城力高学校,school_junior,141202,双墩镇金梅路104号,117.248988,31.97436
16448,合肥市第四十六中学,school_junior,141202,西藏路2658号,117.283406,31.739288
16449,合肥市第四十六中学南校区,school_junior,141202,西藏路2726号,117.279539,31.714571
16450,合肥市第四十八中学教育集团嘉陵江路中学,school_junior,141202,嘉陵江路166号,117.296049,31.702976
16451,合肥市第四十六中学教育集团南宁路中学,school_junior,141202,云南路与南宁路交汇处,117.262715,31.706917
16452,新康中学,school_junior,141202,徽州大道和花园大道交叉口、地铁一号线高王站西侧,117.284469,31.775972
16453,合肥一六八玫瑰园北校习友校区,school_junior,141202,繁华大道与加福路交叉口西北260米,117.258772,31.781524
16454,合肥一六八玫瑰园学校(中学部),school_junior,141202,明德路1号,117.275765,31.752099
16456,合肥市五十中学东校(望江路校区),school_junior,141202,肥西路9号,117.255394,31.825051
16457,合肥市第四十八中学教育集团西递中学,school_junior,141202,宏村路与黟县路交汇处,117.265308,31.809697
16458,合肥市第六十五中学,school_junior,141202,望江东路341号,117.297159,31.827729
16459,合肥南园学校南校区,school_junior,141202,太湖路168号(市第三医院地铁站F口步行450米),117.274706,31.83269
16460,中国科学技术大学附属中学-南区,school_junior,141202,徽州大道1129号南区1栋,117.280825,31.821475
16461,合肥市第六十九中学,school_junior,141202,洪岗路75号(太湖支路),117.262862,31.833643
16463,合肥市第四十五中学桐城路校区,school_junior,141202,桐城路103号,117.280025,31.855023
16464,合肥市庐阳中学,school_junior,141202,固镇路78号,117.27409,31.895231
16465,合肥市第四十五中学橡树湾校区,school_junior,141202,凤台路1768号,117.261233,31.890197
16466,合肥市五十中学东校西园校区,school_junior,141202,肥西路65号,117.258498,31.850492
16467,合肥寿春中学南国校区,school_junior,141202,濉溪路夏店路中段(南国花园西侧),117.270045,31.881299
16468,合肥四十五中学(六安路校区),school_junior,141202,六安路65号,117.281601,31.864443
16469,合肥四十五中学(长丰路校区),school_junior,141202,濉溪路347号,117.259831,31.877326
16470,合肥市庐阳中学凤台路分校,school_junior,141202,合瓦路170号,117.280163,31.893636
16471,合肥市第四十八中学(芜湖路校区东区),school_junior,141202,芜湖路106号,117.287917,31.854221
16472,合肥市琥珀中学琥珀山庄校区,school_junior,141202,琥珀大道(花园路南侧),117.264462,31.868007
16473,合肥市第四十七中学,school_junior,141202,五河路227号,117.281374,31.876251
16474,合肥市第三十八中学嘉山路校区,school_junior,141202,嘉山路38中青龙路门,117.299226,31.891095
16475,合肥市第四十八中学芜湖路校区西区,school_junior,141202,,117.280929,31.850708
16476,合肥市琥珀中学五里墩校区,school_junior,141202,合作化北路152号,117.252158,31.859836
16479,合肥市第四十五中学菱湖分校,school_junior,141202,庐阳经开区清河路(六中菱湖校区地铁站B口步行240米),117.268168,31.92859
16480,长丰县梅冲湖中学,school_junior,141202,登梅路与阜阳北路交叉口西行100米,117.258541,31.991441
16481,长丰县双墩初级中学,school_junior,141202,双墩镇双兴路,117.270781,31.993862
16482,长丰县凤庆路初级中学(建设中),school_junior,141202,长丰(双凤)经开区金兰路与凤庆路交口东南角,117.2649,31.977436
16483,合肥市第四十八中学滨湖教育集团万泉河路校区,school_junior,141202,万泉河路2270号,117.300783,31.748589
16484,合肥市第四十八中学滨湖教育集团华山路校区,school_junior,141202,万泉河路1800号,117.312343,31.748237
16485,中山路中学,school_junior,141202,中山路与华山路交汇处,117.312291,31.732536
16486,庐州大道中学,school_junior,141202,庐山路与金斗路交叉口西南180米,117.303209,31.721194
16487,合肥实验学校(包河花园校区),school_junior,141202,长春街99号,117.341193,31.798236
16488,合肥市第四十六中学教育集团黄河路中学,school_junior,141202,上海路与黄河路交汇处西北角,117.336292,31.767915
16489,合肥实验学校九珑湾校区,school_junior,141202,乌鲁木齐路1680号,117.319819,31.790401
16490,合肥市第四十八中学(望湖校区),school_junior,141202,呈坎路298号,117.301173,31.810301
16491,合肥市第三十八中学新校,school_junior,141202,复兴路8号,117.346001,31.840867
16492,合肥市第五十五中学,school_junior,141202,合裕路1071号,117.328926,31.847656
16493,合肥市四十八中望湖教育集团(祁门路中学),school_junior,141202,北京路与祁门路交叉口(葛大店南地铁站D口步行410米),117.314321,31.812349
16494,合肥市四十八中学教育集团观澜中学(建设中),school_junior,141202,太平湖路,117.33083,31.806368
16495,合肥市第三十八中学和平校区,school_junior,141202,明光路29号,117.30922,31.85532
16496,合肥市育英中学,school_junior,141202,和平路街道肥东路6号,117.325417,31.85311
16497,合肥市第三十八中学大通路校区,school_junior,141202,大通路与东一环交叉口喜福楼大酒店旁,117.314175,31.860907
16498,合肥市第三十八中学北校,school_junior,141202,琅玡山路与金孔路交叉口,117.303021,31.876325
16499,合肥市第三十九中学,school_junior,141202,南陵路250号(东五里井地铁站A口步行390米),117.326818,31.866294
16500,合肥市第三十中学(东区),school_junior,141202,太极路与瑶海东路交叉口西100米,117.334957,31.888817
16501,合肥市行知学校南区,school_junior,141202,,117.341892,31.8561
16502,合肥市第三十中学,school_junior,141202,新蚌埠路1790号,117.316019,31.906628
16503,合肥一六八新店花园学校小学,school_junior,141203|141202,淮海大道与新蚌埠路交口新店花园小区旁,117.321897,31.936728
16504,合肥市淮合花园中学,school_junior,141202,天水路与九顶山路交口,117.30495,31.927099
16505,合肥市第八十二中学,school_junior,141202,喻湾路谷水路交叉口,117.307821,31.990496
16506,合肥新站中学教学点,school_junior,141202|141400,东方大道与新蚌埠路交叉口,117.331308,31.955825
16507,合肥市第四十六中教育集团广东路中学,school_junior,141202,广东路与福州路交叉口,117.355156,31.745197
16508,合肥市第五十六中学,school_junior,141202,淝河路196号,117.357521,31.798651
16509,合肥市第三十八中学兴海分校,school_junior,141202,大兴镇裕溪路274号,117.353193,31.845578
16510,合肥市第四十五中学(宝翠园分校),school_junior,141202,大众路与唐安路交口东北角,117.398416,31.827487
16511,合肥市庐东学校,school_junior,141202,合裕路(大兴镇政府南侧),117.38215,31.831899
16513,合肥市第五十五中学东校,school_junior,141202,王岗路(王岗地铁站D口步行480米),117.388101,31.873485
16514,合肥新站实验中学,school_junior,141202,瑶海社区天水路,117.364002,31.892089
16515,合肥市行知学校学苑校区,school_junior,141202,长江东路301号(漕冲地铁站B口步行120米),117.352649,31.867176
16516,合肥第三十八中学(东校区),school_junior,141202,戚继光路2号,117.387141,31.861601
16517,合肥市行知实验中学(站塘校区),school_junior,141202,明皇路与二十埠河路交叉口南120米,117.352632,31.878861
16518,合肥众望中学,school_junior,141202,明皇路与郎溪路交口史城社区,117.357879,31.878317
16519,合肥新站实验中学烈山路校区,school_junior,141202,口孜路与华池路交口东北角,117.392718,31.896769
16520,合肥市行知学校龙岗校区,school_junior,141202,长江东路67号,117.366606,31.872137
16521,合肥市第三十八中学(瑶海湾校区),school_junior,141202,龙岗路与乐水路交叉口西北侧,117.371247,31.850828
16522,合肥高升学校初中部,school_junior,141202,临泉东路与通达路交叉口东120米,117.370267,31.875869
16523,合肥市行知学校新安校区(装修中),school_junior,141202,冲南路与襄水路交叉口北140米,117.399425,31.865275
16524,合肥市庆平希望学校,school_junior,141202,文忠路,117.376808,31.938321
16525,肥东县第三中学清和校区,school_junior,141202,临泉东路24号,117.426187,31.883831
16526,安徽省肥东县龙泉路学校,school_junior,141202,店埠镇龙泉西路156号,117.449816,31.875911
16527,合肥市第四十八中学教育集团肥东分校,school_junior,141202,大费路与池河路交叉口西南180米,117.403466,31.851853
16529,肥东众兴中学,school_junior,141202,大众路与大高路交叉口西北200米,117.409442,31.989242
16530,肥东县撮镇中学,school_junior,141202,撮镇合马路62号,117.467498,31.815038
16531,撮镇学区中心学校,school_junior,141202|141203,撮镇南大街113号,117.465121,31.822797
16533,肥东第三中学(梁园路校区),school_junior,141202,店埠镇梁园路86号,117.471408,31.893775
16534,尚真中学,school_junior,141202,包公大道,117.481232,31.892104
16535,肥东县第六中学中学部,school_junior,141202,沙河路肥东县第六中学内正东方向43米,117.450798,31.869967
16536,肥东圣泉中学,school_junior,141202,227省道,117.48438,31.933062
16537,复兴学校,school_junior,141202,桥头集镇,117.520084,31.736318
16538,肥东县桥头集学校山王校区,school_junior,141202,桥头集镇山王新街,117.530808,31.794008
16539,安师大附属肥东实验中学,school_junior,141202,得心路与酿泉路口,117.505118,31.851711
16540,肥东志成双语学校,school_junior,141202,101省道西100米,117.528596,31.959713
17675,合肥新鑫幼教紫悦府幼儿园,kindergarten,141204,烈山路与浍水路交口,117.394932,31.898133
17676,上派幼教集团总园,kindergarten,141204,上派镇金星和园四期宝成路与滨河路交口,117.169932,31.738589
17677,创和幼教合肥高新区长宁家园幼儿园,kindergarten,141204,长宁大道801号,117.117427,31.817104
17678,合肥幼教集团禧悦新城幼儿园,kindergarten,141204,金海路与凤庆路交口南50米,117.266259,31.967749
17679,龙塘幼教集团紫玥台幼儿园,kindergarten,141204,新世界路2号,117.414215,31.8444
17680,合肥新鑫幼教时代锦园幼儿园,kindergarten,141204,新蚌埠路191号,117.311581,31.895197
17681,合肥幼教集团金寨路幼儿园,kindergarten,141204,金寨南路1043号,117.120728,31.687423
17682,龙塘幼教集团中海城幼儿园,kindergarten,141204,皇甫山路与池河路交叉口西北角,117.401475,31.85349
17683,肥东县三和幼教集团·太和园,kindergarten,141204,孙宗路义和家园,117.492,31.81545
17684,合肥幼教集团滨水花都幼儿园,kindergarten,141204,海恒社区管理委员会宿松路与慈光路交口滨湖国际花都内,117.278374,31.765007
17685,合肥创和幼教都汇华郡幼儿园,kindergarten,141204,林店街道汲桥路288号,117.260605,31.944445
17686,合肥幼教集团鹤琴幼儿园,kindergarten,141204,新站高新区武里山路兴华苑附近,117.321919,31.90357
17687,肥东撮镇大拇指幼儿园,kindergarten,141204,大郭路与东二新街交叉口南80米,117.477644,31.826691
17688,三味跨世纪儿童之家,kindergarten,141204,朝天门火锅店北侧,117.170207,31.81729
17690,合肥幼教集团高新区第二幼儿园,kindergarten,141204,高新技术产业开发区梧桐路与玉兰大道交口向东300米(御景城小区西南角),117.179301,31.816357
17691,合肥小森林幼教集团(双凤园),kindergarten,141204,凤梅家园63号103室,117.251013,31.978556
17692,肥西县直属机关幼儿园旺郢分园,kindergarten,141204,公园路与新华街交叉口北200米,117.173975,31.719986
17693,合肥新鑫幼教.万橡府幼儿园,kindergarten,141204,东方大道与烈山路交口,117.395067,31.941877
17694,华南城幼教集团(和园分园),kindergarten,141204,紫荆名都和园2号门东南340米,117.104635,31.76573
17696,合肥曙光教育(岗集校区),kindergarten,141204|141400,岗集镇富康路与业一路交叉口(祥和中央广场旁),117.195359,31.949844
17697,天鹅幼教,kindergarten,141204,淮街道临泉路与站西路交叉口长春都市花园,117.303059,31.885886
17698,稚趣园,kindergarten,141204|110000,新蚌埠路陶冲湖公园(西南角),117.328822,31.929383
17699,新安幼教集团总园,kindergarten,141204,新城云樾观棠东1门旁,117.460694,31.868101
17700,撮镇幼教集团中心园,kindergarten,141204,撮镇镇合马路131号,117.4744,31.813965
17701,蒲巴托育园,kindergarten,141204,滨湖新区锦绣淮苑小区内,117.282689,31.715114
17702,肥东经济开发区中心学校万和云锦幼儿园,kindergarten,141204,柳孜路与包公大道交口向南200米,117.417828,31.889534
17703,合肥幼教集团康利幼儿园,kindergarten,141204,慈光路,117.273166,31.769261
17704,合肥能量娃幼教,kindergarten,141204,新苑小区东北门旁,117.329793,31.873936
17705,小精灵幼儿园,kindergarten,141204,青年路174号卫岗小区,117.290534,31.827179
16541,紫云湖公园,park,110101,044县道,117.116277,31.749807
16542,水岸书香口袋公园,park,110101,站下路与上派路交叉口东160米,117.149627,31.716274
16543,莲湘舞健身口袋公园,park,110101,站下路与珍珠路东南角,117.147988,31.714857
16544,卞小河公园,park,110101,三岗路186号,117.141665,31.710843
16545,铜爵口袋公园,park,110101,金寨南路辅路与创新大道交叉口北60米,117.144465,31.705511
16546,劳动者之家口袋公园,park,110101,派河路与金寨南路交口东北角,117.146297,31.705944
16547,桃花潭公园,park,110101,繁华大道与文山路交汇处,117.14584,31.778498
16548,蜀西湖公园,park,110101,高新技术产业开发区长宁大道1880号,117.12351,31.838379
16549,蜀西湖沙滩公园,park,110101,长宁大道与规划二路交叉口东北120米,117.11631,31.834146
16550,欢肆公园,park,110101,龙湖合肥欢肆(复兴集地铁站C口步行430米),117.140269,31.815566
16551,华佗巷游园,park,110101,华佗巷与文曲路交叉口西北40米,117.139383,31.82778
16552,街角花园,park,110101,望江西路与浮山路交叉口西北角,117.148739,31.830779
16553,人才园,park,110101,柏堰湾路与长宁大道交叉口东340米,117.119091,31.811924
16554,樱花主题游园(建设中),park,110101,习友路与创新院支路交口,117.128579,31.822439
16555,蜀山城市运动公园,park,110101,激水路与山茶路交口东北角,117.143118,31.877387
16556,蜀山城市运动公园(西区),park,110101,玉蕾路以东、激水路以北、山茶路以西、迎真路以南,117.138873,31.877416
16557,街头游园,park,110101,创新大道,117.133922,31.857905
16558,户外公园,park,110101,爱民路东北40米,117.119434,31.896435
16559,桂香园,park,110101,长江西路与石莲北路交口东北角,117.126912,31.851222
16560,心平公园,park,110101,天龙路138号(桂庄地铁站D口步行350米),117.126567,31.853806
16561,创新大道两侧游园,park,110101,创新大道两侧,117.13385,31.856567
16562,安徽庐阳董铺国家湿地公园,park,110101,三国城路南侧,117.142806,31.919739
16563,瓜牛童心田园,park,110101,三十岗乡合三国城路198号庐阳区三十岗生态农业旅游区(东南角),117.139087,31.92463
16564,合肥三国新城遗址公园(暂停开放),park,110100|110202,三十岗乡公园路1号,117.131487,31.911309
16565,派园,park,110101,三河路与芮祠路交叉口东240米,117.172898,31.702246
16566,丽景湖公园,park,110101,潭冲路潭冲河湿地公园,117.174582,31.711946
16567,肥光口袋公园,park,110101,金寨路与紫石路交口,117.18188,31.739253
16568,潭冲河走廊公园,park,110101,仪武路与冬融路交叉口西南120米,117.180214,31.711466
16569,青龙潭公园,park,110101,青龙潭路19号,117.175688,31.720572
16570,海棠口袋公园,park,110101,金寨南路与派河大道交口南侧,117.167212,31.726624
16571,卞小河口袋公园,park,110101,周老圩路与金寨路辅路交叉口西北160米,117.157845,31.722052
16572,琥珀口袋公园,park,110101,散花路与天海路交口西南角,117.169204,31.748851
16573,幻新园,park,110101,三河路辅路与集贤路辅路交叉口,117.150211,31.735885
16574,遛园,park,110101,上派镇云谷路与肥光路交口东南,117.182876,31.7298
16575,新型家园运动口袋公园,park,110101,三河路与集贤路交口,117.152527,31.733855
16576,蝶翩口袋公园,park,110101,集贤路与王岗路东北角,117.151809,31.740974
16577,灯塔舞狮口袋公园,park,110101,潭冲湖路与青龙路辅路交叉口东60米,117.176748,31.708628
16578,法治文化广场,park,110101,人民路与站下路交叉口南40米(四十埠地铁站C口旁),117.15744,31.70883
16579,肥西县技能公园,park,110101,金寨南路7号,117.169195,31.733962
16580,新华街游园,park,110101,新华街与公园路交叉口西北60米,117.172744,31.718659
16581,仙霞路游园,park,110101,瑜城路与潭冲湖路交叉口西北160米,117.16394,31.708011
16582,肥西党校口袋公园,park,110101,振宁路与人民路交口北侧,117.152287,31.704158
16583,少年风采口袋公园,park,110101,乐平路与人民路交口西南角,117.154296,31.705308
16584,古埂公园,park,110100,龙飞明珠花园110号,117.174966,31.714667
16585,潭冲河湿地公园,park,110101,潭冲路,117.167266,31.706238
16586,派河健康主题公园,park,110101,上派镇包公路桥北桥头,117.173562,31.723499
16587,李湾体育口袋公园,park,110101,周老圩路与金寨南路交口西南角,117.158584,31.721274
16588,灯塔东路口袋公园(建设中),park,110101,潭冲路潭冲河湿地公园(芮祠地铁站D口步行420米),117.162952,31.703039
16589,翡翠公园,park,110101,石门路391号,117.197855,31.777538
16590,柏堰开放公园,park,110101,宁西路与翠竹路交叉口东北角,117.163251,31.790257
16591,集贤音乐公园,park,110101,繁华大道1011号,117.182741,31.781344
16592,繁华公园,park,110101,汤口路与延乔路交叉口西北200米,117.169277,31.773611
16593,长安时光口袋游园,park,110101,铭传路与翠竹路交口东北角,117.162924,31.795489
16594,安徽大学(磬苑校区)-自然公园,park,110101,至诚大道与独秀大道交叉口南160米,117.186481,31.761705
16595,安徽大学(磬苑校区)-南侧公园,park,110101,至诚大道与独秀大道交叉口东280米,117.189131,31.762744
16596,安徽大学(磬苑校区)-绿化公园,park,110101,至坚路与独秀大道交叉口西140米,117.184074,31.766347
16597,法制口袋公园,park,110101,书箱路与芙蓉路交叉口东北60米,117.194684,31.78862
16598,桃花口袋公园,park,110101,菖蒲路,117.154828,31.798894
16599,蜀峰湾体育公园,park,110101,黄山路与香樟大道交口西北角,117.191651,31.844318
16600,蜀山森林公园,park,110101,玉兰大道8号,117.170897,31.84159
16601,蜀峰湾南湖生态公园(蜀峰湾公园),park,110101,蜀峰湾,117.191642,31.839763
16602,明珠公园,park,110101,明珠大道与香樟大道交叉口,117.18354,31.80165
16603,习友路游园,park,110101,香樟大道192号,117.19453,31.81421
16604,低碳花园,park,110101,玉兰大道99号,117.188763,31.845143
16605,蜀山森林公园-梅园,park,110101,大蜀山南麓玉兰大道77号开福禅寺内,117.184924,31.83486
16606,合肥西扩公园,park,110101,枫林路,117.155609,31.84213
16607,易商数码口袋公园(建设中),park,110101,杭埠路与明珠路交口西南角,117.17095,31.802674
16608,香樟口袋游园(建设中),park,110101,香樟大道与长安路交口西北角,117.187559,31.807951
16609,半岛公园,park,110101,半岛路,117.190663,31.856236
16610,四季花海公园城市花园,park,110101,四季花海公园内(南侧),117.162534,31.854303
16611,四季花海公园C区,park,110101,四季花海公园,117.160898,31.867499
16612,桂湖园,park,110101,半岛路与湖光东路交叉口北420米,117.18959,31.867393
16613,蜀麓公园,park,110101,湖光路,117.160687,31.864484
16614,健身公园,park,110101,湖光路四季花海城市公园B区,117.162948,31.859136
16615,口袋体育公园,park,110101,半岛路13号,117.191,31.855793
16616,汊东渠公园,park,110101,半岛路与荷花路交叉口北160米,117.19097,31.856021
16617,水法主题公园,park,110101,四季花海城市公园C区,117.157703,31.868186
16618,四季花海公园,park,110101,湖光路四季花海城市花园,117.161477,31.862256
16619,金湖公园,park,110101,岗集镇金岗大道,117.191394,31.956895
16620,新月公园,park,110101,金炉路与壶天路交叉口北40米,117.202018,31.794713
16621,星际体育公园,park,110101,G4001合肥绕城高速与G4001合肥绕城高速入口交叉口东北180米,117.242862,31.790516
16622,迈乐小镇儿童体能公园,park,110101,金寨路与芙蓉路交口西南角,117.227291,31.783309
16623,合肥工业大学翡翠湖校区校内公园,park,110101,香樟西路合肥工业大学(翡翠湖校区),117.201687,31.772785
16624,那一家零食公园,park,110101,青龙潭路与仙女路交叉口东北120米,117.218991,31.765449
16625,匡河公园,park,110101,匡河路与笔架山路交叉口东南100米,117.218373,31.795439
16626,天鹅湖体育公园,park,110101,笔架山街道天鹅湖路与聚云峰路交口,117.224195,31.813446
16627,天鹅湖公园,park,110101,天鹅湖东路56号,117.230912,31.815183
16628,绿轴公园,park,110101,祁门路,117.227843,31.803232
16629,石台路公园,park,110101,石台路与天鹅湖东路交口东南角,117.239977,31.813439
16630,洪石公园,park,110101,石台路与孔塘支路交叉口东南140米,117.238315,31.82885
16631,市民公园,park,110101,黄山路与怀宁路交叉口东南120米,117.22277,31.839948
16632,凤曦府公园,park,110101,祁门路298号(天鹅湖东地铁站D口步行180米),117.238781,31.810156
16633,沁心园公园,park,110101,海棠路与集贤路交叉口西侧,117.205675,31.814051
16634,旭辉公园,park,110101,南二环路与合作化南路高架出口交叉口西南80米,117.2462,31.816629
16635,匡河路口袋公园,park,110101,书箱路与棋石路交叉口西北180米,117.201676,31.803209
16636,4AM文体公园,park,110101,南七街道望江西路218号港汇广场A座7楼,117.232843,31.832672
16637,趣滑滑板公园,park,110101,潜山路天珑广场一楼(榴芒洽洽旁),117.234141,31.801398
16638,天乐公园,park,110101,科学大道97号,117.206122,31.850079
16639,庐州公园,park,110101,清溪路与西二环交口东,117.217639,31.877848
16640,赵小郢游园,park,110101,洞山路与十里店路交叉口东南160米,117.225375,31.859143
16641,半岛公园,park,110101,淝河东街与淝河西街交叉口南200米,117.244955,31.875171
16642,石头塘公园,park,110101,怀宁北路与十里店路交口,117.223377,31.861749
16643,合肥友好儿童公园,park,110101,清溪路与西二环路交叉口东北280米,117.216844,31.877323
16644,商鼎公园,park,110101,北一环路与西一环路交叉口西南角,117.248838,31.875143
16645,合肥庐州公园二期,park,110101,庐州公园,117.233747,31.878555
16646,趣玩侏罗纪,park,110101,北京华联长江西路店3层,117.221507,31.854504
16647,拾趣园,park,110101,半岛公园内(西侧),117.24068,31.874867
16648,五里墩法治口袋游园,park,110101,五里墩立交桥与长江西路交叉口西北80米,117.249799,31.85341
16649,庐州公园1期,park,110101,林湖路庐州公园,117.230053,31.885139
16650,紫桐公园,park,110101,银杏大街1号附近,117.240907,31.891811
16651,庐州公园西区,park,110101,清溪路与西二环交口东庐州公园,117.213952,31.885805
16652,双水公园,park,110101,八公山路与清源路交叉口东北40米,117.219835,31.898802
16653,中国铁建·国际城湿地公园,park,110101,砀山路中国铁建国际城湿地公园(近中铁国际城),117.244781,31.899748
16654,四里河滨水湿地公园,park,110101,砀山路,117.244538,31.897762
16655,四里渠东路公园,park,110101,四里渠滨水公园(西北角),117.249811,31.897602
16656,流香游园,park,110101,西二环路辅路与清溪路交叉口东南100米,117.214294,31.874438
16657,庐州公园-健康主题公园,park,110101,冬青街与紫荆街交叉口西20米,117.233738,31.885817
16658,庐州公园一期-东入口小公园,park,110101,林湖路庐州公园一期,117.23494,31.886079
16659,鲨鱼公园,park,110101,黑松路汇银广场,117.235857,31.893923
16660,陈俊愉手植梅名木公园,park,110101,环湖东路123号合肥植物园(东北角),117.204908,31.876455
16661,庐州公园,park,110101,冬青街与蓝莓路交叉路口,117.229673,31.885208
16662,清溪环保园,park,110101,清溪路与十里店路交叉口西北160米,117.229701,31.875389
16663,墨荷园(不对外开放),park,110101,大杨镇北二环与怀宁路交口,117.217883,31.897286
16664,大房郢体育公园,park,110101,防汛路,117.238169,31.905496
16665,中国铁建·国际城湿地公园管理处,park,110100,中国铁建·国际城湿地公园内(西侧),117.241446,31.900307
16666,文一北郡公园,park,110101,十八河路与新湾路交叉口西80米,117.24676,31.97146
16667,金斗公园,park,110101,广西路与方兴大道交口,117.293239,31.713156
16668,塘西河体育公园,park,110101,广西路滨湖新区滨湖轮滑场,117.292065,31.729491
16669,云川公园,park,110101,云谷路辅路与四川路交叉口东北100米,117.276533,31.713869
16670,天山公园,park,110101,天山路与洞庭湖路交叉口,117.295928,31.735291
16671,滨湖明珠体育公园,park,110101,紫云路与峨眉山路交口,117.283397,31.742973
16672,云谷体育公园,park,110101,云南路与云谷路辅路交叉口东南100米,117.265034,31.711582
16673,塘西河公园绿道,park,110101,徽州大道辅路与中山路交叉口南220米,117.286752,31.729254
16674,塘西河-雨水公园,park,110101,广西路滨湖塘西河公园(西侧),117.291285,31.729848
16675,金斗体育公园,park,110101,广西路与嘉陵江路交叉口南100米,117.292317,31.700872
16676,合肥滨湖体育公园,park,110101,中山路,117.298235,31.72995
16677,龙蟠路游园,park,110101,龙幡路与方兴大道交叉口西北20米,117.255355,31.726029
16678,杭川公园,park,110101,杭州路,117.279274,31.718882
16679,方圆荟宠物公园,park,110101,徽州大道5558号(徽州大道与紫云路交口)合肥滨湖方圆荟,117.287161,31.742515
16680,运动公园,park,110101,徽州大道辅路与福州路交叉口东南140米,117.287717,31.74305
16681,樱香园,park,110101,玉龙路112号,117.273303,31.727381
16682,金斗公园绿道(广西路),park,110101,广西路金斗公园(西侧),117.291753,31.713772
16683,炫+娃娃公园,park,110101,徽州大道5558号(徽州大道与紫云路交口)合肥滨湖方圆荟,117.288898,31.742788
16684,塘西河公园沙滩公园,park,110101,中山路(合肥滨湖体育公园),117.295256,31.728558
16685,星澜湾游园,park,110101,万佛湖路与塔川路交叉口西北100米,117.256644,31.798344
16686,胡大郢体育公园,park,110101,高铁路与龙川路辅路交叉口南100米,117.273733,31.798734
16687,李宁体育园,park,110101|080111,海恒社区合肥锦绣大道与清潭路交口北门,117.262988,31.756058
16688,骆岗公园,park,110101,包河大道,117.298738,31.774359
16689,合肥园博园安徽园,park,110101,庐州大道4号,117.298851,31.787997
16690,南艳湖炮弹厂遗址公园,park,110101,观海路南艳湖公园内(南侧),117.263305,31.759989
16691,骆岗公园翠澜驿,park,110101,花园大道999号,117.295775,31.777384
16692,中海上东区街角公园,park,110101,繁华大道辅路与芳庭路交叉口西100米,117.273923,31.786267
16693,下凹绿地,park,110101,大连路与庐州大道交叉口西440米,117.297676,31.786295
16694,南艳湖公园,park,110101,习友路与观海路交叉口,117.262377,31.764359
16695,锦绣湖公园(建设中),park,110101,青海路,117.292064,31.767403
16696,常青体育公园,park,110101,金寨路与休宁路交叉口东北100米,117.258807,31.820919
16697,杜岗游园,park,110101,金寨路与休宁路交汇处西北角,117.256718,31.821021
16698,合燃公园,park,110101,光明苑9栋201,117.250509,31.845779
16699,幸福公园,park,110101,合作化南路与水阳江路交叉口西北200米,117.250182,31.825167
16700,南屏公园,park,110101,南二环路309号,117.258315,31.815097
16701,合肥铁路公园,park,110101,休宁路与桐城南路交叉口西北160米,117.276047,31.818187
16702,罍街公园,park,110101,马鞍山路与南二环路交叉路口往西北约100米,117.297353,31.816446
16703,望湖公园,park,110101,望湖中路与望湖东路交口,117.298053,31.805915
16704,悦动公园,park,110101,南二环路263号,117.26194,31.815265
16705,常青游园,park,110101,水阳江路,117.272361,31.82195
16706,未来公园,park,110101,南二环路278号,117.259512,31.816476
16707,常青体育公园智能步道,park,110101,常青体育公园,117.258776,31.820933
16708,沁芳游园,park,110101,宿松路762号(休宁路地铁站3号口步行370米),117.269092,31.815029
16709,春台街雕塑艺术公园,park,110101,黟县路合肥绿地中心公馆(薛河地铁站4号口步行210米),117.268923,31.810296
16710,包河重点中心,park,110101,牧童路与仰光路交叉口西60米,117.265352,31.824697
16711,罍街公园A区,park,110101,罍街公园内(东侧),117.298611,31.816856
16712,信达·天御游园,park,110101,宿松路与阊水路交叉口,117.265632,31.802511
16713,党建主题公园,park,110101,徽州大道1223号,117.281068,31.817571
16714,双拥园,park,110101,休宁路与金寨路交叉口东北角,117.258936,31.821196
16715,劳动公园,park,110101,金寨路与水阳江路交口东北角,117.261809,31.824155
16716,杏花公园,park,110101,三孝口街道淮河西路482号,117.27305,31.869229
16717,环城公园,park,110101,芜湖路街道环城南路29号,117.282971,31.874512
16718,古逍遥津,park,110101,寿春路16号,117.295084,31.86898
16719,飞虹园,park,110101,五里墩立交桥东北角(三里庵地铁站F口步行290米),117.251971,31.854236
16720,小花园,park,110101,环城东路10号(大东门地铁站A口步行160米),117.299412,31.86479
16721,四里渠滨水公园,park,110101,北二环路高架出口与北二环路交叉口南160米,117.250929,31.896911
16722,河滨游园,park,110105,九狮桥社区长江路河滨园巷,117.299322,31.863307
16723,口袋公园,park,110101,长江路与徽州大道路口东南角,117.287303,31.861094
16724,藕塘公园,park,110101,界首路与茨河路交叉口西北角,117.267017,31.890984
16725,海棠公园,park,110101,公园路58号附近,117.263449,31.896628
16726,江淮风情园,park,110101,西一环路与四里河立交桥交叉口东南100米,117.251228,31.873992
16727,四里河滨水生态公园北区,park,110101,四里河滨水生态公园内(北侧),117.251509,31.894804
16728,万科·璞拾公园,park,110100,迎松路与大房郢路交叉口西160米,117.250893,31.889505
16729,口袋公园,park,110101,九狮桥街路口东侧,117.295927,31.862574
16730,新华口袋公园,park,110101,长江中路新华巷(三孝口地铁站B口步行460米),117.281166,31.861563
16731,长江中路游园,park,110101,长江中路与徽州大道交叉口西南角,117.2866,31.861207
16732,鲨鱼公园,park,110101,蒙城路和煦园(海棠地铁站5号口步行80米),117.278097,31.885819
16733,娘娘池,park,110101,环城公园北路与六安路交叉口西南260米,117.281115,31.872196
16734,浮庄,park,110101,包公街道芜湖路72号包公园内(东北角),117.297423,31.858324
16735,古逍遥津-游园,park,110101,寿春路16号,117.297826,31.866315
16736,庐州铁线公园,park,110101,禹王亭路瑞地公馆西南侧,117.262843,31.890543
16737,菱湖公园,park,110101,灵溪路与制气厂路交叉口西北角,117.274102,31.920844
16738,清河路体育公园,park,110101,蒙城北路东,117.260899,31.928116
16739,安徽英利奥体育公园,park,110101,阜阳北路962号(庐阳经开区地铁站A口步行410米),117.279662,31.926978
16740,合肥淮北路公园,park,110101,淮北路与阜阳北路交叉口东80米,117.284133,31.911318
16741,兰园,park,110101,庐阳工业园兰园(太和路西),117.263347,31.93878
16742,杏林街头游园,park,110101,灵璧路与金池路交叉口北120米,117.288678,31.904723
16743,金都花园三期区内公园,park,110101,灵璧路与双墩路交叉口东140米,117.27901,31.902261
16744,竹园,park,110101,太和路与天水路交叉口南220米,117.267991,31.931838
16745,金都华庭5期区内公园,park,110101,双墩路与双墩路(支)交叉口西160米,117.275591,31.903828
16746,梅冲湖公园,park,110101,蒙城北路26-118号,117.25016,31.988065
16747,北城廉政文化公园,park,110101,蒙城北路和金峰路交口东北角,117.256118,31.96925
16748,凤巢路游园,park,110101,凤巢路与金川路交口西北侧,117.260615,31.962385
16749,梅冲湖公园1期,park,110101,双凤开发区梅冲湖社区梅冲支路(半岛1号西)梅冲湖公园(北侧),117.250228,31.98931
16750,悦畅幸福社区公园,park,110101,蒙城北路与金梅路交口东南角,117.256015,31.975332
16751,颍泉路游园,park,110101,润梅路凤梅家园,117.251672,31.980718
16752,方兴湖公园,park,110101,义城街道包河大道,117.324038,31.724051
16753,紫云山公园,park,110101,紫云路与徽富路交叉口,117.329262,31.739293
16754,合肥巢湖湖滨国家湿地公园,park,110101|110200,义城街道环湖北路,117.346071,31.714874
16755,华山公园,park,110101,紫云路辅路与华山路交叉口西北80米,117.310123,31.741509
16756,紫云山公园-滨湖人防主题公园,park,110101,迎淮路与徽强路交叉口东200米,117.330086,31.738084
16757,云山游园,park,110101,云谷路与万年埠路交叉口东北60米,117.307069,31.713557
16758,布莱恩特公园,park,110101,华山路与南京路交叉口东南80米,117.311572,31.749635
16759,市民公园,park,110101,包河大道10号,117.31868,31.744416
16760,金斗公园绿道(金斗路),park,110101,金斗路与华山路交叉口东180米,117.312744,31.722757
16761,滨湖塘西河公园,park,110101,中山路与庐州大道交汇处,117.302804,31.72811
16762,淝河生态公园,park,110101,潭渡路与大强路交叉口西南200米,117.315551,31.799977
16763,贡街公园,park,110101,河北路与繁华大道辅路交叉口南220米,117.330051,31.792692
16764,延安路游园,park,110101,包河大道与延安路交口东北角,117.316922,31.779146
16765,秀场体育公园,park,110101,嵩山路与锦绣大道辅路交叉口西南120米,117.314408,31.755009
16766,街角公园,park,110101,华山路与扬子江路交口东南角,117.311291,31.752846
16767,电灌站公园,park,110101,繁华大道华盛格林丽景北门西200米,117.330511,31.794437
16768,雍荣游园,park,110101,歙县路与大强路交叉口东北40米,117.311646,31.816558
16769,滨河公园,park,110101,铜陵路与滨河路交叉口,117.317153,31.846821
16770,滨水公园,park,110101,巢湖南路与铜陵路交叉口,117.317441,31.845228
16771,中天左岸公园,park,110101,滨河路附近,117.313983,31.848001
16772,南淝河码头公园,park,110101,上海路与郎溪路之间,117.340735,31.832855
16773,跃动公园,park,110101,至德路与万罗山路交口,117.313245,31.833392
16774,瑶海区滨河公园,park,110101,"广德路,郎溪路,南淝河,滨河路围合",117.347032,31.832947
16775,唐桥公园,park,110101,东二环路辅路与裕溪路交叉口南280米,117.333088,31.846185
16776,活力橙公园,park,110101,南淝河路与香隅路交叉口南240米,117.32312,31.831481
16777,黄巷村幸福游园,park,110101,五里庙路与巢湖南路交叉口东140米,117.331198,31.834629
16778,城东游园,park,110101,合裕路1020号,117.335129,31.849213
16779,合肥市高铁路游园,park,110101,太平湖路与大强路交叉口东北60米,117.316015,31.805023
16780,锦绣游园,park,110101,唐模路与太平湖路交叉口东北80米,117.323255,31.806489
16781,淝河智慧公园,park,110101,北京路与龙川路交叉口翡翠天际附近,117.327494,31.81202
16782,隆岗柳荫,park,110101,隆岗街与滨河路交叉口,117.321404,31.844756
16783,繁昌路体育公园,park,110101,繁昌路集贸市场对面,117.313376,31.852996
16784,瑶海公园,park,110101,新蚌埠路与北二环路交叉口,117.315635,31.892027
16785,火车口袋公园,park,110101,淮南路与淮吾路交口东南角,117.304628,31.871297
16786,合肥生态公园,park,110101,瑶海工业区二环路(铜陵北路口),117.330006,31.891498
16787,裕丰花市体育公园,park,110101,裕溪路1583号,117.311144,31.85305
16788,新海公园,park,110101,当涂北路与新海大道交叉口东北角,117.344874,31.897272
16789,新安江公园,park,110101,新安江路246号,117.343912,31.862619
16790,鸭林冲游园,park,110101,新蚌埠路与站前路交叉口西南60米,117.306823,31.888271
16791,先锋游园,park,110101,中环国际广场(合肥火车站地铁站C口步行450米),117.312244,31.880009
16792,VeePapo哈哈公园,park,110100,站前东路与采石路交叉口东160米,117.348775,31.878025
16793,芭提雅园,park,110101,昊天园商业街(隆昊·昊天园店),117.302242,31.898508
16794,新安江路游园,park,110101,新安江路与东化巷交叉口东60米,117.346247,31.863608
16795,交通安全主题公园,park,110101,站北文化广场(西南角),117.327156,31.893158
16796,碧水雅居口袋公园,park,110101,二十埠河路与白居易路交叉口东北120米,117.333141,31.897755
16797,乐活游园,park,110101,长江东大街与肥东路交口西南角,117.327848,31.860936
16798,铁花路掩圈游园,park,110101,新安江路246号新安江公园(东北角),117.344816,31.863424
16799,花冲公园,park,110101,长江东路593号,117.330729,31.864518
16800,天水体育公园,park,110100,铜陵北路与天水路交口,117.334039,31.908571
16801,新站区铁路生态公园,park,110100,新蚌埠路与涂山路交叉口东北160米,117.325032,31.926869
16802,天和游园,park,110101,淮南路与埇桥路交口向西20米,117.301721,31.92103
16803,陶冲湖公园,park,110101,新蚌埠路附近,117.329885,31.931233
16804,义乐公园,park,110101,黑龙江路8号,117.356027,31.746609
16805,潜流湿地,park,110101,滨湖国家森林公园,117.398061,31.721255
16806,繁华湿地公园,park,110101,沈阳路与辽宁路交叉口北360米,117.363985,31.793435
16807,落青地草坪,park,110100,吉林路288号磨滩旅游度假区(东北角),117.387713,31.781905
16808,蚁族公园,park,110102|110101,包河汽车城华天大厦蚁族公园,117.352294,31.795199
16809,主题公园,park,110101,大圩镇花园大道1号大圩生态农业旅游景区(西北角),117.391885,31.772154
16810,大圩都市农业公园,park,110101,大圩镇花园大道1号大圩生态农业旅游景区,117.391299,31.772246
16811,瑶海湾湿地公园,park,110101,青洛河路与王岗路交叉口西南440米,117.387765,31.846976
16812,龙栖地湿地公园,park,110101,龙栖路,117.387359,31.819012
16813,青年创意田园,park,110101,龙岗路南150米,117.381275,31.857225
16814,月亮湾公园,park,110101,新安江路,117.384295,31.858667
16815,龙岗游园,park,110105|110101,襄河路与马岗大道交叉口南150米,117.375211,31.862688
16816,二十埠河中游湿地,park,110101,慈湖路与捉月台路交叉口西南180米,117.378891,31.8535
16817,瑞泰公园,park,110101,瑞泰江南江南小区北侧,117.383018,31.88156
16818,站塘游园,park,110101,明皇路与和县路交叉口北200米,117.350953,31.881308
16819,启迪体育公园,park,110101,门台路与半塔南路交口东南角,117.393882,31.86528
16820,思CHAO公园,park,110101,新安江路与大众路交汇口西北新城·桃李郡(建设中)附近,117.396832,31.861023
16821,华凌体育公园,park,110101,明皇路c107号,117.388879,31.879854
16822,绿谷公园,park,110101,长门路与长江东路辅路交叉口西南20米,117.399395,31.868782
16823,东篱园,park,110101,明皇路与二十埠河东北角交口,117.353389,31.880526
16824,新海西苑游园,park,110101,新安江路与和县路交叉口西北120米,117.350581,31.863212
16825,炫娃娃公园,park,110100,健民巷与长江东路辅路交叉口北200米,117.363434,31.870032
16826,学林花海(建设中),park,110101,泗水路与相山路交汇处南侧,117.377761,31.897048
16827,学林体育公园,park,110101,岱河路与梦溪路交叉口西260米,117.384559,31.905193
16828,招商•奥体公园,park,110101,卧龙湖路与东方大道交口,117.35772,31.945992
16829,青年花园,park,110101,文忠路与淮海大道交口东北角,117.374498,31.926058
16830,少荃湖公园,park,110101,魏武路南侧少荃湖,117.382911,31.953435
16831,十八联圩湿地,park,110101,长临河镇,117.419352,31.72708
16832,华盛公园,park,110101,唐安路1号,117.409753,31.827003
16833,百荷农庄葡萄公园,park,110101,龙栖路龙栖地湿地公园内(东侧),117.410181,31.814051
16834,龙兴游园,park,110101,瑶岗路与东风大道辅路交叉口西100米,117.416156,31.847983
16835,万科文一未来之光·光畔公园,park,110101,长江东路辅路与柳孜路交叉口东北40米,117.422832,31.873245
16836,青少年公园,park,110101,店埠镇长江东路与金阳南路交叉口,117.446784,31.870741
16837,斌峰公园,park,110101,御景花园北区,117.446605,31.881265
16838,公园路16,park,110101,公园路18号,117.437824,31.867906
16839,柳荫塘公园(建设中),park,110101,大众路与荃湖北路交口东侧、合肥一六八中学南侧,117.404827,31.95323
16840,善水公园,park,110101,富民西街裕溪路交叉口,117.462018,31.820296
16841,城南公园,park,110101,桥头集路与新安江路交叉口东南角,117.459056,31.864929
16842,右岸公园,park,110101,桥头集路与沿河路交叉口东180米,117.451904,31.898711
16843,肥东体育公园,park,110101,撮镇路龙城路交口东南,117.482013,31.867303
16844,东城公园,park,110101,团结大道,117.485548,31.889503
16845,店埠河公园,park,110101,长江东路包公桥旁,117.466674,31.873841
16846,店埠河公园,park,110101,临河东路与公园路交叉口西北340米,117.463932,31.888759
16847,琥珀公园,park,110101,沿河东路与日出路交口西侧,117.469599,31.852029
16848,店埠河游园,park,110101,临河西路,117.46676,31.864074
16849,虎山路公园,park,110101,草庙西路与虎山路交叉口东180米,117.460796,31.877466
16850,景民游园,park,110101,人民路,117.479352,31.887508
16851,肥东县道德模范好人主题公园,park,110101,311省道,117.488067,31.872389
16852,虎山路游园,park,110101,店埠镇虎山路与长江东路交叉口,117.460777,31.87162
16853,撮镇路游园,park,110101,长江东路与撮镇路交叉口,117.470496,31.874353
16854,浮槎游园,park,110101,长江东路辅路与浮槎路交叉口西北40米,117.475488,31.876093
16855,河滨游园,park,110101,临河西路与公园路交叉口东南120米,117.464691,31.884786
16856,鸣之公园,park,110101,龙城路肥东定光河公园,117.486768,31.87077
16857,湖边公园(肥东星悦广场店),park,110101,伟星星悦广场(肥东站地铁站C口步行460米),117.490002,31.858028
16858,城南社区全民健身公园,park,110101,新安江路与临河西路交叉口西北角,117.465435,31.869086
16859,浮槎路游园,park,110101,包公大道与浮槎山路交叉口西北40米,117.476022,31.891524
16860,城南新村志愿服务文化主题园,park,110101,站南路城南新村,117.477651,31.856273
16861,和睦湖公园,park,110101,店埠镇站南路,117.483453,31.850335
16862,幸福公园,park,110101,店埠河,117.452936,31.900207
16863,滨河公园,park,110101,幸福公园内(西侧),117.45075,31.900745
16864,千柳公园,park,110101,牌坊乡,117.479894,31.955238
16865,皖都会购物广场(顺和家园商业街店),mall,060102,文山路与汤口路交叉口,117.144244,31.773908
16866,银泰百货(高新店),mall,060102,望江西路与创新大道交叉口西北角,117.133102,31.831665
16867,合肥ist艾尚天荟,mall,060101,创新大道与长江西路交叉口,117.135452,31.8488
16868,汇景城,mall,060101|060102|120302,望江西路与创新大道交汇处东南角,117.135381,31.828992
16869,龙湖合肥高新天街,mall,060101,石莲北路104号,117.125301,31.849194
16870,砂之船(合肥)奥莱,mall,060101,长宁大道1888号,117.117261,31.83766
16871,龙湖合肥欢肆,mall,060101,复兴路与金茂湾东支路交叉口西南160米,117.141173,31.815162
16872,砂之船奥特莱斯艺术商业广场A馆,mall,060100,长宁大道1880号合肥砂之船奥莱a馆,117.116295,31.836496
16873,砂之船奥特莱斯艺术商业广场B馆(砂之船奥莱店),mall,060100,长宁大道1888号,117.116528,31.839097
16874,东风猛士-合肥高新龙湖,mall,060101,石莲北路104号龙湖合肥高新天街F1层,117.124775,31.849575
16875,创新生活广场(装修中),mall,060102,长江西路与创新大道交口,117.133613,31.84848
16876,GX229广场(装修中),mall,060101,创新大道与望江西路交叉口西南140米,117.133175,31.829325
16877,广福万家购物中心,mall,060101,南岗镇创新大道与磨子潭路交口东北角创意大厦,117.135829,31.854672
16878,蜀西商业广场,mall,060102,仙女湖路与公租房东支路交叉口西120米,117.116949,31.853229
16879,惠而浦(中国股份有限公司南岗产业园),mall,060103|170200,南岗镇湖光西路88号惠而浦南门,117.133975,31.86565
16880,悦汇街(南岗惠园D区店),mall,060102|061000,南岗惠园D区,117.131506,31.852517
16881,名邦·保利广场,mall,060101,站下路与金寨南路辅路交叉口东140米,117.153937,31.713644
16882,绿地西城国际花都,mall,120302|060102,金寨南路辅路与紫石路交叉口北200米,117.180123,31.740065
16883,百大购物中心(肥西店),mall,060101,上派镇派河路与巢湖路交口西南角,117.168953,31.724359
16884,优品万相购物中心,mall,060102|060400,青龙潭路与云谷路交叉口,117.184345,31.730277
16885,永良购物广场,mall,060101,三河路50号,117.161541,31.719385
16886,肥西百大购物中心A座,mall,060100,百大购物中心A座,117.169089,31.724223
16887,肥西百大购物中心(巢湖路店)-B座,mall,060100,上派镇派河路与巢湖路交口西南角百大购物中心(肥西店),117.168898,31.724708
16888,肥西旭辉Cmall,mall,060101,翡翠路与派河大道交口西侧,117.159224,31.737602
16889,派街邻里生活中心,mall,060102|120304|070000,集贤路辅路与王岗路交叉口东南200米,117.151512,31.737657
16890,百大拓基广场,mall,060101|110105,上派镇派河大桥,117.168654,31.724585
16891,圆通商厦(文明诚信示范街店),mall,060102,肥西县实验小学后门,117.167273,31.719311
16892,滨河商业,mall,060102,紫石路滨河小区(云谷路),117.186425,31.733725
16893,水晶城商业(中街·水晶城C区店),mall,060102,中街·水晶城C区,117.169733,31.719088
16894,中街·商业广场(中街·水晶城C区店),mall,060100,永辉路与青年路交叉口东20米,117.168101,31.71832
16895,绿地新都会,mall,120302|060102,天海路幸福园对面,117.181586,31.741025
16896,邻里茂(葛洲坝国际中心店),mall,060102,翠微路与芙蓉路交叉口商铺3楼(非大厦)319-322室,117.192569,31.785255
16897,玖方广场,mall,060101|060102,香樟大道与芦花路交叉口,117.184573,31.798593
16898,幸福联盟(幸福大街东区店),mall,060103,汤口路与翡翠路交叉口东南120米,117.188825,31.755375
16899,百大奥莱生活广场,mall,060102,高新区明珠路88号,117.160408,31.804088
16900,和源好又多购物广场(翠竹路店),mall,060101,明珠大道与翠竹路交汇西南角,117.162445,31.802285
16901,好又多购物广场(习友路店),mall,060102|060101|060200|060400,香樟大道与习友路交汇东北角,117.193599,31.814575
16902,好又多购物广场(海棠路),mall,060101,海棠路158号,117.199523,31.816889
16903,润宜佳生活超市(柏堰店),mall,060102|060101|060200,合肥市高新区玉兰大道与长安路交口二楼,117.165126,31.807045
16904,馥邦生活广场,mall,060102,合肥高新技术产业开发区科学大道与海棠路交叉口26栋,117.19976,31.815999
16905,梦园商城A座,mall,060102,天柱路19号,117.198987,31.845026
16906,西门町(太平洋森活广场店),mall,060102,香樟大道与明珠路交口东北角太平洋森活广场,117.188458,31.807488
16907,留澜居商城(梦园商城A座店),mall,060102,高新技术产业开发区高新技术产业开发区梦园小区东门,117.19883,31.844978
16908,奥园城市天地A座,mall,060102,花山堡墅(蜀山西地铁站出入口步行140米),117.168026,31.852375
16909,商之都(徽商·优山美地店),mall,060102|170200,长江西路与天柱路交叉口西南140米,117.197492,31.853235
16910,华兴商贸(潭冲路店),mall,060102|060200,潭冲路井岗镇政府西北侧约40米,117.183883,31.853106
16911,美赛亚广场,mall,060101,长江西路与蜀峰路交口乐客来国际商业中心,117.16929,31.852074
16912,合肥万象城,mall,060101,荷叶地街道凯旋门社区潜山路111号,117.230754,31.799481
16913,中环购物中心,mall,060101,繁华大道12167号(繁华大道地铁站C口),117.208385,31.781329
16914,港澳广场,mall,060101,翡翠路和芙蓉路交叉口,117.208242,31.791216
16915,国耀星达城购物中心,mall,060101,宝纶路与丹霞路交叉路口北100米路西,117.212106,31.77562
16916,港澳广场A区,mall,120201|060100,翡翠路和芙蓉路交叉口港澳广场L1层,117.208985,31.790834
16917,中环购物中心西区,mall,060102,繁华大道中环城西区一楼,117.206863,31.781666
16918,中环购物中心东区,mall,060102,芙蓉社区繁华大道12167号中环购物中心东区一楼,117.208655,31.781618
16919,合肥正大广场,mall,060101,芙蓉路291号,117.228912,31.781349
16920,华凤国际瑶海商场,mall,060100,塘梢路与金寨南路辅路交叉口东南100米,117.220975,31.773325
16921,港澳广场B区,mall,060100,笔架山街道翡翠路与金炉路交叉口港澳广场B座1楼,117.208406,31.79086
16922,瑞格时代广场,mall,060100,经开区芙蓉路北翡翠路西,117.208855,31.789958
16923,港澳广场E区,mall,060102,笔峰路与金炉路交叉口南100米,117.207259,31.79123
16924,百乐门广场,mall,060101,莲花路558号,117.22924,31.775491
16925,安通商业广场,mall,060102,金寨南路辅路与紫云路交叉口东100米,117.20164,31.752858
16926,港澳广场D区,mall,060101,翡翠路188号(安医大二附院对面)港澳广场,117.208171,31.791416
16927,港澳广场C区,mall,060102,笔峰路与金炉路交叉口东南200米,117.207843,31.790843
16928,七日潮街服饰商城,mall,060102|061100,经五路与丹霞路交叉口西北120米,117.206822,31.77596
16929,金星商业城,mall,060102|061000,丹霞路488号,117.203405,31.775971
16930,瑞格花园邻里中心(瑞格时代广场店),mall,060102,翡翠路与芙蓉路交叉口西北140米,117.208646,31.789765
16931,置地栢悦广场(建设中),mall,060100,松谷路以东、繁华大道以南、石门路以北、金寨南路以西,117.220925,31.779975
16932,合肥银泰in77,mall,060101,祁门路333号(天鹅湖地铁站B口步行290米),117.230916,31.807815
16933,大唐国际购物广场,mall,060101,潜山路216号(洪岗地铁站4号口步行200米),117.232803,31.831289
16934,摩尔广场(东至路),mall,060101,贵池路与东至路交叉口,117.246185,31.845183
16935,港汇广场商业A(百大港汇购物中心店),mall,060102,港汇广场商业(洪岗地铁站D2口步行240米),117.23254,31.833171
16936,天珑广场,mall,060102,千人桥路与政通环路交叉口西120米,117.234204,31.801969
16937,王朝公寓天鹅湖购物中心(imore公寓店),mall,060101,imore公寓(图书馆地铁站F口步行260米),117.212074,31.809805
16938,银泰百货(合肥政务店),mall,060101,潜山路190号,117.232767,31.817828
16939,汉嘉广场,mall,060102,潜山路与丰收路交叉口北260米,117.230339,31.849493
16940,港汇广场商业B,mall,060102,望江西路218号港汇广场,117.232097,31.83439
16941,置地广场星光荟,mall,080302|060102,荷叶地街道怀宁路288号置地广场星光荟G楼G-1122室,117.224998,31.805056
16942,华地金融广场,mall,060101,潜山路219号(洪岗地铁站D2口步行310米),117.230597,31.834879
16943,港汇广场商业,mall,060100,皖河路与庐西路交叉口西南180米,117.232196,31.834324
16944,大溪地国际商业广场,mall,060100,金大地1912北大街与黄山路交汇处北150米,117.224061,31.841967
16945,天珑广场·天珑汇,mall,060102,潜山路558号,117.233463,31.802368
16946,名郡生活广场,mall,060102|060101,望江西路203号,117.243545,31.830353
16947,万达广场(合肥天鹅湖店),mall,060101|060102,笔架山街道汇林阁社区南二环路3818号,117.221275,31.819893
16948,求实·生活广场,mall,060102,求实领势学府潜山路与贵池路交口,117.232075,31.846204
16949,万达百货(天鹅湖万达店),mall,060102,南二环路3818号天鹅湖万达金街4-104铺苹果专卖店,117.221458,31.820334
16950,DOUBLE PARK,mall,060102,休宁路中侨中心负一楼,117.229587,31.824085
16951,港汇广场,mall,060100,潜山路与望江西路交叉口东北160米,117.23287,31.833558
16952,亮丽漫庭园艺,mall,060501|060100,海卉花市东门103,117.234689,31.828005
16953,金大地新地中心·天誉,mall,120302|060102,绿洲东路(天鹅湖地铁站B口步行420米),117.230203,31.806637
16954,北京华联长江西路购物中心,mall,060101,长江西路579号(十里庙地铁站C口步行90米),117.221509,31.854501
16955,美好荟,mall,060102,四里河路与潜山北路交口万科中心(杏花村地铁站2号口旁),117.246434,31.879067
16956,港荣百货,mall,060102,明发商业广场B1商业街112号,117.235211,31.896963
16957,天玥中心购物广场,mall,060101,长江西路与潜山路交叉口西北80米,117.230406,31.853248
16958,优购邻里购物中心,mall,060101,青阳北路天龙居5号,117.242134,31.865876
16959,万科广场,mall,060101,固镇路与紫荆路交叉口东北160米,117.234201,31.892247
16960,明发商业广场,mall,060101,四里河路88号,117.234467,31.898661
16961,弘阳广场,mall,060102,长江西路478号(五里墩地铁站C口步行360米),117.237524,31.852211
16962,光生活汇,mall,060102,四里河路与临泉路交叉口东南160米,117.246432,31.879066
16963,拓佳欢乐广场,mall,060102,史河路和金牛路交口永辉超市旁边,117.235397,31.862828
16964,百大鼓楼高新商厦,mall,060102,长江西路689号2楼至5楼,117.204076,31.854264
16965,明发商业广场A区,mall,060102,四里河路88号,117.232929,31.899589
16966,弘阳广场C座西区(合肥弘阳广场店),mall,060102|120000,长江西路478号(五里墩地铁站C口步行310米),117.237996,31.852068
16967,紫荆公馆,mall,060100,潜山路与史河路交叉口西南20米,117.230422,31.861447
16968,四里河商城(红星美凯龙店),mall,060102,四里河街道四里河路与潜山北路交口红星美凯龙四里河商场一楼,117.24456,31.880484
16969,明发商业广场B区,mall,060102,北二环路高架出口与北二环路交叉口西北120米,117.235211,31.896962
16970,松芝广场,mall,060100,长江西路381号附近(五里墩地铁站C口步行320米),117.238165,31.8516
16971,品汇生活中心,mall,060100,清源路与灯歌路交口向北200米,117.231619,31.902596
16972,合肥滨湖方圆荟,mall,060101|061100,徽州大道5558号(徽州大道与紫云路交口),117.289068,31.742499
16973,方圆荟C区,mall,060101|060102,徽州大道27号,117.289576,31.743605
16974,百大购物中心(滨湖店),mall,060101,徽州大道与紫云路交口方圆荟A座,117.288454,31.741749
16975,世纪金源购物中心B区,mall,060102,徽州大道27号,117.289041,31.743617
16976,方圆荟(滨湖店)B区,mall,060100,徽州大道5568号,117.288075,31.742725
16977,东方汇广场,mall,060102,西藏路与杭州路交叉口南120米,117.281436,31.717189
16978,金谷广场,mall,060102,西藏路汉釜宫烤肉旁正西方向30米,117.280078,31.712133
16979,联家时代广场,mall,060102,徽州大道滨湖时代广场C4号楼,117.282059,31.722157
16980,滨湖虹悦荟,mall,060102,武汉路滨湖向上城(云川公园地铁站A口步行250米),117.276482,31.714985
16981,星耀荟,mall,060100,邦泰新华·星耀未来,117.275875,31.743325
16982,中海滨湖环宇天地,mall,060101,成都路与贵州路交口西南侧,117.269564,31.707931
16983,中国移动(方圆荟店),mall,060101|060305,紫云路百大购物中心1层,117.288843,31.741751
16984,滨湖汉合盛广场(建设中),mall,060101,武汉路与武云支路交叉口西100米,117.277397,31.715579
16985,湖畔邻里购物中心,mall,060102,慈光路与宿松路交叉口西南100米,117.277491,31.768618
16986,中海环宇天地,mall,060101,西递路与龙川路交叉口S3-101一楼,117.264869,31.79799
16987,天琅百老汇,mall,060102,徽州大道(合肥要素大市场北),117.28437,31.753615
16988,53度广场,mall,060101,徽州大道与繁华大道交汇处东北角,117.288383,31.794249
16989,便客东华广场(东华广场店),mall,060102,石门路东华园,117.253993,31.771218
16990,滨湖国购中心(建设中),mall,060101,徽州大道与扬子江路交汇处,117.288194,31.754532
16991,合肥银泰inPARK(建设中),mall,060101,,117.271384,31.757861
16992,漫乐城购物中心,mall,060101|080000,宝利丰广场816号,117.286126,31.835108
16993,金隅南七天地,mall,060100,金寨路与望江西路交口,117.26228,31.82799
16994,合肥绿地大融城,mall,060101,南二环路与宿松路交汇处(休宁路地铁站C口步行430米),117.267642,31.813614
16995,百大购物中心,mall,060101,金寨路1168号,117.264724,31.828784
16996,金隅南七汇,mall,060100,望江西路15号,117.260399,31.829202
16997,大摩华尔街生活广场,mall,060102,庐州大道56号(近麦德龙超市),117.289048,31.810102
16998,百大电器(商业大厦店),mall,060101,金寨路1168号百大电器5楼,117.264724,31.828784
16999,稻香村街道安粮国贸中心商场,mall,060102,乌江路安粮城市广场国际购物中心,117.253956,31.81777
17000,万家睦邻购物广场,mall,061202|060100,望江路与桐城路交口向西200米万家睦邻购物中心一层058号铺,117.276856,31.827808
17001,漫乐城购物中心-IP Station,mall,060100,徽州大道816号合肥漫乐城购物中心F4,117.28639,31.834481
17002,唯品会合肥蜀山城市奥莱,mall,060101|061100,"安粮广场唯品会合肥蜀山城市奥莱2F层(南1门进入直行30m,扶梯上到2F可见)",117.253773,31.817889
17003,大宁缤购商业广场,mall,060100,九华山路,117.290127,31.839878
17004,蜀山万象汇,mall,060101|060102|020000,望江西路121号华润五彩城购物中心B1层,117.250297,31.829581
17005,华东乐汇城,mall,060101|060102,徽州大道与南二环交口麦德龙2期,117.287701,31.813013
17006,万象生活广场,mall,060101,绩溪路与水湖路交叉口西180米,117.264807,31.845191
17007,星光天地,mall,060102|061100,靶场路1号,117.292505,31.83401
17008,安高广场,mall,060102,合作化南路88号,117.252604,31.82913
17009,乐城生活广场(合肥绩溪路商业步行街店),mall,060102,金寨路136号,117.271771,31.844646
17010,合肥GX360广场,mall,060101,龙川路辅路与北海云路交叉口西南120米,117.287556,31.801497
17011,合肥曙宏生活广场,mall,060101,望江路与桐城路交口向西200米,117.27685,31.827821
17012,银座广场(桐城南路),mall,060102,屯溪路388号,117.281327,31.84886
17013,高科技广场,mall,060102|120201,金寨路92号,117.267793,31.839024
17014,安商创客梦工场(罍街店),mall,060100,水阳江路与宁国路交口以北罍街,117.292523,31.819113
17015,鸿基广场网通,mall,060100,金寨路与北二路交叉口西北20米,117.266085,31.838434
17016,天下锦城生活广场,mall,060102,祁门路与南屏路交口东南角,117.258348,31.807561
17017,春晓街,mall,060102,宏村路与汤泉路交叉口东南80米,117.267145,31.812339
17018,四局商城,mall,060102,东流路34号,117.287645,31.814402
17019,IT商业广场商业店铺,mall,060100,肥西路299号,117.259585,31.842744
17020,合肥之心城购物中心,mall,060101,长江西路189号,117.257406,31.854026
17021,百盛购物中心(淮河路店),mall,060102|060101,淮河中路77号,117.294724,31.864053
17022,合肥银泰中心,mall,060101,长江中路77号9中东侧20米,117.29143,31.862669
17023,国购广场(长江西路店),mall,060101,长江西路199号,117.256368,31.853304
17024,新天地国际购物中心,mall,060101,北一环濉溪路白水坝新天地国际购物中心1层,117.279673,31.880449
17025,商之都,mall,060100,宿州路8号,117.289597,31.858952
17026,合肥欢乐颂,mall,060101,长丰路66号,117.261431,31.877112
17027,百大鼓楼名品中心金座,mall,060102|060600,长江中路三孝口(四牌楼地铁站出入口步行250米),117.289883,31.863869
17028,尚街时尚购物广场(海亚大世界店),mall,060102,淮河路120号海亚大世界3层,117.293219,31.864817
17029,银泰中心二期,mall,060101,中菜市巷与中菜市路交叉口南100米,117.290582,31.862642
17030,银泰中心1期,mall,060101,长江中路98号(四牌楼地铁站出入口步行330米),117.292036,31.86274
17031,徽盐安徽中心商场,mall,060102,长江路180号(四牌楼地铁站D口步行440米),117.284264,31.862721
17032,红太阳购物广场,mall,060102|060400,宿州路105号红太阳购物广场W1最美接发,117.288417,31.863748
17033,百大·鼓楼名品中心-金座,mall,060102|060101,四牌楼地铁站D口步行300米,117.28988,31.86387
17034,百大·鼓楼名品中心银座(百大乐普生店),mall,060101,宿州路105号绿都商城B区,117.287866,31.864042
17035,绿都商城,mall,060102,徽州路618号百大鼓楼名品中心银座F4,117.288382,31.863707
17036,BHG Mall北京华联合肥蒙城路购物中心A区,mall,060101,蒙城北路99号BHGMall北京华联合肥B3,117.277622,31.880552
17037,华润欢乐颂购物中心店,mall,060400|060100,长丰路66号合肥欢乐颂,117.261992,31.876698
17038,舒城路2号综合楼商场,mall,060100,舒城路与红星路交叉口东南20米,117.284125,31.859425
17039,大世界购物城(大世界乡村振兴产品展销中心店),mall,060100,霍邱路87号大世界乡村振兴产品展销中心,117.279721,31.864639
17040,大世界乡村振兴产品展销中心,mall,060102,霍邱路87号(三孝口地铁站A口步行480米),117.279823,31.864631
17041,藕塘·美邻生活中心,mall,060102,金宏美仑豪庭,117.267506,31.889899
17042,众晟生活广场,mall,060102,宿州路与淝滨路交叉路口往西约100米(阳光尚景苑),117.292315,31.876643
17043,庐州印象,mall,060102,逍遥津街道淮河路步行街118号,117.294214,31.864991
17044,庐阳万象汇,mall,060101|060102,临泉路7388号(四泉桥地铁站A口旁),117.257781,31.887356
17045,商之都A座,mall,060102,宿州路4号(四牌楼地铁站2号口步行290米),117.290117,31.859396
17046,商之都B座,mall,060102,宿州路10号富世广场A座1-6层,117.289561,31.858621
17047,富世广场,mall,060102,逍遥津街道宿州路4号富世广场C座1710室,117.289477,31.858403
17048,新安商城(撮造山店),mall,060102,撮造山巷(四牌楼地铁站出入口步行410米),117.290508,31.864988
17049,梦之城,mall,060102,淮河路步行街1号,117.298365,31.864604
17050,赢厚集团·国购广场,mall,060102,梅山路18号(稻香楼地铁站E口步行460米),117.269036,31.850626
17051,大洋晶典•合肥店,mall,060102|071300,长江西路199号之心城B1-5层(三里庵地铁站M口旁),117.257405,31.854028
17052,新时代广场,mall,060102,淮河路208号(四牌楼地铁站出入口步行470米),117.291585,31.863776
17053,铜锣湾广场,mall,060102,长丰路159号,117.261104,31.867248
17054,合肥市百货大楼,mall,060102,长江中路150号,117.28766,31.862129
17055,三唐百货,mall,060102,淮河路100号城改·时代负1层,117.294203,31.864991
17056,胜道潮流汇,mall,060101,淮河路步行街明教寺西侧,117.2953,31.864975
17057,海亚商城,mall,060102,淮河路步行街新时代广场(东侧),117.292521,31.863743
17058,金都商城,mall,060102,淮河路步行街36号,117.297104,31.8645
17059,美游城时尚生活广场,mall,060101,桐城路203号,117.279775,31.860434
17060,三义广场,mall,060101,蒙城北路99号,117.278005,31.881242
17061,城隍庙商城(霍邱路),mall,060102,霍邱路,117.279278,31.864591
17062,太阳城,mall,060102,太阳城二楼好想吃美食(四牌楼地铁站D口步行160米),117.289649,31.862346
17063,飞虹商城(飞虹小区店),mall,060102,飞虹小区(三里庵地铁站F口步行170米),117.253466,31.855445
17064,宿淮里商城(绿都商城店),mall,060102,逍遥津街道淮河路213号宿淮里商城4楼,117.28926,31.864229
17065,声音小镇(长江中路店),mall,060100,新华书店图书城1层东侧,117.281539,31.861592
17066,五里商贸城,mall,060102,合作化北路111号五里商厦,117.250175,31.858225
17067,安徽轻工商城6栋,mall,060102,北一环路与金桥巷交叉口北60米,117.294766,31.880643
17068,置地国际广场,mall,060100,濉溪路278号财富广场C座,117.267711,31.878704
17069,太阳城·新世界(宿州路店),mall,060102|120302|061100,宿州路与长江中路交叉口北80米,117.2893,31.862343
17070,轻工业商城,mall,060102,新蚌埠路与众兴路交叉口北100米,117.297598,31.884728
17071,城隍庙大世界,mall,060100,霍邱路97号,117.279798,31.864832
17072,安徽体育商城,mall,060102,宣城路126号,117.294732,31.854532
17073,安徽轻工商城8号楼,mall,060102,新蚌埠路与跃进巷交叉口西南140米,117.294296,31.881823
17074,百盛广场,mall,060101,淮河路步行街与宿州路交叉口东40米,117.289805,31.86442
17075,乐普生商厦,mall,060102,徽州大道与绿都步行街交叉口东北60米,117.287783,31.864085
17076,源祥广场,mall,120203|120302|060102|120201,阜阳北路432号,117.286731,31.896927
17077,香港广场,mall,060102,淮河路266号,117.286336,31.865748
17078,润宜佳购物中心(连水路店),mall,060102|060200,连水路丽水路交口,117.266904,31.924762
17079,合肥悦城融侨里,mall,060101,阜阳北路526号,117.282748,31.918418
17080,合肥融侨里生活广场,mall,060101,凌湖路与阜阳北路辅路交叉口东北140米,117.283064,31.918142
17081,万达广场(合肥北城店),mall,060101,阜阳北路与金峰路交叉口,117.263369,31.971071
17082,金大地·庐州天地,mall,060102,阜阳北路59号,117.264994,31.966838
17083,恒泰·泰悦荟A座,mall,060100,蒙城北路辅路与金海路交叉口东北140米,117.256643,31.965968
17084,飞亚达(合肥北城万达店),mall,060100,阜阳北路与金峰路家口1楼北城万达1060B飞亚达专柜,117.263369,31.971071
17085,恒泰·泰悦荟B座,mall,120201|060102,泰悦荟,117.256942,31.963921
17086,银泰百货(滨湖店),mall,060101,银泰百货1层012(云谷路地铁站E口出),117.300979,31.714707
17087,融创茂,mall,060101,庐州大道800号(万年埠地铁站1口步行410米),117.304169,31.703175
17088,悦方ID MALL,mall,060101,紫云路与庐州大道交汇处东200米路南,117.304565,31.740055
17089,合肥滨湖爱琴海购物中心,mall,060101,庐州大道与洞庭湖路交口,117.301337,31.733492
17090,合肥佳源合悦汇,mall,060102,庐州大道与洞庭湖路交叉口,117.303691,31.733259
17091,万年荟购物中心,mall,060101,宝能城(华山路地铁站D口步行270米),117.310127,31.714005
17092,滨湖国购中心广场,mall,060100,滨湖假日商业街(塘西河公园地铁站A口步行310米),117.301652,31.731774
17093,合肥百大心悦城,mall,060100,百大心悦城B1层,117.318285,31.741661
17094,1918街区湖滨道(万达城滨湖新天地店),mall,060102,万达城滨湖新天地(万达城地铁站B口步行450米),117.306117,31.70364
17095,招商花漫里,mall,060100,泉州路与迎淮路交叉口西北180米,117.340225,31.739175
17096,万达广场,mall,060101,庐州大道800号万达银座,117.304578,31.705382
17097,佳源广场2栋,mall,060102,合肥佳源合悦汇,117.30498,31.732582
17098,滨湖万象汇(建设中),mall,060101,庐州大道(云谷路地铁站B口步行200米),117.304229,31.71136
17099,宝能环球汇(建设中),mall,060100,庐州大道与云谷路交口东南角,117.302781,31.712658
17100,禾润阳光购物广场,mall,060101,繁华大道6419号,117.334627,31.794077
17101,商之都阳光里购物广场,mall,060100,滨湖阳光里,117.342825,31.767175
17102,华联购物中心,mall,060101|060400,天津路与太原路交口皖西老母鸡旁,117.348559,31.775327
17103,龙湖景粼天地,mall,060100,渤海湾路与黄河路交口向南300米,117.33485,31.765431
17104,易汇商城,mall,060102,太原路8号心之缘公寓,117.33755,31.776121
17105,华夏国际茶博城一期·茶里水街,mall,060100,黄河路与宁夏路交叉口东北60米,117.324159,31.767118
17106,天汇宝石城,mall,060100|170200,北京路3号(义兴地铁站B口步行320米),117.326042,31.792411
17107,明悦中心,mall,060100,繁华大道6188号(义兴地铁站A口步行100米),117.328221,31.795515
17108,中骏世界城购物中心(建设中),mall,060101,中骏世界城(花园大道地铁站C口步行200米),117.332298,31.772131
17109,包河万象汇,mall,060101,包河大道与龙川路交叉口东北角,117.306929,31.808692
17110,加侨国际广场,mall,060102,马鞍山路与南二环路交口(葛大店地铁站D口步行190米),117.301237,31.815188
17111,星隆国际购物广场,mall,060101,望江路与东二环路交叉口西140米,117.312586,31.826016
17112,新都会环球购物广场,mall,060102,马鞍山路1000号,117.301737,31.847474
17113,百大购物中心(马鞍山路店),mall,060101,南路502号(朱岗地铁站A口步行50米),117.302558,31.832971
17114,聚福家园购物广场,mall,060100,枞阳南路301号,117.341709,31.841283
17115,汇隆时代购物广场,mall,060101|060102,淝河镇尧渡河路安徽博皖广场,117.329191,31.826123
17116,合肥杉杉奥特莱斯,mall,060101,龙川路与采石路交叉口,117.33916,31.814721
17117,星隆国际购物广场B座,mall,060101,望江路与东二环路交叉口西160米,117.312575,31.826025
17118,加侨国际购物公园(加侨国际广场写字楼店),mall,060102,马鞍山路与南二环路交口加侨国际广场2号楼负1层,117.302166,31.815423
17119,合家福超市(马鞍山路店),mall,060102|060400,马鞍山路百大购物中心马鞍山路店1-2层,117.302589,31.833261
17120,星隆国际购物广场A座,mall,060101,望江路与东二环路交叉口西120米,117.313003,31.826042
17121,绿地缤纷城(海顿国际广场店),mall,060102,望湖街道马鞍山路绿地瀛海大厦,117.302492,31.830451
17122,左岸广场,mall,060102|060101,铜陵路与滨河路交叉口,117.315681,31.848457
17123,JACK&JONES合肥杉杉奥特莱斯店,mall,060101|061101,龙川路99号,117.338703,31.815501
17124,宝盈商业广场,mall,060100,巢湖南路88号,117.316364,31.844786
17125,圣大国际商业广场,mall,060102|060602,天井湖路与采石路交叉口西北140米,117.340667,31.845888
17126,加侨国际广场3号楼,mall,060102,东二环路与包河大道交叉口西南角加侨国际广场,117.301596,31.814938
17127,悦荟城·地铁商城,mall,060102,马鞍山南路680号绿地·赢海国际大厦B座B1层,117.302475,31.831414
17128,绿地广场,mall,110105|060102,常青街道马鞍山路与望江路交口绿地瀛海广场D座2401室,117.302761,31.83063
17129,加侨国际广场2号楼,mall,060101,望湖街道东二环路与包河大道交叉口西南角加侨国际广场2号楼F1层,117.301974,31.815362
17130,加侨国际广场1号楼,mall,060102,南二环路辅路与包河大道辅路交叉口西南120米,117.301398,31.815678
17131,瑶海天地,mall,060102,长江东路566号,117.337317,31.867071
17132,万达广场(合肥包河店),mall,060101,马鞍山路130号,117.302741,31.857032
17133,家天下生活广场,mall,060102,龙门岭路49号,117.325372,31.895451
17134,吾悦广场(合肥坝上店),mall,060101,芜湖路与明光路交叉口西北角,117.30704,31.860458
17135,圣大国际商贸中心,mall,060102,长江东路1137号(大东门地铁站4号口步行60米),117.302408,31.863869
17136,超级家社区购物中心,mall,060102,老铁路巷与淮吾路交叉口西80米,117.304387,31.872511
17137,白马尚品中心,mall,060102,站前路9号2层南70米,117.312178,31.884756
17138,万达广场(合肥瑶海店),mall,060101,临泉东路277号,117.349706,31.877137
17139,东兴城,mall,060100,长江东路476号(东七里地铁站A口步行190米),117.339546,31.868789
17140,宝业奥莱,mall,060102,凤阳东路与东二环路辅路交叉口西南100米,117.337147,31.871226
17141,东方摩域艺术商业广场,mall,060102,当涂路202号,117.339111,31.859594
17142,温莎国际广场,mall,060101,胜利路196号(长淮地铁站2号口旁),117.309552,31.874278
17143,安徽白马东座,mall,060102,合肥火车站对面(合肥火车站地铁站C口旁),117.314522,31.883096
17144,安徽白马商贸城,mall,060100,站前路9号(鸭林冲地铁站1号口步行420米),117.310898,31.884629
17145,中绿广场,mall,060102,站前路64号,117.321282,31.881172
17146,武里山天街A区,mall,060102,武里山天街,117.320401,31.899202
17147,元一时代广场A区,mall,060100,长淮街道胜利路88号元一时代广场A区3楼,117.30708,31.87408
17148,百大·合家悦菜市场(瑶海佳苑店),mall,060705|060100,新华苑C区西南门,117.316314,31.899796
17149,武里山天街商业B区,mall,060102,七里塘街道扶疏路与武里山路交叉口东北角武里山天街B区4楼,117.32042,31.898559
17150,嘉合生活广场,mall,060100,胜利路与明光路交叉口(明光路地铁站A口步行230米),117.306367,31.870708
17151,宝业·东城广场E区,mall,060100,长江东路504号宝业广场(东七里地铁站F口旁),117.33723,31.86923
17152,宝业·东城广场D区,mall,060101,长江东路504号(东七里地铁站F口步行130米),117.337125,31.870125
17153,元一时代广场B区,mall,060100,元一时代广场购物中心(长淮地铁站C1口步行90米),117.307811,31.87461
17154,御景湾生活广场(明光路店),mall,060102,芜湖路与明光路交叉口西南100米,117.308127,31.859541
17155,元一时代广场C区,mall,060100,胜利路88号(长淮地铁站C1口旁),117.308444,31.8751
17156,安徽白马服装城,mall,060102,站前路(合肥火车站地铁站C口步行250米),117.313345,31.884431
17157,龙湖·车桥新界,mall,060100,来安路与长江东大街交叉口东北160米,117.321488,31.863326
17158,苏宁易购(Suning Max包河万达店),mall,060304|060100,马鞍山路130号万达广场合肥包河店1层,117.30288,31.857632
17159,东方商城,mall,060606|060102|060601,明光路48号,117.309636,31.863696
17160,供销广场(恒丰大厦A座店),mall,060102,恒丰大厦A座(长淮地铁站D口步行440米),117.305701,31.879424
17161,恒大中央广场商10号楼,mall,060102,淮南路与金孔路交叉口西北60米,117.300028,31.87623
17162,银座(恒盛豪庭店),mall,060102|071100|120000,大通路与来安路交叉口来安花园斜对面108号,117.318761,31.85988
17163,中国珠宝(合肥包河万达广场店),mall,061202|060102,马鞍山路130号(包公园地铁站A口步行60米),117.302471,31.857483
17164,万达优选(万达广场店),mall,060103,马鞍山路130号万达广场合肥包河店3F层,117.302467,31.857483
17165,华源生活广场-1区A座(华源国际城商业街1区店),mall,060102,和平路110号华源国际城商业街1区F1层,117.332697,31.854374
17166,家天下·翡翠商谷,mall,060102,龙门岭路扶疏路交口家天下四期,117.327,31.895123
17167,花冲邻里中心,mall,060102,凤阳东路,117.33527,31.871259
17168,乐活购物中心,mall,060101,七里塘街道物流大道与武里山路交叉口,117.321528,31.902571
17169,合肥弘盛商业广场,mall,060100,三十头镇铜陵北路与淮海大道交口东北角,117.348584,31.933815
17170,合肥禹悦里,mall,060102|120302,新蚌埠路188号东80米,117.314094,31.901834
17171,馥邦广场,mall,060100,铜陵北路与物流大道交口,117.32827,31.901329
17172,国购·京商商贸城,mall,060102,陶冲湖路与淮海大道交叉口南120米,117.330974,31.936737
17173,京商中央广场,mall,060101|120000,京商国际商贸城K区-MALL-MALlK-5-3铜陵北路与翠柏路交叉口东南角,117.345309,31.925277
17174,京商商贸城店,mall,060100,京商商贸城F区,117.336171,31.926636
17175,国购·京商商贸城D区九街,mall,060102,青桐路与大禹路交叉口东180米,117.338048,31.932538
17176,国购·京商商贸城E区一街,mall,060100,京商国际商贸城E区日用百货,117.340639,31.930696
17177,国购·京商商贸城K区十八街,mall,060102,新站综合开发试验区泗水路与卧龙路交口京商商贸城K区,117.346502,31.920102
17178,京商商贸城k区八街sl栋123-124,mall,060102,新站综合开发试验区泗水路与卧龙路交口京商商贸城K区,117.345725,31.923575
17179,京商国际商贸城J区八街,mall,060102,京商国际商贸城J区(陶冲湖东地铁站A口步行420米),117.347531,31.929219
17180,新站区京商商贸城B区,mall,120000|060100,青桐路与通淮南路交叉口东200米,117.343339,31.931387
17181,禹洲银河PARK(建设中),mall,060101,萧城路与新海大道辅路交叉口东南180米,117.308407,31.903434
17182,兴城家园邻里中心,mall,060102,裕溪路535号,117.351996,31.840521
17183,龙湖合肥瑶海天街,mall,060101,长江东路与王岗路交口东南角(王岗地铁站B口步行90米),117.391245,31.867351
17184,保利广场,mall,060102|060101,新安江路和郎溪路交叉口东南角,117.359132,31.858893
17185,万欢购物广场,mall,060101,临泉东路与通达路交汇向北200米,117.369511,31.877843
17186,满天星购物中心,mall,060101,临泉东路与戚继光路交叉口西北80米,117.383455,31.875834
17187,百味源购物广场,mall,060101,临泉东路静安瑞泰,117.373675,31.875825
17188,山海居广场(龙岗店),mall,060102,吴敬梓路与长江东路辅路交叉口东北80米,117.380625,31.869218
17189,新长江商业广场,mall,060100,长江东路85号长江批发市场2楼,117.363926,31.865853
17190,百思购广场(龙岗店),mall,060102|060101,龙岗综合经济开发区长江东路与吴敬梓路交叉口百思购广场3楼,117.380625,31.869218
17191,保利·熙熙里,mall,060102,郎溪路与慈湖路交口东北角,117.357724,31.857747
17192,小蓝猪益智玩具体验馆,mall,060100,新安江路与大众路交口东南龙湖龙誉中心s16-232.233,117.398451,31.859547
17193,中墅地产(五十五中东校区店),mall,060100|071600,王岗路与临泉东路交口圣地雅阁商业广场1033号,117.389903,31.874117
17194,合家福超市(磨店购物广场店),mall,060100,磨店社区文忠路与龙子湖路交叉口合家福超市,117.377902,31.934583
17195,百大商业广场,mall,060100,文忠路与龙子湖路交口东南,117.377746,31.93408
17196,招商·花园里,mall,060100,三十头镇新站区东方大道288号少荃体育中心,117.356459,31.948533
17197,合肥新站龙湖天街(建设中),mall,060101,东方大道与文忠路交口东南侧,117.380803,31.941908
17198,华盛广场,mall,060102,裕溪路与东风大道交汇口西南角,117.417169,31.831539
17199,合肥浙商城,mall,060102|060700,裕溪路888号,117.429254,31.831429
17200,国润堂大药房(东方明珠嘉苑店),mall,060101,撮镇镇新安居委会南侧东方明珠嘉苑,117.433219,31.823443
17201,合肥爱琴海购物公园奥特莱斯(装修中),mall,060100,合马路与东风大道交叉口西侧,117.413507,31.833811
17202,天润发量贩购物中心(文一名都店),mall,060101|060400,经济开发区古河路与长山路交汇处文一名都S13,117.423472,31.886419
17203,双龙商务大酒店-购物中心,mall,060101,长江东路辅路与镇西路交叉口西40米,117.434727,31.875355
17204,生活家广场,mall,060102,桥头集路与古河路交叉口西南角,117.449575,31.887229
17205,合肥徽商城金属制品交易市场,mall,060102,徽商大市场,117.428175,31.868325
17206,正荣中心(建设中),mall,060101,大众路与淮海大道交口,117.400246,31.926216
17207,肥东县撮镇永兴商场(南大街店),mall,060102|060300,撮镇镇南大街78号,117.467536,31.823944
17208,吾悦广场(合肥肥东店),mall,060101,长江东路与桥头集路交汇处(对河地铁站C口步行470米),117.457594,31.87196
17209,亿佰购物广场,mall,060100,站南路与宾至路交叉口西南120米,117.475046,31.852715
17210,新纪元鞋服坊(星光国际广场店),mall,060102|060400|061100,星光国际广场一期,117.467972,31.887331
17211,金阳光购物中心,mall,060101|060200|061100,店埠镇新街14号,117.467997,31.885275
17212,肥东伟星星悦广场,mall,060101|120200,四顶山路与山水路交叉口(肥东站地铁站C口步行320米),117.490011,31.858017
17213,梓晨翰林苑商业广场,mall,060102,古城路与公园路交叉口南60米,117.455695,31.877288
17214,汉运星光汇,mall,060100,星光国际广场一期,117.467702,31.887163
17215,星光广场,mall,060100,公园路8号,117.467925,31.887389
17216,永兰百货,mall,060100,店埠镇龙泉西路与桥头集路交口亲亲旅馆巷子里,117.453993,31.87943
17217,伟星星悦广场租售中心,mall,060100,站南路与四顶山路交口(肥东站地铁站B口步行410米),117.490347,31.859306
17706,贝儿乐幼教,kindergarten,141204,安乐路力高君御国际西南门s1栋,117.460058,31.888994
17708,小星星幼儿园,kindergarten,141204,世纪大道银乡源酒楼旁,117.272435,31.420273
17709,喻岗幼儿园,kindergarten,141204|070000,006乡道与文忠路交叉口西北180米,117.36254,31.902858
17710,肥东县东城幼教集团总园,kindergarten,141204,东城实验小学东1门旁,117.479542,31.848954
17711,上派幼教集团瑜城路分园,kindergarten,141204,金寨南路辅路与瑜城路交叉口西260米,117.15344,31.719144
17712,瑶海幼教托育中心,kindergarten,141204,铁路生活小区100号,117.325042,31.87964
17713,肥东县三和幼教集团·人和园,kindergarten,141204,人和家园小区内,117.488394,31.813015
17714,肥西学前教育集团西溪湾幼儿园,kindergarten,141204,上派镇文一西溪湾小区内,117.142937,31.711458
17715,智杰幼教,kindergarten,141204,古河路与柳孜路交叉口东80米,117.420278,31.886825
17716,小二郎幼儿看护点(恒泰风格城市店),kindergarten,141204,双凤开发区阿奎利亚风格城市122栋商铺,117.259142,31.965257
17717,合肥百贝幼儿园,kindergarten,141204,顺祥路附近,117.384164,31.872016
17718,合肥幼教集团新店花园幼儿园,kindergarten,141204,桐柏路与怀远路交叉口西北140米,117.321623,31.937493
17719,新蕾幼儿园(人民路),kindergarten,141204,草城街,117.874617,31.608773
17720,合肥幼教集团艺境花园幼儿园,kindergarten,141204,龙子湖路与张衡路交口,117.371026,31.935998
17721,东方之星幼儿园教育集团,kindergarten,141204,育才路与宣小路交叉口西南80米,117.39956,31.829055
17722,育红幼教集团岱山湖路幼儿园,kindergarten,141204,浮槎北路拆迁恢复楼-16号楼,117.478739,31.895213
17723,蓓蕾幼儿园,kindergarten,141204,龙杭路与郭福路交叉口东北120米,117.160716,31.423878
17727,美心幼儿园,kindergarten,141204,繁华大道6419格林丽景,117.331867,31.793365
17218,顺和家园商业街,street_commercial,061000,桥湾路与沣河路交叉口西40米,117.14804,31.770607
17219,小吃一条街,street_commercial,061000,桥湾路与振风塔路交叉口西80米,117.148079,31.770582
17220,新华城锦鲤坊商业街,street_commercial,061000,百草街109号,117.136314,31.848196
17221,诚信经营示范街,street_commercial,061000,长宁大道与复兴路交叉口北220米,117.115764,31.81792
17222,永和南苑商业街,street_commercial,061000,皖水路与支路一交叉口南220米,117.111418,31.843193
17223,悦汇街(南岗惠园D区店),street_commercial,060102|061000,南岗惠园D区,117.131506,31.852517
17224,伟星星悦里商业街区,street_commercial,061000,长宁大道与仙女湖路交口伟星星悦里商街区,117.114745,31.852096
17225,栢悦湾潭冲左岸商业街区,street_commercial,061000,青年路与潭冲湖路交叉口西140米,117.168235,31.708002
17226,万派街(万派广场店),street_commercial,061000,桃花工业区青年路与金寨南路交叉路口往西北约50米(万派广场),117.162906,31.725765
17227,名邦栖街(名邦·保利广场店),street_commercial,061000,上派镇金寨南路与站下路交口名邦·保利广场名邦栖街-136A,117.153808,31.714236
17228,文明诚信示范街(中街·水晶城店),street_commercial,061000,永辉路与新华街交叉口西南200米,117.169966,31.719151
17229,九巷街,street_commercial,061000,江淮大道与翡翠路辅路交叉口西北300米,117.158653,31.738351
17230,兴众美食街(兴众广场店),street_commercial,061000,三河路兴众广场,117.157506,31.728254
17231,和昌海罗街,street_commercial,061000,繁华大道与严凤英路交叉口西南120米,117.152292,31.781601
17232,绿洲风情商业街,street_commercial,061000,桃花镇繁华大道名门绿洲北200米,117.174268,31.782061
17233,繁华逸城商业街(童泰母婴店),street_commercial,061000,延乔路与繁华大道交叉口北120米,117.172075,31.783525
17234,九龙菜市场,street_commercial,060705|061000,九龙路与九龙美食街交叉口北160米,117.180594,31.771221
17235,方目里(建设中),street_commercial,061000,翠竹路与菖蒲路交口西北角,117.162246,31.799695
17236,乐富强·乐街,street_commercial,061000,习友路与玉兰大道交口向东400米,117.180263,31.818932
17237,柏堰商业街(柏堰雅苑店),street_commercial,061000,稻香路1088号香山丽舍3幢商109室,117.163316,31.807276
17238,紫兰苑商业街A区,street_commercial,061000,杭埠路与玉兰大道交叉口东南100米,117.166316,31.811466
17239,紫兰苑商品房C区,street_commercial,061000,杭埠路与玉兰大道交叉口东南140米,117.166736,31.811255
17240,蜀南庭院商业街,street_commercial,061000,枫林路与东支路交叉口西420米,117.166375,31.827625
17241,紫兰苑商业街,street_commercial,061000,杭埠路与玉兰大道交叉口东南140米,117.166674,31.811326
17242,紫兰苑商品房B区,street_commercial,061000,杭埠路与玉兰大道交叉口东南120米,117.166556,31.811426
17243,半边街,street_commercial,061000,长江西路727号(大蜀山地铁站C口步行90米),117.184735,31.85045
17244,沃野花园商业街,street_commercial,061000,蜀山新产业园区新产业园甘泉路81号,117.172394,31.85389
17245,西城·衣食汇商业街(西城山水居店),street_commercial,061001,田埠东路与甘泉路交叉口东北40米,117.173869,31.853961
17246,乐客来国际广场,street_commercial,061000,田埠东路与蜀峰路交叉口东160米,117.170125,31.853375
17247,曦街,street_commercial,110105|061000,蜀峰路558号,117.168706,31.860312
17248,乐客街,street_commercial,190301|061000,长江西路快速路出口与长江西路快速路交叉口西北120米,117.170504,31.853454
17249,V-PARK商业街,street_commercial,061000,珠江路与天都路交叉口东180米,117.242954,31.702573
17250,临湖美食街(庐员外全时段邻里餐厅店),street_commercial,061000,玉屏南路105号,117.246779,31.712534
17251,建大合师小吃街(天门湖博雅居店),street_commercial,061000,莲花路与紫蓬路交叉口天门路189号,117.228163,31.743235
17252,安徽建筑大学小吃一条街,street_commercial,061000,锦绣社区合肥市经开区紫云路292号,117.22817,31.74324
17253,欧洲风情街(金寨南路店),street_commercial,061000,金寨路与北海路交口,117.228365,31.779991
17254,金星商业城,street_commercial,060102|061000,丹霞路488号,117.203405,31.775971
17255,翡翠商业街(翡翠美食街·维C派店),street_commercial,061000,环翠路与金寨南路辅路交叉口北40米,117.205596,31.758112
17256,大都会商业街(莲花路店),street_commercial,061000,莲花路626号,117.23076,31.772255
17257,中环城商业街,street_commercial,061000,翡翠路111号(繁华大道地铁站C口步行280米),117.208539,31.780651
17258,室外步行街(港澳广场店),street_commercial,061001,金炉路与笔峰路交叉口东南40米,117.207185,31.791831
17259,合柴1972东望街,street_commercial,061000,金寨路390号,117.24671,31.79774
17260,港澳广场室外步行街1(港澳广场C区店),street_commercial,061001,翡翠路188号港澳广场F3,117.208125,31.791198
17261,徽省合肥市蜀山区翡翠商业街1栋110号,street_commercial,061000,环翠路与金寨南路辅路交叉口西北180米,117.204152,31.758551
17262,翠湖苑商业街,street_commercial,190301|061000,径三路与松林路交叉处(翠湖苑商业街2栋148),117.201508,31.774926
17263,大都会便利店,street_commercial,061000|060200,莲花路与月池路交叉口西120米,117.230174,31.772956
17264,金大地东西街,street_commercial,061000,黄山路543号北100米,117.221647,31.84136
17265,金大地1912酒吧街B区,street_commercial,061000,黄山路与怀宁路交口,117.222323,31.841512
17266,海卉文化生活街(信旺·华府骏苑西区西南),street_commercial,061000,潜山路望江西路198号华府骏苑内,117.235479,31.83141
17267,华地·双龙街,street_commercial,061000,望江西路与望联路交叉口西约100米,117.224239,31.832589
17268,花花市街文旅街区,street_commercial,120201|120302|061000,政务新区东流路与合作化南路交口国际花都,117.232731,31.819993
17269,锦鲤街(新华国际广场店),street_commercial,061000,皖河路与潜山路交叉口东100米,117.232553,31.835913
17270,大象哆艺术街区,street_commercial,061000,绿洲东路与万佛湖路交叉口(万象城对面),117.229209,31.802007
17271,天鹅湖金街(天鹅湖万达店),street_commercial,061001,笔架山街道汇林阁社区南二环路3818号,117.220675,31.818925
17272,金大地1912街区西街,street_commercial,061000,黄山路与怀宁路交叉口西北140米,117.220383,31.841392
17273,新华潜水街,street_commercial,061000,潜山路269号(国防科技大学地铁站B2口步行330米),117.232188,31.837646
17274,琳琅I街(港汇广场店),street_commercial,061000,潜山路与望江西路交叉口北160米,117.232087,31.833893
17275,天鹅湖步行街(保利MALL店),street_commercial,061001,潜山路与祁门路交口银泰in66(南侧),117.231542,31.807406
17276,港汇广场琳琅2街(港汇中心店),street_commercial,061000,潜山路与望江西路交叉口北160米,117.232206,31.833837
17277,时尚女人街(大唐国际购物广场店),street_commercial,061000,潜山路216号大唐国际购物广场F1层,117.232725,31.831725
17278,银杏路商业广场,street_commercial,061000,美特尔口腔医院西侧80米,117.207654,31.818713
17279,信达政务乐活街(融创信达·政务壹号店),street_commercial,061000,居郢路与茗香路交叉口东南20米,117.248375,31.819675
17280,融创合肥壹号院SONE街区,street_commercial,061000,齐云山路与天鹅湖路交叉口南120米,117.235451,31.813467
17281,室内步行街(万达广场店),street_commercial,061000,天鹅湖万达广场3楼,117.221196,31.819938
17282,金大地1912街区西街5幢,street_commercial,061000,怀宁路与金大地1912北大街交叉口西南120米,117.220682,31.841516
17283,天鹅湖酒家,street_commercial,061000,政府区怀宁路与休宁路交叉口往南三百米万达广场同庆楼,117.221925,31.820725
17284,西街1912夜市,street_commercial,061000,黄山路与怀宁路交叉口西240米,117.219318,31.841194
17285,十里庙内街,street_commercial,061000,岳西新村东北(十里庙路北),117.224146,31.85275
17286,玥·街,street_commercial,061000,长江西路556号天玥中心F1层,117.229939,31.853719
17287,汉服文化特色街区(国祯广场店),street_commercial,061000,金牛路与长江西路辅路交叉口东北100米,117.234597,31.852708
17288,万科森生活汇,street_commercial,061000,固镇路万科森林公园,117.233511,31.890053
17289,合肥种子一条街,street_commercial,061000,西园街道樊洼路4号(西七里塘地铁站5号口步行280米),117.227888,31.854366
17290,文一百年街,street_commercial,061000,大杨镇清源路与四里河路交汇处,117.235419,31.901754
17291,北城鸿徽蔬菜直销店,street_commercial,061000,东桥路与金湖路交叉口北120米,117.246215,31.998745
17292,凤鸣小吃街,street_commercial,061000,金兰路凤梅菜市场路,117.249617,31.978083
17293,千城商业广场,street_commercial,061000,徽州大道辅路与福州路交叉口西北100米,117.285096,31.744782
17294,滨湖假日商业街,street_commercial,061000,长沙路与广西路交叉口东120米,117.292732,31.737377
17295,万国金街,street_commercial,061000,长沙路s4-104号附近,117.298045,31.737483
17296,东方蓝海金水风情商业街,street_commercial,061000,南宁路东方蓝海,117.296476,31.706281
17297,云谷创新园·云街商业街,street_commercial,061000,四川路与南宁路交叉口南200米,117.276279,31.704193
17298,烟墩商业街,street_commercial,061000,紫蓬路合众教育街,117.277298,31.748391
17299,海恒步行街,street_commercial,061001,繁华大道147号,117.258933,31.778537
17300,海恒国际体验式商业街区,street_commercial,061000,习友路6621号,117.271526,31.759205
17301,罍街,street_commercial,061000,水阳江路与宁国路交口以北,117.293509,31.819892
17302,信达乐活街,street_commercial,061000,宏村路8号,117.26751,31.805027
17303,合肥绩溪路商业步行街,street_commercial,061001,宿松路与绩溪路交叉口东北50米,117.272892,31.844759
17304,罍街南区,street_commercial,061000,水阳江路3号,117.291219,31.817745
17305,徽州大道商业步行街,street_commercial,061001,徽州大道370号附近,117.286212,31.849798
17306,望湖上街,street_commercial,061000,望湖中路与望湖西路交叉口西60米,117.294164,31.806754
17307,信达乐活街二期,street_commercial,061000,宿松路970号,117.267433,31.803805
17308,绿地中心春台街,street_commercial,061000,薛河地铁站A口步行430米,117.268834,31.81034
17309,庐州坊,street_commercial,061000,九华山路9号,117.294146,31.838725
17310,罍街东区,street_commercial,061000,罍街与酒船路交叉口西120米,117.29441,31.819423
17311,科大后街,street_commercial,061001,洪岗路与金寨路交叉口西20米,117.264734,31.834264
17312,1980合肥创意文化街区,street_commercial,061000,宁国南路军干·阳光公寓,117.292291,31.820497
17313,金水坊安徽特色商业街,street_commercial,061000,望江东路省立儿童医院对面,117.282142,31.828424
17314,春晓街,street_commercial,061000,汤泉路绿地中心,117.267869,31.812635
17315,春台街,street_commercial,061000,宏村路与祁门路辅路交叉口东北20米,117.266751,31.808173
17316,中国特色商业街,street_commercial,061000,宁国南路罍街夜市广场,117.292882,31.819554
17317,文化创意艺术街区,street_commercial,061000,九阳江路与宁国路交口,117.292225,31.818925
17318,科大花园商业街,street_commercial,061000,水阳江路与桐城南路交叉口西40米,117.277575,31.820675
17319,罍街夜市广场,street_commercial,061000,宁国路与罍街交叉口东南200米,117.293501,31.820627
17320,磊师豆坊(罍街早餐店),street_commercial,061000,宁国南路罍街5号101及101上号商铺,117.292894,31.819685
17321,宁国路龙虾美食街,street_commercial,061000,宁国南路与九华山路交口,117.292076,31.839138
17322,青年巷,street_commercial,061000,稻香楼地铁站B口步行390米,117.277496,31.849736
17323,淮河路步行街,street_commercial,061001,北含山路(四牌楼地铁站出入口步行460米),117.29384,31.864372
17324,中市街国潮街区(东),street_commercial,061000,淮河路步行街111号,117.295325,31.863475
17325,女人街便民服务巷,street_commercial,061001,三孝口(三孝口地铁站C口步行340米),117.278555,31.860554
17326,徽商2号门·幸福街里,street_commercial,061000,明光路403号,117.296908,31.875246
17327,合肥香港商业步行街(三星钻石大厦西南),street_commercial,061001,宁国路227号(三星钻石大厦西南),117.281869,31.850221
17328,双岗义井路民俗花卉街,street_commercial,061000,钢铁新村国华园门面房13号,117.284442,31.883624
17329,绿都步行街(绿都商城店),street_commercial,061001,宿州路60号(四牌楼地铁站D口步行300米),117.287683,31.863575
17330,中市街国潮街区,street_commercial,061000|070000,北含山路55号中市街招商中心,117.295315,31.863705
17331,老报馆EAST,street_commercial,061000,金寨路206号,117.27901,31.853879
17332,百纳女人街,street_commercial,061000,宿州路55号(四牌楼地铁站C口步行190米),117.288788,31.86038
17333,精彩出庐·天街,street_commercial,061000,淮河路步行街与中菜市路交叉口北20米,117.290446,31.864345
17334,之心小天街,street_commercial,061000,肥西路与长江西路交叉口南220米,117.258331,31.853339
17335,银河街,street_commercial,061000,嘉山路98号,117.294885,31.892971
17336,益民街2号,street_commercial,061000,益民街与舒城路交叉口西60米,117.28304,31.860613
17337,银桂巷,street_commercial,061000,女人街与仁和巷交叉口西南80米,117.276538,31.860136
17338,易舍文化极光之夜文化创客街区,street_commercial,061000,三孝口街道光明小街极光之夜文化创客街区,117.275238,31.85977
17339,新疆麦尔丹花园街,street_commercial,061000,阜阳路与安庆路交叉口北40米,117.284935,31.863867
17340,吃货街(环球金融广场B座店),street_commercial,061000,霍山路与长江西路交叉口西北60米(安农大地铁站D口旁),117.264737,31.858442
17341,中西街(元一名城A区店),street_commercial,061000,板桥河沿河路与青龙路交叉口东南120米,117.289865,31.888977
17342,BowlingGo潮玩运动街区(步行街店),street_commercial,061000,淮河路步行街庐州印象2层,117.294054,31.864731
17343,新月光广场,street_commercial,061001,环城南路,117.278149,31.853924
17344,新天地精品街(新天地·国际中心店),street_commercial,061000,双岗街道北一环路168号新天地国际购物中心F1层,117.279575,31.880525
17345,知心美食街,street_commercial,061000,三里庵街道肥西路96号梅园公寓1栋103室,117.257314,31.852903
17346,美食一条街,street_commercial,061000,湖西路与花园路交叉口西50米,117.262771,31.866151
17347,百盛美食街(百盛购物中心店),street_commercial,061000,淮河路步行街与逍遥津路交叉口西南80米,117.2949,31.864513
17348,徽州小吃街(人民巷二店),street_commercial,061000,人民巷57号(三孝口地铁站D口步行150米),117.275934,31.859713
17349,勤劳巷,street_commercial,190301|061000,九狮桥街,117.296091,31.863702
17350,撮造山巷,street_commercial,190301|061000,撮造山巷与北含山路交叉口西20米,117.292465,31.864878
17351,老报馆酒吧街,street_commercial,061000,金寨路308号,117.276782,31.854344
17352,润街Block(华联购物广场连水路店),street_commercial,061000,临艾路与丽水路交叉口西20米,117.267926,31.923843
17353,华地·龗龙街(华地·森林湖店),street_commercial,061000,耀远路s-106号,117.265491,31.919841
17354,宝湾国际54大街,street_commercial,190301|061000,长丰县,117.292976,31.940111
17355,阳光街(金科半岛1号1期店),street_commercial,061000,双凤开发区梅冲社居委半岛一号31栋501室,117.25263,31.989359
17356,御园金街(京冠·御园华府店),street_commercial,061000,金桂路与魏武路交叉路口往东南约100米(京冠御园华府),117.255266,31.983192
17357,恒泰·城果一期步行街,street_commercial,061001,双凤开发区金宁路恒泰阿奎利亚城果,117.260675,31.956873
17358,文一津门水街,street_commercial,061000,杭州路1108号,117.314266,31.71957
17359,佳源香榭街,street_commercial,061000,湖北路与中山路交叉口西北140米,117.305773,31.732704
17360,融创茂室内步行街,street_commercial,061001,庐州大道800号(万达城地铁站B口步行100米),117.303096,31.704543
17361,万年埠(万达未来领地店),street_commercial,190107|061000,宝能城27栋1501号(华山路地铁站B口步行160米),117.311811,31.71238
17362,融创酒吧街,street_commercial,080304|061000,万年埠路与金庐支路交叉口东50米,117.307304,31.700886
17363,贡街,street_commercial,061000,乌鲁木齐路9号(义兴地铁站B口步行200米),117.328976,31.793112
17364,水丽坊·商业街,street_commercial,061000,包河工业区水丽坊东区(北京路东),117.326762,31.795684
17365,合肥奇石文化街,street_commercial,061000,大连路118号,117.316648,31.784828
17366,华夏茶里(水街店),street_commercial,061000,西安路与山西路交口,117.324627,31.768591
17367,包河苑美食街,street_commercial,061000,哈尔滨路包河苑美食城1-06号,117.318673,31.797945
17368,后街,street_commercial,061000,万岗路后街招商运营中心,117.305314,31.825955
17369,名店街(和昌·都汇华府店),street_commercial,061000,和昌·都汇华府西南2门西北70米,117.308796,31.822736
17370,京华广场商业街,street_commercial,061000,北京路与祁门路交叉口西北100米,117.317047,31.8146
17371,合肥坝上街新市场,street_commercial,061000|060700,淝河路324号,117.318322,31.837725
17372,安百苑便民小吃街,street_commercial,061000,歙县路与北京路交叉口东北100米,117.318173,31.816864
17373,武里山天街,street_commercial,061000,白居易路与武里山路交叉口东南160米,117.320737,31.898372
17374,信地城市广场步行街,street_commercial,061001|190301,全椒路中绿广场对面,117.319841,31.878911
17375,淮矿和平盛世商业街,street_commercial,061000,明光路淮矿和平盛世,117.308393,31.856551
17376,安美商业街,street_commercial,061000,安美街与长江东大街交叉口西南140米,117.310747,31.861645
17377,包河金街(合肥包河万达广场店),street_commercial,061000,马鞍山路130号万达广场合肥包河店1F层,117.303373,31.858333
17378,合家福商业街(临泉东路店),street_commercial,061001,临泉路3368号,117.336076,31.876603
17379,宝业东城广场东七里商业街,street_commercial,061000,长江东路504号宝业·东城广场B1层,117.337609,31.871463
17380,梧桐坊e邻中心,street_commercial,061000,片塘路72号(东五里井地铁站C口步行480米),117.324394,31.864646
17381,万达广场室内步行街(包河金街店),street_commercial,061001,马鞍山路152号万达百货有限公司F1,117.302425,31.855925
17382,合肥大东门商业街,street_commercial,061000,胜利路辅路与凤凰桥路交叉口东北80米,117.301275,31.863625
17383,室内步行街(合肥瑶海万达广场店),street_commercial,061000,临泉东路瑶海万达广场7,117.349575,31.877325
17384,新派南洋风民国主题街区(合肥包河万达广场店),street_commercial,061000,马鞍山路130号万达广场合肥包河店B1层,117.30243,31.857775
17385,花漾女神街(包河万达店),street_commercial,061000,马鞍山路130号万达广场合肥包河店2F层,117.302525,31.856425
17386,龙湖·星街不夜城,street_commercial,061000,北二环路辅路与上城路交叉口西60米,117.32279,31.886394
17387,武里山天街C区,street_commercial,061000,七里塘街道扶疏路与武里山路交叉口武里山天街C区一楼109号,117.320741,31.897533
17388,华源国际城商业街,street_commercial,061000,和平路与东二环路交叉口西北140米,117.333725,31.854475
17389,安美商业街E区,street_commercial,061000,安美街与长江东大街交叉口西南80米,117.31058,31.862252
17390,信地步行街乐行市集,street_commercial,061001,全椒路与站前路交叉口南40米,117.320576,31.879933
17391,安美商业街D区,street_commercial,061000,安美街与长江东大街交叉口南120米,117.310853,31.861825
17392,宝业·东城广场下沉式商业街(宝业东城广场店),street_commercial,061000,长江东路504号宝业·东城广场B1层,117.33727,31.870178
17393,茂林路农贸市场便民商业示范街,street_commercial,061000,茂林路与和平路交叉口南80米,117.329858,31.853712
17394,信地·安徽大市场窗帘一条街,street_commercial,061000,铜陵路与临泉路交叉口安徽大市场六区,117.328901,31.87789
17395,合肥市裕丰花鸟虫鱼市场-文化街,street_commercial,061000,东一环路与裕溪路立交桥交叉口西北240米,117.308289,31.853936
17396,醉民国(万达广场店),street_commercial,061000|050000,包河万达广场B1层(包公园地铁站A口旁),117.302625,31.856925
17397,昊天园商业街(隆昊·昊天园店),street_commercial,061000,新站区北二环萧城路昊天园小区13号楼,117.304839,31.900988
17398,京商商贸城D区七街,street_commercial,061000,青桐路与大禹路交叉口东200米,117.338152,31.932916
17399,京商商贸城G区三街,street_commercial,061000,通淮南路与淮海大道交叉口南200米,117.342205,31.932596
17400,京商商贸城G区四街,street_commercial,061000,通淮南路与青桐路交叉口东北160米,117.342128,31.93235
17401,北郡金街,street_commercial,061000,大禹路与淮海大道交叉口北160米,117.337555,31.937792
17402,I区十三街,street_commercial,061000,通淮南路与泗水路交叉口东北200米,117.339519,31.924843
17403,K区十五街,street_commercial,061000,卧龙湖路京商商贸城K区,117.347018,31.920629
17404,七街商业,street_commercial,061000,通淮南路与翠柏路交叉口南200米,117.33989,31.92616
17405,K区十二街,street_commercial,061000,卧龙湖路京商商贸城K区,117.347389,31.921631
17406,k区十六街,street_commercial,061000,泗水路与卧龙湖路交叉口北200米,117.346783,31.920488
17407,瑶海家具(京商商贸城K区十四街店),street_commercial,060602|061000,京商商贸城K区14街S0栋瑶海家具,117.345187,31.921888
17408,京商美食街,street_commercial,061000,淮海大道188号,117.347758,31.932111
17409,磨滩大街,street_commercial,061000,环圩西路6号,117.387261,31.783071
17410,百大·周谷堆商业街1号楼(百大周谷堆农产品国际物流园店),street_commercial,061000,和平路与查济路交叉口东南80米,117.383139,31.839129
17411,长江180艺术街区,street_commercial,061000,,117.354196,31.871675
17412,时埠里,street_commercial,061001|120000,长江东路长江批发市场对面,117.365888,31.868743
17413,铂金岛商业街(龙湖合肥瑶海天街店),street_commercial,061000,大店路龙湖瑶海天街(王岗地铁站B口步行220米),117.391821,31.86718
17414,原创生活小区商业街(实嘉·原创生活西区店),street_commercial,061000,灵石路与大泽路交叉口西南140米,117.351475,31.886525
17415,小商品城(新长江商业广场店),street_commercial,061000,长江东路与健民巷交叉口南100米,117.363407,31.867262
17416,金街夜市美食广场(万达华府3期店),street_commercial,061000,和县路瑶海万达华府,117.351411,31.876899
17417,黉街,street_commercial,061000,学府路与梦溪路交汇处,117.388803,31.933542
17418,京商国际商贸城J区二十街,street_commercial,061000,卧龙湖路与翠柏路交叉口北120米,117.350181,31.925519
17419,圣联梦溪商业街(圣联梦溪小城店),street_commercial,061000,临涣路与梦溪路交叉口东北40米,117.39068,31.921876
17420,J区十九街(京商国际商贸城J区店),street_commercial,061000,卧龙湖路与翠柏路交叉口北160米,117.350291,31.92579
17421,安广美食小吃街,street_commercial,061000,学府路与富郢路交叉口西280米,117.370346,31.931853
17422,磨店小吃街,street_commercial,061000,磨店街道少荃美食街小米之家合肥磨店老街专卖店,117.382647,31.939189
17423,磨店美食一条街,street_commercial,061000,磨店街与光明路交叉口西60米,117.380831,31.938928
17424,招商美好合集,street_commercial,061000,卧龙湖路b9号,117.356857,31.956592
17425,海棠花海森林夜市,street_commercial,061000,卧龙湖路3399号,117.378475,31.976025
17426,风情街,street_commercial,061000,长江东路与龙泉路交叉口南140米,117.440827,31.874748
17427,东方·红街,street_commercial,061000,龙脊山路与长江东路辅路交叉口北180米,117.425669,31.875114
17428,万国街(文一名都一期店),street_commercial,061000,龙脊山路与古河路交叉口西南40米,117.423443,31.886392
17429,和顺风情街,street_commercial,061000,龙脊山路东方绿洲,117.425037,31.87847
17430,彩虹新城商业街,street_commercial,061000,长江东路辅路与龙脊山路交叉口东北80米,117.426707,31.874067
17431,合肥撮街,street_commercial,061000,桥头集路与裕溪路交叉口东北角,117.457964,31.821547
17432,义和商超,street_commercial,061000|070000,撮镇镇义和商业街,117.479702,31.820764
17433,吾福印巷(合肥肥东吾悦广场店),street_commercial,061000,店埠镇长江东路与桥头集路交口吾悦广场S8-105,117.455843,31.871088
17434,步康商城,street_commercial,061001,店埠镇老街56号,117.467892,31.884441
17728,我爱伢儿童成长园,kindergarten,141204,蜀山区西园新村枫林里商铺二层整层(西园新村实验幼儿园对面5米),117.253985,31.849307
17729,新鑫幼教·罗兰香谷幼儿园,kindergarten,141204,淮海大道与相城路交口向西100米,117.407097,31.925769
17730,合肥幼教集团萧城路幼儿园,kindergarten,141204,物流大道与萧城路交叉口北150米,117.307333,31.905861
17731,合肥幼教集团金屿海岸幼儿园,kindergarten,141204,海恒社区锦绣大道与清潭路交口向西100米合肥幼教集团,117.255478,31.754154
17732,爱生堡幼教,kindergarten,141204|141400,荷叶地街道金寨路高架安粮城市广场2期底商,117.256417,31.819757
17733,合肥幼教集团北岗花园幼儿园,kindergarten,141204,北岗花园东50米(淮海大道北),117.353723,31.932957
17734,杨店学校-杨店中心幼儿园,kindergarten,141204,范同路与030县道交叉口东北80米,117.533737,32.128783
17735,肥西县华南城幼儿园,kindergarten,141204,华二路1号,117.10269,31.769313
17736,爱生堡云水湾幼儿园,kindergarten,141204,滨湖大道,117.513983,31.588187
17737,尚泽幼儿园,kindergarten,141204,,117.230555,31.773603
17738,新希望幼儿园,kindergarten,141204,合蚌路林业大厦对面,117.484974,31.882137
17739,童萌慧幼儿园,kindergarten,141204,庐城镇,117.283504,31.354336
17740,梦溪幼儿园,kindergarten,141204,泥河镇沙溪街道,117.288204,31.150336
17741,乐桥镇幼儿园,kindergarten,141204,乐桥镇幼儿园(金润万家旁),117.184208,31.142019
17742,贝贝幼儿园(农圣路),kindergarten,141204,农圣路,117.301836,31.24698
17743,巢湖市黄麓幼儿园,kindergarten,141204,黄师路与新街交叉口东200米,117.581805,31.626601
17744,合肥滨湖康康幼儿园,kindergarten,141204,玉龙路与中山路交叉口东北方,117.275941,31.731894
17745,合肥工业大学幼儿园,kindergarten,141204,屯溪路193号合肥工业大学,117.292425,31.842221
17746,肥东店埠镇青春幼儿园,kindergarten,141204,人民路67路,117.473076,31.886384
17747,肥东县白龙镇中心幼儿园,kindergarten,141204,新街与小街交叉口西220米,117.426527,32.147956
17748,小火炬幼儿园,kindergarten,141204,丰乐镇丰乐程店,117.161203,31.627502
17749,金童幼儿园,kindergarten,141204,008县道(利邦购物中心西北),117.214536,32.195132
17750,亲亲幼儿园(浮槎山路),kindergarten,141204,店埠镇浮槎路包公学府2栋门面105室,117.476885,31.884379
17751,金牛育才幼儿园,kindergarten,141204,山南镇金牛街道,116.799248,31.657298
17752,合肥海恒教育紫云路幼儿园,kindergarten,141204,经开区经济技术开发区紫云路方兴社区内,117.206807,31.748619
17753,欣喜苔自然学园,kindergarten,141204|141400,金牛路与高刘路交叉口南100米,117.237485,31.866864
17754,瑶海幼教,kindergarten,141204,凤台路与白龙路交叉口西南60米,117.302033,31.892276
17755,肥西师范幼教中心站下路幼儿园,kindergarten,141204,司空山路与站下路交叉口西北侧,117.180375,31.698803
17757,快乐宝贝幼儿园·和顺园,kindergarten,141204,规划支路一与虎山路交叉口东140米,117.46108,31.87477
17758,肥东县撮镇幼教集团先锋园,kindergarten,141204,撮镇镇振兴路与三河路交口先锋小区一期内,117.476482,31.80693
17759,肥东县撮镇幼教集团和谐园,kindergarten,141204,裕溪路136号,117.465362,31.816635
17761,美诚教育,kindergarten,141204|141400,香樟大道163号,117.190184,31.807642
17762,肥西爱生堡幼儿园,kindergarten,141204|141400,禹洲·华侨城1期西北2门旁,117.202801,31.801438
17764,合肥星星幼教(丽水云天分园),kindergarten,141204,丽水云天晨旭童园东门东70米,117.442964,31.891097
17765,亿童幼教,kindergarten,141204,清潭路与紫蓬路交叉口北180米,117.266756,31.748933
17766,Q狮育儿早托中心•爱博尔幼儿园,kindergarten,141204,琅琊山路33号(三里街地铁站C口步行210米),117.311581,31.868198
17767,中铁四公司幼儿园,kindergarten,141204,杏林街道阜阳北路铁四局大院,117.286875,31.904653
17768,天辰幼儿园,kindergarten,141204,鸿徽苑西门S2-101,117.245904,32.000028
17769,肥东县撮镇幼教集团总园,kindergarten,141204,裕溪路132号,117.451066,31.824085
17770,合肥新鑫幼教毓秀雅苑幼儿园,kindergarten,141204,临涣路108商铺,117.395082,31.921056
17771,肥西师范幼教中心灯塔幼儿园,kindergarten,141204,灯塔路与司空山路交口,117.180391,31.706987
17772,合肥新鑫幼教同德苑幼儿园,kindergarten,141204,君山路与学府路交口东北角向北150米,117.404766,31.933339
17773,合肥幼教集团水木园幼儿园,kindergarten,141204,海恒街,117.273377,31.763512
17774,合肥幼教集团少荃湖名苑幼儿园,kindergarten,141204,前岭路,117.37014,31.943665
17775,合肥创和幼教高新区皖水路幼儿园,kindergarten,141204,皖水路,117.12116,31.845681
17776,合肥幼教集团融创创瑾园幼儿园,kindergarten,141204,禹洲·华侨城3期荷园东3门旁,117.196465,31.793718
17777,合肥幼教集团依云华府幼儿园,kindergarten,141204,云锦路与涣水路交叉口西北60米,117.388669,31.900891
17780,合肥幼教集团世纪荣廷幼儿园,kindergarten,141204,皇藏峪路与月华路交叉口西100米,117.33927,31.904985
17781,合肥必爱课幼儿园,kindergarten,141204,高新技术产业开发区望江西路与浮山路交口高体中心七号楼,117.152455,31.831392
17782,合肥幼教集团高新区第一幼儿园,kindergarten,141204,枫林路,117.163287,31.826022
17783,合肥幼教集团肥东锦源春天幼儿园,kindergarten,141204,金阳路与和平路交汇口,117.440529,31.884517
17660,庐江县新智慧艺术学校,kindergarten,141204,南环路辅路与文明路交叉口西南80米,117.287393,31.222153
17661,华贝幼教,kindergarten,141204,华贝小区(站塘路东),117.344599,31.872221
17662,伊顿幼儿园(合肥御龙湾校园),kindergarten,141204,茂荫路999号御龙湾小区西南角,117.209628,31.811946
17663,睿趣疯狂机器人科技中心(花园城中心),kindergarten,141204|141400|070000,长江西路与天柱路交汇处(天柱路地铁站A口旁),117.198902,31.854591
17664,红黄蓝亲子园(龟山路园区),kindergarten,141204,龟山路与篆池河路交叉口东北120米,117.867278,31.61292
17665,红黄蓝(合肥翠竹园幼儿园),kindergarten,141204,清溪东路31号红黄蓝,117.258305,31.869263
17666,合肥润安公学幼儿园,kindergarten,141204|141400,翠微路268号博润CFEC,117.2074,31.785311
17667,童乐轩幼儿园,kindergarten,141204|141400,合肥市高新区高新区科学大道兴园小区东门B-114,117.207364,31.816364
17668,西湖花园幼儿园-皖红幼教,kindergarten,141204,皖红幼教东北门旁,117.320045,31.890074
17669,安庆路幼儿园教育集团早教指导中心,kindergarten,141204|141400,逍遥津街道无为路62号(四牌楼地铁站B口步行330米),117.292256,31.859707
17670,红黄蓝幼儿园(安徽庐江园),kindergarten,141204|141400,庐城镇塔山西路,117.278423,31.259217
17671,合肥创和幼教集团乐平幼儿园,kindergarten,141204,北张路与蓬莱路交叉路口往西约240米,117.189448,31.691432
17784,合肥市少年宫香槟小镇幼儿园,kindergarten,141204,稻香路1088号,117.165336,31.860802
17785,合肥创和幼教沿河路幼儿园,kindergarten,141204,沿河路与可苑路交叉口东140米,117.273695,31.875407
17786,合肥三味蒙特梭利国际幼儿园,kindergarten,141204|141400,长江西路297号金域华府商业楼幼儿园托班育,117.246875,31.851125
17787,碧桂园童乐幼儿园,kindergarten,141204|141400,肥东县经济开发区金阳路聚龙阳光都市花园8幢121、122室一层,117.443829,31.879794
17789,合肥金色摇篮融侨天骏幼儿园,kindergarten,141204,政务区习友路与徽毫路交汇处融侨天骏小区,117.208298,31.804842
17790,绿地滨湖印象幼儿园,kindergarten,141204,合肥市经开区滨湖印象小区,117.277543,31.749574
17791,贝乐·澜溪镇国际全托幼儿园,kindergarten,141204,香樟大道252-22号附近,117.194265,31.833193
17792,合肥青年幼儿园,kindergarten,141204,宁国南路青年西区,117.291427,31.835842
17793,合肥林旭原创幼儿园,kindergarten,141204,工业园汴河路与经三路交口原创生活小区,117.352779,31.886648
17794,合肥奥林奕阳幼儿园,kindergarten,141204,霍山路82路,117.255288,31.867178
17795,庐江县幼教集团钻石湾幼儿园,kindergarten,141204,碧桂园钻石湾附近,117.323177,31.256022
17796,合肥幼教集团同福苑幼儿园,kindergarten,141204,大众路1819号,117.400139,31.929738
17797,合肥幼教集团新店西苑幼儿园,kindergarten,141204,奎河路15号,117.315615,31.940025
17798,肥西师范幼教中心云霄路幼儿园,kindergarten,141204,云霄路与司空山路交叉口向东200米,117.182789,31.695083
17799,合肥幼教集团创颐园幼儿园,kindergarten,141204,仙人路与金炉路交叉口西60米,117.201403,31.793541
17672,肥东县东城幼教集团天悦府幼儿园,kindergarten,141204,马桥路与红旗路交叉口西380米,117.467023,31.837443
17673,肥东县三和幼教集团东城家园幼儿园(一期),kindergarten,141204,东城家园小区内,117.477428,31.837941
17674,合肥幼教集团熙岸雅轩幼儿园,kindergarten,141204,淮南路81号,117.299328,31.925097
17724,上派镇中心幼儿园南郢分园,kindergarten,141204,上派镇青龙谭路南郢小区,117.181737,31.727742
17725,史蒂芬森·紫云府幼儿园,kindergarten,141204,长江东大街紫云府小区,117.318049,31.8645
17726,高塘星星幼儿园,kindergarten,141204,052乡道西北30米,117.179426,32.084231
17778,乐高乐托育园,kindergarten,141204,繁华大道699号C5栋,117.315078,31.7931
17779,合肥幼教集团尚品御园幼儿园,kindergarten,141204,符离路与扶疏路交叉口北160米,117.315721,31.900014
17788,宝贝金摇篮,kindergarten,141204,龙誉中心二栋105,117.399042,31.859596
17800,上海伊凡幼教金色池塘幼儿园,kindergarten,141204,西二环路,117.212229,31.867385
17801,合肥幼教集团世茂首府幼儿园,kindergarten,141204,经开区紫云路与翡翠路交叉口世茂翡翠首府隔壁,117.19385,31.757689
17803,肥西幼教集团绿地幼儿园,kindergarten,141204,佛光路与云谷路交叉口东北220米,117.175086,31.740389
17860,合肥市第八中学(匡河校区),school_senior,141202,习友路1688号,117.20721,31.809158
17861,合肥市第七中学,school_senior,141202,望江西路898号,117.105526,31.832464
17862,合肥一六八中学始信路校区,school_senior,141202,合肥市经济技术开发区始信路179号合肥,117.25382,31.757896
17863,合肥市第十中学,school_senior,141202,新安江路与王岗路交叉口,117.392903,31.861988
17864,合肥市第四中学,school_senior,141202,滨湖新区宁波路224号,117.346531,31.73618
17865,合肥市第六中学菱湖校区,school_senior,141202,连水路与蒙城路交口东北角,117.264496,31.927176
17866,合肥市第八中学(运河新城校区),school_senior,141202,运河新城三峡大道8号,117.036127,31.8379
17867,合肥一中,school_senior,141202,西藏路2356号,117.281637,31.736258
17868,合肥市第一中学淝河校区,school_senior,141202,龙岗路10号,117.354834,31.814703
17869,合肥一中瑶海校区,school_senior,141202,和平路2222号,117.369707,31.845698
17870,安徽肥西实验高级中学,school_senior,141202,上派镇云谷路与佛光路交口,117.173944,31.741734
17871,合肥市第九中学(新站校区),school_senior,141202,临涣路558号(职教城东地铁站B口步行270米),117.401285,31.923193
17872,合肥市第六中学(新桥校区),school_senior,141202|170200,花莲路与虹桥路交叉口西220米,117.024526,31.985696
17873,合肥市第二中学,school_senior,141202,曙光路创景花园3号楼,117.278089,31.843484
17874,合肥市第三中学,school_senior,141202,宿州路196号(阜南路南侧),117.291411,31.86851
17875,合肥滨湖寿春中学,school_senior,141202,湖北路666号,117.308083,31.742528
17876,合肥市第五中学(长江校区),school_senior,141202,长江东路789号(东五里井地铁站C口步行170米),117.322287,31.866767
17877,合肥市第三十五中学,school_senior,141202,合六路110号(蜀山西地铁站A口步行470米),117.169737,31.855522
17878,合肥锦绣中学,school_senior,141202,锦绣社区管理委员会经开区紫云路121号,117.239249,31.739911
17879,合肥市第十一中学,school_senior,141202,凤阳路470号(长淮地铁站A口步行300米),117.312078,31.875679
17880,合肥市第一中学教育集团(包河分校),school_senior,141202,青年路43号,117.295123,31.821458
17881,合肥八中教育集团铭传高级中学,school_senior,141202,站前路与宜城路交叉口东北280米,117.187949,31.699551
17882,安徽省肥东第一中学,school_senior,141202,瑶岗路与北张路交汇处,117.477792,31.841751
17883,合肥一六八陶冲湖中学,school_senior,141202|141203,淮海大道与荆山路交口,117.334804,31.939464
17884,安徽省肥西中学,school_senior,141202,上派镇派河路,117.164613,31.717751
17885,合肥市第一中学(长江路校区),school_senior,141202,长江路397号,117.27115,31.857891
17886,合肥市第二十八中学,school_senior,141202,金寨路868号,117.255015,31.814153
17887,肥东圣泉中学,school_senior,141202,227省道,117.48438,31.933062
17888,合肥皖智高级中学(磨店校区),school_senior,141202,新站区烈山路与临涣路交叉口东北角,117.395596,31.922488
17889,合肥市第一中学教育集团(北城分校),school_senior,141202,双墩镇龙湖北路与谯城路交口西北角,117.23906,32.046064
17890,合肥市第十七中学,school_senior,141202,望江西路180号,117.245404,31.831521
17891,合肥市第九中学(四牌楼校区),school_senior,141202,长江中路89号(四牌楼地铁站B口步行240米),117.293021,31.861243
17892,合肥市第六中学百花井校区,school_senior,141202,寿春路252号,117.283988,31.869303
17893,合肥卓越中学,school_senior,141202,魏武路合白路交叉口,117.325791,31.975726
17894,合肥工业大学附属中学,school_senior,141202,宁国南路103号(工大西门对面),117.290542,31.842834
17895,合肥八一学校,school_senior,141202|141203,大别山路888号,117.11965,31.856203
17896,安徽省庐江第二中学,school_senior,141202,泥河西路399号,117.262721,31.223867
17897,合肥市第五中学(和平校区),school_senior,141202,和平路212号,117.322594,31.855971
17898,长丰县第一中学,school_senior,141202,北城路,117.165938,32.446116
17899,肥东尚真中学,school_senior,141202,撮镇镇义和商业街,117.481461,31.822945
17900,康桥学校合肥校区,school_senior,141202,铜陵北路与唐河路交口东北角向东300米,117.352297,31.939556
17804,合肥新鑫幼教阅湖登科幼儿园,kindergarten,141204,大禹路与淮海大道交叉口东北180米,117.338802,31.937482
17902,合肥高新创新实验中学,school_senior,141202,彩虹路与文曲路交口西北角,117.137399,31.842014
17903,合肥一中肥东分校,school_senior,141202,桥头集北路,117.447295,31.906979
17904,合肥中汇实验学校,school_senior,141202,怀远路,117.323775,31.947481
17905,合肥皖智高复补习学校,school_senior,141202,芙蓉路650号,117.22248,31.788263
17906,合肥市庐阳高级中学(亳州路校区),school_senior,141202,亳州路280号,117.262097,31.881739
17907,乐桥中学,school_senior,141202,乐桥镇,117.182186,31.142968
17908,安徽省庐江中学,school_senior,141202,,117.320973,31.248409
17909,安徽省巢湖市第一中学,school_senior,141202,亚父街道团结路(世纪大道西侧),117.885481,31.595624
17910,肥东县城关中学,school_senior,141202,龙泉西路48号,117.457066,31.877041
17911,合肥八中铭传高中教育集团初中部,school_senior,141202,上派镇人民西路88号,117.157363,31.704528
17912,合肥市第七中学教育集团紫蓬分校,school_senior,141202,紫蓬镇,117.017169,31.752625
17913,合肥百花中学,school_senior,141202,长江西路,117.07651,31.848823
17914,合肥市庐阳中学(淮北路校区),school_senior,141202,蒙城北路与淮北路交口100米,117.269496,31.907275
17915,新华高级中学,school_senior,141202,S102(阜阳北路),117.245304,32.060345
17916,合肥八中教育集团蜀山分校小庙中学,school_senior,141202,小庙镇振兴路167号,117.022647,31.840461
17917,安徽省肥西第三中学新校区,school_senior,141202,花岗镇五显路与万涧路东北角,117.108107,31.667682
17918,肥东县第四中学,school_senior,141202,店埠镇人民东路76号,117.475647,31.888417
17919,巢湖市第四中学,school_senior,141202,巢湖北路(北外环路南侧),117.871191,31.618999
17920,巢湖市槐林中学,school_senior,141202,槐林镇巢庐路152号,117.611563,31.415755
17921,巢湖市第二中学高中部(新校区),school_senior,141202,健康西路,117.842926,31.604687
17922,合肥高新中嘉学校,school_senior,141202,复兴路合肥高新中加学校,117.137106,31.814814
17923,安徽省庐江汤池中学,school_senior,141202,汤池镇滨河西路,117.098365,31.323275
17924,安徽省肥东县凯悦中学,school_senior,141202,包公大道与沿河东路交汇处150米,117.466225,31.893914
17925,肥东县第六中学(中学部),school_senior,141202,长江东路与桂王南路交叉口东南角,117.450725,31.870018
17926,清华附中合肥学校,school_senior,141202,宿松路与清华路交口西北角,117.277225,31.760738
17927,合肥包河大地中学,school_senior,141202,北京路1号(义兴地铁站3号口步行130米),117.324417,31.793151
17928,合肥八中铭传高中教育集团翡翠湖初级中学,school_senior,141202,翡翠路与照山路东北角,117.210038,31.768412
17929,合肥八中教育集团铭传高中初中部翡翠湖初级中学(东校区),school_senior,141202,丹霞路264号,117.225694,31.766648
17930,安徽省肥东第三中学总部,school_senior,141202,包公大道与桥头集路交口东北角,117.452019,31.893165
17931,合肥安生学校,school_senior,141202,蜀山产业园玉镜路88号,117.169976,31.866784
17932,合肥一六八玫瑰园学校(集贤校区),school_senior,141202,繁华大道与集贤路交口西南角,117.179151,31.776734
17933,安徽省庐江白山中学,school_senior,141202,白山镇白山街道,117.380569,31.469669
17934,安徽省肥东县圣泉中学,school_senior,141202,店埠镇包公大道与浮槎路交叉口,117.478234,31.892269
17935,合肥双凤高级中学,school_senior,141202,双凤经济开发区阜阳路82号,117.260222,31.967541
17936,合肥育英高级中学,school_senior,141202,和平路225号,117.316329,31.856039
17937,合肥市五十中学天鹅湖教育集团奥体校区,school_senior,141202,体育馆西路1号,117.226509,31.793727
17938,巢湖市第七中学,school_senior,141202,岗岭路,117.875039,31.591662
17939,安徽巢湖春晖学校,school_senior,141202,亚光路与旗麓路交叉口西50米,117.894191,31.577768
17940,烔炀中学,school_senior,141202,烔炀镇,117.638567,31.701513
17941,长丰县第二中学北校区,school_senior,141202,长寿路101号,117.158286,32.484477
17942,长丰县实验高级中学,school_senior,141202,长寿路278号,117.15152,32.482238
17943,安徽师范大学附属肥西第二中学,school_senior,141202,上派镇包公路育才巷8号,117.174948,31.724087
17944,安徽省庐江第四中学(文明校区),school_senior,141202,文明南路118号,117.287444,31.235217
17945,庐江盛桥中学,school_senior,141202,盛桥镇,117.50162,31.394642
17946,合肥大志高级中学,school_senior,141202,长江东路与半塔北路交叉口(王岗地铁站B口步行300米),117.393051,31.868159
17947,合肥高新火炬中学,school_senior,141202,合欢路一号,117.208935,31.825458
17948,合肥市第三十八中学瑶海湾校区(南区),school_senior,141202,天门山路与大兴路交叉口东120米,117.378236,31.838828
17949,巢湖市第六中学,school_senior,141202,巢庐路30号(近碧桂园),117.839521,31.57837
17950,肥东瑶岗高级中学,school_senior,141202,裕溪路路与翠微亭路交口,117.447504,31.821978
17951,安徽省庐江第五中学,school_senior,141202,庐城镇汤池路8号,117.27702,31.261332
17952,合肥厚德中学,school_senior,141202,阜阳北路070号,117.25941,31.977619
17953,肥东为民学校,school_senior,141202,新城开发区包公大道,117.447976,31.893756
17954,安徽省庐江泥河中学,school_senior,141202,090县道,117.327441,31.089369
17955,合肥长江中学,school_senior,141202,上派镇合安路36号,117.151491,31.71115
17956,安徽省肥西三河中学,school_senior,141202,三河镇048县道,117.243283,31.520577
17957,巢湖市第三中学,school_senior,141202,三中路8号,117.878741,31.607377
17958,合肥市阳光中学,school_senior,141202,太湖路11号(马鞍山路西侧),117.296043,31.832844
17959,私立斯辰学校,school_senior,141202,巢无路,117.846939,31.56569
17960,合肥新站高新区未来中学,school_senior,141202,新蚌埠路和东方大道交口西南,117.330909,31.95587
17961,长丰县乐达高考复读学校,school_senior,141202,019县道与060乡道交叉口西北200米,117.19896,32.046467
17962,梁园中学,school_senior,141202,梁园镇人民政府东南,117.557724,31.996369
17963,庐江县兴华学校,school_senior,141202,石头镇合铜路,117.275517,31.419483
17964,合肥百花中学,school_senior,141202,阜阳路操兵巷12号,117.287432,31.869333
17965,安徽省肥西花岗中学,school_senior,141202,花岗中学附近,117.057844,31.636027
17806,庐城镇达观天下幼儿园,kindergarten,141204,庐城镇南门老啤酒厂缤纷南郡小区里,117.293519,31.22912
17967,合肥大地学校(寄宿部),school_senior,141202,潭冲路北150米肥西县宏图中学附近,117.178419,31.710201
17807,合肥陶然居幼儿园,kindergarten,141204,东至路陶然居1栋楼商铺一层,117.244713,31.814464
17969,王铁中学,school_senior,141202,王铁乡,117.632021,31.84804
17970,合肥一六八新桥教育集团高刘中学,school_senior,141202,合肥市蜀山区高刘街道联合路与陈桥路交口,116.944755,31.937698
17971,肥西金牛中学,school_senior,141202,315省道,116.798745,31.653755
17972,安徽省庐江白湖中学,school_senior,141202,白湖镇白湖农场,117.462776,31.219244
17973,合肥市第三十八中学教育集团磨店分校,school_senior,141202,龙子湖路与相城路交口西南角,117.407732,31.933951
17974,合肥兴国学校,school_senior,141202,临泉东路与吴敬梓路交汇处北200米,117.379361,31.877072
17975,肥西山南中学,school_senior,141202,山南镇杨桃东路,116.889528,31.620816
17976,合肥鸿顺学校,school_senior,141202,双凤开发区魏武路与颍州路交口徽考鸿顺学校,117.307463,31.988603
17977,合肥市第四十八中学龙川中学,school_senior,141202,万安路与天堂寨路交叉口东北120米,117.256397,31.799781
17808,小天地幼儿园,kindergarten,141204,朱巷镇陈塘南路,117.220385,32.319815
17979,合肥市第四十二中学教育集团合肥市荃湖中学,school_senior,141202,北航合肥科学创新研究院主楼附近,117.385794,31.964852
17980,巢湖市第三中学半汤校区,school_senior,141202,凤凰山路与金湖大道交叉口西北280米,117.898854,31.618588
17981,庐南高级中学,school_senior,141202,合铜路庐南高级中学,117.310503,31.094775
17982,安徽省庐江高新实验学校,school_senior,141202,庐城镇城西新区a1-1近,117.262847,31.250522
17983,合肥八中铭传高中教育集团官亭校区,school_senior,141202,312国道附近,116.85919,31.793581
17984,巢湖市巢城中学,school_senior,141202,卧牛山街道团结路(卧牛路东侧),117.866441,31.599784
17985,安徽省庐江第四中学城东校区,school_senior,141202,周瑜大道,117.306444,31.242932
17986,合肥八中铭传高中教育集团铭传校区初中部,school_senior,141202,南农路与半金路交叉口东360米,116.816876,31.746001
17987,合肥市第十一中学(南区),school_senior,141202,康乐巷与琅琊山路交叉口东北200米,117.311359,31.871441
17988,庄墓中学,school_senior,141202,庄墓镇,117.127817,32.345043
17989,长丰县吴山初级中学,school_senior,141202,吴山镇合淮路,117.075536,32.080105
17990,巢湖市黄山中学,school_senior,141202,苏湾镇付冲路,117.812561,31.8736
17991,巢湖七中碧桂园校区,school_senior,141202,316省道碧桂园东邻,117.829901,31.5767
17992,巢湖市老骥高中,school_senior,141202,官圩路,117.864041,31.590536
17993,剑桥高中,school_senior,141202,蜀苑路1号,117.178405,31.858288
17994,黄冈学校,school_senior,141202,南一环,117.156775,32.46398
17995,柘皋中学,school_senior,141202,柘皋汽车站,117.747948,31.779757
17996,安徽省庐江矾山中学,school_senior,141202,矾山镇,117.432909,31.111902
17997,安徽省庐江第八中学,school_senior,141202,庐城移湖南路二号,117.266623,31.24991
17998,肥东一中新区,school_senior,141202,瑶岗路辅路与蔚然路交叉口西60米,117.479375,31.844625
17999,合肥八中铭传高中教育集团丰乐校区,school_senior,141202,X043肥西丰乐中学,117.188339,31.569917
18000,肥东县龙城学校,school_senior,141202,石塘镇,117.567984,31.897943
18001,南亚理工学校综合高中部,school_senior,141202,安徽南亚工程机械有限公司南门旁,117.395642,31.892329
17809,槐林幼儿园,kindergarten,141204,槐林镇港口路43号,117.610821,31.423289
18003,长丰县隆兴中学,school_senior,141202,杜集乡隆兴村,117.386815,32.335679
18004,合肥西苑中学南校,school_senior,141202,金寨南路401号20幢,117.244763,31.805092
17810,合肥世纪星幼儿园,kindergarten,141204,潜山路299号清源新村内,117.228924,31.842569
18006,合肥市运河高中(合肥九中讯飞小镇校区),school_senior,141202,望江西路与运河大道交叉口西北100米,117.069114,31.830834
18007,合肥市第八中学教育集团蜀山分校,school_senior,141202,金寨路辅路与金寨路高架出口交叉口北40米,117.23908,31.797934
17811,童话名苑幼儿园,kindergarten,141204,合肥经济开发区丹霞西路1861号,117.214205,31.772208
18009,安徽万通技师学院高中部,school_senior,141206|141202,关井路499号,117.383625,31.912325
18010,庐江县许桥中学,school_senior,141202,062县道南200米,117.452789,31.434586
18011,合肥实验高中(建设中),school_senior,141202,观海路与芙蓉路交叉口西南160米,117.27155,31.771667
18012,合肥市滨湖高中(建设中),school_senior,141202,昌都路与嘉陵江路交叉口西北60米,117.255625,31.702372
17812,城市宝业幼儿园,kindergarten,141204,铜陵路88号,117.322308,31.853164
17813,合肥市琥珀第一幼儿园,kindergarten,141204,琥珀大道琥珀南村琥珀小学旁,117.264624,31.861958
17814,庐江县幼儿教育集团磙桥幼儿园,kindergarten,141204,泥河西路359号,117.265785,31.225369
17815,长丰县下塘镇中心幼儿园金店雅苑分园,kindergarten,141204,金店雅苑西南门旁,117.223015,32.18243
17816,派乐多玫瑰绅城幼儿园,kindergarten,141204,淝河路99号,117.316751,31.832352
17817,合肥紫竹苑幼儿园,kindergarten,141204,南门换成中心旁,117.2709,31.804519
17818,一心幼儿园,kindergarten,141204,双墩路与市场路交叉口东北60米,117.267042,32.007874
17819,国贸公寓幼儿园,kindergarten,141204,马鞍山路998号(合工大南区地铁站B口步行190米),117.301968,31.845369
17820,裕东景园幼儿园,kindergarten,141204,胡岗路8号裕东景园,117.365274,31.840706
17821,阳光幼儿园,kindergarten,141204,坝镇镇坝镇田埠开发区桃园路2号,117.580004,31.323146
17822,安徽一建幼儿园,kindergarten,141204,长江西路与岳西路交口向南,117.224024,31.853262
17823,东华园幼儿园,kindergarten,141204,经开区清谭路与石门路交叉口东华园小区,117.254948,31.771658
17824,合钢第四幼儿园,kindergarten,141204,土山路,117.344195,31.857336
17825,安徽省委机关幼儿园金桂苑分园,kindergarten,141204,祁门路388号附近,117.295568,31.811897
17826,柘塘育苗幼儿园,kindergarten,141204,朱巷镇柘塘,117.274683,32.323802
17827,清平幼儿园,kindergarten,141204,048县道南150米(茶棚街道),117.260728,31.560021
17828,肥东县众兴乡中心幼儿园,kindergarten,141204,Y016(水库路),117.420846,32.00391
17829,罗集幼儿园,kindergarten,141204,罗集中学北50,117.247991,32.106113
17830,巢湖市恒大帝景幼儿园,kindergarten,141204,恒大幼儿园东北门旁,117.88775,31.623816
17831,童享时光合肥市林芝路幼儿园,kindergarten,141204,,117.275304,31.725938
17832,南丽湾幼儿园,kindergarten,141204,花园大道与天津路交叉口西260米,117.346318,31.773784
17833,杭州路幼儿园,kindergarten,141204,杭州路与西藏路交汇处,117.280214,31.718897
17834,合肥萌托乐园托幼中心,kindergarten,141204,金斗路与杭州路交汇处,117.294975,31.718974
17836,肥西县直属机关幼儿园(派河分园),kindergarten,141204,仪武路与江淮大道交叉口西200米,117.183664,31.713688
17837,原树提香幼儿园,kindergarten,141204,翡翠路原树提香(幸福坝地铁站2号口步行430米),117.183276,31.750545
17838,北大附属实验学校幼儿园,kindergarten,141204,颐园世家北门西110米,117.219633,31.799966
17839,合肥市大兴幼儿园,kindergarten,141204,合钢三个自然村合居苑,117.375782,31.841952
17840,稚童年代幼儿园,kindergarten,141204,东方华庭南1门旁,117.304619,31.236362
17841,秀庭景苑七色花幼儿园,kindergarten,141204,西湖路秀庭景苑,117.851476,31.609444
17842,海纳国际幼儿园,kindergarten,141204,潜川路与邓湖路交叉口东200米,117.30048,31.236792
17843,肥西三河小英才幼儿园,kindergarten,141204,恒昌路三河人家小区,117.246584,31.515239
17844,肥西县直属机关幼儿园(滨河分园),kindergarten,141204,上派镇(滨河家园小区内),117.187152,31.735772
17845,合肥林旭鼎元府邸幼儿园,kindergarten,141204,东一环路宝业·城市绿苑(西区)附近,117.315261,31.855386
17846,安徽省人民政府机关幼儿园(红星路),kindergarten,141204,四牌楼红星路,117.285117,31.859121
17847,印象西湖幼儿园,kindergarten,141204,肥西路9号正北方向120米,117.256851,31.825963
17848,香港美心国际聚龙湾幼儿园,kindergarten,141204,合巢经济开发区半汤街道聚龙湾小区,117.912948,31.628814
17849,安徽大学幼儿教育集团,kindergarten,141204,水湖镇凤湖西路新慧金水岸,117.271651,32.040162
17850,栢悦幼儿园,kindergarten,141204,合肥政务区万佛湖路与怀宁路交口置地广场,117.224889,31.798672
17851,海恒枣庙幼儿园,kindergarten,141204,经开区海恒社区福禄园C区134栋,117.256278,31.781962
17852,民主幼儿园(樊洼路),kindergarten,141204,井岗镇樊洼路与西二环交口金城家具城旁,117.219126,31.865419
18013,四湾菜市场,market_food,060705|060703|060400,宿州路拱辰街73号3幢,117.289667,31.871402
18014,合肥中菜市,market_food,060703|060706,清源路666号,117.257936,31.904799
18015,老王羊肉(羊肉批发),market_food,060703,清源路合肥中菜市东区牛羊肉区32号,117.258198,31.904792
18016,万国农贸菜市场,market_food,060703,长沙路与天山路交汇处,117.297482,31.736239
18017,徽商集团肥东大市场农副产品批发园区,market_food,060703,新城开发区合店路(三十埠东地铁站B口步行150米),117.423066,31.869602
18018,徽商大地家禽批发市场,market_food,060703,新城开发区合店路徽商集团肥东大市场农副产品批发园区,117.424508,31.869863
18019,百大周谷堆大兴农产品批发市场,market_food,060703,钟油坊路与和平路交叉口,117.386823,31.837657
18020,海恒菜市场,market_food,060703|060705,海恒街正宏培训学校旁,117.260795,31.776695
18021,廿埠菜市场,market_food,060703,松谷路与廿埠商业街交叉口西40米,117.217762,31.777124
18022,繁昌路菜市场,market_food,060703,繁昌路27号,117.313614,31.853114
18023,青禾纪食品供应链,market_food,060703,周谷堆粮油冷冻交易中心市场内商业街F1-1/2/3号门面,117.388859,31.840535
18024,三阳泰农贸市场,market_food,060703,阜阳北路与蒙河路口向西,117.254089,32.011861
18025,新站中心集贸市场,market_food,060703|060705,瑶海西路中兴西湖花园东北侧约30米,117.321947,31.890359
18026,吴大塘农副产品批发,market_food,060703,竹西巷1号(薛河地铁站A口步行460米),117.270724,31.809965
18027,副食品小商品市场,market_food,060703|060701,苏家埠路与周公山路辅路交叉口西320米,117.096618,31.764265
18028,顺和家园农贸市场,market_food,060703,顺和家园南区旁边,117.147765,31.770416
18029,高刘农贸市场,market_food,060703,振兴街171号正南方向60米,116.935279,31.932759
18030,康利农贸市场,market_food,060705|060703,观海路与芙蓉路交叉口西南300米,117.27104,31.770262
18031,百大·周谷堆副食品交易中心,market_food,060703,和平路与钟油坊路交叉口西南60米,117.38511,31.838971
18032,方兴菜市场,market_food,060703,紫蓬居委会东南门旁,117.209425,31.752739
18033,丰乐农贸市场,market_food,060703,049县道,117.175144,31.552859
18034,凤阳路菜市场,market_food,060703,凤阳路1029号,117.316111,31.873111
18035,卧云菜市场,market_food,060703|060705,龙幡路32号,117.256332,31.729016
18036,中垾农贸市场,market_food,060703,迎宾大道与王庙路交叉口西北120米,117.763829,31.663893
18037,汪塘菜市场(秋实园店),market_food,060705|060703,临泉路1102号秋实园,117.333234,31.875656
18038,欣园菜市场,market_food,060703|060200,四川路与杭州路交叉口北140米,117.275361,31.719669
18039,茂林路菜市场,market_food,060703|060705,茂林路27号,117.330519,31.853788
18040,绿怡居农贸市场,market_food,060703,绿怡居东区东2门旁,117.244098,31.82006
18041,凤梅菜市场,market_food,060705|060703,润梅路b013号靠近长丰县双凤中心校少年宫,117.250375,31.977894
18042,沐集镇农贸市场,market_food,060703,巢庐路与兴沐路交叉口西220米,117.537805,31.370927
18043,滨湖顺园农贸市场,market_food,060703,贵阳路与西藏路交口滨湖顺园商业A3座302号王府徽宴楼旁,117.277517,31.698104
18044,岠嶂综合农贸市场,market_food,060703,紫薇路83号,117.903992,31.62481
18045,向阳路综合农贸市场,market_food,060703|060705,向阳路232号,117.876419,31.610282
18046,嘉和苑菜市场,market_food,060703|060705,嘉和苑北区16栋106室,117.234515,31.804136
18047,惠园菜市场,market_food,060705|060703,中山路与惠园东路交口西南角,117.2766,31.729594
18048,文昌新村菜市场,market_food,060703,淝河路文昌新村b区1幢门面,117.311211,31.840729
18049,绿怡居农贸市场-东区,market_food,060703,东至路与佛子岭路交叉口北140米,117.244044,31.820618
18050,绿缘菜市场(常青棉织厂住宅楼店),market_food,060704|060703|060705,常青棉织厂住宅楼南1门旁,117.248507,31.83064
18051,巢湖市凤凰山农副产品综合市场,market_food,060703,草城街,117.872805,31.608514
18052,紫蓬镇紫蓬农贸市场,market_food,060703,紫蓬路与振兴南路交叉口东北80米,117.024865,31.754841
18053,肥滨农贸市场,market_food,060703|060705,清溪路公交站(大润发清溪路店西北),117.25002,31.873015
18054,方桥农贸市场(晨阳·世纪城店),market_food,060703,瑶海区工业园(瑶海家园西北),117.339355,31.896013
18055,巢湖市(城西)农副产品综合批发交易中心,market_food,060703,湖光路172号,117.848257,31.609549
18056,柘皋农贸市场,market_food,060703,东湾街59号,117.757898,31.773751
18057,耍酷生鲜批发部(中铁·滨湖名邸店),market_food,060703,西藏路中铁滨湖名邸112号商铺,117.280257,31.720349
18058,胖达生鲜超级批发行(华润熙云府店),market_food,060703,淮南路1428号华润熙云府东区东门西北90米,117.304953,31.924091
18059,合肥晓星农副产品综合市场,market_food,060703,泰山路与山海关路交叉口西北280米,117.37135,31.78083
18060,中苑菜市场,market_food,060705|060703,公园路11号,117.466249,31.886222
18061,青春菜市场,market_food,060703|060705,,117.473822,31.88708
18062,董岗农副产品交易市场,market_food,060703,金寨南路辅路与雷阳路交叉口东60米,117.097088,31.662377
18063,瑞阳公馆农贸市场,market_food,060703,瑞阳公馆(荷塘路地铁站A口步行330米),117.263943,31.936492
18064,金桥农贸市场,market_food,060703,长江西路与113乡道交叉口东220米,116.751625,31.779525
18065,三里农贸市场,market_food,060703,庐城镇建设路与五里路交叉,117.271193,31.258703
18066,束记四湾酱猪手,market_food,060703|060705,宿州路281号省政协二期恢复楼2栋104号门面,117.289701,31.87058
18067,滨河菜市场(好又多购物广场店),market_food,060703|060705,上派镇紫石路与肥光路交叉口,117.185003,31.734936
18068,阳光农贸市场,market_food,060705|060703,木匠李路与社岗路交叉口西南100米,117.207221,31.857736
18069,包河区南苑公益性农贸市场(珠光南苑东区店),market_food,060705|060703,珠光南苑22栋,117.305725,31.819633
18070,禹洲天玺农贸市场,market_food,060703,繁华大道与延桥路交口,117.17098,31.781558
18071,菊园农贸市场,market_food,060703,大理路与成都路交叉口南80米,117.26101,31.708802
18072,汤池农贸市场(东大街农贸市场店),market_food,060703,滨河西路101号,117.09976,31.328224
18073,大市场切面店,market_food,060703|061210,派河路辅路与夹西路交叉口北120米,117.176326,31.732359
18074,白龙镇农贸市场,market_food,060703,小街与新街交叉口北120米,117.428939,32.148983
18075,城市领鲜(城市风景店),market_food,060703|060200,蜀山区高新区天柱路城市风景小区1栋102号,117.198945,31.850087
18076,槐林农贸市场,market_food,060703,槐林路与港口路交叉口西北100米,117.611453,31.42385
18077,6+1生鲜批发超市(祥源店),market_food,060703,望江西路祥源城,117.129831,31.832849
18078,泥河菜市场,market_food,060703,长江路42号,117.321623,31.085803
18079,6+1生鲜批发超市(文一名都店),market_food,060703,店埠镇古河路文一名都37栋,117.421679,31.885468
18080,老酒坊粮食酒,market_food,060703|061210,绿怡居农贸市场8号门,117.243835,31.820811
18081,城北农贸市场,market_food,060703,庐城中心菜市场,117.29169,31.250445
18082,郭河农贸市场,market_food,060703,088县道,117.155875,31.422575
18083,老张猪油批发零售,market_food,060703,,117.29327,31.239367
18084,旺河苑农贸市场,market_food,060703,富光路与恒昌路交叉口西40米,117.247658,31.513454
18085,下塘粮贸市场,market_food,060703,下塘镇交通街,117.209904,32.19726
18086,文明路农贸市场,market_food,060703,文明路与双墩路交口向北500米,117.261057,32.009906
18087,6+1生鲜批发超市(金星和园店),market_food,060703,金星和园四期东北门东南120米,117.171328,31.739994
18088,方岗农贸市场(万加广场店),market_food,060703,上派镇仙霞路万加广场,117.151095,31.722418
18089,6+1生鲜批发超市(张郢店),market_food,060703,张郢小区1期东门南80米,117.180689,31.713241
18090,合肥市顺心禽蛋批发经营部,market_food,060703,大兴镇裕溪路与钟油坊路百大周谷堆副食品交易中心B1-13号,117.384461,31.837645
18091,苏湾镇农贸市场,market_food,060703,312国道与科技街交叉口东北180米,117.819938,31.876241
18092,磙塘农贸市场(华兴·尚城店),market_food,060703,庐城镇磙塘新村农贸菜市场,117.282713,31.255115
18093,晨光农贸,market_food,060703,冶山路与龙桥路交叉口东北120米,117.319803,31.243297
18094,兴胜农场,market_food,060703|170400,岳西路与袁店路交叉口东北50米,117.225131,31.848903
18095,众兴农贸市场,market_food,060703,元店路与水库路交叉口南60米,117.419081,32.001247
18096,勤居苑菜市场(西区店),market_food,060705|060703,勤居苑小区-西区西3门西北50米,117.35952,31.889292
18097,郑义粮油批发部,market_food,060703,常青街道长青街道南七菜市场A区,117.266894,31.827081
18098,合肥龙振黄豆批发部,market_food,060703,A区6栋041(花园大道地铁站D口步行320米),117.332193,31.77505
18099,6+1生鲜批发超市(禄徽苑店),market_food,060703,濛河路与蒙城北路辅路交叉口西160米,117.238046,32.008041
18100,烔炀农副产品综合市场,market_food,060703,烔黄路与朝阳路交叉口北80米,117.634011,31.684265
18101,石头镇农贸市场,market_food,060703,石头镇(菜市场内),117.271377,31.424061
18102,皖维东区农贸市场,market_food,060703,皖维社区东区,117.872089,31.634973
18103,元疃农贸市场,market_food,060703,元疃大街238号,117.383142,32.081302
18104,高店街道农贸市场,market_food,060703,高店镇新街红枫路与海棠路交口西20米,116.833745,31.901197
18105,北苑农贸市场(荣城花园北苑店),market_food,060703|060705,荣城北苑30幢门面房1-2层,117.272111,31.923808
18106,6+1生鲜批发超市(兴华苑店),market_food,060703,张洼新村兴华苑B区,117.321529,31.905291
18107,南苑蔬果店,market_food,060703|060705,当涂支路附近珠光南苑小区40栋门面房103,117.306025,31.820025
18108,都市牧场鲜奶(桐城南路店),market_food,060703,桐城南路与九华山支路交叉口南40米,117.281126,31.838495
18109,城东农贸市场,market_food,060703,冶山路与龙桥路交叉口东北120米,117.319749,31.243424
18110,攀华农副产品,market_food,060703,庐江路91号,117.28176,31.857542
18111,合肥新站区七里塘农副产品服务中心,market_food,060703,七里塘批发市场,117.305989,31.905859
18112,生鲜集市(生活家广场店),market_food,060703,万容达生活家广场北1门东120米,117.44993,31.88757
18113,合肥润穗米业粮油批发(祥源·上城国际店),market_food,060703,固镇路风荷园小区21栋108室,117.280088,31.894856
18114,文龙食品批发商行,market_food,060703|060200,百大周谷堆庐江农产品物流园10栋142-152号,117.285776,31.287194
18115,谊品批发部(望江苑店),market_food,060703|060200,望江西路159号华阳楼F1层,117.247732,31.830218
18116,6+1生鲜批发超市(和平花园店),market_food,060703,公园路与安乐路交叉口东40米,117.461518,31.884601
18117,兴华智慧农贸市场(武里山路店),market_food,060703,七里塘街道物流大道与武里山路交叉口乐活购物中心F1,117.321452,31.903179
18118,王芳冷冻批发,market_food,060703,元疃大街与汪郢路交叉口北200米,117.385891,32.087817
18119,耍酷生鲜批发部(信地华地城店),market_food,060703,繁华大道与邓稼先路交叉口信地华地城商业街S20栋103室,117.163485,31.780245
18120,都市牧场奶牛养殖场直销店(琥珀山庄店),market_food,060703,琥珀山庄北苑社区一号院东门旁,117.263889,31.867771
18121,6+1生鲜批发超市(大兴新居店),market_food,060703,大兴新居C区东北门旁,117.376154,31.83875
18122,谊品批发部(鸿运园店),market_food,060703|060200,定远路鸿运园小区1-117-118,117.32973,31.87293
18123,无为土猪肉黑猪肉甲鱼批发,market_food,060703,黄麓镇农贸市场西侧,117.579778,31.624759
18124,同大镇中心农贸市场,market_food,060703,韦桥大道062县,117.269038,31.50223
18125,探海路农贸市场,market_food,060703,石门路5栋附近,117.218297,31.775379
18126,光明菜市场,market_food,060703,健康东路99号,117.880017,31.601188
18127,岱山湖黑土猪肉批发店,market_food,060703,裕溪路与枞阳路交叉口西北40米,117.345469,31.845699
18128,杨店农贸市场,market_food,060703,西大街与府前路交叉口东南100米,117.530925,32.124125
18129,王立红猪肉批发零售经营部,market_food,060703,周谷堆E3-47,117.387336,31.843317
18130,合肥市瑶海区温凯豆制品批发部,market_food,060703,和平路百大周谷堆商业街17幢101-103,117.391352,31.839027
18131,老周干牛羊肉批发店,market_food,060703,扶疏路与符离路交叉口西北40米,117.315316,31.898741
18132,都市牧场(寿春六巷店),market_food,060703|050000,寿春路195号小区,117.287099,31.867109
18133,都市牧场天天鲜奶(和平路店),market_food,060703,和平路243号8幢104室,117.314299,31.856811
18134,都市牧场(巢湖世纪新都店),market_food,060703,世纪新都F区43号楼13号营业房(世纪新都小学),117.885744,31.602347
18135,合肥市惠富粮油批发部(天然轩小区店),market_food,060703,清源路天然轩小区北门19栋,117.260123,31.903241
18136,蒋记鸡蛋批发,market_food,060703,铜陵路街道铜陵北路与凤阳东路交口凌花大厦对面,117.322901,31.872738
18137,都市牧场(丰大住宅店),market_food,060703,大通路42号丰大住宅,117.315662,31.859642
18138,詹记粮油批发部,market_food,060703,烔黄路与烔炀路交叉口南60米,117.634185,31.685632
18139,小洋蛋品禽蛋批发,market_food,060703,长春街67路公交车底站安凯3号公寓正对面,117.366785,31.80016
18140,老街粮油批发部,market_food,060703,018县道与井沿路交叉口西北80米,117.125446,31.990611
18141,海森调味副食批发部,market_food,060703,松谷路与廿埠商业街交叉口西南60米,117.217626,31.776898
18142,老吴粮油面批发超市,market_food,060703|061200,官亭镇官山路童大井村,116.878265,31.779227
18143,蛋鲜达禽蛋批发,market_food,060703,上派镇周老圩路桦樟名苑1栋107,117.155696,31.722505
18144,王伟清真专业牛羊肉批发,market_food,060703,徽商大地农贸批发市场3号119,117.422913,31.87031
18145,全兴干货批发部,market_food,060703,淠河路飞虹小区A区97号,117.252259,31.855275
18146,凤阳鸡场鸡蛋直销(包河区鸡蛋直销处),market_food,060703,上海路与哈尔滨路交叉口向西300米(路南边),117.336013,31.800812
18147,爱生鲜文昌店鱼丰养殖特色农货店,market_food,060703,文昌路文昌菜市场内,117.28707,31.246153
18148,王高干货副食品批发配送,market_food,060703,百大副食品交易中心B2-37号,117.383043,31.837973
18149,金寨土鸡蛋批发商行,market_food,060703,美菱大道148号银杏小区迎春居12幢103门面,117.287819,31.82162
18150,吴俊冷冻批发部,market_food,060703,小庙镇鱼市场后门,117.019093,31.846064
18151,亲亲宝贝喜蛋张大姐禽蛋批发(望江西路店),market_food,060703,望江西路31号,117.260277,31.830111
18152,合肥壹只羊牛羊肉批发商行,market_food,060703,大兴镇百大周谷堆粮油冻品区C6-11,117.389823,31.839763
18153,勇源鸡蛋批发(四十埠家园店),market_food,060703,中派路与瑜城路交叉口西南80米,117.161771,31.708783
18154,乐桥农贸市场,market_food,060703,兴华路与京徽路交叉口西380米,117.182225,31.140475
18155,艺馨生态农场 有机产品专卖店,market_food,060703,茂荫路111号(省博物院地铁站D口步行390米),117.212968,31.804295
18156,谢谢生鲜批发超市,market_food,060703,盛世珑门(四十埠地铁站B口步行190米),117.159625,31.708125
18157,马记土猪肉,market_food,060703,11栋114,117.129886,31.854097
18158,西门批发市场,market_food,060703,,117.848818,31.610173
18159,马岗吴记调味品批发,market_food,060703,通达路马岗市场西北53号吴记调味,117.36949,31.864157
18160,皖北牛羊肉批发,market_food,060703,安徽省皮肤病防治所西门南70米,117.225034,31.849762
18161,金豆子豆芽批发,market_food,060703,龟山路城西农副产品综合批发交易中心,117.849388,31.610046
18162,同心冷冻食品批发,market_food,060703,高新技术产业开发区丰乐河路1号,117.165007,31.815615
18163,徽商大地农副产品批发市场有限公司家禽销售区,market_food,060703,肥东新城开发区合肥徽商城家禽批发市场,117.421998,31.86988
18164,屏源粮油批发部,market_food,060703,双墩镇文明路与润河路交口向西30米,117.263105,32.003372
18165,长镇村农贸市场,market_food,060703,高店回民路与236省道交叉口东140米,116.892459,31.852875
18166,合肥迎客福粮油食品批发,market_food,060703,和平路与钟油坊路交叉路口往西南约50米,117.3851,31.838889
18167,甘达粮油商贸一次性用品批发,market_food,060703,华南城副食品小商品市场北1门东60米,117.097914,31.76629
18168,安徽徽商一筐生鲜农副产品服务有限公司,market_food,060703,新城开发区合店路徽商集团肥东大市场农副产品批发园区,117.420752,31.871491
18169,食客汇冻品批发配送,market_food,060703,磨店老街与梦溪路交叉口东南80米,117.386381,31.941222
18170,艳华牛羊肉批发部,market_food,060703,大兴镇百大周谷堆肉食交易中心E5-01号,117.386535,31.843756
18171,陶楼农贸市场,market_food,060703,022县道与075乡道交叉口西20米,117.146602,32.132124
18172,犇鑫冷冻食品批发,market_food,060703,新海大道辅路与萧城路交叉口西北160米,117.306185,31.905995
18173,正良粮油鸡蛋批发部,market_food,060703,合淮路辅路与瑞丰路交叉口东南120米,117.185031,31.952472
18174,汪飞冷冻批发商行,market_food,060703,沿河路与交通街交叉口北220米,117.211709,32.19479
18175,批发零售精品土鸡蛋(军港新村南区店),market_food,060703,4栋08号,117.255433,32.00708
18176,菜园生鲜,market_food,060703,恒泰城品湖畔(南门)向西3米8S-1商101,117.258243,31.951984
18177,合肥徽康禽蛋批发商行(童话名苑店),market_food,060703,童话名苑,117.213867,31.772
18178,诚信禽蛋批发,market_food,060703,蒙城北路与金海路交口东南角恒泰风格城市122栋,117.259029,31.965356
18179,鑫嵘冷冻批发部,market_food,060703,南七菜市场西区7号鑫嵘冷冻批发部,117.266588,31.827202
18180,兴开干货粮油批发,market_food,060703,天山路1-114号附近,117.29761,31.736803
18181,矾山农贸市场,market_food,060703,开源北路与缺店路交叉口东北180米,117.429245,31.100781
18182,畅达冷冻批发部(泰来·尚品农贸市场店),market_food,060703,泰来·尚品农贸市场(四十埠地铁站B口步行360米),117.15963,31.709756
18183,瑞瑞冷冻面点批发部,market_food,060703,大兴周谷堆粮油冻品区C8-17号,117.389077,31.840164
18184,谊品批发部,market_food,060703|060200,尚水湖畔森园西北门西180米,117.209385,31.92711
18185,戴四蔬菜批发配送,market_food,060703,徽商城农产品批发市场北1门旁,117.422019,31.871864
18186,康辉禽蛋批发,market_food,060703,华南城副食品小商品市场东门西50米,117.09832,31.763402
18187,兴武粮油干货调味品批发部(滨湖润园南区店),market_food,060703,迎淮路润园菜市场B20号,117.352855,31.737379
18188,都市牧场(南园新村店),market_food,060703,中铁四局菜市场旁边4栋102,117.277415,31.832059
18189,康民农副产品(北城世纪城庆徽苑店),market_food,060703,北城世纪城庆徽苑南门旁,117.240188,32.001623
18190,城东粮店,market_food,060703,庐城镇军二东路28号,117.306011,31.242991
18191,良来粮油批发(桃花镇染坊社区南苑店),market_food,060703,桃花镇染坊社区南苑西南门旁,117.20065,31.785671
18192,郑贺民干货批发部(合肥坝上街新市场店),market_food,060703,南淝河路坝上街新市场,117.317964,31.837993
18193,郑向上干货批发店,market_food,060703,仰光路南七农贸市场A区,117.266732,31.827048
18194,老刘鸡蛋批发零售,market_food,060703,顺和家园小吃一条街33号商铺,117.148216,31.770353
18195,徽蕴食品批发,market_food,060703,万国农贸南区s3154-155,117.297734,31.735597
18196,大名府小磨香油芝麻酱批发零售,market_food,060703,竹西巷与宿松路快速路辅路交叉口东120米,117.27081,31.810268
18197,沈记冻品商城(新中菜市店),market_food,060703,四里河街道清源路666号中菜市南大门,117.258156,31.90452
18198,城关粮油超市,market_food,060703,撮镇路61号,117.470819,31.877692
18199,柿树家园农贸市场,market_food,060703,九龙商住街,116.946474,31.589054
18200,顺兴粮油批发部,market_food,060703,庐城中心菜市场东门旁,117.291794,31.250685
18201,龙城农贸市场,market_food,060703,龙城社区西侧50米,117.567328,31.899285
18202,城东鸡蛋批发,market_food,060703,城东大市场内一层,117.171296,32.475925
18203,大师兄农场农产品直营店,market_food,060703,镇中路与昌岭路交叉口西南100米,117.071535,32.068669
18204,罗昌集农贸市场,market_food,060703,花园路与海神路交叉口东160米,117.287656,31.012911
18205,巢湖市如意长江农贸市场,market_food,060703,龟山路1号宋都如意长江,117.869967,31.615278
18206,宝业农贸市场(宝业·城市绿苑店),market_food,060703,宝业·城市绿苑东区东门南60米,117.324336,31.850386
18207,巢湖市栏杆集镇赵集农贸市场,market_food,060703,100县道与文赵路交叉口东南100米,117.763597,31.922389
18208,老周粮油调味干货批发,market_food,060703,天龙路与磨子潭路交叉口蜀西公馆菜市场内M15号,117.12985,31.854105
18209,祖名豆腐桐城路菜市场店,market_food,060703,桐城路菜市场内,117.281525,31.850225
18210,淮河路步行街,street_pedestrian,061001,北含山路(四牌楼地铁站出入口步行460米),117.29384,31.864372
18211,海恒步行街,street_pedestrian,061001,繁华大道147号,117.258933,31.778537
18212,合肥绩溪路商业步行街,street_pedestrian,061001,宿松路与绩溪路交叉口东北50米,117.272892,31.844759
18213,徽州大道商业步行街,street_pedestrian,061001,徽州大道370号附近,117.286212,31.849798
18214,信地城市广场步行街,street_pedestrian,061001|190301,全椒路中绿广场对面,117.319841,31.878911
18215,下塘步行街,street_pedestrian,061001,新民街和下塘步行街的交叉口附近,117.209359,32.196901
18216,合肥香港商业步行街(三星钻石大厦西南),street_pedestrian,061001,宁国路227号(三星钻石大厦西南),117.281869,31.850221
18217,合家福商业街(临泉东路店),street_pedestrian,061001,临泉路3368号,117.336076,31.876603
18218,绿都步行街(绿都商城店),street_pedestrian,061001,宿州路60号(四牌楼地铁站D口步行300米),117.287683,31.863575
18219,天鹅湖步行街(保利MALL店),street_pedestrian,061001,潜山路与祁门路交口银泰in66(南侧),117.231542,31.807406
18220,杨庙步行街,street_pedestrian,061001,206国道辅路与育才路交叉口东180米,117.088436,32.197907
18221,万达广场室内步行街(包河金街店),street_pedestrian,061001,马鞍山路152号万达百货有限公司F1,117.302425,31.855925
18222,融创茂室内步行街,street_pedestrian,061001,庐州大道800号(万达城地铁站B口步行100米),117.303096,31.704543
18223,室外步行街(港澳广场店),street_pedestrian,061001,金炉路与笔峰路交叉口东南40米,117.207185,31.791831
18224,恒泰·城果一期步行街,street_pedestrian,061001,双凤开发区金宁路恒泰阿奎利亚城果,117.260675,31.956873
18225,港澳广场室外步行街1(港澳广场C区店),street_pedestrian,061001,翡翠路188号港澳广场F3,117.208125,31.791198
18226,驿城步行街,street_pedestrian,061001,050县道与长江西路交叉口南140米,116.892099,31.80614
18227,庐江·中心城步行街(庐江中心城店),street_pedestrian,061001,文明路与城中中路交叉口南100米,117.292347,31.242979
18228,信地步行街乐行市集,street_pedestrian,061001,全椒路与站前路交叉口南40米,117.320576,31.879933
18229,女人街便民服务巷,street_pedestrian,061001,三孝口(三孝口地铁站C口步行340米),117.278555,31.860554
18230,时埠里,street_pedestrian,061001|120000,长江东路长江批发市场对面,117.365888,31.868743
18231,科大后街,street_pedestrian,061001,洪岗路与金寨路交叉口西20米,117.264734,31.834264
18232,西城·衣食汇商业街(西城山水居店),street_pedestrian,061001,田埠东路与甘泉路交叉口东北40米,117.173869,31.853961
18233,新月光广场,street_pedestrian,061001,环城南路,117.278149,31.853924
18234,烔炀老街,street_pedestrian,061001,烔炀路与朝阳路交叉口南160米,117.63585,31.681886
18235,天鹅湖金街(天鹅湖万达店),street_pedestrian,061001,笔架山街道汇林阁社区南二环路3818号,117.220675,31.818925
18236,吴山口老街,street_pedestrian,061001,农山路东侧,117.015658,31.692094
18237,长临河老街(暂停营业),street_pedestrian,061001,新大街与环湖北路交叉口东北20米,117.464526,31.687049
17853,合肥幼专包河欣星实验幼儿园,kindergarten,141204,四川路与杭州路交叉口北150米,117.274458,31.718838
17854,安徽医科大学第一附属医院幼儿园,kindergarten,141204,绩溪路210号安医大一附院东宿舍区,117.269352,31.847128
17855,巢湖市春芽幼儿园,kindergarten,141204,316省道,117.732852,31.520573
17857,巢湖市中庙碧桂园幼儿园,kindergarten,141204,滨湖碧城一路北50米,117.493959,31.591438
17437,合肥工业大学屯溪路校区,school_college,141201,屯溪路193号南村,117.29597,31.843905
17438,安徽农业大学,school_college,141201,长江西路130号,117.256799,31.862445
17439,合肥工业大学(翡翠湖校区),school_college,141201,丹霞路485号,117.20346,31.77014
17440,安徽医科大学,school_college,141201,三里庵街道梅山路81号,117.263337,31.848812
17441,安徽新华学院,school_college,141201,国家级高新技术开发区望江西路555号,117.18439,31.826712
17442,安徽大学龙河校区,school_college,141201,肥西路3号,117.254528,31.844829
17443,安徽中科庚玖医院,school_college,141201,花园大道999号(高王地铁站C口步行50米),117.289691,31.771812
17444,合肥师范学院锦绣校区,school_college,141201,经济技术开发区莲花路1688号,117.228556,31.75039
17445,安徽建筑大学紫云路校区,school_college,141201,经济技术开发区紫云路292号,117.223461,31.744052
17447,安徽职业技术大学,school_college,141201,文忠路2600号,117.381145,31.928715
17448,合肥经济学院(高教基地校区),school_college,141201,学府路与烈山路交汇处,117.394474,31.933522
17449,安徽中医药大学(少荃湖校区),school_college,141201,磨店街道龙子湖路350号,117.391227,31.938122
17450,中国科学技术大学(高新校区),school_college,141201,高新区复兴路100号,117.129457,31.818395
17451,安徽水利水电职业技术学院,school_college,141201,合马路18号,117.42671,31.824884
17452,中国科学技术大学(西校区),school_college,141201,黄山路443号,117.255642,31.838186
17453,巢湖学院,school_college,141201,经济开发区半汤路1号,117.931036,31.647211
17454,合肥财经职业学院,school_college,141201,合肥经济技术开发区大学城方兴大道998号,117.175578,31.755895
17455,安徽城市管理职业学院(淮海路),school_college,141201,淮海大道300号,117.392435,31.928696
17456,安徽医科大学新医科中心(新校区),school_college,141201,杏林路26号(杭埠河大道2227号),117.125022,31.676255
17457,安徽三联学院,school_college,141201,经济技术开发区合安路47号,117.197824,31.754937
17458,安徽工商职业学院(双凤校区),school_college,141201,金宁路1924号,117.261057,31.959892
17459,安徽外国语学院,school_college,141201,森林大道2号,117.023882,31.738826
17460,安徽文达信息工程学院,school_college,141201,紫蓬山风景区森林大道3号,117.019194,31.743191
17461,安徽审计职业学院(方兴校区),school_college,141201,合肥经济技术开发区方兴大道509号(龙幡路东侧),117.257927,31.723545
17463,安徽国际商务职业学院,school_college,141201,魏武路1号,117.269463,31.987804
17464,合肥信息技术职业学院,school_college,141201,九龙路115号,117.173287,31.758848
17466,安徽工业经济职业技术学院(东区),school_college,141201,淝河镇梁园路1号(工经学院地铁站A口步行270米),117.328849,31.817273
17467,安徽艺术学院,school_college,141201,淮海大道1600号,117.366581,31.929713
17468,安徽邮电职业技术学院,school_college,141201,潜山路382号(西七里塘地铁站B口步行340米),117.232757,31.848875
17469,安徽体育运动职业技术学院,school_college,141201,人民大街1号,117.351642,31.770279
17470,安徽警官职业学院(西校区),school_college,141201,清溪路78号,117.224075,31.876291
17471,合肥职业技术学院(汇心湖校区),school_college,141201,岱河路2号,117.39674,31.905287
17472,安徽公安学院,school_college,141201,半岛生态科学城治中路1号,117.58173,31.600118
17473,合肥理工学校,school_college,141201,西大路,117.505815,31.866151
17474,安徽建筑大学北校区,school_college,141201,金寨南路856号(北校区),117.254807,31.812355
17475,安徽合肥机电技师学院(新校区),school_college,141201,紫蓬路215号,117.272785,31.746186
17476,安徽理工大学(合肥校区),school_college,141201,凤霞路15号,117.287239,31.970967
17477,安徽汽车职业技术学院,school_college,141201,紫云路99号,117.272257,31.738936
17489,安徽合肥技师学院,school_college,141201,关井路868号,117.391199,31.906219
17490,安徽粮食工程职业学院,school_college,141201,学林路2号,117.394976,31.917271
17491,徽商职业学院,school_college,141201,紫蓬山森林大道,117.031414,31.750166
17492,中国科学技术大学(中区),school_college,141201,黄山路150号,117.263015,31.838829
17493,安徽艺术职业学院丹霞校区,school_college,141201,城区莲花社区管理委员会经济开发区丹霞路8号,117.214449,31.775658
17494,合肥城市学院滨湖校区,school_college,141201,合肥黄麓科教园书香路1号,117.596804,31.607157
17495,合肥理工学院,school_college,141201,巢湖半岛生态科学城治中路6号,117.564509,31.600149
17496,安徽广播影视职业技术学院,school_college,141201,文忠路2575号,117.372457,31.929187
17497,合肥城市学院(北城校区),school_college,141201,金岗大道88号,117.173346,31.973916
17499,安徽医科大学(南校区),school_college,141201,经开区翡翠路15号,117.212829,31.793293
17500,安徽大学江淮学院(史河校区),school_college,141201,史河路8号,117.248479,31.864705
17501,安徽省肥西师范学校,school_college,141201,上派镇包公路381号,117.18534,31.73956
17502,安徽省黄麓师范学校,school_college,141201,黄麓镇陵园路,117.546129,31.657055
17503,安徽电气工程职业技术学院,school_college,141201,包河大道397号(葛大店),117.300594,31.814015
17504,省委党校(安徽行政学院)南校区,school_college,141201,望湖街道望江东路115号省立儿童医院隔壁,117.282274,31.826566
17505,安徽交通职业技术学院(南区),school_college,141201,望湖街道青年路114号,117.296554,31.824495
17506,中国科学技术大学(北校区),school_college,141201,黄山路242号,117.268545,31.843123
17507,安徽工商职业学院庐阳校区,school_college,141201,砀山路233号(北五里井地铁站D口步行350米),117.279687,31.896825
17509,安徽警官职业学院东校区,school_college,141201|141206,五里墩街道清溪路13号,117.247756,31.871142
17510,合肥师范学院(三孝口校区),school_college,141201,三孝口金寨路322号三零八巷,117.274864,31.854614
17511,合肥工业大学(六安路校区),school_college,141201,六安路269号(杏花公园地铁站A口步行370米),117.281161,31.872215
17513,安徽特殊教育职业学院,school_college,141201,新站区磨店高教城淮海大道90号(淮海路与大众路交叉口),117.396247,31.928024
17515,安徽职业技术大学(东南校区),school_college,141201,瑶海区--淮海大道与相山路交口,117.383822,31.922808
17516,安徽第二医学院(芜湖路校区),school_college,141201,芜湖路387号(稻香楼地铁站B口步行470米),117.278876,31.848884
17517,安徽农业工程职业技术学院,school_college,141201,文忠路66号,117.37365,31.91517
17520,安徽粮食工程职业学院(西区),school_college,141201,潜山北路430号(西七里塘地铁站A口步行350米),117.231843,31.854752
17521,安徽经济管理学院(东区),school_college,141201,梁园路138号,117.309521,31.816743
17522,安徽合肥医药卫生学校,school_college,141206|141201,撮镇镇东华大道100号,117.435959,31.791862
17523,安徽社会主义学院,school_college,141201,太湖东路15号(朱岗地铁站D口步行470米),117.297489,31.832302
17524,安徽中医药大学(西区),school_college,141201,史河路45号,117.243427,31.862736
17525,安徽神学院,school_college,141201,符离路与扶疏路交口东北角,117.316334,31.898678
17527,合肥滨湖职业技术学院(北区),school_college,141201,四里河路庐阳区人民政府四里河街道办事处东南侧约160米,117.23892,31.883591
17435,安徽大学(磬苑校区),school_college,141201,九龙路111号,117.185562,31.765905
17436,中国科学技术大学(本部东校区),school_college,141201,金寨路96号,117.269603,31.836854
17478,安徽新闻出版职业技术学院,school_college,141201,繁华大道226号,117.243241,31.777714
17479,合肥师范学院滨湖校区,school_college,141201,合肥黄麓科教园书香路6号,117.588132,31.608967
17480,安徽万通技师学院,school_college,141201|141206,学林路699号(与相山路交口西南角),117.382763,31.913547
17481,安徽开放大学(九华山路校区),school_college,141201,包公街道九华山路3号,117.295088,31.838251
17482,合肥幼儿师范高等专科学校,school_college,141201,文忠路与学林路的交叉口,117.377939,31.920257
17483,安徽中澳科技职业学院(庐阳校区),school_college,141201,濉溪路312号,117.251903,31.878269
17484,合肥通用职业技术学院,school_college,141201,长江西路888号,117.202567,31.858006
17485,安徽医科大学临床医学院,school_college,141201,望江西路1166号,117.051992,31.832748
17486,合肥科技职业学院,school_college,141201,森林大道紫蓬山风景区,117.031141,31.746658
17487,合肥滨湖职业技术学院南区,school_college,141201,方兴大道559号(始信路与方兴大道交口向南250米),117.253187,31.722963
17488,中国科学技术大学(南校区),school_college,141201,徽州大道1129号,117.281617,31.821766
17532,安徽职业技术大学能源动力与安全学院,school_college,141201,新站区高教基地淮海大道799号,117.376173,31.923291
17534,安徽大学未来学院(建设中),school_college,141201,044县道与金桥路交口西北100米,117.110619,31.749096
17535,合肥经济学院(经开区校区),school_college,141201,合安路218号,117.212768,31.771088
17541,安徽农业大学机械与车辆工程学院(智能制造学院),school_college,141201,琥珀街道长江西路130号安徽农业大学第3教学楼,117.259293,31.858558
17543,合肥乐农新村小学奥林校区,school_college,141203|141201|170200,,117.251622,31.869268
17545,合肥市行政学院,school_college,141201,向阳路2号,117.879463,31.609989
17547,合肥大学城,school_college,141201,翡翠路与环翠路交叉口东120米,117.202125,31.763025
17548,省艺校,school_college,141201,芜湖路街道宣城路16号安徽艺术职业学院,117.296775,31.848503
17549,高新银泰校区,school_college,141206|141201,高新技术产业开发区望江西路888号高新银泰六楼,117.133125,31.831675
17551,安徽大学磬苑校区数学科学学院,school_college,141201,九龙路111号安徽大学磬苑校区内,117.186904,31.772036
17554,安徽新华电脑专修学院(东区),school_college,141201,磨店乡东华路9号(幼儿师范地铁站B口步行480米),117.374734,31.918314
17555,安徽农业大学教学示范基地,school_college,141201,三国城路,117.203581,31.924557
17560,合肥教院,school_college,141201,宁国北路211号,117.290875,31.850973
17562,中国科学技术大学研究生院科学岛分院,school_college,141201,井岗镇蜀山湖路350号二号楼216室,117.16177,31.905256
17566,安徽公安学院(北区),school_college,141201,治中路与黄麓大道交叉口西240米,117.583625,31.605475
17567,合肥三联学院,school_college,141201,紫云路与金寨南路辅路交叉口东南140米,117.200975,31.751325
17570,安徽电气工程职业技术学院(红枫路校区),school_college,141201,高新技术产业开发区红枫路与香樟大道交口,117.19369,31.828389
17575,安徽绿海商务职业学院-商务楼,school_college,141201,金寨南路辅路与汤口路辅路交叉口东北200米,117.19761,31.749954
17580,安徽建工技师学院,school_college,141201,葛大店包河大道188号(葛大店地铁站B口步行400米),117.302732,31.81117
17581,安徽理工大学合肥校区庐阳区校园,school_college,141201,阜阳北路与天水路交叉口,117.27494,31.932744
17583,安徽农业大学林学与园林学院,school_college,141201,安农大北院24幢,117.26286,31.858107
17584,铁路工程学院,school_college,141201,郎溪路与新安江支路交叉口西北120米,117.359275,31.864625
17589,安徽医科大学新医科中心基础医学院,school_college,141201,上派镇杏林路26号安徽医科大学新医科中心探微楼B座200实验室,117.124125,31.673375
17590,安徽新华学院科技学院,school_college,141201,望江西路555号安徽新华学院15号教学楼科技学院,117.185138,31.820723
17594,安徽大学磬苑校区人工智能学院,school_college,141201,九龙路111号安徽大学(磬苑校区),117.188285,31.75887
17607,安徽汽车职业技术学院莲花校区,school_college,141201,佛掌路与石门路交叉口西南160米,117.235159,31.7694
17618,安大-文创中心,school_college,141201,至坚路与至诚大道交叉口西140米,117.180825,31.767633
17626,安徽职业技术大学南区,school_college,141201,淮海大道与鲁班路交叉口西南60米,117.380038,31.924599
17630,文达学院,school_college,141400|141201,繁华大道与环山路交叉口东北300米,117.020925,31.737675
17635,中国科学技术大学东校区临床医学院,school_college,141201,金寨路96号中国科学技术大学(本部东校区),117.248825,31.813976
17650,长丰社区教育学院,school_college,141201,岗集镇万安路岗集中学,117.170362,31.959986
17654,合肥工业经济学校,school_college,141201,包河大道228号,117.312839,31.795793
17655,合肥职业技术学院大学生创新创业中心,school_college,141201,金寨南路289号,117.241325,31.801525
11816,肥西县疾病预防控制中心,hospital,090500,巢湖西路C段,117.149345,31.706953
11819,马杨根内科诊所,hospital,090300,新站珍珠苑S5-110,117.149723,31.714117
11824,中心卫生院谢塘卫生室,hospital,090300,068乡道与杭埠河大道交叉口西200米,117.104856,31.730382
11826,肥西经开区华南城门诊部,hospital,090300,华二路s1-120号,117.108646,31.76294
11827,乐雅口腔(肥西院),hospital,090202,肥西经济开发区华南城紫云轩S1栋S111室-S222室,117.105371,31.765707
11828,魏万杰口腔诊所,hospital,090202,立恒工业广场一期D2栋一楼,117.148101,31.783454
11829,栗新内科诊所,hospital,090300,河畔顺和家园小区南区10,117.148403,31.770492
11830,紫蓬镇卫生院泗洲卫生室,hospital,090300,凌云路东100米,117.113722,31.779618
11831,海德公馆中西医结合门诊部,hospital,090300,绿地海德公馆S7幢,117.149315,31.778717
11832,顺和社区卫生服务站,hospital,090102,迎江寺路与方兴大道交叉口北120米,117.143874,31.768427
11837,安徽医科大学第一附属医院高新院区,hospital,090101,皖水路120号(汽车西站地铁站C口),117.137131,31.846555
11838,瑞特曼口腔(总院),hospital,090202,望江西路6589号主楼9层901室,117.105871,31.829241
11841,合肥高新区长宁社区卫生服务中心,hospital,090102,文曲路复兴家园商业楼北楼,117.13925,31.819461
11842,广瑞医疗·科新综合门诊部,hospital,090300,云飞路与石莲南路交口悦湖山院养老商业楼107.108下负一层商111商110商109二层,117.130449,31.835636
11845,合肥离子医学中心,hospital,090101,燕子河路与长宁大道交叉口东260米,117.11776,31.824468
11849,合肥高新区长宁社区永和卫生服务站,hospital,090102,合肥高新区永和家园小区西门向东200米,117.118674,31.847678
11852,健雅口腔,hospital,090202,创新大道与云飞路交口创新公寓A座1层,117.134906,31.834156
11854,倍新口腔(高新店),hospital,090202,长宁大道2111号金色年华小区2幢商105/商105上,117.113502,31.845423
11858,合肥高新区慧康中西医结合门诊部,hospital,090300,高新技术产业开发区长宁家园,117.116613,31.818051
11863,娅斯杰口腔诊所,hospital,090202,皖水路342号,117.123277,31.844545
11864,合肥高新区佑康内科诊所,hospital,090300,东支路金港湾门面s5-,117.112494,31.835997
11869,安徽牙客医药科技有限公司,hospital,090202,望江西路800号合肥创新产业园A3楼,117.138156,31.831714
11870,之循中医诊所,hospital,090300,长安路与文曲路交叉口西120米,117.138395,31.806961
11877,合肥高新区向旸( yang)诊所,hospital,090300,龙湖一路与龙湖二路交叉口西60米,117.123307,31.847861
11879,美特尔医疗美容(暂停营业),hospital,090201,长宁大道与彩虹路交口,117.116202,31.841253
11880,合肥市妇幼保健院(西院),hospital,090200,长江西路与石镜路交叉口(南岗地铁站A口步行270米),117.119233,31.851941
11882,合肥高新区南岗社区卫生服务中心,hospital,090102,磨子潭路120号(汽车西站地铁站1号口步行400米),117.136538,31.854793
11883,飞橙医美(高新院区),hospital,090201,天龙路138号蜀西公馆10幢商业105/105上-109/109上,117.129303,31.85408
11884,新诚内科诊所,hospital,090300,磨子潭路与双塘路交口,117.111803,31.854694
11887,雅牙口腔,hospital,090202,伟星星悦天地S3-208,117.148062,31.87624
11890,合肥市庐阳区三十岗乡卫生院,hospital,090102|090300,三十岗乡合三国城路198号庐阳区三十岗生态农业旅游区内(南侧),117.126064,31.926308
11891,庐阳区三十岗乡东瞿村卫生室,hospital,090300,东翟村卫生室东门旁,117.140962,31.92345
11894,岗集中心卫生院土山分院,hospital,090102,和顺街与018县道交叉口东北120米,117.120537,31.994874
11895,安徽医科大学第一附属医院南区,hospital,090101,翡翠路与云谷路交汇东北,117.170293,31.745298
11896,肥西县中医院(新区),hospital,090100,站前路与青龙路交叉口东北部,117.177494,31.700116
11898,肥西爱牙口腔(水晶城店),hospital,090202,上派镇永辉路老中街水晶城10号楼,117.17128,31.719481
11899,合肥佳德口腔·补牙·拔牙(万派店),hospital,090202,上派镇金寨南路与青年北路交叉口华邦万派城5幢1商09室,117.16342,31.726364
11903,肥西县上派镇中心卫生院,hospital,090102,派河路与云谷路辅路交叉口西北60米,117.177775,31.733675
11904,合肥新港医院,hospital,090100,经济技术开发区新港工业园紫石路与肥光路交口滨河小区一期商业楼二楼西侧,117.184937,31.734939
11909,雅淮口腔(肥西店),hospital,090202,巢湖路273号,117.164425,31.720125
11915,华新口腔,hospital,090202,绿地新都会商业S3(绿地新都会停车场出入口正对面),117.179725,31.740025
11916,合肥经开临湖联宝诊所,hospital,090300,临湖社区管理管委会经济开发区青龙潭路,117.190102,31.737274
11917,肥西仁康医院,hospital,090100,站前路名邦中央公馆对面(四十埠地铁站B口步行450米),117.161263,31.706442
11920,周明内科诊所,hospital,090300,上派镇江淮大道辅路与珍珠路交叉口正西方向115米左右综合服务楼101室,117.163274,31.734028
11921,肥西巢湖西路综合门诊部,hospital,090300,派河路与恒友巷交叉口西20米,117.151176,31.709571
11922,益齿口腔门诊部,hospital,090202,云谷路166号,117.183438,31.730436
11924,乐洁口腔门诊部,hospital,090202,冬融路与人民路交叉口东南60米,117.181141,31.714504
11928,齿美口腔门诊部,hospital,090202,肥西县经济开发区翡翠路与上小路交口新型家园派街1049号,117.152398,31.736612
11929,方燕中西医结合诊所,hospital,090300,金星和园四期东北门旁,117.170324,31.740866
11941,肥西县上派镇古埂社区卫生服务站,hospital,090102|090300,上派镇三河路烟草巷,117.166701,31.709471
11946,肥西立胜中医(综合)诊所,hospital,090300,人民路26-S-107,117.154177,31.707501
11958,肥西鲁立春内科诊所,hospital,090300|090200,仙霞路与金寨南路交叉口南200米,117.155966,31.717178
11962,肥西爱和综合门诊部,hospital,090300,仙霞路,117.152984,31.72122
11978,肥西国滨康安普通专科门诊部,hospital,090300,潭冲湖路9号,117.188645,31.705252
11981,肥西李仁应内科诊所,hospital,090300,芮祠家园西北门西南60米,117.160324,31.700452
11984,周中内科诊所,hospital,090300,金宇天地城6号,117.170361,31.727038
11986,赵龙生内科诊所,hospital,090300,上派灯塔家园(潭冲路南),117.178865,31.708655
11987,肥西县上派镇爱和社区卫生服务站,hospital,090102,李湾家园小区B区44栋,117.151233,31.718016
11989,肥西翰林水岸门诊部,hospital,090300,潭冲路s102-103号,117.154493,31.702293
12002,钱江门诊部,hospital,090300,钱江1号公馆东南2门北70米,117.159489,31.71166
12018,安徽绿海商务学院医务室,hospital,090300,金寨南路辅路与汤口路辅路交叉口东280米,117.198647,31.74922
12020,广瑞医疗·新园中医综合医院,hospital,090202,桃花镇禹洲天玺北门东侧43号,117.169997,31.78183
12022,合肥经济技术开发区芙蓉社区卫生服务中心,hospital,090102,芙蓉路与松林路交口芙蓉社区党群服务中心北侧楼,117.199787,31.788235
12023,安徽省疾病预防控制中心(繁华大道),hospital,090500,经开区繁华大道12560号,117.196289,31.78373
12026,文锋口腔门诊部,hospital,090202,芙蓉路1388号一里洋房1栋商104室,117.189999,31.783566
12036,杜胜中医诊所,hospital,090300,肥西桃花香蒲幼儿园西门旁,117.160535,31.799589
12038,汪超中医诊所,hospital,090300,菖蒲路与玉兰大道交叉口西240米,117.156014,31.798933
12041,于洁口腔诊所,hospital,090202,经济开发区繁华大道与恒山路交口西南侧和昌悦府花园B1栋16号,117.152072,31.78179
12042,颐德口腔,hospital,090202,云外路199号翡翠湖玫瑰园高层公寓19幢,117.1945,31.779667
12043,中恒中医诊所,hospital,090300,桃花镇香蒲路与翠竹路交叉口向东30米,117.163698,31.799447
12044,安徽三联学院南区校医院,hospital,090100,安徽三联学院南区,117.196751,31.751937
12047,肥西艾美口腔门诊部,hospital,090202,桃花镇信地华地城商业街S20-104门面,117.163408,31.780258
12050,张峰内科诊所,hospital,090300,桃花镇玉兰大道1-10门面房,117.159016,31.791415
12051,芍药堂中医诊所,hospital,090300,蜀山区经济技术开发区九龙路322号安大西门九龙商业街6栋613室,117.181727,31.772086
12053,肥西华仁中西医结合门诊部,hospital,090300,幸福大街2-104,117.18855,31.754641
12057,安徽大学磬苑校区医院,hospital,090300,九龙路584号,117.180028,31.767707
12059,张传辉中西医结合诊所,hospital,090300,繁华大道479号东冠繁华逸城,117.175532,31.785173
12060,康临中西医结合门诊部,hospital,090300,翡翠湖郡1商03室,117.193869,31.758904
12062,肥西刘殿友内科诊所,hospital,090300,樱花路与铭传路交叉口北180米,117.166741,31.796918
12063,陈修阳内科诊所,hospital,090200|090300,原树提香11栋106(幸福坝地铁站A口步行200米),117.182847,31.751057
12064,旭初综合门诊部,hospital,090300,汤口路与华山路交叉口顺美家园二期门面36、37、38号,117.151872,31.774149
12066,玖方口腔,hospital,090202,玖方广场,117.18531,31.798686
12068,快民门诊连锁-九龙园中西医结合门诊部,hospital,090300,九龙园中西医综合门诊部西南侧,117.183823,31.774946
12075,玫瑰园中西医结合门诊部,hospital,090300,石门路绿城翡翠湖玫瑰园北区14-101号,117.190636,31.779735
12080,安徽医科大学康视眼科医院,hospital,090203,望江西路4899号1-a楼,117.152463,31.829593
12081,高新区蜀南庭苑社区卫生服务中心,hospital,090102,高新区望江西路4289号蜀南庭苑商业街蜀山新天地C2栋1,117.166118,31.827561
12082,禾丽西婵医疗美容门诊部,hospital,090201,香樟大道299号澜溪镇花园39幢商,117.194522,31.835441
12083,合肥高新区江河社区卫生服务中心,hospital,090102,柏堰商业街C1-21,117.161362,31.807834
12084,佳乐口腔,hospital,090202,旭辉湖山源著东门旁(北雁湖地铁站D口步行160米),117.156816,31.822146
12085,亚文口腔,hospital,090202,香樟大道太平洋森活广场B1座1楼,117.188039,31.80669
12088,合肥高新区梦园门诊部,hospital,090300,天柱路21号,117.199758,31.845281
12089,臻美口腔门诊部,hospital,090202,习友路与香樟大道交叉口圣联香御公馆2幢102商铺,117.193223,31.814729
12092,蜀南健雅口腔诊所,hospital,090300,蜀南庭苑商业街13幢108-109室,117.16282,31.828357
12093,平衡中医诊所,hospital,090300,黄山路与天柱路交叉口西220米,117.197854,31.83973
12094,御康口腔,hospital,090202,御景城西门西南90米,117.179239,31.816914
12095,澜溪诊所,hospital,090300,高新区望江西路600号维多利亚休闲度假别墅S9-80幢商业楼联体S47室,117.195758,31.832478
12101,康安诊所,hospital,090300,保利梧桐语商业街S1-105,117.168502,31.815606
12102,倪永华内科诊所,hospital,090200,格力馨雅园,117.182282,31.80265
12105,名郡口腔门诊,hospital,090202,桃花镇明珠大道柏堰雅苑二期005号门面,117.162612,31.803766
12108,合肥高新区纪素群中医诊所,hospital,090300,海关路111号,117.195537,31.848035
12111,中国科学院合肥肿瘤医院,hospital,090207,,117.156752,31.861872
12112,蜀山区社区卫生服务中心,hospital,090102,井岗路218号,117.171113,31.857503
12113,小氧医美•玉颜店,hospital,090201,金濠广场北1门西南60米(天柱路地铁站B口旁),117.199552,31.853747
12114,广瑞医疗·悦山综合门诊部,hospital,090300,田埠西路199号加侨悦山城S15幢商110/商110上、商301,117.154432,31.85265
12115,合肥蜀山国康门诊,hospital,090300,科里科气后面,117.181131,31.860948
12117,广瑞医疗·玉镜综合门诊部,hospital,090300,井岗镇科学岛路800号桃源里S5幢商112,117.180019,31.864508
12125,顺泰口腔诊所,hospital,090202,振兴路666号顺丰产业园1层107室(A座入口旁),117.150629,31.868186
12126,徽雅口腔门诊部,hospital,090202,半岛路9号枫丹白鹭湖公馆H-1幢104室,117.190116,31.854557
12127,沃亚口腔,hospital,090202,南岗镇蜀山新产业园区蜀山西地铁站D口右前方奥园城市天地,117.1667,31.851962
12132,安岐堂中医诊所,hospital,090300,蜀景生活广场南门旁,117.176327,31.856798
12136,康昱医疗蜀山内科诊所,hospital,090202|090300,蜀峰路香山丽舍东门商117室,117.168017,31.861437
12137,文博口腔门诊部,hospital,090202,蜀峰路红皖家园东门102号(三十五中对面红皖家园东门),117.168128,31.854949
12141,合肥蜀山爱雅仕口腔门诊部,hospital,090202,枫丹白鹭湖公馆西北门东80米,117.189283,31.857963
12142,健洁口腔门诊部,hospital,090202,稻香路与万泽路交口东100米,117.16564,31.858955
12148,悠然居内科诊所,hospital,090300,悠然居7栋102室白莲岩路与振兴路交口东100,117.151054,31.874102
12153,科学家园医疗卫生服务站,hospital,090102,科学家园西南1门旁,117.172012,31.864105
12159,杨治军中西医结合诊所,hospital,090300,荷花路与科学岛路交叉口西40米,117.185862,31.854056
12163,岗集中心卫生院,hospital,090102,岗集镇合淮公路第五人民医院,117.186831,31.946338
12168,中国科学院合肥物质科学研究院交叉科研楼健康所,hospital,090300,创新大道与尚学路交叉口西北280米,117.159475,31.908225
12171,长丰县岗集镇金岗村卫生室,hospital,090102,岗集镇金岗大道金岗花园,117.197032,31.941308
12173,品雅口腔诊所,hospital,090202,岗集镇金明花园三期北门安居路11-12品雅口腔诊所,117.190954,31.952769
12174,长丰金湖内科诊所,hospital,090300,岗集镇安居路金湖花园B区,117.194875,31.957116
12176,康民内科诊所,hospital,090300,富康路b112号附近,117.187366,31.954487
12177,长丰众仁内科诊所,hospital,090300,瑞景路与朝阳路交口东北50米,117.157425,31.966425
12182,三十埠卫生室,hospital,090300,模具大道安徽兽药产业园,117.1741,31.971227
12183,丁贞龙内科诊所,hospital,090300,岗集镇祥和中央广场S-2栋171室,117.19414,31.951478
12187,广瑞医疗·锦绣综合门诊部,hospital,090300,合肥市经济技术开发区锦绣社区莲花路127号人口文化广场123-130号,117.23193,31.743663
12188,临湖社区卫生服务中心,hospital,090102,玉屏南路,117.245114,31.709555
12194,合肥市经开区广健诊所,hospital,090300,南郡明珠西门北50米,117.241233,31.739859
12196,合肥经开区方兴诊所,hospital,090300,米兰阳光花园116号1,117.208936,31.747934
12198,合肥杏仁内科诊所,hospital,090300|090200,蓬莱花园,117.219849,31.747427
12199,肥西康健综合门诊部,hospital,090300,长安一品东南门西70米,117.204591,31.749788
12201,周朋飞口腔诊所,hospital,090202,云谷路5199号,117.240007,31.710005
12202,美菱医务室,hospital,090300,锦绣社区管理委员会莲花路2163号美菱公寓,117.235368,31.729626
12206,安徽医科大学第二附属医院,hospital,090101,合肥经济技术开发区芙蓉路678号,117.21241,31.790188
12208,合肥经开普仁外科医院,hospital,090200,芙蓉路2555号,117.239897,31.781185
12211,莲花社区卫生服务中心,hospital,090102,经开区莲花社区芙蓉路512号汇林园小区芙蓉路段门面房,117.236794,31.782143
12213,瑞康骨科住院部,hospital,090206|090100,尚泽大都会D座商业楼,117.228089,31.771906
12214,广瑞医疗·明珠中西医门诊部,hospital,090300,繁华大道与莲花路交叉口南150米,117.230847,31.775103
12215,合肥经济技术开发区韩宫整形外科门诊部,hospital,090201,经典广场A座5楼整层(繁华大道地铁站B口步行50米),117.211335,31.781767
12216,瑞康骨科医院,hospital,090206|090100,繁华大道与合安路交汇口繁华世家A区,117.223628,31.776741
12218,元坤堂中医诊所,hospital,090300,经开区莲花路与芙蓉路交口伟星莲花星街s5-113,117.232809,31.783384
12219,翡翠医院,hospital,090100,翡翠路与环翠路交汇处向南100米,117.200926,31.761933
12220,合肥蜀山安妮薇尔医疗美容门诊部(万象城店),hospital,090201|071100,政务文化新区习友路和潜山路交口华润万象城B座五楼,117.229562,31.799728
12225,安徽第二医学院附属口腔医院(省属公立医院),hospital,090202,芙蓉路632号,117.226255,31.78526
12229,合肥华凌股份有限公司,hospital,090300,合肥市经开区锦锈大道176号,117.238294,31.754527
12232,赫拉·HERA医疗美容,hospital,090201,金寨南路310号合柴1972文创园南淝街105+203号,117.242961,31.796681
12235,诺尔德口腔,hospital,090202,蜀山区经济技术开发区石门路2666号中环城广场4幢商107室,117.206196,31.780309
12236,苹果小镇综合门诊部,hospital,090300,丹霞路与青龙潭路交叉口东南150米,117.221537,31.767591
12237,莲花朝霞社区卫生服务站,hospital,090102,芙蓉路与宝塔路交叉口朝霞菜市场综合楼东南角1层,117.21919,31.788398
12239,肥西倍齿康口腔门诊部,hospital,090202,金寨南路旁,117.213758,31.76777
12249,合肥经开区翡翠公园惠民诊所,hospital,090300,蜀山区开发区丹霞路与环湖路交口泊岸家园4号A区,117.200075,31.77465
12250,青悦医疗美容(颐园世家北门店),hospital,090201,万佛湖路127号与笔架山路交叉口东180米左右颐园世家3幢104商铺,117.220178,31.799948
12251,禾佳安康中医诊所,hospital,090300,翡翠路与梧桐路交叉口东60米,117.210288,31.772772
12254,合肥经开区翟恩明内科诊所,hospital,090300,翡翠商业街四期综合楼119-120,117.205887,31.758339
12261,天时中西医结合诊所,hospital,090300,蜀山区大学城北地铁站4号口向北步行100米,117.209193,31.775835
12262,丁春红诊所,hospital,090300,合肥经济技术开发区莲花社区中心路南3号D楼103室,117.230747,31.762479
12264,合肥经开区健民门诊部,hospital,090300,繁华大道397号,117.201675,31.781698
12267,小美医生(宋都·西湖花苑天风苑店),hospital,090300,习友路与怀宁路交口宋都西湖花苑东门南50米商铺,117.222964,31.796315
12272,肥西县桃花工业园社区卫生服务中心,hospital,090102,青龙潭路与金凤路交汇处,117.218386,31.764912
12281,合肥经济技术开发区公共卫生服务中心,hospital,090102,翠微路6号海恒大厦东6层,117.224798,31.782264
12287,合肥经开区红莲园中西医结合门诊,hospital,090300,红莲园东门北70米,117.226988,31.759313
12290,青沐口腔,hospital,090300,莲花路金大地时代天街5栋113,117.232008,31.778554
12292,合肥工业大学翡翠湖校区医院,hospital,090300,芙蓉社区管理委员会翡翠路420号,117.204041,31.773117
12296,合肥经济技术开发区庐州口腔诊所,hospital,090202,莲花路1274号,117.230891,31.758342
12301,合肥经济技术开发区桃源中西医结合诊所,hospital,090300,金寨南路与紫云路交叉口安通商业广场C座忆景酒店楼下106室,117.202341,31.753296
12307,孙良昌内科诊所,hospital,090300,锦绣大道多伦多花园,117.212059,31.761208
12315,唯美丽人医疗美容,hospital,090201,琥珀五环城5栋103-104,117.235761,31.796652
12325,正视力爱眼中心(浅水湾店),hospital,090203,仙都路浅水湾小区西侧西-4门店,117.231695,31.793825
12331,中国科学技术大学附属第一医院(南区),hospital,090101|090200,荷叶地街道天鹅湖路1号,117.2494,31.814395
12332,合肥爱尔眼科医院,hospital,090203,望江西路198号,117.234088,31.831342
12334,瑞慈体检(蜀山店),hospital,090100,佛子岭路与齐云山路交叉口西100米,117.234125,31.818825
12335,合肥美奥口腔·种植矫正中心(政务院),hospital,090202,潜山南路188号蓝商务港城市广场A座一层商104-109二层商104-108上及负一层105-108,117.234498,31.814362
12336,安徽维多利亚整形外科医院,hospital,090201,望江西路268号安徽维多利亚整形,117.227575,31.832311
12339,合肥佳德口腔·儿牙·正畸(新华店),hospital,090202,黄山路457号新华学府星座商业,117.231951,31.840499
12340,合肥淮大皮肤病医院,hospital,090200,黄山西路1008号,117.227823,31.841168
12341,合肥天使儿童医院,hospital,090200,南七街道黄山路451号,117.241286,31.8408
12342,合肥蜀山新地崔劲松医疗美容门诊部,hospital,090201,祁门路333号新地中心A座3楼,117.229433,31.807583
12344,合肥蓝天贝杰口腔医院(政务区分院),hospital,090202,笔架山街道休宁路与怀宁路交口总商会大厦103室,117.22347,31.825733
12345,蜀山区荷叶地街道社区卫生服务中心,hospital,090102,荷叶地路82号,117.24065,31.821548
12346,蜀山区西园街道社区卫生服务中心,hospital,090102,贵池路9 号,117.247685,31.846312
12348,安徽天鹅湖口腔医院,hospital,090202,怀宁路蓝蝶苑109-114商铺,117.222584,31.804429
12349,雍禾植发(合肥分院),hospital,090201,海棠路150号201-202室,117.201219,31.816715
12352,笔架山街道社区卫生服务中心,hospital,090102,高河西路和聚云峰路交口西北角,117.219495,31.821902
12356,合肥光明医院,hospital,090100,环湖东路572号,117.215123,31.84731
12360,高新区兴园社区卫生服务中心,hospital,090102,科学大道8号,117.205035,31.817779
12361,星范医疗美容,hospital,090201,融创信达政务壹号23栋2楼,117.249371,31.819451
12363,飞橙医美(蜀山1912院区),hospital,090201,井岗镇黄山路588号大溪地现代城72幢,117.225099,31.845399
12364,合肥安中中医医院,hospital,090100,南屏家园3幢102号,117.246199,31.828393
12369,广瑞医疗·学林轩综合门诊部,hospital,090300,集贤路保利香槟国际9号楼104-106,117.203732,31.81157
12372,安徽金色童年儿童医院,hospital,090200|090100,合肥市高新区望江西路502号(望江西路与西二环路交口西北角),117.21172,31.835513
12373,安徽省口腔医院政务区门诊部,hospital,090300,聚云峰路138号白天鹅国际商务中心公寓商101号(西柚生活超市旁),117.221715,31.816033
12374,蜀山区南七街道社区卫生服务中心,hospital,090102,洪岗路丁香家园2栋,117.240301,31.827287
12376,丽齿口腔(蜀山店),hospital,090202,翡翠路与龙图路交口西北角湖畔春天花园1、2商业101、商业201,117.21499,31.80684
12379,美特尔口腔医院,hospital,090202,文一名门首府西南2门东80米,117.208454,31.818386
12380,芙萝拉医疗美容,hospital,090201,笔架山街道月山东路中侨中心C座304室,117.228602,31.823926
12383,合肥高新花容医疗美容,hospital,090201,天智路5号同创科技园6栋6层,117.206318,31.831334
12384,問安堂中医诊所,hospital,090300,茂荫路112号(图书馆地铁站F口步行360米),117.213193,31.810966
12390,合肥舒特口腔门诊部,hospital,090202,祁门路与石台南路交口凤曦府S3期1层109商铺(天鹅湖东地铁站A出口旁60米左右),117.238969,31.809834
12395,合肥宸贝口腔门诊部,hospital,090202,贵池路安居苑西125栋103号,117.237126,31.845495
12398,严明口腔门诊部,hospital,090202,东至路8号(陆军兵种大学地铁站B口步行310米),117.246355,31.833502
12399,嘉和苑社区卫生服务站,hospital,090102,嘉和苑社区,117.238649,31.803747
12403,李艳内科诊所,hospital,090300,佛子岭路绿怡居东区008-010号商铺,117.243893,31.81948
12405,蜀山区笔架山街道翠庭园社区卫生服务站,hospital,090102,翠庭园习友路088号,117.208694,31.805993
12411,汇林阁诊所,hospital,090300,聚云峰路68号-70号,117.219957,31.826034
12413,合肥高新区春语医疗美容门诊部,hospital,090201,高新技术产业开发区黄山路612号蓝鼎海棠湾商铺13栋,117.20441,31.841071
12421,合肥高新区仁术诊所,hospital,090300,西二环路与望江西路交口东南角往南50米,117.212948,31.832119
12425,蜀山祝欢口腔诊所,hospital,090202,黄山路小学东区西门旁,117.237742,31.835222
12426,西园街道汉嘉社区卫生服务站,hospital,090102,潜山路375号,117.230851,31.846052
12429,鑫建口腔门诊部,hospital,090202,南七街道望江西路205号万科金色名郡生活广场A座2楼,117.243879,31.830444
12438,蜀山诊所,hospital,090300,融科九重锦北门16栋底商105,117.210694,31.803251
12440,金环诊所,hospital,090300,望江西路160号,117.248749,31.830129
12447,瑞健内科诊所,hospital,090300,望江西路409三江小区2栋112室,117.217997,31.833036
12449,捷艾口腔门诊部,hospital,090202,笔架山街道西二环亿诺商务中心A栋801室,117.210123,31.824551
12453,润安堂中医诊所,hospital,090300,新华·学府花园2号门旁,117.237598,31.839965
12456,中国科学技术大学附属第一医院(西区),hospital,090207,环湖东路107号,117.211754,31.870949
12457,中国人民解放军联勤保障部队第九〇一医院,hospital,090101,长江西路424号,117.24737,31.853909
12458,合肥民众医院,hospital,090200,环湖东路第47号(鑫达综合楼旁),117.214558,31.861758
12459,上海中医药大学附属曙光医院安徽医院,hospital,090101,史河路45号,117.24365,31.862681
12460,合肥蓝天贝杰口腔(蜀山院区),hospital,090202,五里墩街道青阳北路颐和商城一楼101-2号、二楼201号、三楼301号,117.240809,31.857128
12463,合肥高新心血管病医院,hospital,090205,长江西路663号,117.209934,31.851674
12464,长征微创医院妇科,hospital,090200,长江西路451号,117.232444,31.85143
12466,合肥瑞特曼口腔医院(高新院),hospital,090202,天波路拓基城市广场5-104室-206室,117.204051,31.853465
12469,蜀山区五里墩街道社区卫生服务中心,hospital,090102,潜山北路与高刘路交口三实大厦4-6层(望龙学校对面),117.234112,31.869193
12470,合肥煜美人医疗美容,hospital,090201,万科中心A区32楼(招商银行楼上),117.245508,31.879178
12471,四里河街道社区卫生服务中心,hospital,090102,固镇路113号,117.232596,31.890728
12474,瑞拉口腔,hospital,090202,清溪路青秀城润园21栋,117.243854,31.871697
12478,合肥同研口腔门诊部,hospital,090202,四里河路88号明发商业广场A1区同研口腔门诊部,117.2324,31.899978
12481,合肥京东方医院蜀山门诊部,hospital,090300,太阳湾养生公馆东1门旁,117.208013,31.865863
12486,胡氏宗医中医诊所,hospital,090300,五里墩街道金牛路与史河路交口拓佳欢乐广场东楼4层,117.235679,31.862848
12489,合肥高新心血管病医院老区,hospital,090205,长江西路663号,117.211113,31.8554
12493,铂悦府口腔,hospital,090202,铂悦庐州府,117.220182,31.890074
12496,益牙堂口腔门诊部,hospital,090202,长江西路347-3号(五里墩地铁站C口步行90米),117.240933,31.850671
12497,合肥蜀山欣欣口腔门诊部,hospital,090202,井岗镇长江西路与十里店路交口公园道一号17栋,117.222965,31.859082
12500,合肥庐阳区安齐口腔诊所,hospital,090202,临泉路与四里河路交叉口西300米四里河畔小区A区商3幢203,117.248633,31.881875
12502,四里河门诊部,hospital,090300,银杉路与玉兰街交叉口,117.239922,31.887304
12503,合肥博极医院,hospital,090100,大杨镇清源路海亮兰郡商业街S1栋整栋,117.215614,31.899856
12511,井岗镇蜀山经济开发区阳光社区卫生服务站,hospital,090102,美丽华花园东南门西110米,117.207918,31.858188
12516,合肥蜀山上池口腔门诊部,hospital,090202,潜山路与交岗路交叉口家家景园燕园A26幢102,117.23271,31.86491
12526,安徽庐州医院四季青分院,hospital,090100,西二环路108号,117.212963,31.894706
12538,元善堂中医诊所,hospital,090300,墨荷园商业街东104商铺,117.218315,31.894911
12542,王医生诊所(紫桐街),hospital,090300,利港四季华庭商业街C-109,117.241043,31.890535
12544,康苑诊所(清溪路),hospital,090300,五里墩街道清溪路6号,117.248224,31.872129
12546,爱佳口腔,hospital,090202,长江西路与怀宁路交口丰盛华庭小区商铺107-108,117.221811,31.853284
12551,陶奇内科诊所,hospital,090300,中央美域A区东门东北100米,117.237385,31.867662
12574,康爱德诊所,hospital,090300,大杨镇桃源路66号中铁旭园f11幢101,117.248366,31.899128
12582,康渊庐州印诊所,hospital,090300,护水路666号麓湖府P3幢1016,117.206458,31.934695
12583,中铁宁雅口腔诊所(中铁广园店),hospital,090202,北二环清源路中铁国际城广园17栋103室,117.243391,31.902389
12584,刘一生口腔诊所,hospital,090202,尚水湖畔森园B商204室,117.211324,31.927755
12592,庐阳区大杨镇十张村卫生室,hospital,090300,庐阳区大杨镇十张村村委会一楼1,117.205908,31.926981
12595,慈佑内科诊所,hospital,090300,四里河路与柳红路交口向西50米路南侧,117.21626,31.91431
12602,长丰金源医院,hospital,090100,半岛1号2期北门西50米,117.246713,31.996208
12605,长丰康民口腔,hospital,090202,双凤工业区凤梅开园A-16号,117.249852,31.978087
12611,长丰县岗集镇龙岗村卫生室,hospital,090300,岗集镇,117.236534,31.957291
12612,邓白宇中医诊所,hospital,090300,国徽苑西北1门旁,117.241309,31.99935
12615,长丰县岗集镇新庄村卫生室,hospital,090300,024乡道西200米新庄社区居委会附近,117.21561,31.980516
12620,长丰北城内科诊所,hospital,090300,世纪西路与梅冲支路交叉口西北80米,117.240311,31.99405
12623,众康健康门诊部,hospital,090300,魏武路与金梅路交叉口西380米,117.234875,31.978425
12624,康瑞内科诊所,hospital,090300,安徽跃达北侧170米,117.230425,31.958375
12625,合肥市第一人民医院滨湖院区,hospital,090101,滨湖新区长沙路3200号,117.289054,31.739214
12626,合肥市口腔医院滨湖院区(总院),hospital,090202,滨湖科学城云谷路与江城路交口,117.267363,31.714549
12628,广瑞医疗·揽湖苑综合门诊部,hospital,090300,庐州大道711号万达揽湖苑A所区12幢商119商119上、商120商120上、商121商121上、商122商122上,117.299293,31.700401
12630,包河区烟墩街道社区卫生服务中心,hospital,090102,滨湖桂园北区东2门西南410米,117.270937,31.720072
12631,凯润医疗,hospital,090201,福州路3588号易菲堡大厦F1层,117.28292,31.744387
12633,合肥市口腔医院,hospital,090202,书香门第2期东门旁,117.278203,31.728218
12635,亦术医美,hospital,090201,中山路与天山路交叉口东240米,117.299407,31.731856
12636,合肥链爱医疗美容门诊部,hospital,090201,西藏路与杭州路交口滨湖东方汇广场二楼f2215号商铺三楼f2317f2318号商铺,117.281436,31.717189
12639,万年埠街道社区卫生服务中心,hospital,090102,韶山路与金沙江路交叉口西南角,117.299354,31.706978
12648,纪泽堂中医诊所,hospital,090300,滨湖cbd琼林苑E座商101,117.287829,31.747576
12649,合肥东南中医院,hospital,090100,紫蓬路与清潭路交叉口向西100米,117.265399,31.747457
12651,合肥佳锦口腔诊所,hospital,090202,贵州路668号昆仑府s5幢107,117.271931,31.709442
12660,合肥嘉乐综合门诊部,hospital,090300,琼林苑东门旁,117.291357,31.747651
12662,合肥经开区杏义堂中医诊所,hospital,090300,经济技术开发区临湖社区宿松路5540号滨水印象S7幢商106一楼,117.277264,31.749336
12668,倍美口腔(经开区口腔分门诊部),hospital,090202,习友路7221号南艳碧湖花园25幢商111,117.270703,31.747621
12672,卧云恒美口腔,hospital,090202,卧云路大众街二楼润宜家超市旁边,117.254011,31.729792
12676,恒瑞齿科,hospital,090202,烟墩街道滨湖世纪社区云谷路1988号滨湖公馆CO5栋,117.296686,31.713557
12681,致德内科诊所,hospital,090300,烟墩街道万象公馆商业3幢111号,117.276976,31.711537
12682,滨语黄永金诊所,hospital,090300,南宁路与大理路交叉口东南60米,117.261795,31.705568
12685,合肥经开区同康专科门诊部,hospital,090300,观澜华庭17号,117.270482,31.741647
12695,烟墩街道滨湖家园社区卫生服务站,hospital,090102,烟墩街道滨湖新区,117.277377,31.733282
12699,合肥国宾综合门诊部,hospital,090300,徽州大道辅路与杭州路交叉口西北140米,117.285171,31.718967
12701,沃德口腔门诊部,hospital,090202,滨湖欣园商业街内街105号(巴莉甜甜后面),117.275315,31.720885
12704,合肥经开区怡宁综合门诊部,hospital,090300,临湖社区吉园24栋105-106室,117.250057,31.710707
12709,昌荣内科诊所,hospital,090300,嘉陵江路333号万达融创悦湖苑21幢111,117.289232,31.701216
12711,合肥好德诊所,hospital,090300,杭州路2182号信达公园里商业s4-8幢105,117.299798,31.720423
12713,合肥民康内科诊所,hospital,090300,滨湖竹园南门旁(滨湖竹园地铁站D口步行50米),117.263088,31.709829
12735,合肥花度蜜美医疗美容诊所有限公司,hospital,090201,烟墩街道成都路2778号中海环宇大厦4楼,117.269739,31.706772
12743,合肥全心诊所,hospital,090300,甘海路与文山路交叉口东北20米,117.254801,31.704148
12745,安徽省立医院感染病院区,hospital,090211|090100,繁华大道118号,117.283727,31.791961
12746,海恒社区卫生服务中心,hospital,090102,,117.269428,31.766574
12747,YOVIS牙卫士·种植牙·矫正(经开院),hospital,090202,蜀山区经济开发区习友路与石门路交口御湖观邸商103号,117.258445,31.775134
12748,广瑞医疗·海恒中西医结合门诊部,hospital,090300,海恒社区轩辕路南湖春城北门60栋103号,117.264475,31.774325
12750,安徽中科庚玖医院门诊,hospital,090100,花园大道999号安徽中科庚玖医院,117.290414,31.771465
12752,安徽省君康医院,hospital,090100,芙蓉路266号,117.250471,31.782164
12753,合肥经开区启辰口腔门诊部,hospital,090202,合肥清华科技城创客空间A幢114号,117.274648,31.762014
12754,合肥启康诊所,hospital,090300,经开区坝下路82号时光原著花园地下车库商-117商117上,117.263898,31.786285
12757,经开区海恒社区习友卫生服务站,hospital,090102,经开区海恒社区管理委员会街道芙蓉路福禄园,117.257304,31.782953
12762,丫丫口腔(名邦繁华里店),hospital,090202,名邦繁华里1楼107室,117.272997,31.78929
12764,合肥经开区东华综合门诊部,hospital,090300,蜀山区经济技术开发区清潭路与石门路交口,117.253744,31.770263
12765,合肥市经开区恒正诊所,hospital,090300,方兴大道西轩辕路北福禄园56幢112、212商铺1,117.266207,31.778932
12766,徽众康美丹诊所,hospital,090300,徽州大道美丹家园2期东门向南50米,117.285388,31.779553
12769,合肥九秉堂中西医结合诊所,hospital,090300,置地星澜湾E区S1栋104,117.260563,31.798382
12770,花都独秀口腔,hospital,090202,经济技术开发区宿松路与慈光路交口湖畔邻里购物中心407室,117.277475,31.768701
12774,合肥医正堂立群诊所,hospital,090300,常青街道天堂寨路9号星澜湾C2幢118/119,117.25558,31.798713
12777,合肥市经济技术开发区永康诊所,hospital,090300,经济开发区始信路275号,117.25074,31.756665
12779,欧雅医疗美容诊所,hospital,090201,常青街道龙川路与西递路交口中海环宇天地S2号号楼2F层2-206-1肯德基楼上,117.264335,31.797781
12780,合肥大学校医院,hospital,090100,合肥经开区锦绣大道99号合肥大学,117.25085,31.753174
12784,安徽医科大学第一附属医院绩溪路院区,hospital,090101,绩溪路218号,117.267662,31.847151
12785,安徽省儿童医院本院,hospital,090200,芜湖路街道望江东路39号,117.280216,31.82701
12786,合肥市第四人民医院,hospital,090210,黄山路316号,117.263342,31.843824
12787,合肥长淮中医医院,hospital,090100,金寨路161号(中国科大东区地铁站C口步行420米),117.268335,31.841357
12788,中国科学技术大学校医院-科大眼科,hospital,090203,金寨路与太湖路交口东100米,117.2661,31.833286
12791,安徽爱尔眼科医院(安徽总院),hospital,090203,信达中心A座东门北100米,117.268234,31.804844
12792,安徽省第二人民医院(南区)-体检中心,hospital,090203,黄山路199号安徽省眼科医院,117.273485,31.840457
12793,合肥视宁眼科医院,hospital,090203,芜湖路街道太湖路111号瀚海星座B座301-309室,117.269148,31.832362
12798,合肥新安口腔医院,hospital,090202,合作化南路114号立雪轩3幢一楼部分及二楼整层,117.25205,31.8471
12799,国医堂(合作化南路店),hospital,090601|090300,合作化南路27号1-4层,117.251065,31.837851
12801,合肥友好医院,hospital,090200,徽州大道693号,117.284994,31.837047
12803,合肥阳光消化病医院(包河院区),hospital,090200,东流路34-1号,117.286755,31.814734
12807,广瑞医疗·锦城综合门诊部,hospital,090300,"南屏路南屏商业街R4-1号-103,104,203,204",117.257749,31.809259
12808,合肥佳冠口腔医院,hospital,090202,常青街道黟县路666号文鼎商务中心3幢住宅商101,117.26879,31.811973
12810,江淮汽车集团医院,hospital,090100,东流路176号,117.279895,31.81479
12811,国药中铁中心医院,hospital,090100,南七里望江东路96号,117.274193,31.828842
12812,合肥腋秀腋臭专科,hospital,090200,望江东路与宁国路交口23幢,117.291575,31.827986
12815,诗蔓医疗美容,hospital,090201,东流路9号与王卫巷交口,117.297396,31.814971
12818,安徽医科大学第一附属医院北区(屯溪路院区)(老院区),hospital,090100,屯溪路372号,117.282749,31.848373
12819,舟越口腔(望湖院区),hospital,090202,望湖中路与望湖西路交汇处北京华联超市F1层,117.294128,31.806351
12820,明医堂,hospital,090300,宏村路国贸天悦B2-108,117.26641,31.801118
12826,安徽省口腔医院包河区门诊部,hospital,090202,九华山路青年新苑B区1层,117.289819,31.838914
12827,高第植发,hospital,090201,屯溪路369号兰亭公寓4幢商122/商122上,117.277862,31.846968
12828,宣乐口腔(宁国路分院),hospital,090202,宁国路与靶场路交口青年新苑C区,117.291485,31.834825
12831,同安街道社区卫生服务中心,hospital,090102,青年路58号安徽置地瑞玺南区南门,117.297814,31.822063
12835,稻香村街道社区卫生服务中心,hospital,090102,望江西路102号华力大厦F1层,117.253309,31.830337
12844,静媄整形,hospital,090201,桐城南路江南新里程(静媄整形),117.280575,31.835075
12848,恒爱中医馆(香港街店),hospital,090300,徽州大道300号东方广场F1层,117.28655,31.849747
12851,一安综合门诊,hospital,090300,西递路与龙图路交口信达天御邻里街8栋商铺,117.263444,31.805048
12852,芜湖路街道友谊社区卫生服务站,hospital,090102,美菱大道与太湖路交口恒生阳光城3栋102-202号,117.284746,31.833752
12857,合肥一笑口腔门诊部,hospital,090202,屏山路紫竹苑小区东南门c3-1号门面,117.271822,31.803713
12859,凯恩口腔,hospital,090202|090300,望江西路与肥西路交口金隅南七汇2042号门面商铺(金隅南七汇1号电梯旁人行梯二楼木桶记臭鳜鱼隔壁),117.259653,31.829266
12865,博洁雅口腔,hospital,090202,美菱大道148号银杏苑小区84幢,117.286345,31.82161
12869,天虹口腔门诊部,hospital,090202,太湖中路68号同城花园1幢,117.277969,31.832517
12880,继康诊所(乌江路店),hospital,090300,唯品会合肥蜀山城市奥莱北门西北50米,117.25386,31.818444
12891,康诺尔口腔诊所,hospital,090202,水阳江路科大花园商业街18栋107室,117.276168,31.820891
12892,合肥工业大学屯溪路校区校医院,hospital,090300,合肥工业大学综合服务楼西门东140米,117.298687,31.843383
12901,袁医生德雅口腔诊所,hospital,090202,望湖东苑小区南大门东侧祁门路门面房15幢102-103,117.298624,31.811659
12903,合肥致信康中医诊所,hospital,090300,太湖路1号,117.289557,31.832345
12908,稻香村街道门诊部口腔,hospital,090300,明远新村西门旁,117.258792,31.834232
12909,中国科学技术大学附属第一医院(安徽省立医院),hospital,090101,庐江路17号(四牌楼地铁站B口步行430米),117.290493,31.857692
12910,安徽中医药大学第一附属医院,hospital,090101,梅山路117号,117.260208,31.85348
12912,合肥市口腔医院,hospital,090202,逍遥津街道长江中路265号,117.282201,31.861398
12913,安徽省针灸医院,hospital,090200,三孝口街道寿春路300号,117.281214,31.869337
12917,合肥白领安琪儿妇产医院,hospital,090200,濉溪路118号1幢,117.281924,31.880123
12918,合肥美奥口腔·种植矫正中心(庐阳院),hospital,090202,濉溪路254号金鼎国际广场对面汉庭酒店旁,117.273428,31.879687
12922,武警医院安徽省总队医院北区,hospital,090101,长丰路78号,117.258736,31.874406
12924,庐阳区海棠街道社区卫生服务中心,hospital,090102,都市清华C1号(郑河地铁站2号口步行440米),117.272481,31.887195
12925,合肥佳德口腔·美白·贴面(庐阳店),hospital,090202,蒙城北路26号,117.278651,31.88623
12927,安徽恒美整形美容集团有限公司三孝口医疗美容门诊部,hospital,090201,三孝口地铁站E口步行110米,117.274584,31.860766
12928,合肥众好肛肠医院,hospital,090100,蒙城北路392号,117.278485,31.891263
12934,合肥慧视眼科医院,hospital,090203,颖上路与固镇路交叉口芙蓉苑北村会所1-5层,117.270661,31.893798
12940,安徽省儿童医院西区,hospital,090200,淠河路与东兴街交叉口北20米,117.253568,31.855686
12942,麦缇丝口腔·种植牙·矫正,hospital,090202,阜阳北路505号2幢南3,117.286775,31.891772
12943,合肥市庐阳区牙病防治所(阜南路门诊),hospital,090202,阜南路190号(杏花公园地铁站D口向西300米),117.274948,31.871499
12945,庐阳区杏林街道社区卫生服务中心,hospital,090102,杏林街道阜阳北路与临泉路交口向北100米,117.287569,31.88841
12946,安徽医科大学附属口腔医院庐阳区门诊部,hospital,090202,临泉路7377号(四泉桥地铁站2号口步行90米),117.257691,31.886157
12949,合肥大药房(芜湖路店),hospital,090601|090300,芜湖路47号(包公园地铁站D口步行270米),117.299673,31.857173
12952,新氧青春诊所(合肥银泰中心店),hospital,090300,长江中路98号银泰中心1期L9层,117.292112,31.862746
12956,华医馆(润芝堂中医)·推拿正骨·疼痛康复,hospital,090300,胜利路街道明光路518号恒大广场A区12幢商业商102/商102上,117.299897,31.876003
12957,合肥瑶海板桥医院,hospital,090102|090200,新蚌埠路9号,117.291411,31.881457
12960,亳州路街道社区卫生服务中心,hospital,090102,亳州路菜市场3楼,117.266631,31.877035
12969,逍遥津街道社区卫生服务中心,hospital,090102,合肥中医推拿医院东南门旁,117.287548,31.86672
12970,金谷医院,hospital,090100,亳州路372号,117.2564,31.882367
12973,创新医馆,hospital,090601|090300,沿河路222号,117.271156,31.874812
12975,纯颜医疗美容,hospital,090201,亳州路街道濉溪路335号蓝钻尚界A座1012,117.25936,31.878335
12981,蜀山区琥珀街道社区卫生服务中心(新址),hospital,090102,合作化北路158号,117.251019,31.860277
12986,瑶海区嘉山路街道社区卫生服务中心,hospital,090102,元一名城C区北门东北70米,117.293791,31.892829
12987,徽齿口腔·种植·正畸美学中心(庐阳店),hospital,090202,凤台路上城国际新界商14号102号,117.283716,31.893032
12988,逍遥津中医馆,hospital,090300,宿州路与阜南路交叉口北40米,117.289992,31.870115
12992,合肥·庐阳王峥中医(刺血)诊所,hospital,090300,双岗沿河路融侨观邸1栋104,117.292097,31.873992
12996,蜀山区琥珀街道奥林花园社区卫生服务站,hospital,090102,肥西路与清溪路交叉口国轩苑东区1栋105-106室,117.255926,31.871139
13001,都视萌鹰眼科,hospital,090203,华孚城隍庙北广场一层(北五里井地铁站E口向西步行60米),117.274411,31.896788
13003,忆美口腔(三里庵店),hospital,090202,长江西路88号环球金融广场A座F1层,117.263828,31.858034
13005,合肥市庐阳区妇幼保健计划生育服务中心,hospital,090200,砀山路2199号,117.255414,31.898544
13006,玉荣堂中医诊所(庐江路店),hospital,090300,庐江路104号,117.27902,31.857009
13007,武警医院(南区)(暂停营业),hospital,090101,金寨路276号(稻香楼地铁站A口步行310米),117.277092,31.851878
13009,康渊诊所,hospital,090300,瑞地公馆南门东60米,117.264265,31.88982
13016,五河路中西医结合诊所,hospital,090300,五河路231号商住楼底层16-18号,117.280464,31.876613
13021,悦康口腔,hospital,090202,寿春路55号易捷特大厦F1层,117.296695,31.865413
13025,杨严花妇科诊所,hospital,090209,濉溪路南国花园23号,117.270377,31.87944
13027,昇曜堂台湾中医诊所,hospital,090300,北一环路辅路与淮南路交叉口西100米,117.296346,31.879817
13034,安徽医科大学临床医学院附属华安脑科医院,hospital,090208,工业园洪河路86号,117.260148,31.946297
13035,合肥佰惠医院,hospital,090100,阜阳北路与天水路交叉口,117.27523,31.935931
13036,安徽东南外科医院,hospital,090200,阜阳北路946号,117.283791,31.923298
13038,庐阳区林店街道社区卫生服务中心,hospital,090102,永幸河路与丽水路交口西南角,117.272302,31.91229
13039,卓越口腔(庐阳经开),hospital,090202,林店街道阜阳北路融桥悦城114-115号,117.28231,31.918984
13040,新民医院,hospital,090100,荷塘路60号,117.265397,31.93753
13041,国药中铁中心医院(阜阳北路院区),hospital,090100,阜阳北路高架入口与阜阳北路辅路交叉口南300米,117.283997,31.902316
13042,合肥体育医院,hospital,090100,北二环与淮北路交口东北角,117.26294,31.90061
13044,高良举口腔诊所,hospital,090202,荣城花园南苑30栋41号,117.276335,31.913161
13046,康来门诊部,hospital,090300,阜阳北路美景人家10栋105、107商铺,117.286953,31.90737
13049,合肥庐樾杏花综合门诊部,hospital,090300,北二环路213号,117.269011,31.90205
13056,耀远路内科诊所,hospital,090300,荣城花园北苑南门旁,117.271738,31.921558
13060,宗先锦内科诊所,hospital,090300,金都华庭三期东区南门西南70米,117.278653,31.900263
13065,姚树忠内科诊所,hospital,090300,涡阳路700号,117.280534,31.906047
13072,孙岗社区卫生服务站,hospital,090102,宝湾国际城北门,117.295443,31.939039
13076,惠康诊所,hospital,090300,洪河路与环湖路交叉口西南100米,117.280523,31.946204
13077,淑然嘉园诊所,hospital,090300,双墩路与涡阳路交叉口西北100米,117.275284,31.905557
13079,邵树强口腔诊所,hospital,090202,合肥杏花国际广场B座,117.272412,31.938647
13083,李大鹏内科诊所,hospital,090300,华地·森林湖南门西南140米,117.267064,31.917625
13085,和昌一诺内科诊所,hospital,090300,和昌都汇华郡东2门东南60米,117.263547,31.941622
13086,合肥凤仙草中医诊所,hospital,090300,望城花园,117.288389,31.901395
13094,安徽省中医院北区,hospital,090100,山花路凤巢路交叉口东南角,117.259047,31.986819
13095,长丰县双凤工业区医院,hospital,090100,凤庆路与金梅路交口东南角,117.265529,31.974569
13096,合肥庐州医院,hospital,090100,东方大道1500号A4号,117.262042,31.950645
13097,长丰凤霞医院,hospital,090100,金淮路,117.285171,31.975669
13100,贝壳口腔(恒泰悦城店),hospital,090202,双凤经济开发区金海路与蒙城北路交口恒泰悦城123栋117,117.256578,31.965457
13102,尚博口腔门诊部(北城新区金大地店),hospital,090202,北城新区阜阳路与双凤路交口金大地翡翠公馆商业街北门S6-118,117.26663,31.961797
13111,金海社区卫生服务站,hospital,090102,双凤开发区北城明珠小区内物业服务中心旁边,117.260237,31.970693
13120,安直北城口腔诊所,hospital,090202,金海路69号,117.263243,31.967656
13123,凤霞社区卫生服务站,hospital,090102,金福路与凤霞路交叉口东120米,117.280184,31.976886
13129,大陆洪塘社区卫生服务站,hospital,090102,北城银河苑南门西90米,117.292679,31.988563
13136,长丰龚传伦内科诊所,hospital,090300,北城世纪城一期颐徽苑西门商铺S2幢126室,117.250086,31.997052
13140,长丰传勇内科诊所,hospital,090300,蒙城北路西侧文一名门北郡S4栋101商,117.250285,31.971666
13143,长丰信洪内科诊所,hospital,090300,双凤经济开发区北城华府S1-101商铺,117.257482,31.992558
13144,长丰兰亭内科诊所,hospital,090300,双凤开发区淮南北路凤麟兰庭小区2期,117.299286,31.951691
13148,长丰峰宁诊所,hospital,090300,新城·北宸紫郡南门东北110米,117.26381,31.9636
13150,琥珀源口腔门诊部,hospital,090202,阳光街商铺34-05,117.252522,31.989539
13151,合肥市长丰县双凤开发区万里社区卫生服务站,hospital,090300,双凤开发区万里社区,117.268471,31.990458
13152,博瑞康医疗·御景嘉苑门诊部,hospital,090300,乐富强·御景嘉苑南区北门旁,117.255541,31.989962
13155,愿康内科诊所,hospital,090300,颖泉路与凤庆路交叉口西40米,117.263212,31.981078
13161,安徽理工大学(合肥校区)医务室,hospital,090300,安徽理工大学(合肥校区)附近,117.288846,31.972209
13173,合肥市包河区美欧口腔门诊部,hospital,090202,汉水路560号宝能城商业楼1幢商业商101、102、103、104、301、401,117.306746,31.717588
13175,中国科学技术大学附属第一医院安徽省立医院滨湖医疗保健中心,hospital,090100,徽富路与迎淮路交口,117.324272,31.737119
13176,合肥市毓舫综合门诊部-狂犬病暴露预防处置中心,hospital,090300,紫云路与包河大道交口高速中央广场C座699号商108-108上,117.315842,31.741728
13177,包河区方兴社区医院,hospital,090102,华山路徽盐世纪广场小区西门对面,117.310476,31.742779
13187,宣乐口腔(津门水街店),hospital,090202,杭州路1108号塘溪津门小区S1幢商铺(华山路东),117.311175,31.719999
13197,倍美口腔,hospital,090202,"万泉河路与湖北路交叉口,滨湖瑞园二栋商办楼,108商铺",117.30938,31.746937
13206,合肥昱徽口腔诊所,hospital,090202,杭州路1108号,117.315396,31.717785
13208,合肥包河悦康中西医结合门诊部,hospital,090300,合肥万达城临湖苑E区18号楼,117.314893,31.710454
13214,合肥张学伟中医诊所,hospital,090300,滨湖世纪天山路与万泉河路交口树荫苑11一商103室,117.300174,31.749981
13215,合肥紫云口腔门诊部,hospital,090202,紫云路与上海路交叉口云峯中心市S1-201-202商铺,117.340344,31.740219
13218,合肥塘溪津门诊所,hospital,090300,云谷路1225号(沈湾地铁站D口步行350米),117.318297,31.716131
13226,合肥久迎内科诊所,hospital,090300,保利中交越秀天珺,117.335775,31.745325
13230,陈茂森内科诊所,hospital,090300,万达银座北门西140米(万达城地铁站B口步行140米),117.303369,31.705552
13235,合肥慕颜医疗美容,hospital,090201,万年埠街道云谷路1366号宝能城一期13幢商业商417-418,117.310384,31.714138
13241,东方怡人医疗整形美容,hospital,090201,滨湖世纪社区滨湖新地城商2栋216室,117.30096,31.753512
13242,合肥市包河区骆岗街道社区卫生服务中心,hospital,090102,哈尔滨路水丽坊自在城北区,117.327223,31.799195
13243,合肥卓越义齿制作有限公司,hospital,090202,北京路468号安徽检验检测科技园4号楼(1-6层),117.328952,31.783782
13244,国药亚美整复外科医院,hospital,090201,大连路徽商总部广场国药亚美整复外科医院,117.332642,31.787342
13245,卢茂正诊所,hospital,090300,繁华大道与内蒙路交口东100米路北,117.335197,31.795056
13246,名流健康体检,hospital,090300,庐州大道8号(盛大地铁站A口步行340米),117.302773,31.794798
13249,仁炳堂中医诊所,hospital,090300,北京路1188号水丽坊商业街122号,117.326625,31.795875
13250,贝齿口腔门诊部,hospital,090202,包河苑E区1栋(包河苑地铁站D口步行160米),117.315471,31.795415
13253,合肥康平综合门诊部,hospital,090300,包河经济开发区花园大道欣然居1号楼B区3-5号门面房,117.344083,31.772483
13254,合肥包河众和中西医结合门诊部,hospital,090300,广视花园东区西南门南110米,117.318144,31.789695
13256,太素阁中医诊所,hospital,090300,延安路1779号,117.318458,31.778172
13258,张登刚诊所,hospital,090300,河南路15栋,117.340909,31.770398
13259,茂基中西医结合门诊部,hospital,090300,包河花园b区31栋(义兴地铁站A口步行350米),117.330455,31.795058
13260,合肥城邦中西医结合门诊部,hospital,090202|090300,和昌·中央城邦南区南门旁,117.32069,31.773513
13267,合肥朗玥口腔诊所,hospital,090202,北京路107号南翔茗座1栋102,117.328868,31.769176
13270,合肥逸康内科诊所,hospital,090300,花园大道848号(黄河路地铁站B口旁),117.334938,31.766399
13271,合肥淮仁堂中医诊所,hospital,090300,上海路与山海关路交口向东100米,117.339426,31.778676
13276,沁安医疗美容,hospital,090201,包河大道165号,117.316505,31.784417
13282,中国科学技术大学附属第一医院(滨湖院区)(建设中),hospital,090101,锦绣大道与安徽路交口东南侧,117.327203,31.753154
13283,合肥市中医院,hospital,090100,龙川路99号,117.333651,31.814341
13284,合肥长庚医院,hospital,090200,望江东路416号,117.304759,31.829214
13285,合肥壹加壹美容医院,hospital,090201,马鞍山路与九华山路交叉口世纪阳光大厦101室,117.300552,31.839184
13286,安徽省妇女儿童医学中心东区,hospital,090100,裕溪路红旗建材市场斜对面,117.339495,31.849296
13287,合肥天佑白癜风医院,hospital,090200,香榭里花园西门北60米,117.30128,31.845083
13289,合肥建安中医院,hospital,090100,北京路3508号(北京路与祁门路交口东北角),117.318638,31.814696
13292,合肥市淝河镇社区卫生服务中心,hospital,090100,文德路与龙川路辅路交叉口西北60米,117.315845,31.810242
13295,红光街道卫生服务中心,hospital,090102,裕溪路559号,117.34871,31.84376
13296,合肥三晖口腔门诊部,hospital,090202,地矿家园东门旁,117.308902,31.825046
13298,大麦微针植发·全国连锁(合肥分院),hospital,090201,繁昌路2号左岸名苑回迁1幢一层二层,117.314277,31.848418
13302,张小熊轻医美Z&BEAR(包河万象汇店),hospital,090201,包河大道与龙川路交口润城中心商业街北里s5幢103-201-203号商铺,117.306268,31.811094
13314,合肥瑶海新齿口腔诊所,hospital,090202,城东街道裕溪路1099号大众城市之光商业B楼107门面,117.325512,31.848597
13326,合肥瑶海仁贤内科诊所,hospital,090300,枞阳南路301号聚福家园购物广场,117.341778,31.840699
13327,新雅口腔,hospital,090202,同安街道马鞍山路合家福百大苑3栋1楼,117.302131,31.833598
13331,李旭东中医骨伤科诊所,hospital,090206|090300,包河花园C区北门旁,117.336519,31.801136
13341,刘泽口腔诊所,hospital,090202,枞阳路与裕溪路交叉口西南40米,117.345167,31.845031
13342,陈志态内科诊所,hospital,090300,金隅大成郡西苑小区S1商铺103,117.323164,31.829091
13344,望湖街道滨湖春天社区卫生服务站,hospital,090102,滨湖春天8栋101号(望湖城南地铁站A口步行230米),117.302606,31.806872
13357,淝河镇卫乡村卫生站,hospital,090300,李城路与巢湖南路交叉口南40米,117.342911,31.828351
13359,合肥包河诚康内科诊所,hospital,090300,川海花园S1-106商铺,117.332579,31.80843
13360,合肥佳境萌鹰眼科诊所,hospital,090203,加侨广场5号楼2楼(葛大店地铁站D口步行150米),117.301075,31.815375
13365,合肥凝颐堂中西医结合诊所,hospital,090300,龙川路159号龙川雅居东门103号商铺,117.310875,31.807075
13377,同安街道周谷堆社区卫生服务站,hospital,090102,海达小区东北门东南250米,117.30513,31.844377
13384,绣颜医疗美容医院,hospital,090201,柏溪路翡翠天际商业中心写字楼505室,117.324836,31.813788
13387,合肥袁氏口腔诊所,hospital,090202,北京路与前园路口同和民康小区BT-147,117.319628,31.802709
13394,合肥瑶海胡成武诊所,hospital,090300,漳河路隆庭佳苑2栋106-107商铺,117.320006,31.848284
13407,望湖街道五里庙社区卫生服务站,hospital,090102,望湖街道巢湖南路52号,117.324223,31.841013
13408,安徽省第二人民医院主院区,hospital,090101,北二环砀山路1868号,117.306093,31.896048
13409,合肥中山医院(综合诊疗中心),hospital,090200,三里街街道凤阳路8号1楼,117.314407,31.873593
13410,茀莱堡口腔医院-舒适化种植牙·矫正,hospital,090202,胜利路和寿春路交口东南角,117.301226,31.864761
13411,合肥市第二人民医院和平路院区,hospital,090101,和平路246号,117.318423,31.856642
13412,合肥佳德口腔·矫正·种植(包河店),hospital,090202,马鞍山路90号A座(包河万达向南100米),117.301101,31.854462
13413,合肥蓝天贝杰口腔(瑶海院区),hospital,090202,临泉路广居大厦一楼102二楼201,117.303188,31.885427
13417,合肥喜得儿生殖健康医院,hospital,090200,明光路121号,117.305921,31.866112
13419,瑶海区方庙街道社区卫生服务中心,hospital,090102,荷塘家园二期菜市场北50米,117.347248,31.879078
13421,广瑞医疗·天街综合门诊部,hospital,090300,物流大道与天柱山路交口中环东方名景5幢商104,117.320181,31.899811
13422,安徽医科大学济民肿瘤医学中心,hospital,090207,新海大道888号,117.33656,31.898935
13424,合肥瑶海乐善嘉中医诊所,hospital,090300,凤阳东路花冲苑1号门面房104-106,117.334508,31.872566
13425,合肥同行康复医院,hospital,090100,铜陵路街道定远路88号,117.329465,31.87369
13426,朱文口腔,hospital,090202,临泉路森海豪庭门面6栋(站塘地铁站D口步行390米),117.337812,31.876552
13428,合肥康中医院,hospital,090100,当涂北路与皇藏峪路交汇处北,117.342994,31.890884
13429,合肥现代妇产医院,hospital,090200,明光路黎明新村2号,117.309492,31.857566
13430,铜陵路街道社区卫生服务中心,hospital,090102,长江东路721号(东五里井地铁站C口步行140米),117.325122,31.867305
13435,凯婷医疗美容医院,hospital,090201,北二环与龙门岭路交叉口利浩财智广场4层,117.322927,31.887538
13437,瑶海区七里站街道社区卫生服务中心,hospital,090102,长江东路441号(东七里地铁站C口步行300米),117.342255,31.867386
13441,皖美口腔,hospital,090202,当涂北路与临泉路交口苹果公寓1幢商铺101商201商102商202室,117.343162,31.876449
13447,和平路街道社区卫生服务中心,hospital,090102,和平路与肥东路交叉口西北40米,117.326054,31.855059
13448,上海交通大学医学院附属仁济医院安徽医院,hospital,090100,萧城路与扶疏路交叉口南100米,117.306618,31.89989
13449,南星口腔(合肥总院),hospital,090202,扶疏路135号,117.315536,31.898981
13453,如玉口腔门诊部,hospital,090202,家天下商业街一期10栋125号,117.323653,31.894486
13454,合肥瑶海杏林春综合门诊部,hospital,090300,凤阳东路春暖花开小区北门10号楼商铺,117.348446,31.871301
13455,合肥瑶海佳秀口腔门诊部,hospital,090202,新站综合开发试验区临泉路F栋1747-1748,117.327454,31.87672
13456,合肥新站高新区正源中医诊所,hospital,090300,颍河路香江生态丽景41栋110号,117.330381,31.896238
13457,年减时代医疗美容,hospital,090201,胜利路金色地带商业街4层,117.30671,31.871917
13462,安徽省第二人民医院临淮路院区,hospital,090101,三里街临淮路1号(三里街地铁站D口步行350米),117.310981,31.869804
13469,合肥瑶海易和堂中医门诊,hospital,090300,长淮街道正泰大厦北一环路凤阳路22号,117.305698,31.878331
13472,和平口腔诊所,hospital,090202,和平路99号,117.333266,31.854202
13480,合肥瑶海香元内科诊所,hospital,090300,北二环路138号(瑶海公园地铁站B口向东步行200米),117.316281,31.888871
13482,合肥瑶海康恩综合门诊部,hospital,090300,大通路94号和平花园34幢110室,117.311109,31.860421
13490,蒋劲松内科诊所,hospital,090300,铜陵北路110号凌花大厦,117.323598,31.87285
13499,坝上街口腔门诊部,hospital,090202,明光路与长江路交口东方商厦附近,117.307616,31.863375
13501,合肥瑶海谈善苍诊所,hospital,090300,长江路339号(漕冲地铁站D2口步行270米),117.349753,31.867728
13505,合肥瑶海润泽口腔门诊部,hospital,090202,站塘路100号金盛家园,117.344218,31.872951
13530,郑凯妇科诊所,hospital,090209,紫颐大厦东南门旁(鸭林冲地铁站A口步行190米),117.309822,31.88701
13533,安徽医科大学第一附属医院北区,hospital,090100,淮海大道100号(安医一附院北区地铁站C口步行90米),117.345536,31.935398
13534,广瑞医疗·淮合综合门诊部,hospital,090300,天水路与凤山路交口君御世家S08号楼商108/108上、109/109上、110/110上、111/111上,117.306168,31.92398
13538,涵美医疗整形医院,hospital,090201,金邦国际大厦,117.343604,31.921793
13539,华中综合门诊部,hospital,090300,新蚌埠路与天水路交汇处(金辉悦府14幢121-124号),117.3236,31.918904
13540,民爱内科诊所,hospital,090300,荆山路与唐河路(玉皇山路)交叉路口往南约60米,117.333501,31.941261
13541,合肥新站高新区博瑞康门诊部,hospital,090300,新蚌埠路与淮海大道交叉口东北角,117.329203,31.939086
13544,翠柏口腔诊所,hospital,090300,京商商贸城K区1街SA栋119-120室,117.346721,31.925257
13545,新站站北社区新店村卫生所,hospital,090300,三十头镇怀远路百润发购物广场南,117.32677,31.945066
13546,极地内科诊所,hospital,090300,龙子湖路369号平板基地宿舍19号楼101-2室,117.343091,31.943405
13547,合肥新站区民康中西医结合门诊部,hospital,090300,铜陵北路与天水路交口向东200米长虹世纪荣延门面房12栋101-102,117.339755,31.905686
13548,邦民诊所,hospital,090300,京商商贸城G区1-145号,117.345579,31.931093
13551,合肥新站区新华苑中西医结合门诊部,hospital,090300,兴华苑A区东门南90米,117.32586,31.902636
13553,山云堂中医诊所,hospital,090300,武里山路与澥河路交叉口西南160米,117.321595,31.90545
13556,新站高新区良宁中西医结合门诊部,hospital,090300,兴海苑二期北1门西50米,117.305864,31.904964
13570,合肥新站区医仁综合门诊部,hospital,090300,金海花园A幢附近(兴华苑地铁站D口步行140米),117.313324,31.904724
13575,华中眼科诊所,hospital,090203,奎河路15号,117.316642,31.939624
13579,百医宁安和内科诊所,hospital,090300,开元公馆南门东60米,117.328575,31.935475
13585,三十头村卫生室,hospital,090102|090300,梅冲湖路与怀远路交口向北100米,117.33358,31.988517
13586,合肥新站高新区杜乔口腔门诊部,hospital,090202,天元新城东北门旁,117.329609,31.975951
13588,瓦岗村卫生室,hospital,090300,三十头社区魏武路与合白路交口向北三百米,117.329554,31.981695
13590,合肥如预中西医结合诊所,hospital,090300,东元家园三期商111号,117.33254,31.977145
13591,合肥市儿童福利院卫生所,hospital,090300,魏武路与李湾路交叉口东240米,117.311875,31.984325
13592,义城街道社区卫生服务中心,hospital,090102,迎淮路与广东路交叉口往西200米,117.352347,31.738063
13593,万康综合门诊部,hospital,090300,滨湖沁园C区商2栋105-106-201,117.352075,31.743875
13598,合肥市包河区大圩卫生院,hospital,090102,泰山路太原路交叉口向北200米(金葡萄家园A区商业街S2栋),117.37232,31.776929
13602,淝河镇黄镇村卫生站,hospital,090300,长春街附近,117.360258,31.798912
13603,合肥郁安中西医结合门诊部,hospital,090300,大连路与重庆路交口南翔智慧新城8幢103室106室,117.361187,31.786047
13604,牛云梅口腔诊所,hospital,090202,合肥晓星农副产品综合市场,117.370893,31.780896
13608,瑶海区大兴镇社区卫生服务中心,hospital,090102,大兴路与张集路交汇处大兴新居A区,117.374406,31.839543
13610,郑卢扶阳堂·扶康养生馆,hospital,090300,团结路与幸福路交叉口东100米互联网宝地·徽园B3栋,117.351125,31.847975
13611,合肥瑶海贝辰口腔门诊部,hospital,090202,百大·周谷堆商业街1号楼(百大周谷堆农产品国际物流园店),117.3838,31.839153
13616,合肥瑶海刘斌内科诊所,hospital,090300,大兴镇钟油坊路裕和兴苑5栋101,117.385989,31.832305
13617,兴集内科诊所,hospital,090300,大兴镇胡岗路8号裕东景园14幢101-102室,117.365529,31.840546
13622,撮镇唐安社区卫生室,hospital,090300,唐安路4号,117.399971,31.830057
13623,淝河镇关镇村卫生室,hospital,090102,关镇佳园14栋,117.359581,31.813936
13625,撮镇镇建华社区卫生室,hospital,090300,建华新村南区北2门东北50米,117.384922,31.822501
13626,合肥瑶海一良内科诊所,hospital,090300,大众路与和平路交叉口北300米,117.399503,31.840693
13628,合肥市儿童医院新区(建设中),hospital,090200,郎溪路与桃花潭路交叉口东北角,117.351684,31.835606
13629,合肥市第二人民医院广德路院区,hospital,090101,广德路与乐水路交口,117.362339,31.853976
13630,合肥新海妇产医院,hospital,090209,新站区新海大道与文忠路交叉口,117.358473,31.891345
13631,安徽静安中西医结合医院,hospital,090100,龙岗路101号,117.37718,31.855564
13632,合肥长兴康复医院,hospital,090100|090200,新海大道与灵石路交汇处附近,117.35181,31.894199
13633,瑶海区龙岗开发区第二社区卫生服务中心,hospital,090102,吴敬梓路84号,117.378625,31.875075
13634,合肥瑶海丽齿口腔门诊部,hospital,090202,万达华府1期东门旁,117.350875,31.878475
13635,仁德医院,hospital,090100,明皇路与文忠路辅路交叉口西北60米,117.358442,31.881315
13638,瑶海新安江路综合门诊部(体外碎石),hospital,090300,静安新城北区南门西边新安江路综合门诊部,117.371345,31.860038
13639,合肥市瑶海区疾病预防控制中心,hospital,090500,郎溪路与长临路交叉口东200米,117.358996,31.856146
13643,乐雅口腔(长江东路店),hospital,090202,半塔南路与长江东路交叉口,117.394047,31.868333
13647,健祥内科诊所,hospital,090300,学林花园小区东门商业楼一楼,117.390875,31.897675
13648,合肥瑶海云皓口腔门诊部,hospital,090202,文一名门皇马A区南门东50米,117.386718,31.875729
13650,宋晖内科诊所,hospital,090300,长江批发市场东河丽景3栋,117.366766,31.86331
13654,鲁朝玉诊所,hospital,090300,新安江路166号,117.399724,31.852935
13656,仁泰诊所,hospital,090300,大众路与包公大道交口保利罗兰春天S5幢105-205,117.397574,31.889855
13657,慧众医疗合肥瑶海临泉东路门诊部,hospital,090300,圣地亚哥B区S-9幢103,117.393825,31.874325
13658,合肥瑶海仁信内科诊所,hospital,090300,戚继光路杨柳河畔东北侧290米襄河家园14栋103室,117.388617,31.866088
13660,泊菲特口腔门诊,hospital,090202,广德北路景秀世家82栋S104,117.363773,31.878452
13662,合肥瑶海维民康门诊部,hospital,090300,龙岗综合经济开发区长江东路和通达路交口往东150米,117.370982,31.86777
13664,许氏正骨(王岗店),hospital,090206,桂王路御景花园南区北门门面151号,117.38915,31.870295
13670,合肥亚太口腔,hospital,090202,龙岗路6号,117.374104,31.882415
13675,洁爱口腔门诊部,hospital,090202,长江东路与龙岗路交口琥珀名城A区1幢商107-108室,117.377383,31.868864
13680,合肥瑶海周长胜中医诊所,hospital,090300,长江东路辅路与健民巷交口东60米,117.364165,31.868386
13684,合肥瑶海七里站街道恒通社区卫生服务站,hospital,090102,长江东路180号恒通批发市场31号,117.356063,31.869008
13687,贺德权诊所,hospital,090300,勤居苑小区-西区西3门西南140米,117.359416,31.887959
13688,大兴镇漕冲社区卫生服务站,hospital,090102,新安江路330号,117.354034,31.858414
13689,合肥新站仁诺内科诊所,hospital,090300,包公大道实嘉原创生活雅苑商业街综合楼102-103、111-112室,117.352027,31.886194
13693,合肥瑶海张宁徽内科诊所,hospital,090300,华都城市花园南门33幢101/102门面房,117.378314,31.86396
13695,仟医堂中医诊所,hospital,090300,伟华·圣地雅阁二期北门东160米,117.397125,31.874575
13697,侬侬妇幼,hospital,090200,明皇路与吴敬梓路交叉口西80米,117.378744,31.882473
13698,仁慈中西医结合诊所,hospital,090300,戚继光路瑞泰江南S102,117.38392,31.878681
13701,王岗第一卫生室,hospital,090300,戚继光路与临泉东路交叉口南260米,117.383775,31.872851
13702,仁道内科诊所,hospital,090300,门台路中梁美好时代S1幢106室,117.399714,31.866247
13703,合肥芳华中西医门诊,hospital,090300,国耀园上园南门东南70米,117.356748,31.885366
13708,合肥瑶海陆采云内科诊所,hospital,090300,和县路新安江花园2栋108号,117.351459,31.864449
13714,合肥瑶海侯士诚口腔诊所,hospital,090202,文一繁华轩S1号楼151,117.369486,31.878744
13727,合肥九久夕阳红医院,hospital,090100,瑶海工业园区工业园新海大道与文忠路交口东北方320米,117.362142,31.889886
13729,合肥瑶海仁爱内科诊所,hospital,090300,丰乐亭路华凌锦苑小区北门东侧19-20号商铺,117.392154,31.879507
13741,星安江综合门诊部,hospital,090300,撮镇镇新安江路与大众路交口龙湖龙城嘉苑S3栋111-116号,117.399501,31.860045
13745,肥东袁化杰诊所(优步大道),hospital,090300,新安江路168号,117.395167,31.857876
13753,合肥瑶海保民堂诊所,hospital,090300,包公大道1号金科四季春晓花园S1栋105,117.394159,31.891069
13754,合肥京东方医院,hospital,090100,东方大道与文忠路交口,117.378378,31.946086
13755,合肥新站高新技术产业开发区磨店乡卫生院,hospital,090102,合郢花园西门北侧,117.371171,31.904915
13756,牙博士口腔门诊部(合郢花园店),hospital,090202,合郢花园二期商业S2幢9号10号,117.375646,31.903496
13757,新站高新区心博口腔门诊部,hospital,090202,文忠路百大拓基广场老乡鸡旁,117.377575,31.934258
13760,合肥新站区康而平内科诊所,hospital,090300,磨店社区文忠路与淮海大道交叉口文忠苑小区22栋107室,117.372949,31.924286
13764,合肥新站区玉屹中医诊所中医理疗,hospital,090300,育秀路100号,117.368575,31.922775
13765,铭池内科诊所,hospital,090300,站北社区卧龙湖路1219号滨奥花园S5幢106-107,117.356703,31.943016
13766,仁责诊所,hospital,090300,麝店社区烈山路199号朗香书苑S-3幢商业109室,117.394209,31.920894
13769,君仁诊所,hospital,090300,烈山路绿地柏仕公馆商业S3栋107-2,117.394665,31.900126
13775,合肥新站高新区黄京内科门诊,hospital,090300,新站高新区黄京内科诊所,117.365002,31.924257
13777,铭汇内科诊所,hospital,090300,卧龙湖路1199号,117.356009,31.938808
13778,新站高新技术产业开发区八联卫生室,hospital,090300,圣联梦溪小镇西1门南80米,117.390597,31.922335
13781,见康中西医结合诊所,hospital,090300,当代未来城东门S-1幢,117.374803,31.944154
13783,合肥康华康复医院住院部,hospital,090100,淮海大道安徽省特殊教育中专学校,117.397928,31.927902
13784,合肥新站高新区涵一内科诊所,hospital,090300,唐河路与卧龙湖路交口北岗花园s2幢001-002号商铺,117.353811,31.933245
13785,美牙仕口腔(招商奥体店),hospital,090202,站北社区铜陵路与龙子湖路交口滨奥花园睦邻中心1层好又多超市旁102商铺,117.352971,31.942074
13789,安徽职业技术大学卫生所,hospital,090300,炎培路与创业大道交叉口东120米,117.378608,31.931041
13791,杏瑞林内科诊所,hospital,090300,招商公园1872二期北门旁,117.387455,31.900904
13796,安徽省针灸医院新院区(建设中),hospital,090100,大众路,117.398357,31.938384
13797,善梅内科诊所,hospital,090300,新悦里悦街s2-113号,117.356025,31.951375
13798,肥东县撮镇镇中心卫生院龙塘分院,hospital,090102,裕溪路高架东合马路与东风大道交口正东方向170米,117.421289,31.836273
13802,肥东丁海峰口腔诊所,hospital,090202,燎原大道与学府路交叉口向东160米,117.435599,31.822561
13808,方丽霞中医,hospital,090300,撮镇镇鸿汇广场七号楼,117.431397,31.826632
13811,撮镇镇华光村卫生室,hospital,090300,撮镇镇华光村树堂小学附近,117.436471,31.806169
13813,肥东县守仁内科诊所,hospital,090300,东方樾府S102,117.416229,31.845733
13815,好社医诊所(大运城连锁店),hospital,090300,撮镇镇华盛大运城A7幢1楼,117.416128,31.831717
13818,好社医诊所,hospital,090300,大彭路与宣小路交叉口东南60米,117.408201,31.829241
13820,肥东安贞医院,hospital,090100,肥东经济开发区金阳路西荷花路北侧,117.439241,31.890261
13821,肥东盛世口腔门诊部,hospital,090202,经开区盛世明珠大厦S102-103,117.444611,31.871117
13822,城关医院,hospital,090100,和平路3号,117.443362,31.884415
13823,冉冉口腔门诊部,hospital,090202,龙泉路与桂王路交叉口东120米,117.446425,31.877375
13824,合肥立心精神医院,hospital,090210,护城路与古河路交叉口西南140米,117.414725,31.885252
13826,肥东笑开颜口腔门诊部,hospital,090202,东方花园翡翠湾F21幢S101号,117.422922,31.881572
13828,肥东鲁传洲诊所,hospital,090300,文禹路与碾张巷交叉口北160米,117.438565,31.873943
13829,博爱口腔门诊部,hospital,090202,古河路与桂王路交叉口东古河路实验小学北门正对面,117.445607,31.887795
13831,合肥路安堂诊所,hospital,090300,包公大道盛嘉欧园,117.441705,31.892245
13832,美宜佳口腔·种植矫正中心·儿童口腔,hospital,090202,经开区金阳路尚泽琪瑞公馆105.106商铺,117.439712,31.879659
13834,肥东杨冰玲诊所,hospital,090300,来河路5号,117.438813,31.86949
13835,爱心医院,hospital,090100,金阳路与新安江路交叉口西北方向150米,117.445213,31.865474
13839,齿之美口腔门诊部,hospital,090202,店埠镇西苑路116号小福星幼儿园对面,117.448595,31.873603
13841,肥东经济开发区三十埠社区卫生室,hospital,090300,安居路安师大附属肥东实验学校西荣城花苑商业街S2栋二楼(楼梯口与商S1-101门对门),117.415362,31.874154
13843,肥东胡中堂中医诊所,hospital,090300,经济开发区东方红街1栋s107号,117.42501,31.875216
13850,肥东经济开发区李医生诊所,hospital,090300,万科红郡西北门南140米,117.435308,31.881035
13851,邻家医诊所,hospital,090300,京冠紫玉华府附近,117.422466,31.890354
13862,撮镇镇大费社区卫生室,hospital,090300,大费公祖房南门旁,117.406697,31.850779
13867,新安妇产楼,hospital,090209,新安江路与桂王路交叉口西南120米,117.44932,31.864578
13895,合肥市口腔医院东区,hospital,090202,临涣路1819号,117.407648,31.916245
13896,安杨口腔诊所,hospital,090202,磨店家园风情街F3-402,117.403475,31.933575
13900,花灯卫生室,hospital,090300,大众路与花灯路交叉口西60米,117.411764,31.991257
13901,肥东长乐乡卫生院,hospital,090102,乡中路与市场街交叉口西60米,117.468387,31.749675
13904,罗店社区卫生室,hospital,090300,店忠路,117.467699,31.710472
13906,肥东博仁综合门诊部,hospital,090300,合肥循环经济示范园人才公寓附属商业楼,117.493653,31.796664
13907,肥东县人民医院,hospital,090100,撮镇路与瑶岗路交叉口东北角,117.474073,31.847438
13908,肥东陈传林口腔门诊部,hospital,090202,撮镇镇店忠路西侧盛世新城7幢S102室,117.483129,31.821141
13910,肥东县撮镇镇中心卫生院,hospital,090102,撮镇镇中心卫生院东北门旁,117.469625,31.817175
13911,肥东钱中明骨伤科诊所,hospital,090206|090300,星光大道1号,117.483575,31.809075
13915,肥东毕玮中西医结合诊所,hospital,090300,裕溪路37号,117.463824,31.819735
13916,杏林堂中医馆,hospital,090300,琥珀名郡香榭里S栋110室,117.469255,31.847948
13918,肥东一禾口腔门诊部,hospital,090300,合肥循环经济示范园大郭路义和家园东区G栋1号2,117.487348,31.814402
13919,肥东县朱林富诊所,hospital,090300,盛世新城南1门旁,117.485798,31.819763
13923,肥东张小玲内科诊所,hospital,090300,合肥循环经济示范园义之和商业街北区1幢S174,117.47687,31.822373
13926,窦氏祖医堂传承工作室,hospital,090300,裕溪路辅路与王沟路交叉口东南100米,117.450579,31.822082
13928,肥东陈典苍诊所,hospital,090300,宏图大道与撮镇路辅路交叉口东80米,117.473063,31.839004
13930,肥东县撮镇镇振兴村卫生室,hospital,090300,裕溪路与振兴路交叉口西北60米,117.488563,31.804582
13938,龙集社区卫生室,hospital,090300,林霏路新龙家园一期北门,117.490525,31.827975
13943,肥东县第五人民医院(建设中),hospital,090100,曹坊路与官桥路交叉口西南300米,117.469862,31.813381
13945,肥东县中医院,hospital,090100,包公大道与浮槎路交叉口东南角,117.477304,31.890311
13946,肥东县妇幼保健院,hospital,090200,岱山湖路105号,117.482415,31.895243
13947,肥东县疾病预防控制中心,hospital,090500,店埠镇包公大道66号,117.491892,31.889774
13949,肥东泰佳口腔门诊部,hospital,090202,店埠镇南环路和顺雅苑4幢101室至103室,117.460914,31.874084
13950,肥东东泰医院,hospital,090100,龙泉西路97号,117.454213,31.881608
13951,肥东胡大郢综合门诊部,hospital,090300,店埠镇安乐路世宏广场S2-114,117.454307,31.889268
13952,云松牙科诊所,hospital,090202,人民路与梁园路交叉口,117.47045,31.886971
13953,合肥尔东口腔门诊部,hospital,090202,店埠镇斌峰未来城S1幢商业综合楼101室,117.473824,31.853124
13955,盛佳盛世口腔(石塘路院),hospital,090202,石塘路与团结大道交叉口石塘路南173号石塘路与团结大道交叉口石塘路南173号,117.482911,31.882759
13976,肥东康慈综合门诊部,hospital,090300,撮镇路荣华府B区S102,117.470834,31.879319
13979,王其德针灸专科诊所,hospital,090300,店埠镇定光社区12号楼S010,117.4876,31.876805
13999,蓝军诊所,hospital,090300,人民路包公学府花园东门进入向南100米右捌即到,117.47885,31.885421
14003,肥东孙超诊所,hospital,090300,双桥新村32栋108室,117.497031,31.86018
14015,肥东杨海东诊所,hospital,090300,日出路103室,117.477609,31.85664
14017,兴牧畜禽防治所,hospital,090500,共和花园东门南90米,117.48371,31.887046
14021,肥东李文富诊所,hospital,090300,南巷路33号,117.467708,31.880732
14030,肥东店埠镇排头卫生室,hospital,090300,龙泉路38路(排头地铁站C口旁),117.480175,31.871275
14031,完绍凤诊所,hospital,090300,汇景新城9-S102-1,117.461827,31.888509
14045,肥东县店埠镇中心卫生院,hospital,090102,龙城路与龙泉路辅路交叉口东120米,117.492164,31.872651
14046,薛华金中医诊所,hospital,090300,撮镇路辅路与长江东路辅路交叉口东南180米,117.473175,31.873725
14048,店埠镇安乐社区卫生室,hospital,090300,泗水路与沿河路交叉口西北200米,117.459475,31.895075
14052,肥东县牌坊回族满族乡赵坊民族社区卫生室,hospital,090300,魏武社区店白路s227西侧,117.480691,31.935803
14053,肥东县牌坊回族满族乡卫生院,hospital,090102,牌坊回族满族乡022县道西,117.481155,31.951999
14055,肥东县牌坊回族满族乡兴一村卫生室,hospital,090300,牌殷路022县道,117.481475,31.967175
14056,竹塘口腔诊所,hospital,090202,036县道,117.506967,31.727978
14057,桥头集镇卫生院(复兴社区医疗延伸点),hospital,090102,复兴社区居委会南侧80米,117.522947,31.735358
14058,肥东县桥头集镇卫生院,hospital,090102,桥集镇塔山南路1号,117.549694,31.751726
14059,桥头集镇卫生院(山王集社区医疗延伸点),hospital,090102,,117.530944,31.788593
14061,肥东县桥头集镇梅山社区卫生室,hospital,090300,社区中路东50米,117.547175,31.805475
14062,店埠镇群力社区卫生室,hospital,090300,群力社区党群服务中心东侧,117.533543,31.839723
14063,店埠镇双桥社区卫生室,hospital,090300,酿泉路与山水路交汇处,117.501322,31.860226
14064,店埠镇半店村卫生室,hospital,090300,半店社区党群服务中心北侧,117.532578,31.855608
14065,肥东县店埠镇杨坝社区卫生室,hospital,090300,杨坝社区党群服务中心西北侧,117.546925,31.881475
14066,肥东县梁园镇中心卫生院路口分院,hospital,090102,肥东县路口乡卫生院(101省道南),117.523551,31.947883
14067,民主社区卫生室,hospital,090300,329国道与050乡道交叉口西140米,117.534075,31.963725
